event_date,bu_team_code,bu_team_name,opponent_code,opponent_name,pool_key,bu_won,point_margin_for_bu,set_margin_for_bu,rolling_win_rate,rolling_point_margin,rolling_set_margin,opponent_rating,rolling_opponent_rating
2025-11-22,B14RRJVB1NE,Boston United Boys 14-1,B14117752XX,ValleyVBC Elite Boys,B14,False,-24.0,-2.0,0.0,-24.0,-2.0,10.477272727273203,10.477272727273203
2025-11-22,B14RRJVB1NE,Boston United Boys 14-1,B14TACCU1GE,Accuracy 14 Champ,B14,False,-20.0,-2.0,0.0,-22.0,-2.0,12.990679913889906,11.733976320581554
2025-11-22,B14RRJVB1NE,Boston United Boys 14-1,B14LHVBC1NE,LHV Boys 14-1 Premier,B14,False,-17.0,-2.0,0.0,-20.333333333333332,-2.0,-4.575157606275897,6.297598344962403
2025-11-22,B14RRJVB1NE,Boston United Boys 14-1,B14MVPVA1NE,MVP BOS 14 Black,B14,True,15.0,2.0,0.25,-11.5,-1.0,-6.53496735292579,3.0894569204903553
2025-11-23,B14RRJVB1NE,Boston United Boys 14-1,B14MVPVA1NE,MVP BOS 14 Black,B14,True,9.0,2.0,0.4,-7.4,-0.4,-6.53496735292579,1.1645720658071264
2025-11-23,B14RRJVB1NE,Boston United Boys 14-1,B14TACCU1GE,Accuracy 14 Champ,B14,False,-23.0,-2.0,0.4,-7.2,-0.4,12.990679913889906,1.667253503130467
2025-11-23,B14RRJVB1NE,Boston United Boys 14-1,B14LHVBC1NE,LHV Boys 14-1 Premier,B14,True,10.0,2.0,0.6,-1.2,0.4,-4.575157606275897,-1.845914000902694
2026-01-17,B14RRJVB1NE,Boston United Boys 14-1,B14CAPIT1XL,CSVC 14 CASCADE,B14,True,7.0,1.0,0.8,3.6,1.0,-11.522727272726776,-3.2354279341928693
2026-01-17,B14RRJVB1NE,Boston United Boys 14-1,B14LHVBC1NE,LHV Boys 14-1 Premier,B14,True,24.0,2.0,0.8,5.4,1.0,-4.575157606275897,-2.843465984862891
2026-01-17,B14RRJVB1NE,Boston United Boys 14-1,B14MVPVA1NE,MVP BOS 14 Black,B14,True,17.0,2.0,0.8,7.0,1.0,-6.53496735292579,-2.843465984862891
2026-01-18,B14RRJVB1NE,Boston United Boys 14-1,B14CAPIT2XL,CSVC 14 SAWTEETH,B14,True,18.0,2.0,1.0,15.2,1.8,-22.02272727272697,-9.846147422186267
2026-01-18,B14RRJVB1NE,Boston United Boys 14-1,B14117752XX,ValleyVBC Elite Boys,B14,False,-8.0,-1.0,0.8,11.6,1.2,10.477272727273203,-6.8356613554764465
2026-01-19,B14RRJVB1NE,Boston United Boys 14-1,B14CAPIT1XL,CSVC 14 CASCADE,B14,True,14.0,1.0,0.8,13.0,1.2,-11.522727272726776,-6.8356613554764465
2026-01-19,B14RRJVB1NE,Boston United Boys 14-1,B14117752XX,ValleyVBC Elite Boys,B14,False,-20.0,-1.0,0.6,4.2,0.6,10.477272727273203,-3.8251752887666264
2026-01-31,B14RRJVB1NE,Boston United Boys 14-1,B14SJJVB2NE,SMASH Boys 14's Thunder,B14,True,17.0,1.0,0.6,4.2,0.4,-14.022727272726588,-5.322727272726786
2026-01-31,B14RRJVB1NE,Boston United Boys 14-1,B14MVPVA1NE,MVP BOS 14 Black,B14,False,-2.0,-1.0,0.4,0.2,-0.2,-6.53496735292579,-2.2251752887665495
2026-01-31,B14RRJVB1NE,Boston United Boys 14-1,B14NEVBC1NE,NEVBC Boys 14.1,B14,False,-10.0,-2.0,0.4,-0.2,-0.4,19.977272727273387,-0.3251752887665127
2026-02-01,B14RRJVB1NE,Boston United Boys 14-1,B14NEVBC1NE,NEVBC Boys 14.1,B14,False,-18.0,-1.0,0.2,-6.6,-0.8,19.977272727273387,5.97482471123352
2026-02-01,B14RRJVB1NE,Boston United Boys 14-1,B13SJJVB1NE,SMASH Boys 13-1,MIXED,True,11.0,2.0,0.4,-0.4,-0.2,1.977272727273272,4.274824711233533
2026-03-14,B14RRJVB1NE,Boston United Boys 14-1,B14CAPIT2XL,CSVC 14 SAWTEETH,B14,True,19.0,2.0,0.4,0.0,0.0,-22.02272727272697,2.674824711233458
2026-03-14,B14RRJVB1NE,Boston United Boys 14-1,B14SJJVB2NE,SMASH Boys 14's Thunder,B14,True,29.0,2.0,0.6,6.2,0.6,-14.022727272726588,1.177272727273298
2026-03-14,B14RRJVB1NE,Boston United Boys 14-1,B14NEVBC1NE,NEVBC Boys 14.1,B14,False,-14.0,-2.0,0.6,5.4,0.6,19.977272727273387,1.177272727273298
2026-03-15,B14RRJVB1NE,Boston United Boys 14-1,B14117752XX,ValleyVBC Elite Boys,B14,False,1.0,-1.0,0.6,9.2,0.6,10.477272727273203,-0.7227272727267391
2026-03-15,B14RRJVB1NE,Boston United Boys 14-1,B14SJJVB2NE,SMASH Boys 14's Thunder,B14,True,25.0,1.0,0.6,12.0,0.4,-14.022727272726588,-3.9227272727267106
2026-01-31,B14RRJVB2NE,Boston United Boys 13 Select 1,B13SJJVB1NE,SMASH Boys 13-1,MIXED,False,-18.0,-2.0,0.0,-18.0,-2.0,1.977272727273272,1.977272727273272
2026-01-31,B14RRJVB2NE,Boston United Boys 13 Select 1,B14HKJVB1NE,Husky 14.1,B14,False,-8.0,-1.0,0.0,-13.0,-1.5,-10.022727272726705,-4.0227272727267165
2026-01-31,B14RRJVB2NE,Boston United Boys 13 Select 1,B14SAVBC1XL,Sporting Albany Boys 14u,B14,False,-21.0,-2.0,0.0,-15.666666666666666,-1.6666666666666667,1.727272727273264,-2.106060606060056
2026-02-01,B14RRJVB2NE,Boston United Boys 13 Select 1,B14LHVBC1NE,LHV Boys 14-1 Premier,B14,False,-14.0,-2.0,0.0,-15.25,-1.75,-4.575157606275897,-2.7233348561140165
2026-02-01,B14RRJVB2NE,Boston United Boys 13 Select 1,B14SJJVB2NE,SMASH Boys 14's Thunder,B14,True,10.0,1.0,0.2,-10.2,-1.2,-14.022727272726588,-4.9832133394365306
2026-03-14,B14RRJVB2NE,Boston United Boys 13 Select 1,B14117752XX,ValleyVBC Elite Boys,B14,False,-19.0,-2.0,0.2,-10.4,-1.2,10.477272727273203,-3.283213339436544
2026-03-14,B14RRJVB2NE,Boston United Boys 13 Select 1,B14SAVBC1XL,Sporting Albany Boys 14u,B14,False,-38.0,-2.0,0.2,-16.4,-1.4,1.727272727273264,-0.9332133394365508
2026-03-14,B14RRJVB2NE,Boston United Boys 13 Select 1,B13SJJVB1NE,SMASH Boys 13-1,MIXED,False,-13.0,-2.0,0.2,-14.8,-1.4,1.977272727273272,-0.8832133394365492
2026-03-15,B14RRJVB2NE,Boston United Boys 13 Select 1,B14CAPIT2XL,CSVC 14 SAWTEETH,B14,True,-6.0,1.0,0.4,-13.2,-0.8,-22.02272727272697,-4.372727272726764
2026-03-15,B14RRJVB2NE,Boston United Boys 13 Select 1,B14HKJVB1NE,Husky 14.1,B14,False,-18.0,-1.0,0.2,-18.8,-1.2,-10.022727272726705,-3.5727272727267874
2025-11-22,B15RRJVB1NE,Boston United Boys 15 National,B15LHVBC1NE,LHV Boys 15-1 Eclipse,B15,True,16.0,2.0,1.0,16.0,2.0,-5.752495528093402,-5.752495528093402
2025-11-22,B15RRJVB1NE,Boston United Boys 15 National,B15NEVBC3NE,NEVBC Boys 15 Blue,B15,True,18.0,2.0,1.0,17.0,2.0,-17.639297186682455,-11.695896357387928
2025-11-22,B15RRJVB1NE,Boston United Boys 15 National,B15TACCU1GE,Accuracy 15 Champ,B15,True,15.0,2.0,1.0,16.333333333333332,2.0,3.7754279498058136,-6.538788254990014
2025-11-23,B15RRJVB1NE,Boston United Boys 15 National,B15MCJVB1NE,Mill City 15's,B15,True,15.0,2.0,1.0,16.0,2.0,8.367744148035024,-2.812155154233755
2025-12-20,B15RRJVB1NE,Boston United Boys 15 National,B15MCJVB1NE,Mill City 15's,B15,True,17.0,2.0,1.0,16.2,2.0,8.367744148035024,-0.576175293779999
2025-12-20,B15RRJVB1NE,Boston United Boys 15 National,B15NEVBC1NE,NEVBC Boys 15.1,B15,True,2.0,1.0,1.0,13.4,1.8,12.354477893768761,3.0452193905924334
2025-12-20,B15RRJVB1NE,Boston United Boys 15 National,B15SJJVB1NE,SMASH Boys 15-1,B15,False,6.0,-1.0,0.8,11.0,1.2,14.844131576831213,9.541905143295168
2025-12-21,B15RRJVB1NE,Boston United Boys 15 National,B15SAVBC1XL,Sporting Albany Boys 15u,B15,True,20.0,2.0,0.8,12.0,1.2,-5.930166401079031,7.600786273118198
2025-12-21,B15RRJVB1NE,Boston United Boys 15 National,B15MCJVB1NE,Mill City 15's,B15,True,8.0,2.0,0.8,10.6,1.2,8.367744148035024,7.600786273118198
2025-12-21,B15RRJVB1NE,Boston United Boys 15 National,B15SJJVB1NE,SMASH Boys 15-1,B15,False,-5.0,-2.0,0.6,6.2,0.4,14.844131576831213,8.896063758877435
2026-02-06,B15RRJVB1NE,Boston United Boys 15 National,B15DIGSV1GE,Digs Boys 15 Red,B15,True,22.0,2.0,0.6,10.2,0.6,-15.390712056426436,3.347025768838397
2026-02-06,B15RRJVB1NE,Boston United Boys 15 National,B15SPTMC5GE,Sportime 15 Lynbrook,B15,True,24.0,2.0,0.8,13.8,1.2,-11.918409534205868,-2.00548245336902
2026-02-06,B15RRJVB1NE,Boston United Boys 15 National,B15CORE12GE,CORE Boys 15 Titanium,B15,True,10.0,2.0,0.8,11.8,1.2,7.712224910607721,0.7229958089683306
2026-02-07,B15RRJVB1NE,Boston United Boys 15 National,B15TACCU1GE,Accuracy 15 Champ,B15,False,-15.0,-2.0,0.6,7.2,0.4,3.7754279498058136,-0.19546743067751154
2026-02-07,B15RRJVB1NE,Boston United Boys 15 National,B15NYCVA1GE,NYC VBA 15 Nomad,B15,True,9.0,2.0,0.8,10.0,1.2,8.935562043462175,-1.377181337351319
2026-02-07,B15RRJVB1NE,Boston United Boys 15 National,B15NYCIV1GE,NYC Impact 15 National,B15,True,17.0,2.0,0.8,9.0,1.2,2.4672191991353847,2.194404913761045
2026-02-08,B15RRJVB1NE,Boston United Boys 15 National,B15LIFRY1GE,LI Fury 15 1,B15,True,13.0,2.0,0.8,6.8,1.2,7.723088703671281,6.122704561336475
2026-02-08,B15RRJVB1NE,Boston United Boys 15 National,B15NYCVA1GE,NYC VBA 15 Nomad,B15,True,22.0,2.0,0.8,9.2,1.2,8.935562043462175,6.367371987907366
2026-03-14,B15RRJVB1NE,Boston United Boys 15 National,B15SAVBC1XL,Sporting Albany Boys 15u,B15,True,15.0,2.0,1.0,15.2,2.0,-5.930166401079031,4.426253117730397
2026-03-14,B15RRJVB1NE,Boston United Boys 15 National,B15TTVBC1NE,SLAM 15 1 Boys,B15,True,22.0,2.0,1.0,17.8,2.0,-12.951819331073589,0.048776842823243884
2026-03-14,B15RRJVB1NE,Boston United Boys 15 National,B15SJJVB2NE,SMASH Boys 15 Lightning,B15,True,23.0,2.0,1.0,19.0,2.0,-1.0082888468896993,-0.6463247663817728
2026-03-15,B15RRJVB1NE,Boston United Boys 15 National,B15SAVBC1XL,Sporting Albany Boys 15u,B15,True,15.0,2.0,1.0,19.4,2.0,-5.930166401079031,-3.3769757873318356
2026-03-15,B15RRJVB1NE,Boston United Boys 15 National,B15MCJVB1NE,Mill City 15's,B15,True,12.0,2.0,1.0,17.4,2.0,8.367744148035024,-3.490539366417265
2026-03-15,B15RRJVB1NE,Boston United Boys 15 National,B15SJJVB1NE,SMASH Boys 15-1,B15,True,6.0,2.0,1.0,15.6,2.0,14.844131576831213,0.6643202291647835
2025-11-22,B15RRJVB2NE,Boston United Boys 15 Select 1,B15SJVBC1NE,South County Juniors Boys 15 1,B15,False,2.0,-1.0,0.0,2.0,-1.0,-10.038070627256312,-10.038070627256312
2025-11-22,B15RRJVB2NE,Boston United Boys 15 Select 1,B15MCJVB1NE,Mill City 15's,B15,False,-21.0,-2.0,0.0,-9.5,-1.5,8.367744148035024,-0.8351632396106439
2025-11-22,B15RRJVB2NE,Boston United Boys 15 Select 1,B15TTVBC1NE,SLAM 15 1 Boys,B15,True,10.0,2.0,0.3333333333333333,-3.0,-0.3333333333333333,-12.951819331073589,-4.874048603431626
2025-11-23,B15RRJVB2NE,Boston United Boys 15 Select 1,B15TACCU1GE,Accuracy 15 Champ,B15,False,-5.0,-1.0,0.25,-3.5,-0.5,3.7754279498058136,-2.7116794651222658
2026-01-17,B15RRJVB2NE,Boston United Boys 15 Select 1,B16NESVC2NE,NE Storm 16 Monsoon,MIXED,False,-12.0,-2.0,0.2,-5.2,-0.8,3.744842902750687,-1.4203749915476753
2026-01-17,B15RRJVB2NE,Boston United Boys 15 Select 1,B15LEGIO1XL,TeamLVC Boys 15 Black,B15,False,-16.0,-2.0,0.2,-8.8,-1.0,10.228548102310683,2.6329487543657235
2026-01-17,B15RRJVB2NE,Boston United Boys 15 Select 1,B16LHVBC2NE,LHV Boys 16-2 Hunters,MIXED,True,-1.0,1.0,0.4,-4.8,-0.4,-1.4909678969668678,0.6612063453653453
2026-01-18,B15RRJVB2NE,Boston United Boys 15 Select 1,B16PVJVB2NE,PV Boys 16 2,MIXED,True,4.0,2.0,0.4,-6.0,-0.4,-12.651272613839689,0.721315688812125
2026-01-18,B15RRJVB2NE,Boston United Boys 15 Select 1,B15CAPIT1XL,CSVC 15 PANTHERS,B15,False,-10.0,-1.0,0.4,-7.0,-0.4,-4.152183809229553,-0.8642066629949483
2026-01-19,B15RRJVB2NE,Boston United Boys 15 Select 1,B16CAPIT1XL,CSVC 16 WOLFJAW,MIXED,False,-11.0,-2.0,0.4,-6.8,-0.4,11.4846186337592,0.6837484832067545
2026-01-31,B15RRJVB2NE,Boston United Boys 15 Select 1,B15NEVBC1NE,NEVBC Boys 15.1,B15,False,-17.0,-2.0,0.4,-7.0,-0.4,12.354477893768761,1.1089344414983704
2026-01-31,B15RRJVB2NE,Boston United Boys 15 Select 1,B15SJVBC1NE,South County Juniors Boys 15 1,B15,True,5.0,2.0,0.4,-5.8,-0.2,-10.038070627256312,-0.6004861045595185
2026-01-31,B15RRJVB2NE,Boston United Boys 15 Select 1,B15SJJVB2NE,SMASH Boys 15 Lightning,B15,True,4.0,2.0,0.4,-5.8,-0.2,-1.0082888468896993,1.7281106488304794
2026-02-01,B15RRJVB2NE,Boston United Boys 15 Select 1,B15NEVBC1NE,NEVBC Boys 15.1,B15,False,-17.0,-2.0,0.4,-7.2,-0.4,12.354477893768761,5.029442989430142
2026-02-01,B15RRJVB2NE,Boston United Boys 15 Select 1,B15NYCVA1GE,NYC VBA 15 Nomad,B15,False,-18.0,-2.0,0.4,-8.6,-0.4,8.935562043462175,4.519631671370737
2026-03-14,B15RRJVB2NE,Boston United Boys 15 Select 1,B15SJJVB1NE,SMASH Boys 15-1,B15,False,-20.0,-2.0,0.4,-9.2,-0.4,14.844131576831213,5.0175624079832275
2026-03-14,B15RRJVB2NE,Boston United Boys 15 Select 1,B15HKJVB1NE,Husky 15.1,B15,False,-9.0,-1.0,0.2,-12.0,-1.0,-1.0888565288767091,6.807405227659149
2026-03-14,B15RRJVB2NE,Boston United Boys 15 Select 1,B15NEVBC3NE,NEVBC Boys 15 Blue,B15,True,23.0,2.0,0.2,-8.2,-1.0,-17.639297186682455,3.481203559700597
2026-03-15,B15RRJVB2NE,Boston United Boys 15 Select 1,B15SJJVB1NE,SMASH Boys 15-1,B15,False,-14.0,-2.0,0.2,-7.6,-1.0,14.844131576831213,3.979134296313087
2026-03-15,B15RRJVB2NE,Boston United Boys 15 Select 1,B15SJJVB2NE,SMASH Boys 15 Lightning,B15,False,-13.0,-2.0,0.2,-6.6,-1.0,-1.0082888468896993,1.9903641182427125
2025-11-22,B16RRJVB1NE,Boston United Boys 16 National 1,B16NESVC1NE,NE Storm 16 Lightning,B16,False,-6.0,-2.0,0.0,-6.0,-2.0,3.4324314548412644,3.4324314548412644
2025-11-22,B16RRJVB1NE,Boston United Boys 16 National 1,B16TACCU1GE,Accuracy 16 Champ,B16,True,6.0,1.0,0.5,0.0,-0.5,2.3917806098039236,2.912106032322594
2025-11-22,B16RRJVB1NE,Boston United Boys 16 National 1,B16MVPVA1NE,MVP BOS 16 Black,B16,False,-9.0,-2.0,0.3333333333333333,-3.0,-1.0,6.4550379803343665,4.093083348326519
2025-11-23,B16RRJVB1NE,Boston United Boys 16 National 1,B16BVJVB1NE,Blast 16 Inferno,B16,True,16.0,2.0,0.5,1.75,-0.25,-5.9092173637141405,1.5925081703163535
2025-11-23,B16RRJVB1NE,Boston United Boys 16 National 1,B16MVPVA1NE,MVP BOS 16 Black,B16,True,7.0,2.0,0.6,2.8,0.2,6.4550379803343665,2.5650141323199565
2025-12-20,B16RRJVB1NE,Boston United Boys 16 National 1,B16MCJVB2NE,Mill City 16 Royal,B16,True,29.0,2.0,0.8,9.8,1.0,-19.066001246371826,-1.9346724079226618
2025-12-20,B16RRJVB1NE,Boston United Boys 16 National 1,B16CAPIT1XL,CSVC 16 WOLFJAW,B16,False,-10.0,-2.0,0.6,6.6,0.4,11.4846186337592,-0.11610480313160672
2025-12-20,B16RRJVB1NE,Boston United Boys 16 National 1,B16LEGIO1XL,TeamLVC Boys 16 Black,B16,False,-14.0,-2.0,0.6,5.6,0.4,13.632552538073494,1.3193981084162187
2025-12-21,B16RRJVB1NE,Boston United Boys 16 National 1,B16SJJVB2NE,SMASH Boys 16's Fire,B16,False,-23.0,-2.0,0.4,-2.2,-0.4,10.029087728428358,4.507059126844719
2025-12-21,B16RRJVB1NE,Boston United Boys 16 National 1,B16NEVBC1NE,NEVBC Boys 16.1,B16,False,-29.0,-2.0,0.2,-9.4,-1.2,9.42439749835197,5.100931030448239
2026-02-06,B16RRJVB1NE,Boston United Boys 16 National 1,B16CORE11GE,CORE Boys 16 Platinum,B16,False,-17.0,-2.0,0.0,-18.6,-2.0,15.300393022171596,11.974209884156924
2026-02-06,B16RRJVB1NE,Boston United Boys 16 National 1,B16MVPVA1NE,MVP BOS 16 Black,B16,False,-10.0,-2.0,0.0,-18.6,-2.0,6.4550379803343665,10.968293753471958
2026-02-06,B16RRJVB1NE,Boston United Boys 16 National 1,B16LHVBC1NE,LHV Boys 16-1 Valiants,B16,True,14.0,2.0,0.2,-13.0,-1.2,2.923606681197808,8.82650458209682
2026-02-07,B16RRJVB1NE,Boston United Boys 16 National 1,B16LCVBC1GE,Legacy Boys 16 National,B16,True,1.0,1.0,0.4,-8.2,-0.6,-1.581103602488461,6.504466315913456
2026-02-07,B16RRJVB1NE,Boston United Boys 16 National 1,B16NYCVA1GE,NYC VBA 16 Hudson,B16,False,-10.0,-1.0,0.4,-4.4,-0.4,9.769248976932108,6.573436611629484
2026-02-07,B16RRJVB1NE,Boston United Boys 16 National 1,B16LIFRY1GE,LI Fury 16 1,B16,False,-5.0,-1.0,0.4,-2.0,-0.2,7.421158028148346,4.997589612824833
2026-02-08,B16RRJVB1NE,Boston United Boys 16 National 1,B16LCVBC1GE,Legacy Boys 16 National,B16,False,-1.0,-1.0,0.4,-0.2,0.0,-1.581103602488461,3.390361296260268
2026-03-14,B16RRJVB1NE,Boston United Boys 16 National 1,B16NESVC1NE,NE Storm 16 Lightning,B16,True,3.0,1.0,0.4,-2.4,-0.2,3.4324314548412644,3.4921262509889592
2026-03-14,B16RRJVB1NE,Boston United Boys 16 National 1,B16HKJVB1NE,Husky 16.1,B16,False,-8.0,-1.0,0.2,-4.2,-0.6,11.791060472694442,6.16655906602554
2026-03-14,B16RRJVB1NE,Boston United Boys 16 National 1,B16TTVBC1NE,SLAM 16 1 Boys,B16,True,5.0,2.0,0.4,-1.2,0.0,-3.5169299399193092,3.5093232826552567
2026-03-15,B16RRJVB1NE,Boston United Boys 16 National 1,B16HKJVB1NE,Husky 16.1,B16,False,-6.0,-1.0,0.4,-1.4,0.0,11.791060472694442,4.383303771564475
2026-03-15,B16RRJVB1NE,Boston United Boys 16 National 1,B16MCJVB1NE,Mill City 16's,B16,False,-13.0,-2.0,0.4,-3.8,-0.2,9.459366429713532,6.591397778004874
2025-11-22,B16RRJVB3NE,Boston United Boys 16 Select 1,B16LHVBC2NE,LHV Boys 16-2 Hunters,B16,False,-15.0,-2.0,0.0,-15.0,-2.0,-1.4909678969668678,-1.4909678969668678
2025-11-22,B16RRJVB3NE,Boston United Boys 16 Select 1,B16NESVC2NE,NE Storm 16 Monsoon,B16,True,11.0,2.0,0.5,-2.0,0.0,3.744842902750687,1.1269375028919095
2025-11-22,B16RRJVB3NE,Boston United Boys 16 Select 1,B16BVJVB2NE,Blast 16 Pyro,B16,True,22.0,2.0,0.6666666666666666,6.0,0.6666666666666666,-9.686012964198403,-2.477379319471528
2025-11-23,B16RRJVB3NE,Boston United Boys 16 Select 1,B16MVPVA2NE,MVP BOS 16 Blue,B16,True,8.0,2.0,0.75,6.5,1.0,-16.34371713638192,-5.943963773699126
2025-11-23,B16RRJVB3NE,Boston United Boys 16 Select 1,B16LHVBC1NE,LHV Boys 16-1 Valiants,B16,False,-15.0,-2.0,0.6,2.2,0.4,2.923606681197808,-4.17044968271974
2026-01-17,B16RRJVB3NE,Boston United Boys 16 Select 1,B16PVJVB2NE,PV Boys 16 2,B16,True,7.0,2.0,0.8,6.6,1.2,-12.651272613839689,-6.402510626094303
2026-01-17,B16RRJVB3NE,Boston United Boys 16 Select 1,B16CAPIT1XL,CSVC 16 WOLFJAW,B16,False,-3.0,-1.0,0.6,3.8,0.6,11.4846186337592,-4.854555479892602
2026-01-18,B16RRJVB3NE,Boston United Boys 16 Select 1,B15LEGIO1XL,TeamLVC Boys 15 Black,MIXED,False,-9.0,-2.0,0.4,-2.4,-0.2,10.228548102310683,-0.8716432665907838
2026-01-18,B16RRJVB3NE,Boston United Boys 16 Select 1,B15SYRVB1XL,SVC 15 1 Boys,MIXED,False,-15.0,-2.0,0.2,-7.0,-1.0,18.045964247707875,6.006293010227175
2026-01-18,B16RRJVB3NE,Boston United Boys 16 Select 1,B16LHVBC2NE,LHV Boys 16-2 Hunters,B16,True,12.0,2.0,0.4,-1.6,-0.2,-1.4909678969668678,5.12337809459424
2026-01-19,B16RRJVB3NE,Boston United Boys 16 Select 1,B16NESVC2NE,NE Storm 16 Monsoon,B16,False,-13.0,-1.0,0.2,-5.6,-0.8,3.744842902750687,8.402601197912315
2026-01-31,B16RRJVB3NE,Boston United Boys 16 Select 1,B16118971XX,Supreme 16-1,B16,False,-2.0,-1.0,0.2,-5.4,-0.8,-0.7318998516895773,5.95929750082256
2026-01-31,B16RRJVB3NE,Boston United Boys 16 Select 1,B16NEVBC2NE,NEVBC Boys 16.2,B16,False,-21.0,-2.0,0.2,-7.8,-0.8,0.8815355192584385,4.08989498421211
2026-01-31,B16RRJVB3NE,Boston United Boys 16 Select 1,B16PVJVB1NE,PV Boys 16 1,B16,True,9.0,2.0,0.4,-3.0,0.0,-8.842336914611254,-1.2877652482517146
2026-01-31,B16RRJVB3NE,Boston United Boys 16 Select 1,B16SAVBC1XL,Sporting Albany Boys 16u,B16,False,-20.0,-2.0,0.2,-9.4,-0.8,8.945261771940473,0.7994806855297536
2026-02-01,B16RRJVB3NE,Boston United Boys 16 Select 1,B16JHEAT1GE,CJ HEAT 16-1 Boys,B16,True,9.0,2.0,0.4,-5.0,-0.2,-6.764820996552616,-1.302452094330907
2026-02-01,B16RRJVB3NE,Boston United Boys 16 Select 1,B16NESVC1NE,NE Storm 16 Lightning,B16,False,-16.0,-2.0,0.4,-7.8,-0.4,3.4324314548412644,-0.4695858330247386
2026-03-14,B16RRJVB3NE,Boston United Boys 16 Select 1,B16NEVBC3NE,NEVBC Boys 16 Blue,B16,True,8.0,1.0,0.6,-2.0,0.2,-16.471125511924935,-3.9401180392614137
2026-03-14,B16RRJVB3NE,Boston United Boys 16 Select 1,B16BVJVB2NE,Blast 16 Pyro,B16,True,12.0,2.0,0.6,-1.4,0.2,-9.686012964198403,-4.108853249178843
2026-03-14,B16RRJVB3NE,Boston United Boys 16 Select 1,B16CAPIT1XL,CSVC 16 WOLFJAW,B16,False,-3.0,-1.0,0.6,2.0,0.4,11.4846186337592,-3.600981876815098
2026-03-15,B16RRJVB3NE,Boston United Boys 16 Select 1,B16HKJVB2NE,Husky 16.2,B16,True,7.0,1.0,0.6,1.6,0.2,-10.514891211254358,-4.350995919755446
2026-03-15,B16RRJVB3NE,Boston United Boys 16 Select 1,B16SAVBC1XL,Sporting Albany Boys 16u,B16,False,-16.0,-2.0,0.6,1.6,0.2,8.945261771940473,-3.248429856335605
2025-11-22,B17RRJVB1NE,Boston United Boys 17 National 1,B17TTVBC2NE,SLAM 17 2 Boys,B17,True,14.0,1.0,1.0,14.0,1.0,-3.9278272583952063,-3.9278272583952063
2025-11-22,B17RRJVB1NE,Boston United Boys 17 National 1,B17MVNER1NE,Meraki VB 17 1,B17,False,0.0,-1.0,0.5,7.0,0.0,-1.6503657534424887,-2.7890965059188475
2025-11-22,B17RRJVB1NE,Boston United Boys 17 National 1,B17MVPVA1NE,MVP BOS 17 Black,B17,False,2.0,-1.0,0.3333333333333333,5.333333333333333,-0.3333333333333333,3.0609262950644527,-0.8390889055910807
2025-11-23,B17RRJVB1NE,Boston United Boys 17 National 1,B17BVJVB1NE,Blast 17 Ignite,B17,True,9.0,2.0,0.5,6.25,0.25,2.42210539887769,-0.02379032947388804
2025-11-23,B17RRJVB1NE,Boston United Boys 17 National 1,B17TTVBC1NE,SLAM 17 1 Boys,B17,False,-9.0,-2.0,0.4,3.2,-0.2,6.90661666404597,1.3622910692300834
2025-12-20,B17RRJVB1NE,Boston United Boys 17 National 1,B18SAVBC1XL,Sporting Albany Boys 18u,MIXED,True,19.0,2.0,0.4,4.2,0.0,-18.130434782608912,-1.4782304356126577
2025-12-20,B17RRJVB1NE,Boston United Boys 17 National 1,B18SJJVB3NE,SMASH Boys 18's Surge,MIXED,False,-13.0,-2.0,0.4,1.6,-0.2,13.62318840579702,1.576480396235244
2025-12-20,B17RRJVB1NE,Boston United Boys 17 National 1,B18PVJVB3NE,PV Boys 18 3,MIXED,False,-2.0,-1.0,0.4,0.8,-0.2,1.2898550724636149,1.2222661517150766
2025-12-21,B17RRJVB1NE,Boston United Boys 17 National 1,B17CAPIT2XL,CSVC 17 SKYLIGHT,B17,True,18.0,2.0,0.4,2.6,-0.2,-11.076086956521994,-1.4773723193648602
2025-12-21,B17RRJVB1NE,Boston United Boys 17 National 1,B17PVJVB1NE,PV Boys 17 1,B17,False,-3.0,-1.0,0.4,3.8,0.0,1.4239130434780398,-2.5739130434784463
2026-02-06,B17RRJVB1NE,Boston United Boys 17 National 1,B17CORE11GE,CORE Boys 17 Platinum,B17,True,-2.0,1.0,0.4,-0.4,-0.2,13.02206980461216,3.656587873965768
2026-02-06,B17RRJVB1NE,Boston United Boys 17 National 1,B17NYCVA1GE,NYC VBA 17 Downtown,B17,True,9.0,2.0,0.6,4.0,0.6,-0.9722110322083073,0.7375079863647026
2026-02-06,B17RRJVB1NE,Boston United Boys 17 National 1,B17RAPTO1GE,NYC Raptors 17 Black,B17,True,10.0,2.0,0.8,6.4,1.2,-7.710301495314071,-1.0625233271908345
2026-02-07,B17RRJVB1NE,Boston United Boys 17 National 1,B17DIGSV1GE,Digs Boys 17 Red,B17,True,9.0,2.0,0.8,4.6,1.2,-2.569385161113874,0.6388170318907896
2026-02-07,B17RRJVB1NE,Boston United Boys 17 National 1,B17ALLIN1FL,AVA 17 Boys,B17,False,-12.0,-2.0,0.8,2.8,1.0,14.569140556144442,3.26786253442407
2026-02-07,B17RRJVB1NE,Boston United Boys 17 National 1,B17CORE11GE,CORE Boys 17 Platinum,B17,False,-5.0,-1.0,0.6,2.2,0.6,13.02206980461216,3.26786253442407
2026-02-08,B17RRJVB1NE,Boston United Boys 17 National 1,B17SJVBC1NE,South County Juniors Boys 17 1,B17,True,0.0,1.0,0.6,0.4,0.4,6.47483411747475,4.757271564360681
2026-02-08,B17RRJVB1NE,Boston United Boys 17 National 1,B17MVPVA1NE,MVP BOS 17 Black,B17,True,19.0,2.0,0.6,2.2,0.4,3.0609262950644527,6.911517122436386
2026-03-14,B17RRJVB1NE,Boston United Boys 17 National 1,B17MVNER1NE,Meraki VB 17 1,B17,True,12.0,2.0,0.6,2.8,0.4,-1.6503657534424887,7.095321003970663
2026-03-14,B17RRJVB1NE,Boston United Boys 17 National 1,B17CSJVB1NE,MEVBC/CT STARS 17 1,B17,True,15.0,2.0,0.8,8.2,1.2,-2.417165663978395,3.6980597599460965
2026-03-14,B17RRJVB1NE,Boston United Boys 17 National 1,B17SJVBC1NE,South County Juniors Boys 17 1,B17,True,7.0,2.0,1.0,10.6,1.8,6.47483411747475,2.388612622518614
2026-03-15,B17RRJVB1NE,Boston United Boys 17 National 1,B17BVJVB1NE,Blast 17 Ignite,B17,True,17.0,2.0,1.0,14.0,2.0,2.42210539887769,1.5780668787992023
2026-03-15,B17RRJVB1NE,Boston United Boys 17 National 1,B17HKJVB1NE,Husky 17.1,B17,False,-13.0,-1.0,0.8,7.6,1.4,16.040982892489453,4.174078198284202
2025-11-22,B17RRJVB2NE,Boston United Boys 17 Northeast,B17LHVBC1NE,LHV Boys 17-1 Ubuntu,B17,False,-16.0,-2.0,0.0,-16.0,-2.0,4.793922273324947,4.793922273324947
2025-11-22,B17RRJVB2NE,Boston United Boys 17 Northeast,B17CAMYV1NE,CYVB 17 1,B17,False,-13.0,-2.0,0.0,-14.5,-2.0,-3.423912133051875,0.685005070136536
2025-11-22,B17RRJVB2NE,Boston United Boys 17 Northeast,B17NESVC2NE,NE Storm 17 Landslide,B17,True,7.0,1.0,0.3333333333333333,-7.333333333333333,-1.0,-5.3693656322920225,-1.3331184973396502
2025-11-23,B17RRJVB2NE,Boston United Boys 17 Northeast,B17NESVC3NE,NE Storm 17 Wildfire,B17,True,4.0,2.0,0.5,-4.5,-0.25,-12.143759467665873,-4.035778739921206
2025-11-23,B17RRJVB2NE,Boston United Boys 17 Northeast,B17NESVC2NE,NE Storm 17 Landslide,B17,False,-4.0,-2.0,0.4,-4.4,-0.6,-5.3693656322920225,-4.30249611839537
2026-01-17,B17RRJVB2NE,Boston United Boys 17 Northeast,B17TTVBC1NE,SLAM 17 1 Boys,B17,False,-19.0,-2.0,0.4,-5.0,-0.6,6.90661666404597,-3.8799572402511644
2026-01-17,B17RRJVB2NE,Boston United Boys 17 Northeast,B17SYRVB1XL,SVC 17 1 Boys,B17,False,-27.0,-2.0,0.4,-7.8,-0.6,19.054499331905404,0.6157250527402912
2026-01-17,B17RRJVB2NE,Boston United Boys 17 Northeast,B17NESVC2NE,NE Storm 17 Landslide,B17,True,16.0,1.0,0.4,-6.0,-0.6,-5.3693656322920225,0.615725052740291
2026-01-18,B17RRJVB2NE,Boston United Boys 17 Northeast,B17LHVBC2NE,LHV Boys 17-2 Boom,B17,True,8.0,1.0,0.4,-5.2,-0.8,-18.684867505579003,-0.6924965548423352
2026-01-18,B17RRJVB2NE,Boston United Boys 17 Northeast,B17MVNER1NE,Meraki VB 17 1,B17,False,-20.0,-2.0,0.4,-8.4,-0.8,-1.6503657534424887,0.051303420927571605
2026-01-19,B17RRJVB2NE,Boston United Boys 17 Northeast,B17NESVC2NE,NE Storm 17 Landslide,B17,False,-6.0,-2.0,0.4,-5.8,-0.8,-5.3693656322920225,-2.403893038340027
2026-02-06,B17RRJVB2NE,Boston United Boys 17 Northeast,B17LIFRY1GE,LI Fury 17 1,B17,False,-19.0,-2.0,0.4,-4.2,-0.8,4.151513773943261,-5.384490149932455
2026-02-06,B17RRJVB2NE,Boston United Boys 17 Northeast,B17SPTMC3GE,Sportime 17 3,B17,False,-3.0,-1.0,0.2,-8.0,-1.2,1.8961447841210222,-3.931388066649846
2026-02-06,B17RRJVB2NE,Boston United Boys 17 Northeast,B17NESVC1NE,NE Storm 17 Tsunami,B17,False,-9.0,-2.0,0.0,-11.4,-1.8,5.657609235304984,0.937107281526951
2026-02-07,B17RRJVB2NE,Boston United Boys 17 Northeast,B17SPTMC4GE,Sportime 17 4,B17,True,14.0,2.0,0.2,-4.6,-1.0,-13.979234867704784,-1.528666541325508
2026-02-07,B17RRJVB2NE,Boston United Boys 17 Northeast,B17CAPIT2XL,CSVC 17 SKYLIGHT,B17,False,-4.0,-1.0,0.2,-4.2,-0.8,-11.076086956521994,-2.6700108061715024
2026-02-07,B17RRJVB2NE,Boston United Boys 17 Northeast,B17ROYAL1NO,Infinity Royals 17N,B17,False,-10.0,-2.0,0.2,-2.4,-0.8,-0.5833724901928343,-3.6169880589987207
2026-02-08,B17RRJVB2NE,Boston United Boys 17 Northeast,B17XTREM1GE,Xtreme 17 National Braulio,B17,False,-6.0,-2.0,0.2,-3.0,-1.0,-7.311976960362236,-5.458612407895373
2026-03-14,B17RRJVB2NE,Boston United Boys 17 Northeast,B17NESVC3NE,NE Storm 17 Wildfire,B17,True,12.0,2.0,0.4,1.2,-0.2,-12.143759467665873,-9.018886148489544
2026-03-14,B17RRJVB2NE,Boston United Boys 17 Northeast,B17HKJVB4NE,Husky 17.4,B17,True,18.0,2.0,0.4,2.0,-0.2,-13.278249403447527,-8.878689055638093
2026-03-14,B17RRJVB2NE,Boston United Boys 17 Northeast,B17PVJVB3NE,PV Boys 17 3,B17,True,19.0,2.0,0.6,6.6,0.4,-13.784423886316176,-9.420356441596928
2026-03-15,B17RRJVB2NE,Boston United Boys 17 Northeast,B17CAPIT2XL,CSVC 17 SKYLIGHT,B17,True,5.0,1.0,0.8,9.6,1.0,-11.076086956521994,-11.518899334862763
2026-03-15,B17RRJVB2NE,Boston United Boys 17 Northeast,B17PVJVB2NE,PV Boys 17 2,B17,True,13.0,2.0,1.0,13.4,1.8,-9.324725275514181,-11.921448997893151
2025-11-22,B17RRJVB3NE,Boston United Boys 17 Select 1,B17LHVBC2NE,LHV Boys 17-2 Boom,B17,False,-9.0,-1.0,0.0,-9.0,-1.0,-18.684867505579003,-18.684867505579003
2025-11-22,B17RRJVB3NE,Boston United Boys 17 Select 1,B17MMVBC1NE,Mayhem 17 1,B17,False,-7.0,-2.0,0.0,-8.0,-1.5,-10.49910066577871,-14.591984085678856
2025-11-22,B17RRJVB3NE,Boston United Boys 17 Select 1,B17NESVC3NE,NE Storm 17 Wildfire,B17,True,9.0,1.0,0.3333333333333333,-2.3333333333333335,-0.6666666666666666,-12.143759467665873,-13.775909213007862
2025-11-23,B17RRJVB3NE,Boston United Boys 17 Select 1,B17MVNER2NE,Meraki VB 17 2,B17,True,12.0,1.0,0.5,1.25,-0.25,-22.87107829300199,-16.049701483006395
2025-11-23,B17RRJVB3NE,Boston United Boys 17 Select 1,B17LHVBC1NE,LHV Boys 17-1 Ubuntu,B17,False,-26.0,-2.0,0.4,-4.2,-0.6,4.793922273324947,-11.880976731740127
2026-01-17,B17RRJVB3NE,Boston United Boys 17 Select 1,B17NESVC1NE,NE Storm 17 Tsunami,B17,False,-20.0,-2.0,0.4,-6.4,-0.8,5.657609235304984,-7.012481383563329
2026-01-17,B17RRJVB3NE,Boston United Boys 17 Select 1,B17CAMYV1NE,CYVB 17 1,B17,False,-19.0,-2.0,0.4,-8.8,-0.8,-3.423912133051875,-5.597443677017962
2026-01-17,B17RRJVB3NE,Boston United Boys 17 Select 1,B17PVJVB3NE,PV Boys 17 3,B17,False,-10.0,-2.0,0.2,-12.6,-1.4,-13.784423886316176,-5.925576560748023
2026-01-18,B17RRJVB3NE,Boston United Boys 17 Select 1,B17MVNER1NE,Meraki VB 17 1,B17,False,-4.0,-2.0,0.0,-15.8,-2.0,-1.6503657534424887,-1.681434052836122
2026-01-18,B17RRJVB3NE,Boston United Boys 17 Select 1,B17LHVBC2NE,LHV Boys 17-2 Boom,B17,False,-19.0,-2.0,0.0,-14.4,-2.0,-18.684867505579003,-6.377192008616912
2026-01-19,B17RRJVB3NE,Boston United Boys 17 Select 1,B17PVJVB2NE,PV Boys 17 2,B17,False,-1.0,-1.0,0.0,-10.6,-1.8,-9.324725275514181,-9.373658910780744
2026-01-31,B17RRJVB3NE,Boston United Boys 17 Select 1,B17HKJVB2NE,Husky 17.2,B17,False,-15.0,-2.0,0.0,-9.8,-1.8,-1.2154657457532938,-8.931969633321028
2026-01-31,B17RRJVB3NE,Boston United Boys 17 Select 1,B17PVJVB2NE,PV Boys 17 2,B17,True,2.0,1.0,0.2,-7.4,-1.2,-9.324725275514181,-8.04002991116063
2026-01-31,B17RRJVB3NE,Boston United Boys 17 Select 1,B17NYCVA1GE,NYC VBA 17 Downtown,B17,False,-14.0,-2.0,0.2,-9.4,-1.2,-0.9722110322083073,-7.904398966913794
2026-02-01,B17RRJVB3NE,Boston United Boys 17 Select 1,B17LHVBC2NE,LHV Boys 17-2 Boom,B17,True,25.0,2.0,0.4,-0.6,-0.4,-18.684867505579003,-7.904398966913794
2026-02-01,B17RRJVB3NE,Boston United Boys 17 Select 1,B17MVNER2NE,Meraki VB 17 2,B17,True,12.0,2.0,0.6,2.0,0.2,-22.87107829300199,-10.613669570411355
2026-02-01,B17RRJVB3NE,Boston United Boys 17 Select 1,B17MMVBC1NE,Mayhem 17 1,B17,False,-15.0,-1.0,0.6,2.0,0.4,-10.49910066577871,-12.470396554416439
2026-03-14,B17RRJVB3NE,Boston United Boys 17 Select 1,B17PVJVB2NE,PV Boys 17 2,B17,False,-13.0,-2.0,0.4,-1.0,-0.2,-9.324725275514181,-12.470396554416439
2026-03-14,B17RRJVB3NE,Boston United Boys 17 Select 1,B17CAPIT2XL,CSVC 17 SKYLIGHT,B17,False,-28.0,-2.0,0.4,-3.8,-0.2,-11.076086956521994,-14.491171739279176
2026-03-14,B17RRJVB3NE,Boston United Boys 17 Select 1,B17MVNER2NE,Meraki VB 17 2,B17,False,-10.0,-2.0,0.2,-10.8,-1.0,-22.87107829300199,-15.328413896763772
2026-03-15,B17RRJVB3NE,Boston United Boys 17 Select 1,B17PVJVB3NE,PV Boys 17 3,B17,False,-8.0,-1.0,0.0,-14.8,-1.6,-13.784423886316176,-13.511083015426612
2026-03-15,B17RRJVB3NE,Boston United Boys 17 Select 1,B17MVNER2NE,Meraki VB 17 2,B17,True,16.0,2.0,0.2,-8.6,-1.0,-22.87107829300199,-15.985478540871267
2025-11-22,B18RRJVB1NE,Boston United Boys 18 1,B18BVJVB1NE,Blast 18 Fire,B18,False,-15.0,-1.0,0.0,-15.0,-1.0,3.536074295314291,3.536074295314291
2025-11-22,B18RRJVB1NE,Boston United Boys 18 1,B18LHVBC1NE,LHV Boys 18-1 Rafiki,B18,False,-2.0,-1.0,0.0,-8.5,-1.0,7.84944213467198,5.692758214993136
2025-11-22,B18RRJVB1NE,Boston United Boys 18 1,B18MVPVA1NE,MVP BOS 18 Black,B18,False,-21.0,-2.0,0.0,-12.666666666666666,-1.3333333333333333,8.63789198265822,6.674469470881498
2025-11-23,B18RRJVB1NE,Boston United Boys 18 1,B18MCJVB1NE,Mill City 18's,B18,False,-1.0,-1.0,0.0,-9.75,-1.25,8.201372036587305,7.0561951123079485
2025-11-23,B18RRJVB1NE,Boston United Boys 18 1,B18BVJVB1NE,Blast 18 Fire,B18,True,4.0,1.0,0.2,-7.0,-0.8,3.536074295314291,6.352170948909217
2026-01-17,B18RRJVB1NE,Boston United Boys 18 1,B18LHVBC2NE,LHV Boys 18-2 Blitz,B18,False,-3.0,-1.0,0.2,-4.6,-0.8,-8.463925704685732,3.952170948909213
2026-01-17,B18RRJVB1NE,Boston United Boys 18 1,B18PVJVB4NE,PV Boys 18 4,B18,True,15.0,1.0,0.4,-1.2,-0.4,-0.09020907224197838,2.364240707526421
2026-01-17,B18RRJVB1NE,Boston United Boys 18 1,B18NESVC1NE,NE Storm 18 Thunder,B18,False,-1.0,-1.0,0.4,2.8,-0.2,-3.463925704685793,-0.05612282994238136
2026-01-18,B18RRJVB1NE,Boston United Boys 18 1,B18BVJVB2NE,Blast 18 Blaze,B18,True,17.0,2.0,0.6,6.4,0.4,-18.71443905170827,-5.439285047601496
2026-01-18,B18RRJVB1NE,Boston United Boys 18 1,B18LHVBC3NE,LHV Boys 18-3 Thunder,B18,True,10.0,2.0,0.6,7.6,0.6,-16.143035542014527,-9.37510701506726
2026-01-18,B18RRJVB1NE,Boston United Boys 18 1,B18PVJVB3NE,PV Boys 18 3,B18,False,-11.0,-2.0,0.6,6.0,0.4,1.2898550724636149,-7.42435085963739
2026-01-19,B18RRJVB1NE,Boston United Boys 18 1,B18PVJVB2NE,PV Boys 18 2,B18,False,-50.0,-2.0,0.4,-7.0,-0.2,-2.963925704685832,-7.99909418612616
2026-02-06,B18RRJVB1NE,Boston United Boys 18 1,B18VENGE1OV,18 - Lusher,B18,False,-13.0,-2.0,0.4,-9.4,-0.4,12.113581279797938,-4.883592789229414
2026-02-06,B18RRJVB1NE,Boston United Boys 18 1,B18RAPTO1GE,NYC Raptors 18 Black,B18,True,2.0,1.0,0.4,-12.4,-0.6,-3.400641791021455,-1.8208333370920518
2026-02-06,B18RRJVB1NE,Boston United Boys 18 1,B18LCVBC2GE,Legacy Boys 18 Premier Anthony,B18,True,6.0,1.0,0.4,-13.2,-0.8,-5.996465018449163,0.2084807676210211
2026-02-07,B18RRJVB1NE,Boston United Boys 18 1,B18PINVA1GE,PVA Boys 18 National,B18,False,-13.0,-2.0,0.4,-13.6,-0.8,2.315899297709555,0.41368961267020915
2026-02-07,B18RRJVB1NE,Boston United Boys 18 1,B18SPTMC3GE,Sportime 18 3,B18,True,12.0,2.0,0.6,-1.2,0.0,-10.201905295018594,-1.0339063053963433
2026-02-07,B18RRJVB1NE,Boston United Boys 18 1,B18TUSVA1GE,Train Up VB 18 1,B18,True,5.0,1.0,0.8,2.4,0.6,-2.04432730212734,-3.865488021781399
2026-02-08,B18RRJVB1NE,Boston United Boys 18 1,B18118281XX,PW-VB Quarter-Zip Elite 67-Matcha,B18,False,-4.0,-2.0,0.6,1.2,0.0,5.536074295314347,-2.0781448045142383
2026-03-14,B18RRJVB1NE,Boston United Boys 18 1,B18SJVBC2NE,South County Juniors Boys 18's Gold,B18,False,-2.0,-1.0,0.4,-0.4,-0.4,-0.8950895960897043,-1.0578697200423466
2026-03-14,B18RRJVB1NE,Boston United Boys 18 1,B18NESVC1NE,NE Storm 18 Thunder,B18,True,8.0,1.0,0.6,3.8,0.2,-3.463925704685793,-2.213834720521416
2026-03-14,B18RRJVB1NE,Boston United Boys 18 1,B18HKJVB2NE,Husky 18.2,B18,False,-15.0,-2.0,0.4,-1.6,-0.6,-0.12825317049956553,-0.1991042956176104
2026-03-15,B18RRJVB1NE,Boston United Boys 18 1,B18NESVC1NE,NE Storm 18 Thunder,B18,True,-4.0,1.0,0.4,-3.4,-0.6,-3.463925704685793,-0.483023976129301
2025-11-22,B18RRJVB2NE,Boston United Boys 18 Select 1,B18TTVBC2NE,SLAM 18 2 Boys,B18,True,18.0,1.0,1.0,18.0,1.0,-16.678546843255834,-16.678546843255834
2025-11-22,B18RRJVB2NE,Boston United Boys 18 Select 1,B18NESVC1NE,NE Storm 18 Thunder,B18,False,-15.0,-2.0,0.5,1.5,-0.5,-3.463925704685793,-10.071236273970813
2025-11-22,B18RRJVB2NE,Boston United Boys 18 Select 1,B18MMVBC2NE,Mayhem 18 2,B18,False,-10.0,-1.0,0.3333333333333333,-2.3333333333333335,-0.6666666666666666,-1.0752739666954634,-7.072582171545697
2025-11-23,B18RRJVB2NE,Boston United Boys 18 Select 1,B18MVPVA2NE,MVP BOS 18 Blue,B18,False,-12.0,-2.0,0.25,-4.75,-1.0,-0.9074394572431146,-5.531296492970052
2025-11-23,B18RRJVB2NE,Boston United Boys 18 Select 1,B18LHVBC2NE,LHV Boys 18-2 Blitz,B18,False,-16.0,-2.0,0.2,-7.0,-1.2,-8.463925704685732,-6.117822335313187
2026-01-17,B18RRJVB2NE,Boston United Boys 18 Select 1,B18LHVBC3NE,LHV Boys 18-3 Thunder,B18,True,11.0,2.0,0.2,-8.4,-1.0,-16.143035542014527,-6.010720075064926
2026-01-17,B18RRJVB2NE,Boston United Boys 18 Select 1,B18NESVC2NE,NE Storm 18 Squall,B18,True,0.0,1.0,0.4,-5.4,-0.4,-8.964952398730674,-7.110925413873903
2026-01-17,B18RRJVB2NE,Boston United Boys 18 Select 1,B18CAPIT1XL,CSVC 18 HAYSTACK,B18,False,-16.0,-2.0,0.4,-6.6,-0.6,2.5340209072239004,-6.38906643909003
2026-01-18,B18RRJVB2NE,Boston United Boys 18 Select 1,B18VTVBC1NE,VTV 18 1,B18,False,-23.0,-2.0,0.4,-8.8,-0.6,1.4938606153164464,-5.908806424578118
2026-01-18,B18RRJVB2NE,Boston United Boys 18 Select 1,B18NESVC1NE,NE Storm 18 Thunder,B18,False,-6.0,-1.0,0.4,-6.8,-0.4,-3.463925704685793,-4.908806424578129
2026-01-18,B18RRJVB2NE,Boston United Boys 18 Select 1,B18118281XX,PWVolleyball 18 1,B18,False,-9.0,-1.0,0.2,-10.8,-1.0,5.536074295314347,-0.5729844571123545
2026-01-19,B18RRJVB2NE,Boston United Boys 18 Select 1,B18BVJVB1NE,Blast 18 Fire,B18,False,-24.0,-2.0,0.0,-15.6,-1.6,3.536074295314291,1.9272208816966383
2026-01-31,B18RRJVB2NE,Boston United Boys 18 Select 1,B18LHVBC3NE,LHV Boys 18-3 Thunder,B18,True,24.0,2.0,0.2,-7.6,-0.8,-16.143035542014527,-1.8081904081510474
2026-01-31,B18RRJVB2NE,Boston United Boys 18 Select 1,B18SGHVB1NE,Starlings GH 18 1 Boys,B18,True,25.0,2.0,0.4,2.0,0.0,-30.240845030267977,-8.15513153726793
2026-01-31,B18RRJVB2NE,Boston United Boys 18 Select 1,B18PVJVB2NE,PV Boys 18 2,B18,False,-10.0,-2.0,0.4,1.2,-0.2,-2.963925704685832,-8.05513153726794
2026-02-01,B18RRJVB2NE,Boston United Boys 18 Select 1,B18MVNER2NE,Meraki VB 18 2,B18,True,9.0,2.0,0.6,4.8,0.4,-11.96495239873067,-11.555336876076945
2026-02-01,B18RRJVB2NE,Boston United Boys 18 Select 1,B18MMVBC2NE,Mayhem 18 2,B18,False,-13.0,-1.0,0.6,7.0,0.6,-1.0752739666954634,-12.477606528478894
2026-03-14,B18RRJVB2NE,Boston United Boys 18 Select 1,B18118281XX,PW-VB Quarter-Zip Elite 67-Matcha,B18,False,-14.0,-2.0,0.4,-0.6,-0.2,5.536074295314347,-8.14178456101312
2026-03-14,B18RRJVB2NE,Boston United Boys 18 Select 1,B18BVJVB1NE,Blast 18 Fire,B18,False,-25.0,-2.0,0.2,-10.6,-1.0,3.536074295314291,-1.3864006958966653
2026-03-14,B18RRJVB2NE,Boston United Boys 18 Select 1,B18NEVBC2NE,NEVBC Boys 18.2,B18,False,-23.0,-2.0,0.2,-13.2,-1.0,-4.320455937255204,-1.6577067424105394
2026-03-15,B18RRJVB2NE,Boston United Boys 18 Select 1,B18NEVBC2NE,NEVBC Boys 18.2,B18,False,-18.0,-2.0,0.0,-18.6,-1.8,-4.320455937255204,-0.12880745011544636
2026-01-24,G12RRJVB1NE,Boston United 12 Select,G12CMJVB1NE,CMASS EDGE 12 White,G12,True,1.0,1.0,1.0,1.0,1.0,-12.844513602507146,-12.844513602507146
2026-01-24,G12RRJVB1NE,Boston United 12 Select,G12MCJVB1NE,Mill City 12's,G12,False,-11.0,-2.0,0.5,-5.0,-0.5,4.442025333424175,-4.2012441345414855
2026-01-24,G12RRJVB1NE,Boston United 12 Select,G12AVVBC1NE,Avidity 12 Ruby,G12,False,-19.0,-2.0,0.3333333333333333,-9.666666666666666,-1.0,17.037949001102113,2.8784869106730473
2026-02-21,G12RRJVB1NE,Boston United 12 Select,G12MAJVB1NE,Mass Premier 12 1,G12,True,11.0,2.0,0.5,-4.5,-0.25,-13.304336463148605,-1.1672189327823657
2026-02-21,G12RRJVB1NE,Boston United 12 Select,G12113231XX,EliteZ 12 GIRLS BLACK,G12,True,11.0,1.0,0.6,-1.4,0.0,-5.749450922660657,-2.083665330758024
2026-02-21,G12RRJVB1NE,Boston United 12 Select,G12MCJVB1NE,Mill City 12's,G12,False,-3.0,-1.0,0.4,-2.2,-0.4,4.442025333424175,1.3736424564282401
2026-03-21,G12RRJVB1NE,Boston United 12 Select,G12LHVBC1NE,LHV Girls 12-1 Spark,G12,False,-16.0,-2.0,0.4,-3.2,-0.4,2.7839506172830397,1.0420275132000132
2026-03-21,G12RRJVB1NE,Boston United 12 Select,G11SJJVB1NE,SMASH 11s,MIXED,True,7.0,1.0,0.6,2.0,0.2,-2.5493827160503293,-2.8754388302304754
2026-03-21,G12RRJVB1NE,Boston United 12 Select,G12LDNER1NE,Lockdown VBC 12 SandPipers,G12,False,-20.0,-2.0,0.4,-4.2,-0.6,14.45061728394972,2.6755519191891897
2026-03-22,G12RRJVB1NE,Boston United 12 Select,G12CSJVB1NE,CT STARS 12-1,G12,True,20.0,2.0,0.4,-2.4,-0.4,-22.549382716050324,-0.6844344394887443
2026-03-22,G12RRJVB1NE,Boston United 12 Select,G12SJJVB2NE,SMASH 12s Energy,G12,False,-23.0,-1.0,0.4,-6.4,-0.4,3.4506172839493416,-0.8827160493837105
2026-01-24,G12RRJVB2NE,Boston United 12 Sapphire,G12113232XX,EliteZ 12 GIRLS CARBON,G12,True,12.0,2.0,1.0,12.0,2.0,-29.854561860091714,-29.854561860091714
2026-01-24,G12RRJVB2NE,Boston United 12 Sapphire,G12HRJVB1NE,HardRock 12,G12,True,12.0,2.0,1.0,12.0,2.0,-22.216049382715656,-26.035305621403687
2026-01-24,G12RRJVB2NE,Boston United 12 Sapphire,G12EYNER1NE,ENVY 12 1 LavaFlow,G12,False,-30.0,-2.0,0.6666666666666666,-2.0,0.6666666666666666,9.121936158752339,-14.316225028018344
2026-02-21,G12RRJVB2NE,Boston United 12 Sapphire,G12AVVBC2NE,Avidity 12 Jade,G12,False,-25.0,-2.0,0.5,-7.75,0.0,-2.0071244336326246,-11.238949879421915
2026-02-21,G12RRJVB2NE,Boston United 12 Sapphire,G12TTVBC2NE,SLAM 12R Red,G12,False,-15.0,-2.0,0.4,-9.2,-0.4,-3.216049382715604,-9.634369780080652
2026-02-21,G12RRJVB2NE,Boston United 12 Sapphire,G12112721XX,X2 Volleyball 12 1,G12,False,-19.0,-2.0,0.2,-15.4,-1.2,-17.54938271604909,-7.173333951272127
2026-03-21,G12RRJVB2NE,Boston United 12 Sapphire,G11LDNER1NE,Lockdown VBC 11 Hummingbirds,MIXED,False,-25.0,-1.0,0.0,-22.8,-1.8,-1.216049382715669,-2.9733339512721297
2026-03-21,G12RRJVB2NE,Boston United 12 Sapphire,G12PROVA1GE,Prodigy 12.1 Club,G12,False,-11.0,-1.0,0.0,-19.0,-1.6,-17.216049382715656,-8.240931059565728
2026-03-21,G12RRJVB2NE,Boston United 12 Sapphire,G12TTVBC2NE,SLAM 12R Red,G12,False,-8.0,-2.0,0.0,-15.6,-1.6,-3.216049382715604,-8.482716049382324
2026-03-22,G12RRJVB2NE,Boston United 12 Sapphire,G11GRVBC1NE,GVC 11-1,MIXED,False,-15.0,-2.0,0.0,-15.6,-1.6,-6.5493827160491165,-9.149382716049027
2026-03-22,G12RRJVB2NE,Boston United 12 Sapphire,G12TTVBC3NE,SLAM 12R White,G12,True,28.0,2.0,0.2,-6.2,-0.8,-28.216049382715685,-11.282716049382346
2026-01-10,G13RRJVB1NE,Boston United 13 National,G13CACLI3GE,CALI 13 Red,G13,True,12.0,2.0,1.0,12.0,2.0,5.683905842562576,5.683905842562576
2026-01-10,G13RRJVB1NE,Boston United 13 National,G13EYNER2NE,ENVY 13 NOR'EASTER,G13,True,36.0,2.0,1.0,24.0,2.0,-22.281371556532164,-8.298732856984794
2026-01-10,G13RRJVB1NE,Boston United 13 National,G13113231XX,EliteZ 13 GIRLS HP BLACK,G13,True,22.0,2.0,1.0,23.333333333333332,2.0,1.9728425907633458,-4.87487437440208
2026-01-11,G13RRJVB1NE,Boston United 13 National,G13NEVBC3NE,Northeast 13 Blue,G13,True,24.0,2.0,1.0,23.5,2.0,-13.108685735401952,-6.933327214652048
2026-01-11,G13RRJVB1NE,Boston United 13 National,G13SURGE1GE,LI Surge 13 Premier Blue,G13,True,18.0,2.0,1.0,22.4,2.0,6.652087771087341,-4.216244217504171
2026-01-11,G13RRJVB1NE,Boston United 13 National,G13CACLI2GE,CALI 13 BLUE,G13,False,-7.0,-2.0,0.8,18.6,1.2,11.861998308639855,-2.980625724288715
2026-01-24,G13RRJVB1NE,Boston United 13 National,G13HEVBA1NE,HEVBA 13 1,G13,True,29.0,2.0,0.8,17.2,1.2,-1.0643398503990404,1.2627806169379099
2026-01-24,G13RRJVB1NE,Boston United 13 National,G13TTVBC1NE,SLAM 13P Black,G13,True,21.0,2.0,0.8,17.0,1.2,2.425901725551011,1.353392443895443
2026-01-24,G13RRJVB1NE,Boston United 13 National,G13LFJVB1NE,603 United 13 Seacoast White,G13,False,-2.0,-1.0,0.6,11.8,0.6,14.42108077976435,6.859345746928703
2026-02-06,G13RRJVB1NE,Boston United 13 National,G13TRICO1GE,TriCounty ATTACK 13 1,G13,True,26.0,2.0,0.6,13.4,0.6,-5.606510564668599,4.407626079777516
2026-02-06,G13RRJVB1NE,Boston United 13 National,G13113231XX,EliteZ 13 GIRLS HP BLACK,G13,True,19.0,2.0,0.8,18.6,1.4,1.9728425907633458,2.4297949362022138
2026-02-06,G13RRJVB1NE,Boston United 13 National,G13NYCLI1GE,NYCLI 13 Elite,G13,True,10.0,1.0,0.8,14.8,1.2,12.7157856589406,5.185820038070142
2026-02-07,G13RRJVB1NE,Boston United 13 National,G13NEVBC1NE,Northeast 13.1,G13,False,-20.0,-2.0,0.6,6.6,0.4,34.354470034069315,11.571533699773804
2026-02-07,G13RRJVB1NE,Boston United 13 National,G13SPAVB1XL,Spa City 13 Aqua,G13,True,2.0,1.0,0.8,7.4,0.8,18.084924890411582,12.304302521903248
2026-02-07,G13RRJVB1NE,Boston United 13 National,G13LIBER1CH,Libero 13 HUSKIES,G13,False,-8.0,-2.0,0.6,0.6,0.0,30.29531883593053,19.484668402023072
2026-02-08,G13RRJVB1NE,Boston United 13 National,G13NYCJR2GE,NYC Juniors 13 Travel,G13,False,-29.0,-2.0,0.4,-9.0,-0.8,25.798232175791306,24.249746319028667
2026-02-21,G13RRJVB1NE,Boston United 13 National,G13AVVBC1NE,Avidity 13 Ruby,G13,True,36.0,2.0,0.4,-3.8,-0.6,-3.3660143249357795,21.033386322253392
2026-02-21,G13RRJVB1NE,Boston United 13 National,G13113231XX,EliteZ 13 GIRLS HP BLACK,G13,True,10.0,1.0,0.6,2.2,0.0,1.9728425907633458,14.557060833592194
2026-02-21,G13RRJVB1NE,Boston United 13 National,G13TTVBC1NE,SLAM 13P Black,G13,True,13.0,2.0,0.6,4.4,0.2,2.425901725551011,11.42525620062008
2026-03-21,G13RRJVB1NE,Boston United 13 National,G13GAJVB1NE,Gators 13 Black,G13,False,5.0,-1.0,0.6,7.0,0.4,14.19718701366588,8.205629836167152
2026-03-21,G13RRJVB1NE,Boston United 13 National,G13CMJVB1NE,CMASS EDGE 13 Blue,G13,False,-1.0,-1.0,0.6,12.6,0.6,22.310983707839547,7.5081801425767996
2026-03-21,G13RRJVB1NE,Boston United 13 National,G13MCJVB1NE,Mill City 13's,G13,True,19.0,2.0,0.6,9.2,0.6,14.449510341801655,11.071285075924285
2026-03-22,G13RRJVB1NE,Boston United 13 National,G13CSJVB1NE,CT STARS 13s Lidania,G13,False,-18.0,-2.0,0.4,3.6,0.0,31.23316006877875,16.923348571527367
2026-03-22,G13RRJVB1NE,Boston United 13 National,G13GRVBC1NE,GVC 13-1,G13,False,-9.0,-1.0,0.2,-0.8,-0.6,25.00935052799676,21.440038332016517
2026-04-11,G13RRJVB1NE,Boston United 13 National,G13CMJVB2NE,CMASS EDGE 13 White,G13,True,26.0,2.0,0.4,3.4,0.0,-5.211346105138547,17.55833170825563
2026-04-11,G13RRJVB1NE,Boston United 13 National,G13AVVBC2NE,Avidity 13 Jade,G13,True,37.0,2.0,0.6,11.0,0.6,-20.36417577777852,9.023299811132018
2026-04-11,G13RRJVB1NE,Boston United 13 National,G13TTVBC2NE,SLAM 13P Red,G13,True,30.0,2.0,0.6,13.2,0.6,-6.129367954687872,4.907524151834113
2026-04-12,G13RRJVB1NE,Boston United 13 National,G13MGJVB4NE,MGA 13's Stripes,G13,True,36.0,2.0,0.8,24.0,1.4,-7.237625968472475,-2.7866330556161323
2026-04-12,G13RRJVB1NE,Boston United 13 National,G13LFJVB1NE,603 United 13 Seacoast White,G13,False,-12.0,-1.0,0.8,23.4,1.4,14.42108077976435,-4.904287005262614
2026-04-25,G13RRJVB1NE,Boston United 13 National,G13LEGIO1XL,TeamLVC 13 Black,G13,True,8.0,2.0,0.8,19.8,1.4,7.794993241149619,-2.303019136004981
2026-04-25,G13RRJVB1NE,Boston United 13 National,G13SJJVB1NE,SMASH 13s,G13,True,-6.0,1.0,0.8,11.2,1.2,29.780133151567192,7.725842649864161
2026-04-25,G13RRJVB1NE,Boston United 13 National,G13CJJVB1NE,CT Juniors 13 National,G13,True,31.0,2.0,0.8,11.4,1.2,-2.4675739360798667,8.458201453585762
2026-04-26,G13RRJVB1NE,Boston United 13 National,G13MCJVB1NE,Mill City 13's,G13,False,-18.0,-2.0,0.6,0.6,0.4,14.449510341801655,12.79562871564059
2026-04-26,G13RRJVB1NE,Boston United 13 National,G13MCJVB1NE,Mill City 13's,G13,True,10.0,1.0,0.8,5.0,0.8,14.449510341801655,12.80131462804805
2026-04-26,G13RRJVB1NE,Boston United 13 National,G13NEVBC1NE,Northeast 13.1,G13,False,-14.0,-2.0,0.6,0.6,0.0,34.354470034069315,18.11320998663199
2026-01-24,G13RRJVB2NE,Boston United 13 Select - Brittany,G13TTVBC4NE,SLAM 13R Grey,G13,True,23.0,2.0,1.0,23.0,2.0,-38.01185848809126,-38.01185848809126
2026-01-24,G13RRJVB2NE,Boston United 13 Select - Brittany,G13GAJVB2NE,Gators 13 Green,G13,True,15.0,2.0,1.0,19.0,2.0,-28.487881410091543,-33.249869949091405
2026-01-24,G13RRJVB2NE,Boston United 13 Select - Brittany,G13LFJVB2NE,603 United 13 Seacoast Blue,G13,True,0.0,1.0,1.0,12.666666666666666,1.6666666666666667,-12.300000000000036,-26.26657996606095
2026-02-21,G13RRJVB2NE,Boston United 13 Select - Brittany,G13MAJVB2NE,Mass Premier 13 2,G13,True,16.0,2.0,1.0,13.5,1.75,-23.079041703130425,-25.469695400328316
2026-02-21,G13RRJVB2NE,Boston United 13 Select - Brittany,G13TTVBC2NE,SLAM 13P Red,G13,False,-2.0,-1.0,0.8,10.4,1.2,-6.129367954687872,-21.601629911200227
2026-02-21,G13RRJVB2NE,Boston United 13 Select - Brittany,G13LFJVB2NE,603 United 13 Seacoast Blue,G13,False,-15.0,-2.0,0.6,2.8,0.4,-12.300000000000036,-16.459258213581982
2026-03-21,G13RRJVB2NE,Boston United 13 Select - Brittany,G13LFJVB1NE,603 United 13 Seacoast White,G13,False,-11.0,-2.0,0.4,-2.4,-0.4,14.42108077976435,-7.877465775610803
2026-03-21,G13RRJVB2NE,Boston United 13 Select - Brittany,G13BVJVB1NE,Blast 13U Dragons,G13,False,-11.0,-1.0,0.2,-4.6,-0.8,6.749999999999759,-4.067465775610844
2026-03-21,G13RRJVB2NE,Boston United 13 Select - Brittany,G13SJVBC3NE,South County 13's Sharks,G13,True,28.0,2.0,0.2,-2.2,-0.8,-33.7419528487875,-6.200048004742259
2026-03-22,G13RRJVB2NE,Boston United 13 Select - Brittany,G13SJVBC2NE,South County 13's Scorpions,G13,True,12.0,1.0,0.4,0.6,-0.4,-22.6747843997192,-9.509131293748524
2026-03-22,G13RRJVB2NE,Boston United 13 Select - Brittany,G13TTVBC2NE,SLAM 13P Red,G13,True,20.0,2.0,0.6,7.6,0.4,-6.129367954687872,-8.275004884686092
2026-04-11,G13RRJVB2NE,Boston United 13 Select - Brittany,G13LFJVB1NE,603 United 13 Seacoast White,G13,False,-20.0,-2.0,0.6,5.8,0.4,14.42108077976435,-8.275004884686092
2026-04-11,G13RRJVB2NE,Boston United 13 Select - Brittany,G13LDNER2NE,Lockdown VBC 13 Sparrows,G13,True,10.0,2.0,0.8,10.0,1.0,0.838050450963129,-9.457394794493418
2026-04-11,G13RRJVB2NE,Boston United 13 Select - Brittany,G13NEVBC3NE,Northeast 13 Blue,G13,True,15.0,2.0,0.8,7.4,1.0,-13.108685735401952,-5.330741371816308
2026-04-12,G13RRJVB2NE,Boston United 13 Select - Brittany,G13TTVBC1NE,SLAM 13P Black,G13,True,6.0,2.0,0.8,6.2,1.2,2.425901725551011,-0.310604146762266
2026-04-12,G13RRJVB2NE,Boston United 13 Select - Brittany,G13CMJVB1NE,CMASS EDGE 13 Blue,G13,False,-19.0,-2.0,0.6,-1.6,0.4,22.310983707839547,5.377466185743218
2026-01-24,G13RRJVB3NE,Boston United 13 Select - Gil,G13MGJVB6NE,MGA 13's White,G13,True,25.0,2.0,1.0,25.0,2.0,-37.925776997957406,-37.925776997957406
2026-01-24,G13RRJVB3NE,Boston United 13 Select - Gil,G13TTVBC6NE,SLAM 13R Crimson,G13,True,9.0,2.0,1.0,17.0,2.0,-14.372361452769312,-26.14906922536336
2026-01-24,G13RRJVB3NE,Boston United 13 Select - Gil,G13113231XX,EliteZ 13 GIRLS HP BLACK,G13,False,-10.0,-1.0,0.6666666666666666,8.0,1.0,1.9728425907633458,-16.77509861998779
2026-02-21,G13RRJVB3NE,Boston United 13 Select - Gil,G13MGJVB5NE,MGA 13's Black,G13,True,19.0,2.0,0.75,10.75,1.25,-31.86562259513576,-20.547729613774784
2026-02-21,G13RRJVB3NE,Boston United 13 Select - Gil,G13AVVBC2NE,Avidity 13 Jade,G13,True,15.0,2.0,0.8,11.6,1.4,-20.36417577777852,-20.51101884657553
2026-02-21,G13RRJVB3NE,Boston United 13 Select - Gil,G13HEVBA1NE,HEVBA 13 1,G13,False,-13.0,-2.0,0.6,4.0,0.6,-1.0643398503990404,-13.13873141706386
2026-03-21,G13RRJVB3NE,Boston United 13 Select - Gil,G13EYNER1NE,ENVY 13 HEATWAVE,G13,True,12.0,1.0,0.6,4.6,0.4,-13.996031382164418,-13.063465402942878
2026-03-21,G13RRJVB3NE,Boston United 13 Select - Gil,G13LHVBA2GE,LHVA 13 Black Travel,G13,True,24.0,2.0,0.8,11.4,1.0,-27.490754852843832,-18.956184891664314
2026-03-21,G13RRJVB3NE,Boston United 13 Select - Gil,G13TTVBC3NE,SLAM 13R White,G13,True,10.0,1.0,0.8,9.6,0.8,-11.267392145284894,-14.836538801694141
2026-03-22,G13RRJVB3NE,Boston United 13 Select - Gil,G13CSJVB2NE,CT STARS 13s Gabby,G13,False,-5.0,-1.0,0.6,5.6,0.2,-3.410045900679062,-11.44571282627425
2026-03-22,G13RRJVB3NE,Boston United 13 Select - Gil,G13LDNER3NE,Lockdown VBC 13 Robins,G13,True,11.0,2.0,0.8,10.4,1.0,-12.30442521416667,-13.693729899027776
2026-04-11,G13RRJVB3NE,Boston United 13 Select - Gil,G13MGJVB4NE,MGA 13's Stripes,G13,False,-15.0,-2.0,0.6,5.0,0.4,-7.237625968472475,-12.342048816289386
2026-04-11,G13RRJVB3NE,Boston United 13 Select - Gil,G13CMJVB1NE,CMASS EDGE 13 Blue,G13,False,-28.0,-2.0,0.4,-5.4,-0.4,22.310983707839547,-2.38170110415271
2026-04-12,G13RRJVB3NE,Boston United 13 Select - Gil,G13LDNER3NE,Lockdown VBC 13 Robins,G13,True,7.0,1.0,0.4,-6.0,-0.4,-12.30442521416667,-2.5891077179290662
2026-04-12,G13RRJVB3NE,Boston United 13 Select - Gil,G13NEVBC3NE,Northeast 13 Blue,G13,True,16.0,1.0,0.6,-1.8,0.0,-13.108685735401952,-4.528835684873644
2026-01-24,G13RRJVB4NE,Boston United 13 Sapphire,G13CMJVB2NE,CMASS EDGE 13 White,G13,False,-21.0,-2.0,0.0,-21.0,-2.0,-5.211346105138547,-5.211346105138547
2026-01-24,G13RRJVB4NE,Boston United 13 Sapphire,G13TTVBC3NE,SLAM 13R White,G13,False,-6.0,-2.0,0.0,-13.5,-2.0,-11.267392145284894,-8.23936912521172
2026-01-24,G13RRJVB4NE,Boston United 13 Sapphire,G13MAPVB3NE,Mass Power VB 13 Pink,G13,True,24.0,2.0,0.3333333333333333,-1.0,-0.6666666666666666,-35.64949453971166,-17.3760775967117
2026-02-21,G13RRJVB4NE,Boston United 13 Sapphire,G13TTVBC3NE,SLAM 13R White,G13,False,-4.0,-1.0,0.25,-1.75,-0.75,-11.267392145284894,-15.848906233854999
2026-02-21,G13RRJVB4NE,Boston United 13 Sapphire,G13LDNER3NE,Lockdown VBC 13 Robins,G13,False,-18.0,-2.0,0.2,-5.0,-1.0,-12.30442521416667,-15.140010029917335
2026-02-21,G13RRJVB4NE,Boston United 13 Sapphire,G13TCJVB1NE,Nova 13 Premier Cas,G13,True,9.0,2.0,0.4,1.0,-0.2,-13.234972230628271,-16.74473525501528
2026-03-21,G13RRJVB4NE,Boston United 13 Sapphire,G13PROVA3GE,Prodigy 13.3 Club,G13,True,11.0,1.0,0.6,4.4,0.4,-26.847811203642255,-19.86081906668675
2026-03-21,G13RRJVB4NE,Boston United 13 Sapphire,G13TTVBC4NE,SLAM 13R Grey,G13,True,13.0,2.0,0.6,2.2,0.4,-38.01185848809126,-20.33329185636267
2026-03-21,G13RRJVB4NE,Boston United 13 Sapphire,G13NEVBC3NE,Northeast 13 Blue,G13,False,2.0,-1.0,0.6,3.4,0.4,-13.108685735401952,-20.701550574386083
2026-03-22,G13RRJVB4NE,Boston United 13 Sapphire,G13PROVA2GE,Prodigy 13.2 Club,G13,False,-27.0,-2.0,0.6,1.6,0.4,-3.278157835177831,-18.896297098588313
2026-03-22,G13RRJVB4NE,Boston United 13 Sapphire,G13PROVA3GE,Prodigy 13.3 Club,G13,True,5.0,1.0,0.6,0.8,0.2,-26.847811203642255,-21.618864893191112
2026-04-11,G13RRJVB4NE,Boston United 13 Sapphire,G13MGJVB3NE,MGA 13's Stars,G13,False,-9.0,-1.0,0.4,-3.2,-0.2,-1.6896774104984225,-16.587238134562345
2026-04-11,G13RRJVB4NE,Boston United 13 Sapphire,G13TTVBC1NE,SLAM 13P Black,G13,False,-11.0,-2.0,0.2,-8.0,-1.0,2.425901725551011,-8.49968609183389
2026-04-11,G13RRJVB4NE,Boston United 13 Sapphire,G13LDNER3NE,Lockdown VBC 13 Robins,G13,True,-5.0,1.0,0.4,-9.4,-0.6,-12.30442521416667,-8.338833987586833
2026-04-12,G13RRJVB4NE,Boston United 13 Sapphire,G13LDNER2NE,Lockdown VBC 13 Sparrows,G13,False,-18.0,-2.0,0.4,-7.6,-0.6,0.838050450963129,-7.515592330358642
2026-01-24,G13RRJVB5NE,Boston United 13 Steel,G13113232XX,EliteZ 13 GIRLS CARBON,G13,True,6.0,2.0,1.0,6.0,2.0,-34.403332319188166,-34.403332319188166
2026-01-24,G13RRJVB5NE,Boston United 13 Steel,G13MNJVB1NE,Maine Jrs 13 Silver,G13,False,-25.0,-2.0,0.5,-9.5,0.0,-9.249535721722404,-21.826434020455284
2026-01-24,G13RRJVB5NE,Boston United 13 Steel,G13AVVBC2NE,Avidity 13 Jade,G13,False,-11.0,-2.0,0.3333333333333333,-10.0,-0.6666666666666666,-20.36417577777852,-21.339014606229696
2026-02-21,G13RRJVB5NE,Boston United 13 Steel,G13CMJVB2NE,CMASS EDGE 13 White,G13,False,-14.0,-2.0,0.25,-11.0,-1.0,-5.211346105138547,-17.30709748095691
2026-02-21,G13RRJVB5NE,Boston United 13 Steel,G13NSJVB1NE,NH Seacoast 13 National,G13,False,-30.0,-2.0,0.2,-14.8,-1.2,-10.450053369120091,-15.935688658589545
2026-02-21,G13RRJVB5NE,Boston United 13 Steel,G13GAJVB2NE,Gators 13 Green,G13,True,16.0,2.0,0.2,-12.8,-1.2,-28.487881410091543,-14.75259847677022
2026-03-21,G13RRJVB5NE,Boston United 13 Steel,G13LHVBC2NE,LHV Girls 13-2 Novas,G13,False,-33.0,-2.0,0.2,-14.4,-1.2,-5.96398942949874,-14.095489218325486
2026-03-21,G13RRJVB5NE,Boston United 13 Steel,G13113232XX,EliteZ 13 GIRLS CARBON,G13,True,-5.0,1.0,0.4,-13.2,-0.6,-34.403332319188166,-16.903320526607416
2026-03-21,G13RRJVB5NE,Boston United 13 Steel,G13TTVBC6NE,SLAM 13R Crimson,G13,False,-26.0,-2.0,0.4,-15.6,-0.6,-14.372361452769312,-18.73552359613357
2026-03-22,G13RRJVB5NE,Boston United 13 Steel,G13TTVBC4NE,SLAM 13R Grey,G13,True,14.0,2.0,0.6,-6.8,0.2,-38.01185848809126,-24.247884619927806
2026-03-22,G13RRJVB5NE,Boston United 13 Steel,G13TTVBC5NE,SLAM 13R Silver,G13,True,2.0,1.0,0.6,-9.6,0.0,-29.749757696932868,-24.50025987729607
2026-04-11,G13RRJVB5NE,Boston United 13 Steel,G13CMJVB1NE,CMASS EDGE 13 Blue,G13,False,-34.0,-2.0,0.6,-9.8,0.0,22.310983707839547,-18.84526524982841
2026-04-11,G13RRJVB5NE,Boston United 13 Steel,G13MGJVB4NE,MGA 13's Stripes,G13,False,-22.0,-2.0,0.4,-13.2,-0.6,-7.237625968472475,-13.412123979685273
2026-04-12,G13RRJVB5NE,Boston United 13 Steel,G13CMJVB2NE,CMASS EDGE 13 White,G13,False,-20.0,-2.0,0.4,-12.0,-0.6,-5.211346105138547,-11.579920910159121
2026-01-10,G14RRJVB1NE,Boston United 14 National,G14TTVBC2NE,SLAM 14P Red,G14,True,28.0,2.0,1.0,28.0,2.0,-6.5235312308992786,-6.5235312308992786
2026-01-10,G14RRJVB1NE,Boston United 14 National,G14119501XX,Traprock 14 1,G14,True,36.0,2.0,1.0,32.0,2.0,-37.87037785865422,-22.19695454477675
2026-01-10,G14RRJVB1NE,Boston United 14 National,G14LHVBA2GE,LHVA 14 Black Travel,G14,True,16.0,2.0,1.0,26.666666666666668,2.0,-1.4268353821908484,-15.27358149058145
2026-01-11,G14RRJVB1NE,Boston United 14 National,G14VVVBC1NE,Vibe Girls 14u Joey,G14,True,23.0,2.0,1.0,25.75,2.0,-15.32854220053856,-15.287321668070728
2026-01-11,G14RRJVB1NE,Boston United 14 National,G14TTVBC1NE,SLAM 14P Black,G14,False,2.0,-1.0,0.8,21.0,1.4,16.544009780241275,-8.921055378408328
2026-02-06,G14RRJVB1NE,Boston United 14 National,G14LCVBC1GE,Legacy 14 National,G14,False,-16.0,-2.0,0.6,12.2,0.6,23.766952825579374,-2.8629585671125968
2026-02-06,G14RRJVB1NE,Boston United 14 National,G14SPAVB1XL,Spa City 14 Aqua,G14,False,-14.0,-2.0,0.4,2.2,-0.2,20.505228323304124,8.812162669279072
2026-02-06,G14RRJVB1NE,Boston United 14 National,G14NYCVA1GE,NYC VBA 14 Chelsea,G14,True,2.0,1.0,0.4,-0.6,-0.4,15.857834984582311,12.269096742633703
2026-02-07,G14RRJVB1NE,Boston United 14 National,G14NSJVB1NE,NH Seacoast 14 Premier,G14,True,20.0,2.0,0.4,-1.2,-0.4,3.290627548150592,15.992930692371536
2026-02-07,G14RRJVB1NE,Boston United 14 National,G14NYCJR1GE,NYC Juniors 14 National,G14,False,-34.0,-2.0,0.4,-8.4,-0.6,39.02678690461647,20.489486117246578
2026-02-07,G14RRJVB1NE,Boston United 14 National,G14FGSVA1FL,Gulfside 14U Prime,G14,False,-28.0,-2.0,0.4,-10.8,-0.6,45.4533479005172,24.82676513223414
2026-02-08,G14RRJVB1NE,Boston United 14 National,G14NYCVA1GE,NYC VBA 14 Chelsea,G14,False,-12.0,-2.0,0.4,-10.4,-0.6,15.857834984582311,23.897286464489774
2026-02-21,G14RRJVB1NE,Boston United 14 National,G14DDVBC4NE,Dig Deep 14 Stars,G14,False,-15.0,-2.0,0.2,-13.8,-1.2,12.985671262360054,23.322853720045327
2026-02-21,G14RRJVB1NE,Boston United 14 National,G14BVJVB1NE,Blast 14U Jungle Cats,G14,True,17.0,2.0,0.2,-14.4,-1.2,-27.97241379310475,17.070245451794257
2026-02-21,G14RRJVB1NE,Boston United 14 National,G14LFJVB1NE,603 United 14 Seacoast Black,G14,True,6.0,1.0,0.4,-6.4,-0.6,14.250972864800513,12.115082643831068
2026-04-11,G14RRJVB1NE,Boston United 14 National,G14AVVBC1NE,Avidity 14 Ruby,G14,True,5.0,2.0,0.6,0.2,0.2,4.2998336295384405,3.8843797896353154
2026-04-11,G14RRJVB1NE,Boston United 14 National,G14SSVBC1NE,SSVBC 14 1,G14,True,22.0,2.0,0.8,7.0,1.0,-1.51858341620806,0.40909610947724095
2026-04-11,G14RRJVB1NE,Boston United 14 National,G14DDVBC4NE,Dig Deep 14 Stars,G14,False,-7.0,-2.0,0.8,8.6,1.0,12.985671262360054,0.40909610947724107
2026-04-12,G14RRJVB1NE,Boston United 14 National,G14LDNER2NE,Lockdown VBC 14 Orioles,G14,False,-7.0,-1.0,0.6,3.8,0.4,17.385021205134933,9.480583109125178
2026-04-12,G14RRJVB1NE,Boston United 14 National,G14DDVBC4NE,Dig Deep 14 Stars,G14,True,11.0,2.0,0.6,4.8,0.6,12.985671262360054,9.227522788637085
2026-04-25,G14RRJVB1NE,Boston United 14 National,G14BVJVB1NE,Blast 14U Jungle Cats,G14,False,0.0,-1.0,0.4,3.8,0.0,-27.97241379310475,2.773073304108447
2026-04-25,G14RRJVB1NE,Boston United 14 National,G14HKJVB3NE,Husky 14 New England Red,G14,False,1.0,-1.0,0.2,-0.4,-0.6,6.944149294560592,4.465619846262178
2026-04-25,G14RRJVB1NE,Boston United 14 National,G14MCJVB1NE,Mill City 14's,G14,True,15.0,2.0,0.4,4.0,0.2,19.828354518582447,5.834156497506656
2026-04-26,G14RRJVB1NE,Boston United 14 National,G14BVJVB1NE,Blast 14U Jungle Cats,G14,True,19.0,2.0,0.6,9.2,0.8,-27.97241379310475,-3.2373305021412797
2026-04-26,G14RRJVB1NE,Boston United 14 National,G14HKJVB2NE,Husky 14 Northeast,G14,True,11.0,2.0,0.6,9.2,0.8,14.393793038707496,-2.9557061468717913
2026-01-10,G14RRJVB2NE,Boston United 14 Northeast,G14SURGE1GE,LI Surge 14 Premier Blue,G14,True,2.0,1.0,1.0,2.0,1.0,-0.4551125650067822,-0.4551125650067822
2026-01-10,G14RRJVB2NE,Boston United 14 Northeast,G14VVVBC1NE,Vibe Girls 14u Joey,G14,False,6.0,-1.0,0.5,4.0,0.0,-15.32854220053856,-7.8918273827726715
2026-01-10,G14RRJVB2NE,Boston United 14 Northeast,G14EYNER3NE,ENVY 14 GEOSTORM,G14,True,28.0,2.0,0.6666666666666666,12.0,0.6666666666666666,-28.374574068001888,-14.719409611182408
2026-01-11,G14RRJVB2NE,Boston United 14 Northeast,G14TTVBC1NE,SLAM 14P Black,G14,False,-16.0,-2.0,0.5,5.0,0.0,16.544009780241275,-6.903554763326489
2026-01-11,G14RRJVB2NE,Boston United 14 Northeast,G14VVVBC1NE,Vibe Girls 14u Joey,G14,True,17.0,1.0,0.6,7.4,0.2,-15.32854220053856,-8.588552250768902
2026-01-24,G14RRJVB2NE,Boston United 14 Northeast,G14MCJVB2NE,Mill City 14 Orange,G14,False,-12.0,-2.0,0.4,4.6,-0.4,3.568061986827267,-7.783917340402094
2026-01-24,G14RRJVB2NE,Boston United 14 Northeast,G14MIVBC2NE,Mass Impact 14 Lara,G14,True,28.0,2.0,0.6,9.0,0.2,-12.428571428571459,-7.203923186008673
2026-01-24,G14RRJVB2NE,Boston United 14 Northeast,G14MAJVB2NE,Mass Premier 14 1 White,G14,True,17.0,2.0,0.6,6.8,0.2,-0.9878165478412946,-1.7265716819765544
2026-02-21,G14RRJVB2NE,Boston United 14 Northeast,G14MNJVB1NE,Maine Jrs 14-Gold,G14,False,-34.0,-2.0,0.6,3.2,0.2,21.043389903153248,-0.8266956573941598
2026-02-21,G14RRJVB2NE,Boston United 14 Northeast,G14LDNER3NE,Lockdown VBC 14 Herons,G14,False,-7.0,-1.0,0.4,-1.6,-0.2,4.103934772060833,3.0597997371257186
2026-02-21,G14RRJVB2NE,Boston United 14 Northeast,G14AVVBC2NE,Avidity 14 Jade,G14,False,-12.0,-1.0,0.4,-1.6,0.0,-6.067782807781092,1.132630778204047
2026-03-21,G14RRJVB2NE,Boston United 14 Northeast,G14MIVBC1NE,Mass Impact 14 Sam,G14,True,20.0,2.0,0.4,-3.2,0.0,-23.582791806250427,-1.0982132973317462
2026-03-21,G14RRJVB2NE,Boston United 14 Northeast,G14TTVBC2NE,SLAM 14P Red,G14,False,-7.0,-2.0,0.2,-8.0,-0.8,-6.5235312308992786,-2.2053562339433435
2026-03-21,G14RRJVB2NE,Boston United 14 Northeast,G14LFJVB2NE,603 United 14 Seacoast White,G14,False,-18.0,-2.0,0.2,-4.8,-0.8,17.603563446999274,-2.8933215251741387
2026-03-22,G14RRJVB2NE,Boston United 14 Northeast,G14LFJVB2NE,603 United 14 Seacoast White,G14,False,-18.0,-2.0,0.2,-7.0,-1.0,17.603563446999274,-0.19339579018644953
2026-03-22,G14RRJVB2NE,Boston United 14 Northeast,G14SJVBC2NE,South County 14-Gold,G14,False,-15.0,-2.0,0.2,-7.6,-1.2,4.6943388974369515,1.959028550857159
2026-04-11,G14RRJVB2NE,Boston United 14 Northeast,G14119131XX,Millbury Storm 14,G14,True,10.0,1.0,0.2,-9.6,-1.4,-5.22308629856431,5.6309696523943815
2026-04-11,G14RRJVB2NE,Boston United 14 Northeast,G14CMJVB3NE,CMASS EDGE 14 White,G14,False,-14.0,-2.0,0.2,-11.0,-1.4,-3.4567166234805766,6.244332573878123
2026-04-11,G14RRJVB2NE,Boston United 14 Northeast,G14MGJVB5NE,MGA 14's Stars,G14,False,-4.0,-2.0,0.2,-8.2,-1.4,-5.195886065993843,1.684442671279499
2026-04-12,G14RRJVB2NE,Boston United 14 Northeast,G14TTVBC2NE,SLAM 14P Red,G14,True,6.0,1.0,0.4,-3.4,-0.8,-6.5235312308992786,-3.1409762643002117
2026-01-24,G14RRJVB3NE,Boston United 14 Select - Aria,G14GAJVB3NE,Gators 14 White,G14,True,20.0,1.0,1.0,20.0,1.0,-14.800000000000104,-14.800000000000104
2026-01-24,G14RRJVB3NE,Boston United 14 Select - Aria,G14TTVBC7NE,SLAM 14R Cobalt,G14,True,40.0,2.0,1.0,30.0,1.5,-42.723591730110016,-28.76179586505506
2026-01-24,G14RRJVB3NE,Boston United 14 Select - Aria,G14MAPVB3NE,Mass Power VB 14 Pink,G14,True,34.0,2.0,1.0,31.333333333333332,1.6666666666666667,-26.987172296255764,-28.170254675455293
2026-02-21,G14RRJVB3NE,Boston United 14 Select - Aria,G14CMJVB3NE,CMASS EDGE 14 White,G14,False,0.0,-1.0,0.75,23.5,1.0,-3.4567166234805766,-21.991870162461616
2026-02-21,G14RRJVB3NE,Boston United 14 Select - Aria,G14MIVBC1NE,Mass Impact 14 Sam,G14,True,20.0,2.0,0.8,22.8,1.2,-23.582791806250427,-22.31005449121938
2026-02-21,G14RRJVB3NE,Boston United 14 Select - Aria,G14MAJVB2NE,Mass Premier 14 1 White,G14,False,-6.0,-2.0,0.6,17.6,0.6,-0.9878165478412946,-19.547617800787613
2026-03-21,G14RRJVB3NE,Boston United 14 Select - Aria,G14NEVBC4NE,Northeast 14 Orange,G14,False,-1.0,-1.0,0.4,9.4,0.0,3.6005088819874764,-10.282797678368118
2026-03-21,G14RRJVB3NE,Boston United 14 Select - Aria,G14MGJVB1NE,MGA 14's Gold,G14,False,-24.0,-2.0,0.2,-2.2,-0.8,9.819235674150026,-2.921516084286959
2026-03-21,G14RRJVB3NE,Boston United 14 Select - Aria,G14112721XX,X2 Volleyball 14 1,G14,True,10.0,2.0,0.4,-0.2,-0.2,-1.4285714285714262,-2.515887045305129
2026-03-22,G14RRJVB3NE,Boston United 14 Select - Aria,G14LEGIO2XL,TeamLVC 14 Pink,G14,False,-14.0,-2.0,0.2,-7.0,-1.0,-3.4210526315805097,1.5164607896288544
2026-03-22,G14RRJVB3NE,Boston United 14 Select - Aria,G14113232XX,EliteZ 14 GIRLS CARBON,G14,True,16.0,2.0,0.4,-2.6,-0.2,-15.63372474459535,-1.4127208497219566
2026-04-11,G14RRJVB3NE,Boston United 14 Select - Aria,G14NEVBC3NE,Northeast 14 Blue,G14,False,-24.0,-2.0,0.4,-7.2,-0.4,12.379014908036686,0.3429803554878852
2026-04-11,G14RRJVB3NE,Boston United 14 Select - Aria,G14AVVBC2NE,Avidity 14 Jade,G14,True,16.0,2.0,0.6,0.8,0.4,-6.067782807781092,-2.8344233408983386
2026-04-11,G14RRJVB3NE,Boston United 14 Select - Aria,G14DRVBC2NE,Dragons 14 Gabby,G14,True,26.0,2.0,0.6,4.0,0.4,-36.51265247286762,-9.851239549757576
2026-04-12,G14RRJVB3NE,Boston United 14 Select - Aria,G14NEVBC4NE,Northeast 14 Orange,G14,False,-12.0,-2.0,0.6,4.4,0.4,3.6005088819874764,-8.446927247043982
2026-04-12,G14RRJVB3NE,Boston United 14 Select - Aria,G14119131XX,Millbury Storm 14,G14,False,-2.0,-1.0,0.4,0.8,-0.2,-5.22308629856431,-6.364799557837773
2026-01-24,G14RRJVB4NE,Boston United 14 Select - Mollie,G14TTVBC3NE,SLAM 14R White,G14,True,12.0,2.0,1.0,12.0,2.0,-15.24094080871962,-15.24094080871962
2026-01-24,G14RRJVB4NE,Boston United 14 Select - Mollie,G14MGJVB7NE,MGA 14's Black,G14,True,35.0,2.0,1.0,23.5,2.0,-32.66715680735345,-23.954048808036536
2026-01-24,G14RRJVB4NE,Boston United 14 Select - Mollie,G14LFJVB3NE,603 United 14 Seacoast Blue,G14,False,-10.0,-1.0,0.6666666666666666,12.333333333333334,1.0,10.69999999999996,-12.402699205357704
2026-02-21,G14RRJVB4NE,Boston United 14 Select - Mollie,G14MAJVB3NE,Mass Premier 14 2 Blue,G14,False,-13.0,-2.0,0.5,6.0,0.25,34.74999999999981,-0.6145244040183258
2026-02-21,G14RRJVB4NE,Boston United 14 Select - Mollie,G14MIVBC2NE,Mass Impact 14 Lara,G14,False,-13.0,-1.0,0.4,2.2,0.0,-12.428571428571459,-2.9773338089289525
2026-02-21,G14RRJVB4NE,Boston United 14 Select - Mollie,G14112721XX,X2 Volleyball 14 1,G14,False,-8.0,-1.0,0.2,-1.8,-0.6,-1.4285714285714262,-0.21485993289931377
2026-03-21,G14RRJVB4NE,Boston United 14 Select - Mollie,G14TTVBC8NE,SLAM 14R Platinum,G14,True,21.0,2.0,0.2,-4.6,-0.6,-24.250000000000263,1.4685714285713238
2026-03-21,G14RRJVB4NE,Boston United 14 Select - Mollie,G14PROVA4GE,Prodigy 14.4 Club,G14,True,16.0,2.0,0.4,0.6,0.0,-19.036195581145954,-4.478667687657859
2026-03-21,G14RRJVB4NE,Boston United 14 Select - Mollie,G14TTVBC5NE,SLAM 14R Silver,G14,True,20.0,2.0,0.6,7.2,0.8,-31.755219409204543,-17.77971156949873
2026-03-22,G14RRJVB4NE,Boston United 14 Select - Mollie,G14LHVBC4NE,LHV Girls 14-4 Triumph,G14,True,8.0,1.0,0.8,11.4,1.2,-6.835558051804224,-16.661108894145283
2026-03-22,G14RRJVB4NE,Boston United 14 Select - Mollie,G14PROVA4GE,Prodigy 14.4 Club,G14,True,15.0,2.0,1.0,16.0,1.8,-19.036195581145954,-20.182633724660185
2026-04-11,G14RRJVB4NE,Boston United 14 Select - Sophia,G14LDNER3NE,Lockdown VBC 14 Herons,G14,False,-18.0,-2.0,0.8,8.2,1.0,4.103934772060833,-14.511846770247967
2026-04-11,G14RRJVB4NE,Boston United 14 Select - Sophia,G14NEVBC4NE,Northeast 14 Orange,G14,False,-16.0,-2.0,0.6,1.8,0.2,3.6005088819874764,-9.984505877621283
2026-04-11,G14RRJVB4NE,Boston United 14 Select - Sophia,G14TTVBC2NE,SLAM 14P Red,G14,False,-14.0,-1.0,0.4,-5.0,-0.4,-6.5235312308992786,-4.938168241960229
2026-04-12,G14RRJVB4NE,Boston United 14 Select - Sophia,G14DRVBC2NE,Dragons 14 Gabby,G14,True,25.0,2.0,0.4,-1.6,-0.2,-36.51265247286762,-10.873587126172907
2026-01-24,G14RRJVB5NE,Boston United 14 Sapphire,G14LFJVB4NE,603 United 14 Central Blue,G14,False,-6.0,-2.0,0.0,-6.0,-2.0,-4.3000000000000576,-4.3000000000000576
2026-01-24,G14RRJVB5NE,Boston United 14 Sapphire,G14MAJVB5NE,Mass Premier 14 2 Gold,G14,False,-6.0,-1.0,0.0,-6.0,-1.5,-12.420402861019255,-8.360201430509656
2026-01-24,G14RRJVB5NE,Boston United 14 Sapphire,G14TTVBC4NE,SLAM 14R Grey,G14,True,29.0,2.0,0.3333333333333333,5.666666666666667,-0.3333333333333333,-30.18008774760063,-15.633496869539982
2026-02-21,G14RRJVB5NE,Boston United 14 Sapphire,G13BVJVB1NE,Blast 13U Dragons,MIXED,False,-7.0,-2.0,0.25,2.5,-0.75,6.749999999999759,-10.037622652155045
2026-02-21,G14RRJVB5NE,Boston United 14 Sapphire,G14IGVBC2NE,Ignite 14 Red,G14,True,20.0,1.0,0.4,6.0,-0.4,6.249999999999671,-6.780098121724103
2026-02-21,G14RRJVB5NE,Boston United 14 Sapphire,G14TTVBC8NE,SLAM 14R Platinum,G14,True,27.0,2.0,0.6,12.6,0.4,-24.250000000000263,-10.770098121724143
2026-03-21,G14RRJVB5NE,Boston United 14 Sapphire,G14DRVBC2NE,Dragons 14 Gabby,G14,True,32.0,2.0,0.8,20.2,1.0,-36.51265247286762,-15.588548044093818
2026-03-21,G14RRJVB5NE,Boston United 14 Sapphire,G14MIVBC2NE,Mass Impact 14 Lara,G14,False,-9.0,-2.0,0.6,12.6,0.2,-12.428571428571459,-12.038244780287982
2026-03-21,G14RRJVB5NE,Boston United 14 Sapphire,G14MAJVB3NE,Mass Premier 14 2 Blue,G14,False,-16.0,-2.0,0.6,10.8,0.2,34.74999999999981,-6.438244780287972
2026-03-22,G14RRJVB5NE,Boston United 14 Sapphire,G14CSJVB2NE,CT STARS 14s Chuk,G14,False,-11.0,-1.0,0.4,4.6,-0.2,-12.951160427567718,-10.278476865801451
2026-03-22,G14RRJVB5NE,Boston United 14 Sapphire,G14HRJVB2NE,HardRock 13/14,G14,True,-7.0,1.0,0.4,-2.2,-0.4,-25.904239007416578,-10.609324667284714
2026-04-11,G14RRJVB5NE,Boston United 14 Sapphire,G14117755XX,ValleyVBC White,G14,True,11.0,2.0,0.4,-6.4,-0.4,-28.38924189713499,-8.984642552138187
2026-04-11,G14RRJVB5NE,Boston United 14 Sapphire,G14112721XX,X2 Volleyball 14 1,G14,False,-5.0,-1.0,0.4,-5.6,-0.2,-1.4285714285714262,-6.78464255213818
2026-04-11,G14RRJVB5NE,Boston United 14 Sapphire,G14MIVBC1NE,Mass Impact 14 Sam,G14,True,14.0,1.0,0.6,0.4,0.4,-23.582791806250427,-18.451200913388227
2026-04-12,G14RRJVB5NE,Boston United 14 Sapphire,G14MGJVB6NE,MGA 14's Stripes,G14,False,-24.0,-2.0,0.6,-2.2,0.2,-0.42857142857143193,-15.94668311358897
2026-04-12,G14RRJVB5NE,Boston United 14 Sapphire,G14PVJVB3NE,PV 14 Pink Panthers,G14,False,-12.0,-1.0,0.4,-3.2,-0.2,22.57142857142859,-6.2515495978199365
2026-01-24,G14RRJVB6NE,Boston United 14 Steel,G14TTVBC5NE,SLAM 14R Silver,G14,True,25.0,2.0,1.0,25.0,2.0,-31.755219409204543,-31.755219409204543
2026-01-24,G14RRJVB6NE,Boston United 14 Steel,G14BVJVB2NE,Blast 14U Raptors,G14,False,-13.0,-1.0,0.5,6.0,0.5,-12.459441145182277,-22.10733027719341
2026-01-24,G14RRJVB6NE,Boston United 14 Steel,G14113233XX,EliteZ 14 GIRLS SILVER,G14,True,18.0,2.0,0.6666666666666666,10.0,1.0,-30.389016102333716,-24.867892218906846
2026-02-21,G14RRJVB6NE,Boston United 14 Steel,G14MGJVB7NE,MGA 14's Black,G14,True,17.0,2.0,0.75,11.75,1.25,-32.66715680735345,-26.817708366018497
2026-02-21,G14RRJVB6NE,Boston United 14 Steel,G14HRJVB1NE,HardRock 14,G14,False,-28.0,-2.0,0.6,3.8,0.6,14.349559837989133,-18.584254725216972
2026-02-21,G14RRJVB6NE,Boston United 14 Steel,G14TTVBC3NE,SLAM 14R White,G14,True,5.0,2.0,0.6,-0.2,0.6,-15.24094080871962,-15.281399005119985
2026-03-21,G14RRJVB6NE,Boston United 14 Steel,G14SJVBC4NE,South County 14-Black,G14,False,-14.0,-1.0,0.6,-0.4,0.6,-19.82816452166687,-16.755143680416904
2026-03-21,G14RRJVB6NE,Boston United 14 Steel,G14TTVBC6NE,SLAM 14R Crimson,G14,True,14.0,2.0,0.6,-1.2,0.6,-23.25000000000015,-15.327340459950193
2026-03-21,G14RRJVB6NE,Boston United 14 Steel,G14MAJVB5NE,Mass Premier 14 2 Gold,G14,True,6.0,1.0,0.6,-3.4,0.4,-12.420402861019255,-11.277989670683352
2026-03-22,G14RRJVB6NE,Boston United 14 Steel,G14PVJVB4NE,PV 14 Select North,G14,False,-30.0,-2.0,0.6,-3.8,0.4,-8.428571428571436,-15.833615923995463
2026-03-22,G14RRJVB6NE,Boston United 14 Steel,G14113233XX,EliteZ 14 GIRLS SILVER,G14,True,17.0,2.0,0.6,-1.4,0.4,-30.389016102333716,-18.863230982718285
2026-04-11,G14RRJVB6NE,Boston United 14 Steel,G13FVNER1NE,Fusion 13 Sparks,MIXED,False,-11.0,-1.0,0.6,-0.8,0.4,5.571428571428566,-13.783312364099197
2026-04-11,G14RRJVB6NE,Boston United 14 Steel,G14MIVBC2NE,Mass Impact 14 Lara,G14,True,17.0,2.0,0.6,-0.2,0.4,-12.428571428571459,-11.61902664981346
2026-04-11,G14RRJVB6NE,Boston United 14 Steel,G14PVJVB3NE,PV 14 Pink Panthers,G14,False,-18.0,-2.0,0.4,-5.0,-0.2,22.57142857142859,-4.620660363323891
2026-04-12,G14RRJVB6NE,Boston United 14 Steel,G14PVJVB4NE,PV 14 Select North,G14,False,-27.0,-2.0,0.4,-4.4,-0.2,-8.428571428571436,-4.620660363323891
2026-04-12,G14RRJVB6NE,Boston United 14 Steel,G14112721XX,X2 Volleyball 14 1,G14,True,5.0,1.0,0.4,-6.8,-0.4,-1.4285714285714262,1.1714285714285675
2026-01-24,G14RRJVB7NE,Boston United 14 Titanium,G14TTVBC8NE,SLAM 14R Platinum,G14,False,-8.0,-2.0,0.0,-8.0,-2.0,-24.250000000000263,-24.250000000000263
2026-01-24,G14RRJVB7NE,Boston United 14 Titanium,G14HRJVB2NE,HardRock 13/14,G14,False,-10.0,-2.0,0.0,-9.0,-2.0,-25.904239007416578,-25.07711950370842
2026-01-24,G14RRJVB7NE,Boston United 14 Titanium,G14119131XX,Millbury Storm 14,G14,False,-32.0,-2.0,0.0,-16.666666666666668,-2.0,-5.22308629856431,-18.45910843532705
2026-01-24,G14RRJVB7NE,Boston United 14 Titanium,G14MAJVB4NE,Mass Premier 14 2 White,G14,False,-21.0,-2.0,0.0,-17.75,-2.0,-8.052041752081237,-15.857341764515597
2026-02-21,G14RRJVB7NE,Boston United 14 Titanium,G14MAPVB3NE,Mass Power VB 14 Pink,G14,True,4.0,2.0,0.2,-13.4,-1.2,-26.987172296255764,-18.08330787086363
2026-02-21,G14RRJVB7NE,Boston United 14 Titanium,G14MAJVB4NE,Mass Premier 14 2 White,G14,False,-18.0,-2.0,0.2,-15.4,-1.2,-8.052041752081237,-14.843716221279829
2026-02-21,G14RRJVB7NE,Boston United 14 Titanium,G14TTVBC4NE,SLAM 14R Grey,G14,True,11.0,1.0,0.4,-11.2,-0.6,-30.18008774760063,-15.698885969316638
2026-03-21,G14RRJVB7NE,Boston United 14 Titanium,G14PVJVB4NE,PV 14 Select North,G14,False,-26.0,-2.0,0.4,-10.0,-0.6,-8.428571428571436,-16.33998299531806
2026-03-21,G14RRJVB7NE,Boston United 14 Titanium,G14TTVBC7NE,SLAM 14R Cobalt,G14,True,10.0,2.0,0.6,-3.8,0.2,-42.723591730110016,-23.27429299092382
2026-03-21,G14RRJVB7NE,Boston United 14 Titanium,G14113233XX,EliteZ 14 GIRLS SILVER,G14,False,3.0,-1.0,0.4,-4.0,-0.4,-30.389016102333716,-23.95466175213941
2026-03-22,G14RRJVB7NE,Boston United 14 Titanium,G14TTVBC6NE,SLAM 14R Crimson,G14,False,5.0,-1.0,0.4,0.6,-0.2,-23.25000000000015,-26.99425340172319
2026-03-22,G14RRJVB7NE,Boston United 14 Titanium,G14TTVBC7NE,SLAM 14R Cobalt,G14,True,28.0,2.0,0.4,4.0,0.0,-42.723591730110016,-29.50295419822507
2026-04-11,G14RRJVB7NE,Boston United 14 Titanium,G14AVVBC3NE,Avidity 14 Emerald,G14,False,-5.0,-1.0,0.4,8.2,0.2,-28.995075057891448,-33.61625492408907
2026-04-11,G14RRJVB7NE,Boston United 14 Titanium,G14MGJVB6NE,MGA 14's Stripes,G14,False,-20.0,-1.0,0.2,2.2,-0.4,-0.42857142857143193,-25.157250863781353
2026-04-11,G14RRJVB7NE,Boston United 14 Titanium,G14PVJVB4NE,PV 14 Select North,G14,False,-10.0,-2.0,0.2,-0.4,-0.6,-8.428571428571436,-20.7651619290289
2026-04-12,G14RRJVB7NE,Boston United 14 Titanium,G14117755XX,ValleyVBC White,G14,True,13.0,2.0,0.4,1.2,0.0,-28.38924189713499,-21.793010308455866
2026-04-12,G14RRJVB7NE,Boston United 14 Titanium,G14AVVBC3NE,Avidity 14 Emerald,G14,True,1.0,1.0,0.4,-4.2,-0.2,-28.995075057891448,-19.04730697401215
2025-12-13,G15RRJVB1NE,Boston United 15 National,G15LHVBC2NE,LHV Girls 15-2 Ember,G15,True,10.0,2.0,1.0,10.0,2.0,12.724901343095995,12.724901343095995
2025-12-13,G15RRJVB1NE,Boston United 15 National,G15LFJVB1NE,603 United 15 Seacoast Black,G15,True,6.0,2.0,1.0,8.0,2.0,9.41642894986114,11.070665146478568
2025-12-13,G15RRJVB1NE,Boston United 15 National,G15AVVBC1NE,Avidity 15 Onyx,G15,True,22.0,2.0,1.0,12.666666666666666,2.0,13.059750675012125,11.733693655989754
2025-12-14,G15RRJVB1NE,Boston United 15 National,G15LDNER2NE,Lockdown VBC 15 Owls,G15,True,11.0,2.0,1.0,12.25,2.0,14.69930624474968,12.475096803179735
2025-12-14,G15RRJVB1NE,Boston United 15 National,G15SJJVB2NE,SMASH 15s Power,G15,True,6.0,1.0,1.0,11.0,1.8,28.71698382934876,15.72347420841354
2025-12-14,G15RRJVB1NE,Boston United 15 National,G15NEVBC2NE,Northeast 15.2,G15,True,2.0,1.0,1.0,9.4,1.6,39.22758620689731,21.0240111811738
2026-02-06,G15RRJVB1NE,Boston United 15 National,G15OCEAN1GE,Ocean Volleyball 15 National,G15,True,8.0,1.0,1.0,9.8,1.4,26.453230035259693,24.431371398253514
2026-02-06,G15RRJVB1NE,Boston United 15 National,G15SPAVB1XL,Spa City 15 Aqua,G15,True,10.0,2.0,1.0,7.4,1.4,20.83416202197634,25.986253667646356
2026-02-06,G15RRJVB1NE,Boston United 15 National,G15FGSVA1FL,Gulfside 15U Prime,G15,False,-25.0,-2.0,0.8,0.2,0.6,56.965439833623606,34.43948038542114
2026-02-07,G15RRJVB1NE,Boston United 15 National,G15GRVBC1NE,GVC 15-1,G15,True,19.0,2.0,0.8,2.8,0.8,18.968221857464872,32.48972799104437
2026-02-07,G15RRJVB1NE,Boston United 15 National,G15NEVBC1NE,Northeast 15.1,G15,False,-12.0,-1.0,0.6,0.0,0.4,45.01721878869794,33.64765450740449
2026-02-07,G15RRJVB1NE,Boston United 15 National,G15MCJVB1NE,Mill City 15's,G15,True,7.0,1.0,0.6,-0.2,0.4,23.709995705783143,33.099007641509175
2026-02-08,G15RRJVB1NE,Boston United 15 National,G15ROCKA1GE,RVT 15-1 Surf,G15,False,0.0,-1.0,0.4,-2.2,-0.2,32.287892874731796,35.38975381206027
2026-04-25,G15RRJVB1NE,Boston United 15 National,G15CJJVB1NE,CT Juniors 15 National,G15,True,11.0,2.0,0.6,5.0,0.6,26.26462075040906,29.24958999541736
2026-04-25,G15RRJVB1NE,Boston United 15 National,G15NEVBC1NE,Northeast 15.1,G15,False,-13.0,-1.0,0.4,-1.4,0.0,45.01721878869794,34.45938938166397
2026-04-25,G15RRJVB1NE,Boston United 15 National,G15SPAVB1XL,Spa City 15 Aqua,G15,True,6.0,1.0,0.6,2.2,0.4,20.83416202197634,29.622778028319658
2026-04-26,G15RRJVB1NE,Boston United 15 National,G15SJJVB1NE,SMASH 15s,G15,True,-9.0,1.0,0.6,-1.0,0.4,34.12499999999918,31.705778887162865
2026-04-26,G15RRJVB1NE,Boston United 15 National,G15LDNER1NE,Lockdown VBC 15 Cardinals,G15,False,-5.0,-2.0,0.6,-2.0,0.2,33.90473118163062,32.02914654854263
2025-12-13,G15RRJVB2NE,Boston United 15 Northeast,G15NEVBC3NE,Northeast 15 Blue,G15,False,-11.0,-2.0,0.0,-11.0,-2.0,11.370498382771,11.370498382771
2025-12-13,G15RRJVB2NE,Boston United 15 Northeast,G15SJJVB3NE,SMASH 15s Lava,G15,False,-27.0,-2.0,0.0,-19.0,-2.0,19.85721685205048,15.61385761741074
2025-12-13,G15RRJVB2NE,Boston United 15 Northeast,G15SPAVB2XL,Spa City 15 Coral,G15,True,13.0,2.0,0.3333333333333333,-8.333333333333334,-0.6666666666666666,-4.936216260240598,8.76383299152696
2025-12-14,G15RRJVB2NE,Boston United 15 Northeast,G15PVJVB1NE,PV 15 National,G15,True,9.0,2.0,0.5,-4.0,0.0,-5.614191746589386,5.169326806997875
2025-12-14,G15RRJVB2NE,Boston United 15 Northeast,G15LDNER3NE,Lockdown VBC 15 Ravens,G15,False,-24.0,-2.0,0.4,-8.0,-0.4,4.8064145914222625,5.096744363882752
2026-01-10,G15RRJVB2NE,Boston United 15 Northeast,G15EYNER4NE,ENVY 15 HAILSTORM,G15,True,25.0,2.0,0.6,-0.8,0.4,-21.19438336733194,-1.4162319861378365
2026-01-10,G15RRJVB2NE,Boston United 15 Northeast,G15BVJVB2NE,Blast 15 U Badgers,G15,True,13.0,2.0,0.8,7.2,1.2,-19.866636437132073,-9.361002643974349
2026-01-10,G15RRJVB2NE,Boston United 15 Northeast,G15HEVBA9NE,HEVBA 15 99,G15,False,-12.0,-2.0,0.6,2.2,0.4,-2.1971929939250594,-8.81319799071124
2026-01-11,G15RRJVB2NE,Boston United 15 Northeast,G15MGJVB1NE,MGA 15's South,G15,False,-4.0,-1.0,0.4,-0.4,-0.2,8.63317817521126,-5.96372400635111
2026-01-11,G15RRJVB2NE,Boston United 15 Northeast,G15MNJVB2NE,Maine Jrs 15 Gold,G15,True,5.0,1.0,0.6,5.4,0.4,3.2198451636168692,-6.281037891912189
2026-01-24,G15RRJVB2NE,Boston United 15 Northeast,G15MIVBC3NE,Mass Impact 15 Sarah,G15,True,29.0,2.0,0.6,6.2,0.4,-6.394732504646797,-3.32110771937516
2026-01-24,G15RRJVB2NE,Boston United 15 Northeast,G15NESVC1NE,NE Storm 15 Tempest,G15,True,6.0,2.0,0.6,4.8,0.4,-16.56301230459299,-2.660382892867344
2026-01-24,G15RRJVB2NE,Boston United 15 Northeast,G15MNJVB2NE,Maine Jrs 15 Gold,G15,True,1.0,1.0,0.8,7.4,1.0,3.2198451636168692,-1.576975261358958
2026-02-06,G15RRJVB2NE,Boston United 15 Northeast,G15NEVBC2NE,Northeast 15.2,G15,False,-9.0,-2.0,0.8,6.4,0.8,39.22758620689731,4.541906344978251
2026-02-06,G15RRJVB2NE,Boston United 15 Northeast,G15TRICO1GE,TriCounty ATTACK 15 1,G15,False,-12.0,-2.0,0.6,3.0,0.2,6.090126526362225,5.115962617527321
2026-02-06,G15RRJVB2NE,Boston United 15 Northeast,G15CACLI7GE,CALI 15 Gold North,G15,True,14.0,2.0,0.6,0.0,0.2,-6.262975187331066,5.142314080990468
2026-02-07,G15RRJVB2NE,Boston United 15 Northeast,G15BEVNY2GE,BEV 15 Elite,G15,True,7.0,1.0,0.6,0.2,0.0,-8.276202014075945,6.7996761390938785
2026-02-07,G15RRJVB2NE,Boston United 15 Northeast,G15CJVBA6GE,CJVA 15 Ruby,G15,True,4.0,2.0,0.6,0.8,0.2,-12.217737287509756,3.7121596488685524
2026-02-07,G15RRJVB2NE,Boston United 15 Northeast,G15GRVBC2NE,GVC 15-2,G15,False,-9.0,-1.0,0.6,0.8,0.4,-2.5468672303320545,-4.6427310385773195
2026-02-08,G15RRJVB2NE,Boston United 15 Northeast,G15VERSE3GE,NYC Volley Verse 15 SI Gold,G15,True,15.0,1.0,0.8,6.2,1.0,-8.636564039799676,-7.5880691518097
2026-02-08,G15RRJVB2NE,Boston United 15 Northeast,G15SURGE2GE,LI Surge 15 Premier White,G15,True,16.0,2.0,0.8,6.6,1.0,-16.394808124247138,-9.614435739192913
2026-02-22,G15RRJVB2NE,Boston United 15 Northeast,G15AVVBC3NE,Avidity 15 Jade,G15,True,8.0,2.0,0.8,6.8,1.2,-6.590909090906576,-9.277377154559039
2026-02-22,G15RRJVB2NE,Boston United 15 Northeast,G15MCJVB3NE,Mill City 15 Blue,G15,False,-12.0,-1.0,0.6,3.6,0.6,-5.91702216114119,-8.017234129285328
2026-02-22,G15RRJVB2NE,Boston United 15 Northeast,G15GAJVB2NE,Gators 15 Green,G15,True,7.0,2.0,0.8,6.8,1.2,-8.833333333333368,-9.274527349885592
2026-03-21,G15RRJVB2NE,Boston United 15 Northeast,G15NEVBC3NE,Northeast 15 Blue,G15,False,-19.0,-2.0,0.6,0.0,0.6,11.370498382771,-5.273114865371454
2026-03-21,G15RRJVB2NE,Boston United 15 Northeast,G15EYNER2NE,ENVY 15 FLOOD,G15,True,-7.0,1.0,0.6,-4.6,0.4,3.367326435053764,-1.320687953511274
2026-03-21,G15RRJVB2NE,Boston United 15 Northeast,G15113231XX,EliteZ 15 GIRLS HP BLACK,G15,False,-4.0,-1.0,0.4,-7.0,-0.2,-10.441219819058778,-2.0907500991417143
2026-03-22,G15RRJVB2NE,Boston United 15 Northeast,G15SJVBC2NE,South County 15-Gold,G15,False,-16.0,-2.0,0.4,-7.8,-0.4,-4.892445577097668,-1.88583478233301
2026-03-22,G15RRJVB2NE,Boston United 15 Northeast,G15CSJVB1NE,CT STARS 15s Nikki,G15,True,1.0,1.0,0.4,-9.0,-0.6,-7.114360400605372,-1.5420401957874108
2026-04-11,G15RRJVB2NE,Boston United 15 Northeast,G15LDNER3NE,Lockdown VBC 15 Ravens,G15,False,-13.0,-2.0,0.4,-7.8,-0.6,4.8064145914222625,-2.854856954057158
2026-04-11,G15RRJVB2NE,Boston United 15 Northeast,G15CMJVB3NE,CMASS EDGE 15 White,G15,False,-20.0,-2.0,0.2,-10.4,-1.2,4.3714278896312155,-2.654036663141668
2026-04-11,G15RRJVB2NE,Boston United 15 Northeast,G15MGJVB4NE,MGA 15's Stripes,G15,False,-9.0,-1.0,0.2,-11.4,-1.2,-0.6540954202379154,-0.6966117833774952
2026-04-12,G15RRJVB2NE,Boston United 15 Northeast,G15PVJVB3NE,PV 15 Elite,G15,True,21.0,2.0,0.4,-4.0,-0.4,-19.74803222108394,-3.6677291121747495
2026-04-12,G15RRJVB2NE,Boston United 15 Northeast,G15SIVBC1NE,SISU VB 15 1,G15,True,4.0,2.0,0.4,-3.4,-0.2,-0.18749999999980926,-2.2823570320536373
2026-05-02,G15RRJVB2NE,Boston United 15 Northeast,G15MNJVB4NE,Maine Jrs 15 Bronze,G15,False,-11.0,-2.0,0.4,-3.0,-0.2,-2.599945469008105,-3.763629044139711
2026-05-02,G15RRJVB2NE,Boston United 15 Northeast,G15LDNER3NE,Lockdown VBC 15 Ravens,G15,True,6.0,2.0,0.6,2.2,0.6,4.8064145914222625,-3.6766317037815006
2026-05-02,G15RRJVB2NE,Boston United 15 Northeast,G15GAJVB2NE,Gators 15 Green,G15,False,-16.0,-2.0,0.6,0.8,0.4,-8.833333333333368,-5.312479286400591
2026-05-03,G15RRJVB2NE,Boston United 15 Northeast,G15112721XX,X2 Volleyball 15 1,G15,True,16.0,1.0,0.6,-0.2,0.2,-8.139301976946818,-2.990733237573167
2026-05-03,G15RRJVB2NE,Boston United 15 Northeast,G15MNJVB2NE,Maine Jrs 15 Gold,G15,False,-10.0,-2.0,0.4,-3.0,-0.6,3.2198451636168692,-2.309264204849831
2026-01-24,G15RRJVB3NE,Boston United 15 Select 1,G15AVVBC4NE,Avidity 15 Emerald,G15,True,-3.0,1.0,1.0,-3.0,1.0,-10.551826752640544,-10.551826752640544
2026-01-24,G15RRJVB3NE,Boston United 15 Select 1,G15MCJVB3NE,Mill City 15 Blue,G15,False,-4.0,-2.0,0.5,-3.5,-0.5,-5.91702216114119,-8.234424456890867
2026-01-24,G15RRJVB3NE,Boston United 15 Select 1,G15112721XX,X2 Volleyball 15 1,G15,True,8.0,1.0,0.6666666666666666,0.3333333333333333,0.0,-8.139301976946818,-8.202716963576185
2026-02-22,G15RRJVB3NE,Boston United 15 Select 1,G15TTVBC2NE,SLAM 15P Red,G15,False,0.0,-1.0,0.5,0.25,-0.25,-4.41269268280621,-7.2552108933836905
2026-02-22,G15RRJVB3NE,Boston United 15 Select 1,G15MIVBC3NE,Mass Impact 15 Sarah,G15,False,-4.0,-1.0,0.4,-0.6,-0.4,-6.394732504646797,-7.083115215636312
2026-02-22,G15RRJVB3NE,Boston United 15 Select 1,G15113231XX,EliteZ 15 GIRLS HP BLACK,G15,True,2.0,1.0,0.4,0.4,-0.4,-10.441219819058778,-7.060993828919959
2026-03-21,G15RRJVB3NE,Boston United 15 Select 1,G15CSJVB3NE,CT STARS 15s Oxholm,G15,True,30.0,2.0,0.6,7.2,0.4,-24.71498827231779,-10.820587051155279
2026-03-21,G15RRJVB3NE,Boston United 15 Select 1,G15112721XX,X2 Volleyball 15 1,G15,True,-1.0,1.0,0.6,5.4,0.4,-8.139301976946818,-10.820587051155279
2026-03-21,G15RRJVB3NE,Boston United 15 Select 1,G15EYNER3NE,ENVY 15 TIDALWAVE,G15,True,5.0,1.0,0.8,6.4,0.8,-5.546203958550855,-11.047289306304208
2026-03-22,G15RRJVB3NE,Boston United 15 Select 1,G15112721XX,X2 Volleyball 15 1,G15,True,10.0,2.0,1.0,9.2,1.4,-8.139301976946818,-11.396203200764212
2026-03-22,G15RRJVB3NE,Boston United 15 Select 1,G15CSJVB2NE,CT STARS 15s Leah,G15,True,2.0,1.0,1.0,9.2,1.4,-7.993514021297916,-10.906662041212039
2026-03-22,G15RRJVB3NE,Boston United 15 Select 1,G15GRVBC2NE,GVC 15-2,G15,False,-6.0,-2.0,0.8,2.0,0.6,-2.5468672303320545,-6.473037832814893
2026-04-11,G15RRJVB3NE,Boston United 15 Select 1,G15HRJVB1NE,HardRock 15,G15,True,9.0,2.0,0.8,4.0,0.8,-7.789388686354123,-6.4030551746963535
2026-04-11,G15RRJVB3NE,Boston United 15 Select 1,G15GAJVB2NE,Gators 15 Green,G15,False,-11.0,-2.0,0.6,0.8,0.2,-8.833333333333368,-7.060481049652855
2026-04-11,G15RRJVB3NE,Boston United 15 Select 1,G15FVNER1NE,Fusion 15 Diamond,G15,True,14.0,2.0,0.6,1.6,0.2,0.2503746121142836,-5.382545731840635
2026-04-12,G15RRJVB3NE,Boston United 15 Select 1,G15NEVBC5NE,Northeast 15 Black,G15,False,-14.0,-2.0,0.4,-1.6,-0.4,18.166666666666607,-0.15050959424773042
2026-04-12,G15RRJVB3NE,Boston United 15 Select 1,G15CTRVB1NE,C3VB 15 1,G15,True,8.0,2.0,0.6,1.2,0.4,-6.402591006665574,-0.9216543495144343
2026-05-02,G15RRJVB3NE,Boston United 15 Select 1,G15CMJVB3NE,CMASS EDGE 15 White,G15,False,-21.0,-2.0,0.4,-4.8,-0.4,4.3714278896312155,1.5105089656826334
2026-05-02,G15RRJVB3NE,Boston United 15 Select 1,G15MGJVB6NE,MGA 15's Black,G15,True,16.0,2.0,0.6,0.6,0.4,-14.117520208775723,0.45367159059416196
2026-05-02,G15RRJVB3NE,Boston United 15 Select 1,G15113231XX,EliteZ 15 GIRLS HP BLACK,G15,False,-12.0,-2.0,0.4,-4.6,-0.4,-10.441219819058778,-1.6846472956404501
2026-05-03,G15RRJVB3NE,Boston United 15 Select 1,G15TTVBC2NE,SLAM 15P Red,G15,False,4.0,-1.0,0.4,-1.0,-0.2,-4.41269268280621,-6.200519165535013
2026-05-03,G15RRJVB3NE,Boston United 15 Select 1,G15AVVBC3NE,Avidity 15 Jade,G15,False,-11.0,-2.0,0.2,-4.8,-1.0,-6.590909090906576,-6.238182782383214
2026-01-24,G15RRJVB4NE,Boston United 15 Sapphire,G15MGJVB19NE,MGA 15's Falcons,G15,True,32.0,2.0,1.0,32.0,2.0,-33.22314649484616,-33.22314649484616
2026-01-24,G15RRJVB4NE,Boston United 15 Sapphire,G15RRJVB12NE,Boston United 15 Graphite,G15,True,22.0,2.0,1.0,27.0,2.0,-21.039739345708455,-27.13144292027731
2026-01-24,G15RRJVB4NE,Boston United 15 Sapphire,G15TTVBC3NE,SLAM 15P White,G15,True,13.0,2.0,1.0,22.333333333333332,2.0,-11.487550155877983,-21.916811998810868
2026-02-22,G15RRJVB4NE,Boston United 15 Sapphire,G15MAJVB5NE,Mass Premier 15-3 White,G15,True,-11.0,1.0,1.0,14.0,1.75,-7.753313352379891,-18.375937337203123
2026-02-22,G15RRJVB4NE,Boston United 15 Sapphire,G15GAJVB3NE,Gators 15 White,G15,True,10.0,1.0,1.0,13.2,1.6,3.071408681298939,-14.086468133502711
2026-03-21,G15RRJVB4NE,Boston United 15 Sapphire,G15MAPVB3NE,Mass Power VB 15 Pink,G15,True,3.0,1.0,1.0,7.4,1.4,-38.97241379310474,-15.236321593154425
2026-03-21,G15RRJVB4NE,Boston United 15 Sapphire,G15TCJVB4NE,Nova 15 Regional,G15,True,25.0,2.0,1.0,8.0,1.4,-26.28096827099882,-16.2845673782125
2026-03-21,G15RRJVB4NE,Boston United 15 Sapphire,G15PVJVB3NE,PV 15 Elite,G15,True,22.0,2.0,1.0,9.8,1.4,-19.74803222108394,-17.93666379125369
2026-03-22,G15RRJVB4NE,Boston United 15 Sapphire,G15TTVBC3NE,SLAM 15P White,G15,True,6.0,2.0,1.0,13.2,1.6,-11.487550155877983,-18.683511151953308
2026-03-22,G15RRJVB4NE,Boston United 15 Sapphire,G15117754XX,ValleyVBC Blue,G15,True,17.0,2.0,1.0,14.6,1.8,-17.833333333333375,-22.86445955487977
2026-03-22,G15RRJVB4NE,Boston United 15 Sapphire,G15MAPVB3NE,Mass Power VB 15 Pink,G15,True,6.0,1.0,1.0,15.2,1.8,-38.97241379310474,-22.864459554879772
2026-04-11,G15RRJVB4NE,Boston United 15 Sapphire,G15NEVBC5NE,Northeast 15 Black,G15,False,-17.0,-1.0,0.8,6.8,1.2,18.166666666666607,-13.97493256734669
2026-04-11,G15RRJVB4NE,Boston United 15 Sapphire,G15117754XX,ValleyVBC Blue,G15,False,8.0,-1.0,0.6,4.0,0.6,-17.833333333333375,-13.591992789796574
2026-04-11,G15RRJVB4NE,Boston United 15 Sapphire,G14GAJVB1NE,Gators 14 Black,MIXED,False,-9.0,-1.0,0.4,1.0,0.0,4.1666666666666226,-10.461149425287653
2026-04-12,G15RRJVB4NE,Boston United 15 Sapphire,G15112721XX,X2 Volleyball 15 1,G15,False,-7.0,-2.0,0.2,-3.8,-0.8,-8.139301976946818,-8.522343154010343
2026-04-12,G15RRJVB4NE,Boston United 15 Sapphire,G15MIVBC2NE,Mass Impact 15 Kayla,G15,True,9.0,2.0,0.2,-3.2,-0.6,-11.25744335253062,-2.9793490658955166
2026-05-02,G15RRJVB4NE,Boston United 15 Sapphire,G15MCJVB4NE,Mill City 15 Teal,G15,True,19.0,2.0,0.4,4.0,0.0,-15.463320592529897,-9.705346517734817
2026-05-02,G15RRJVB4NE,Boston United 15 Sapphire,G15MAJVB5NE,Mass Premier 15-3 White,G15,False,-10.0,-1.0,0.4,0.4,0.0,-7.753313352379891,-7.68934252154412
2026-05-02,G15RRJVB4NE,Boston United 15 Sapphire,G15NESVC1NE,NE Storm 15 Tempest,G15,True,8.0,2.0,0.6,3.8,0.6,-16.56301230459299,-11.835278315796042
2026-05-03,G15RRJVB4NE,Boston United 15 Sapphire,G15MCJVB3NE,Mill City 15 Blue,G15,True,7.0,2.0,0.8,6.6,1.4,-5.91702216114119,-11.390822352634917
2026-05-03,G15RRJVB4NE,Boston United 15 Sapphire,G15GAJVB3NE,Gators 15 White,G15,False,-12.0,-2.0,0.6,2.4,0.6,3.071408681298939,-8.525051945869006
2026-01-24,G15RRJVB5NE,Boston United 15 Steel,G15MNJVB4NE,Maine Jrs 15 Bronze,G15,False,-14.0,-2.0,0.0,-14.0,-2.0,-2.599945469008105,-2.599945469008105
2026-01-24,G15RRJVB5NE,Boston United 15 Steel,G15RRJVB11NE,Boston United 15 Cobalt,G15,True,16.0,2.0,0.5,1.0,0.0,-44.97241379310481,-23.78617963105646
2026-01-24,G15RRJVB5NE,Boston United 15 Steel,G15IGVBC1NE,Ignite 15 Black,G15,True,9.0,1.0,0.6666666666666666,3.6666666666666665,0.3333333333333333,-13.718906725225967,-20.43042199577963
2026-02-22,G15RRJVB5NE,Boston United 15 Steel,G15MNJVB7NE,Maine Jrs 15 Silver,G15,False,-15.0,-1.0,0.5,-1.0,0.0,9.131265929109121,-13.04000001455744
2026-02-22,G15RRJVB5NE,Boston United 15 Steel,G15AVVBC4NE,Avidity 15 Emerald,G15,True,5.0,1.0,0.6,0.2,0.2,-10.551826752640544,-12.542365362174062
2026-02-22,G15RRJVB5NE,Boston United 15 Steel,G15MAPVB3NE,Mass Power VB 15 Pink,G15,True,17.0,2.0,0.8,6.4,1.0,-38.97241379310474,-19.816859026993388
2026-03-21,G15RRJVB5NE,Boston United 15 Steel,G15CSJVB4NE,CT STARS 15s Comstock,G15,True,20.0,2.0,0.8,7.2,1.0,-39.71738935695264,-18.765854139762954
2026-03-21,G15RRJVB5NE,Boston United 15 Steel,G15EYNER4NE,ENVY 15 HAILSTORM,G15,True,19.0,2.0,0.8,9.2,1.2,-21.19438336733194,-20.260949468184148
2026-03-21,G15RRJVB5NE,Boston United 15 Steel,G15SJVBC3NE,South County 15-White,G15,False,-12.0,-2.0,0.8,9.8,1.0,-8.499555186619993,-23.78711369132997
2026-03-22,G15RRJVB5NE,Boston United 15 Steel,G15SGHVB1NE,Starlings GH 15 1,G15,False,-3.0,-1.0,0.6,8.2,0.6,-39.09090909090664,-29.494930158983188
2026-03-22,G15RRJVB5NE,Boston United 15 Steel,G15NEVBC4NE,Northeast 15 Orange,G15,False,-29.0,-2.0,0.4,-1.0,-0.2,8.530639244675337,-19.994319551427175
2026-04-11,G15RRJVB5NE,Boston United 15 Steel,G15117751XX,ValleyVBC Elite,G15,True,11.0,1.0,0.4,-2.8,-0.4,9.166666666666671,-10.217508346703314
2026-04-11,G15RRJVB5NE,Boston United 15 Steel,G15TTVBC2NE,SLAM 15P Red,G15,True,5.0,1.0,0.4,-5.6,-0.6,-4.41269268280621,-6.861170209798166
2026-04-11,G15RRJVB5NE,Boston United 15 Steel,G15112721XX,X2 Volleyball 15 1,G15,True,13.0,1.0,0.6,-0.6,0.0,-8.139301976946818,-6.789119567863532
2026-04-12,G15RRJVB5NE,Boston United 15 Steel,G15CTRVB1NE,C3VB 15 1,G15,True,18.0,2.0,0.8,3.6,0.6,-6.402591006665574,-0.25145595101531804
2026-04-12,G15RRJVB5NE,Boston United 15 Steel,G15NEVBC5NE,Northeast 15 Black,G15,False,-12.0,-2.0,0.8,7.0,0.6,18.166666666666607,1.6757495333829362
2026-05-02,G15RRJVB5NE,Boston United 15 Steel,G15MCJVB3NE,Mill City 15 Blue,G15,False,-13.0,-2.0,0.6,2.2,0.0,-5.91702216114119,-1.3409882321786362
2026-05-02,G15RRJVB5NE,Boston United 15 Steel,G15MGJVB5NE,MGA 15's White,G15,True,4.0,2.0,0.6,2.0,0.2,-20.483734014182094,-4.555196498453813
2026-05-02,G15RRJVB5NE,Boston United 15 Steel,G15TTVBC4NE,SLAM 15R Grey,G15,False,-3.0,-1.0,0.4,-1.2,-0.2,-9.37257356996395,-4.80185081705724
2026-05-03,G15RRJVB5NE,Boston United 15 Steel,G15LEGIO3XL,TeamLVC 15 White,G15,False,-14.0,-2.0,0.2,-7.6,-1.0,-1.860643993801716,-3.893461414484468
2026-05-03,G15RRJVB5NE,Boston United 15 Steel,G15NESVC1NE,NE Storm 15 Tempest,G15,True,22.0,2.0,0.4,-0.8,-0.2,-16.56301230459299,-10.839397208736386
2026-01-24,G15RRJVB6NE,Boston United 15 Titanium,G15TTVBC5NE,SLAM 15R Silver,G15,True,4.0,2.0,1.0,4.0,2.0,-13.851907232012666,-13.851907232012666
2026-01-24,G15RRJVB6NE,Boston United 15 Titanium,G15112722XX,X2 Volleyball 15 2,G15,False,-9.0,-2.0,0.5,-2.5,0.0,-23.924662887104525,-18.888285059558594
2026-01-24,G15RRJVB6NE,Boston United 15 Titanium,G15MNJVB7NE,Maine Jrs 15 Silver,G15,False,-22.0,-2.0,0.3333333333333333,-9.0,-0.6666666666666666,9.131265929109121,-9.54843473000269
2026-02-22,G15RRJVB6NE,Boston United 15 Titanium,G15113233XX,EliteZ 15 GIRLS SILVER,G15,True,21.0,2.0,0.5,-1.5,0.0,-33.81353658284373,-15.61471019321295
2026-02-22,G15RRJVB6NE,Boston United 15 Titanium,G15TTVBC3NE,SLAM 15P White,G15,False,-3.0,-1.0,0.4,-1.8,-0.2,-11.487550155877983,-14.789278185745957
2026-03-21,G15RRJVB6NE,Boston United 15 Titanium,G15TCJVB5NE,Nova 14/15 Select Addison,G15,True,28.0,2.0,0.4,3.0,-0.2,-45.48685711034589,-21.116268161412602
2026-03-21,G15RRJVB6NE,Boston United 15 Titanium,G15PVJVB1NE,PV 15 Sean,G15,False,-10.0,-2.0,0.4,2.8,-0.2,-5.614191746589386,-17.454173933309576
2026-03-21,G15RRJVB6NE,Boston United 15 Titanium,G15NEVBC5NE,Northeast 15 Black,G15,False,-22.0,-2.0,0.4,2.8,-0.2,18.166666666666607,-15.647093785798077
2026-03-22,G15RRJVB6NE,Boston United 15 Titanium,G15SJVBC4NE,South County 15-Black,G15,True,2.0,1.0,0.4,-1.0,-0.4,-20.10198401557483,-12.904783272344295
2026-03-22,G15RRJVB6NE,Boston United 15 Titanium,G15CTRVB1NE,C3VB 15 1,G15,False,-21.0,-2.0,0.4,-4.6,-0.6,-6.402591006665574,-11.887791442501813
2026-04-11,G15RRJVB6NE,Boston United 15 Titanium,G15MIVBC3NE,Mass Impact 15 Sarah,G15,False,-10.0,-1.0,0.2,-12.2,-1.2,-6.394732504646797,-4.069366521361995
2026-04-11,G15RRJVB6NE,Boston United 15 Titanium,G15RRJVB11NE,Boston United 15 Cobalt,G15,True,13.0,2.0,0.4,-7.6,-0.4,-44.97241379310481,-11.941010930665081
2026-04-11,G15RRJVB6NE,Boston United 15 Titanium,G15112722XX,X2 Volleyball 15 2,G15,False,-6.0,-2.0,0.4,-4.4,-0.4,-23.924662887104525,-20.35927684141931
2026-04-12,G15RRJVB6NE,Boston United 15 Titanium,G15RRJVB12NE,Boston United 15 Graphite,G15,True,-2.0,1.0,0.4,-5.2,-0.4,-21.039739345708455,-20.546827907446033
2026-04-12,G15RRJVB6NE,Boston United 15 Titanium,G15RRJVB10NE,Boston United 15 Diamond,G15,False,-7.0,-2.0,0.4,-2.4,-0.4,-14.428328314807388,-22.1519753690744
2026-05-02,G15RRJVB6NE,Boston United 15 Titanium,G15TTVBC5NE,SLAM 15R Silver,G15,False,-21.0,-2.0,0.4,-4.6,-0.6,-13.851907232012666,-23.64341031454757
2026-05-02,G15RRJVB6NE,Boston United 15 Titanium,G15TCJVB3NE,Nova 15 Select Lauren,G15,False,-22.0,-2.0,0.2,-11.6,-1.4,-23.604432231254545,-19.369814002177513
2026-05-03,G15RRJVB6NE,Boston United 15 Titanium,G15113232XX,EliteZ 15 GIRLS CARBON,G15,True,15.0,1.0,0.4,-7.4,-0.8,-31.25300644701099,-20.835482714158807
2026-05-03,G15RRJVB6NE,Boston United 15 Titanium,G15TCJVB4NE,Nova 15 Regional,G15,True,18.0,2.0,0.4,-3.4,-0.6,-26.28096827099882,-21.883728499216883
2026-01-24,G15RRJVB7NE,Boston United 15 Silver,G15MGJVB18NE,MGA 15's Hawks,G15,True,8.0,2.0,1.0,8.0,2.0,-40.88656566011274,-40.88656566011274
2026-01-24,G15RRJVB7NE,Boston United 15 Silver,G15TCJVB3NE,Nova 15 Select Lauren,G15,False,-8.0,-1.0,0.5,0.0,0.5,-23.604432231254545,-32.24549894568364
2026-01-24,G15RRJVB7NE,Boston United 15 Silver,G15MAJVB3NE,Mass Premier 15 2,G15,False,-25.0,-2.0,0.3333333333333333,-8.333333333333334,-0.3333333333333333,-2.829896249086815,-22.440298046818032
2026-02-22,G15RRJVB7NE,Boston United 15 Silver,G15CMJVB3NE,CMASS EDGE 15 White,G15,False,-27.0,-2.0,0.25,-13.0,-0.75,4.3714278896312155,-15.73736656270572
2026-02-22,G15RRJVB7NE,Boston United 15 Silver,G15TTVBC4NE,SLAM 15R Grey,G15,False,-29.0,-2.0,0.2,-16.2,-1.0,-9.37257356996395,-14.464407964157365
2026-03-21,G15RRJVB7NE,Boston United 15 Silver,G16TTVBC4NE,SLAM 16R Silver,MIXED,False,-30.0,-2.0,0.0,-23.8,-1.8,-6.972413793104528,-7.681577590755725
2026-03-21,G15RRJVB7NE,Boston United 15 Silver,G16DRVBC1NE,Dragons 16 Fyre,MIXED,False,-29.0,-2.0,0.0,-28.0,-2.0,-7.972413793104531,-4.555173903125722
2026-03-21,G15RRJVB7NE,Boston United 15 Silver,G16UNVBC1NE,Unity 16 Girls Gold Valkeries,MIXED,False,-25.0,-2.0,0.0,-28.0,-2.0,-11.972413793103705,-6.3836774119291
2026-03-22,G15RRJVB7NE,Boston United 15 Silver,G16TCJVB4NE,Nova 16 Regional,MIXED,True,25.0,2.0,0.2,-17.6,-1.2,-61.9724137931045,-19.652445748476243
2026-04-11,G15RRJVB7NE,Boston United 15 Silver,G15AVVBC4NE,Avidity 15 Emerald,G15,False,-27.0,-2.0,0.2,-17.2,-1.2,-10.551826752640544,-19.888296385011564
2026-04-11,G15RRJVB7NE,Boston United 15 Silver,G15TTVBC3NE,SLAM 15P White,G15,False,-29.0,-2.0,0.2,-17.0,-1.2,-11.487550155877983,-20.791323657566252
2026-04-11,G15RRJVB7NE,Boston United 15 Silver,G15RRJVB10NE,Boston United 15 Diamond,G15,False,-12.0,-2.0,0.2,-13.6,-1.2,-14.428328314807388,-22.082506561906825
2026-04-12,G15RRJVB7NE,Boston United 15 Silver,G14BVJVB1NE,Blast 14U Jungle Cats,MIXED,False,-9.0,-2.0,0.2,-10.4,-1.2,-27.97241379310475,-25.282506561907034
2026-04-12,G15RRJVB7NE,Boston United 15 Silver,G15RRJVB11NE,Boston United 15 Cobalt,G15,True,4.0,1.0,0.2,-14.6,-1.4,-44.97241379310481,-21.882506561907093
2026-05-02,G15RRJVB7NE,Boston United 15 Silver,G15112722XX,X2 Volleyball 15 2,G15,True,0.0,1.0,0.4,-9.2,-0.8,-23.924662887104525,-24.55707378879989
2026-05-02,G15RRJVB7NE,Boston United 15 Silver,G15IGVBC2NE,Ignite 15 Red,G15,False,-4.0,-1.0,0.4,-4.2,-0.6,-27.17707803863557,-27.69497936535141
2026-05-02,G15RRJVB7NE,Boston United 15 Silver,G15TCJVB5NE,Nova 14/15 Select Addison,G15,True,33.0,2.0,0.6,4.8,0.2,-45.48685711034589,-33.90668512445911
2026-05-03,G15RRJVB7NE,Boston United 15 Silver,G15RRJVB12NE,Boston United 15 Graphite,G15,False,-20.0,-2.0,0.6,2.6,0.2,-21.039739345708455,-32.52015023497985
2026-05-03,G15RRJVB7NE,Boston United 15 Silver,G15IGVBC2NE,Ignite 15 Red,G15,False,2.0,-1.0,0.4,2.2,-0.2,-27.17707803863557,-28.961083084086006
2026-01-24,G15RRJVB8NE,Boston United 15 Onyx,G15113233XX,EliteZ 15 GIRLS SILVER,G15,True,32.0,2.0,1.0,32.0,2.0,-33.81353658284373,-33.81353658284373
2026-01-24,G15RRJVB8NE,Boston United 15 Onyx,G15MCJVB4NE,Mill City 15 Teal,G15,True,20.0,2.0,1.0,26.0,2.0,-15.463320592529897,-24.638428587686814
2026-01-24,G15RRJVB8NE,Boston United 15 Onyx,G15TCJVB5NE,Nova 14/15 Select Addison,G15,True,37.0,2.0,1.0,29.666666666666668,2.0,-45.48685711034589,-31.587904761906504
2026-02-22,G15RRJVB8NE,Boston United 15 Onyx,G15TCJVB3NE,Nova 15 Select Lauren,G15,True,21.0,2.0,1.0,27.5,2.0,-23.604432231254545,-29.592036629243516
2026-02-22,G15RRJVB8NE,Boston United 15 Onyx,G15113232XX,EliteZ 15 GIRLS CARBON,G15,True,20.0,2.0,1.0,26.0,2.0,-31.25300644701099,-29.92423059279701
2026-03-21,G15RRJVB8NE,Boston United 15 Onyx,G15MNJVB2NE,Maine Jrs 15 Gold,G15,False,-23.0,-2.0,0.8,15.0,1.2,3.2198451636168692,-22.51755424350489
2026-03-21,G15RRJVB8NE,Boston United 15 Onyx,G15SJVBC4NE,South County 15-Black,G15,True,19.0,2.0,0.8,14.8,1.2,-20.10198401557483,-23.445286928113877
2026-03-21,G15RRJVB8NE,Boston United 15 Onyx,G15RRJVB11NE,Boston United 15 Cobalt,G15,True,11.0,2.0,0.8,9.6,1.2,-44.97241379310481,-23.34239826466566
2026-03-22,G15RRJVB8NE,Boston United 15 Onyx,G15PROVA5GE,Prodigy 15.5 Club,G15,True,15.0,1.0,0.8,8.4,1.0,-9.604520556812624,-20.542415929777274
2026-03-22,G15RRJVB8NE,Boston United 15 Onyx,G15PVJVB1NE,PV 15 Sean,G15,False,-2.0,-1.0,0.6,4.0,0.4,-5.614191746589386,-15.414652989692957
2026-03-22,G15RRJVB8NE,Boston United 15 Onyx,G15PROVA4GE,Prodigy 15.4 Club,G15,True,0.0,1.0,0.8,8.6,1.0,-10.01398369621422,-18.061418761659173
2026-04-11,G15RRJVB8NE,Boston United 15 Onyx,G15AVVBC3NE,Avidity 15 Jade,G15,False,-3.0,-1.0,0.6,4.2,0.4,-6.590909090906576,-15.359203776725522
2026-04-11,G15RRJVB8NE,Boston United 15 Onyx,G15CTRVB1NE,C3VB 15 1,G15,False,3.0,-1.0,0.4,2.6,-0.2,-6.402591006665574,-7.645239219437675
2026-04-11,G15RRJVB8NE,Boston United 15 Onyx,G15MIVBC2NE,Mass Impact 15 Kayla,G15,True,19.0,2.0,0.4,3.4,0.0,-11.25744335253062,-7.975823778581275
2026-04-12,G15RRJVB8NE,Boston United 15 Onyx,G15FVNER1NE,Fusion 15 Diamond,G15,False,-7.0,-1.0,0.4,2.4,0.0,0.2503746121142836,-6.802910506840542
2026-04-12,G15RRJVB8NE,Boston United 15 Onyx,G15117754XX,ValleyVBC Blue,G15,True,9.0,2.0,0.4,4.2,0.2,-17.833333333333375,-8.366780434264374
2026-05-02,G15RRJVB8NE,Boston United 15 Onyx,G15MNJVB2NE,Maine Jrs 15 Gold,G15,True,5.0,2.0,0.6,5.8,0.8,3.2198451636168692,-6.404629583359683
2026-05-02,G15RRJVB8NE,Boston United 15 Onyx,G15TRICO1GE,TriCounty ATTACK 15 1,G15,True,7.0,1.0,0.8,6.6,1.2,6.090126526362225,-3.9060860767541237
2026-05-02,G15RRJVB8NE,Boston United 15 Onyx,G15TTVBC2NE,SLAM 15P Red,G15,True,6.0,2.0,0.8,4.0,1.2,-4.41269268280621,-2.537135942809242
2026-05-03,G15RRJVB8NE,Boston United 15 Onyx,G15HKJVB5NE,Husky 15 New England White,G15,False,-13.0,-2.0,0.8,2.8,1.0,1.6223635531748792,-2.2627381545971224
2026-05-03,G15RRJVB8NE,Boston United 15 Onyx,G15MNJVB4NE,Maine Jrs 15 Bronze,G15,False,-5.0,-2.0,0.6,0.0,0.2,-2.599945469008105,0.7839394182679312
2026-02-22,G15RRJVB9NE,Boston United 15 Chrome,G15MGJVB25NE,MGA 15's Eagles,G15,True,27.0,2.0,1.0,27.0,2.0,-43.90404320504174,-43.90404320504174
2026-02-22,G15RRJVB9NE,Boston United 15 Chrome,G15112722XX,X2 Volleyball 15 2,G15,True,19.0,2.0,1.0,23.0,2.0,-23.924662887104525,-33.91435304607313
2026-02-22,G15RRJVB9NE,Boston United 15 Chrome,G15MGJVB20NE,MGA 15's Tigers,G15,True,27.0,2.0,1.0,24.333333333333332,2.0,-38.904043205041816,-35.57758309906269
2026-03-21,G15RRJVB9NE,Boston United 15 Chrome,G15LHVBC3NE,LHV Girls 15-3 Prowl,G15,False,-14.0,-1.0,0.75,14.75,1.25,-6.36360882184453,-28.274089529758154
2026-03-21,G15RRJVB9NE,Boston United 15 Chrome,G15TTVBC5NE,SLAM 15R Silver,G15,True,11.0,1.0,0.8,14.0,1.2,-13.851907232012666,-25.389653070209057
2026-03-21,G15RRJVB9NE,Boston United 15 Chrome,G15DRVBC2NE,Dragons 15 Angelina,G15,True,30.0,2.0,0.8,14.6,1.2,-35.88528460940775,-23.785901351082256
2026-03-22,G15RRJVB9NE,Boston United 15 Chrome,G15TTVBC4NE,SLAM 15R Grey,G15,True,13.0,1.0,0.8,13.4,1.0,-9.37257356996395,-20.875483487654144
2026-03-22,G15RRJVB9NE,Boston United 15 Chrome,G15MNJVB2NE,Maine Jrs 15 Gold,G15,False,-30.0,-2.0,0.6,2.0,0.2,3.2198451636168692,-12.450705813922406
2026-03-22,G15RRJVB9NE,Boston United 15 Chrome,G15NEVBC5NE,Northeast 15 Black,G15,False,-17.0,-1.0,0.6,1.4,0.2,18.166666666666607,-7.544650716220178
2026-04-11,G15RRJVB9NE,Boston United 15 Chrome,G15MAPVB3NE,Mass Power VB 15 Pink,G15,True,6.0,2.0,0.6,0.4,0.4,-38.97241379310474,-12.568752028438592
2026-04-11,G15RRJVB9NE,Boston United 15 Chrome,G15CAMYV1NE,CYVB 15 1,G15,True,8.0,1.0,0.6,-4.0,0.2,-21.972413793104764,-9.786177865177997
2026-04-11,G15RRJVB9NE,Boston United 15 Chrome,G14BVJVB1NE,Blast 14U Jungle Cats,MIXED,True,8.0,2.0,0.6,-5.0,0.4,-27.97241379310475,-13.506145909806156
2026-04-12,G15RRJVB9NE,Boston United 15 Chrome,G15112722XX,X2 Volleyball 15 2,G15,True,16.0,2.0,0.8,4.2,1.2,-23.924662887104525,-18.935047519950434
2026-04-12,G15RRJVB9NE,Boston United 15 Chrome,G15117753XX,ValleyVBC Black,G15,True,14.0,2.0,1.0,10.4,1.8,-14.87733195414302,-25.543847244112364
2026-04-12,G15RRJVB9NE,Boston United 15 Chrome,G15MIVBC3NE,Mass Impact 15 Sarah,G15,False,-10.0,-2.0,0.8,7.2,1.0,-6.394732504646797,-19.02831098642077
2026-05-02,G15RRJVB9NE,Boston United 15 Chrome,G15TCJVB4NE,Nova 15 Regional,G15,True,18.0,2.0,0.8,9.2,1.2,-26.28096827099882,-19.89002188199958
2026-05-02,G15RRJVB9NE,Boston United 15 Chrome,G15TTVBC3NE,SLAM 15P White,G15,False,-3.0,-1.0,0.6,7.0,0.6,-11.487550155877983,-16.59304915455423
2026-05-02,G15RRJVB9NE,Boston United 15 Chrome,G15IGVBC1NE,Ignite 15 Black,G15,False,-9.0,-1.0,0.4,2.0,0.0,-13.718906725225967,-14.551897922178517
2026-05-03,G15RRJVB9NE,Boston United 15 Chrome,G15TTVBC3NE,SLAM 15P White,G15,False,-5.0,-1.0,0.2,-1.8,-0.6,-11.487550155877983,-13.873941562525511
2026-05-03,G15RRJVB9NE,Boston United 15 Chrome,G15TTVBC5NE,SLAM 15R Silver,G15,True,11.0,2.0,0.4,2.4,0.2,-13.851907232012666,-15.365376507998686
2026-05-03,G15RRJVB9NE,Boston United 15 Chrome,G15RRJVB10NE,Boston United 15 Diamond,G15,True,19.0,2.0,0.4,2.6,0.2,-14.428328314807388,-12.994848516760399
2025-12-06,G16RRJVB1NE,Boston United 16 National,G16AVVBC1NE,Avidity 16 Onyx,G16,True,13.0,2.0,1.0,13.0,2.0,18.027586206897077,18.027586206897077
2025-12-06,G16RRJVB1NE,Boston United 16 National,G16EYNER1NE,ENVY 16 NATIONAL,G16,True,26.0,2.0,1.0,19.5,2.0,10.446848898153151,14.237217552525113
2025-12-06,G16RRJVB1NE,Boston United 16 National,G16MCJVB2NE,Mill City 16 Royal,G16,True,19.0,2.0,1.0,19.333333333333332,2.0,14.542663370190304,14.339032825080176
2025-12-07,G16RRJVB1NE,Boston United 16 National,G16DDVBC1NE,Dig Deep 16 Ginger,G16,True,18.0,2.0,1.0,19.0,2.0,22.833333333333286,16.462607952143454
2025-12-07,G16RRJVB1NE,Boston United 16 National,G16NESVC1NE,NE Storm 16 Avalanche,G16,True,24.0,2.0,1.0,20.0,2.0,27.027586206897105,18.575603603094187
2025-12-07,G16RRJVB1NE,Boston United 16 National,G16MCJVB2NE,Mill City 16 Royal,G16,True,16.0,2.0,1.0,20.6,2.0,14.542663370190304,17.87861903575283
2026-02-06,G16RRJVB1NE,Boston United 16 National,G16LIBER1CH,LIBERO 16 HUSKIES,G16,False,-16.0,-2.0,0.8,12.2,1.2,36.02255863656947,22.993760983436093
2026-02-06,G16RRJVB1NE,Boston United 16 National,G16PROVA2GE,Prodigy 16.2 Elite,G16,True,18.0,2.0,0.8,12.0,1.2,7.904094900089033,21.66604728941584
2026-02-06,G16RRJVB1NE,Boston United 16 National,G16BEVNY1GE,BEV 16 Empire,G16,True,7.0,1.0,0.8,9.8,1.0,33.55170624663749,23.809721872076683
2026-02-07,G16RRJVB1NE,Boston United 16 National,G16CRJVB1NE,CRVBC 16 1 Hawks,G16,True,24.0,2.0,0.8,9.8,1.0,-26.166666666666668,13.170871297363927
2026-02-07,G16RRJVB1NE,Boston United 16 National,G16GRVBC1NE,GVC 16-1,G16,True,4.0,2.0,0.8,7.4,1.0,13.660405494741447,12.994419722274154
2026-02-07,G16RRJVB1NE,Boston United 16 National,G16APXTC1OV,Apex VBTC 16 Apex Red,G16,False,-11.0,-2.0,0.8,8.4,1.0,22.389244422037386,10.267756879367738
2026-02-08,G16RRJVB1NE,Boston United 16 National,G16DRVCM1CA,Durham Rebels Alliance,G16,True,25.0,2.0,0.8,9.8,1.0,11.430830061637387,10.973103911677407
2026-02-08,G16RRJVB1NE,Boston United 16 National,G16OCEAN1GE,Ocean Volleyball 16 National,G16,True,8.0,1.0,0.8,10.0,1.0,20.277862261887506,8.318335114727413
2026-02-08,G16RRJVB1NE,Boston United 16 National,G16OCLEV1GE,OC Lady Elite 16 Black,G16,True,8.0,2.0,0.8,6.8,1.0,18.0658176507535,17.164831978211446
2026-04-25,G16RRJVB1NE,Boston United 16 National,G16HKJVB1NE,Husky 16 National,G16,False,-19.0,-2.0,0.6,2.2,0.2,29.648720543208608,20.362494987904874
2026-04-25,G16RRJVB1NE,Boston United 16 National,G16NEVBC1NE,Northeast 16.1,G16,False,-23.0,-2.0,0.6,-0.2,0.2,49.690882471689704,25.82282259783534
2026-04-25,G16RRJVB1NE,Boston United 16 National,G16LEGIO1XL,TeamLVC 16 Black,G16,True,7.0,2.0,0.6,-3.8,0.2,36.05340064457866,30.747336714423597
2026-04-26,G16RRJVB1NE,Boston United 16 National,G16NEVBC1NE,Northeast 16.1,G16,False,-26.0,-2.0,0.4,-10.6,-0.4,49.690882471689704,36.62994075638404
2026-04-26,G16RRJVB1NE,Boston United 16 National,G16MCJVB1NE,Mill City 16's,G16,True,18.0,2.0,0.4,-8.6,-0.4,22.901578163826066,37.59709285899855
2025-12-06,G16RRJVB2NE,Boston United 16 Northeast,G16NEVBC3NE,Northeast 16.3,G16,False,-17.0,-2.0,0.0,-17.0,-2.0,38.02758620689733,38.02758620689733
2025-12-06,G16RRJVB2NE,Boston United 16 Northeast,G16MGJVB4NE,MGA 16's Stripes,G16,True,6.0,2.0,0.5,-5.5,0.0,5.6987874277096555,21.863186817303493
2025-12-06,G16RRJVB2NE,Boston United 16 Northeast,G16DDVBC2NE,Dig Deep 16 Platinum,G16,True,7.0,2.0,0.6666666666666666,-1.3333333333333333,0.6666666666666666,-5.51011214932034,12.738753828428884
2025-12-07,G16RRJVB2NE,Boston United 16 Northeast,G16LHVBC2NE,LHV Girls 16-2 Askari,G16,False,-19.0,-2.0,0.5,-5.75,0.0,10.996006380021129,12.303066966326945
2025-12-07,G16RRJVB2NE,Boston United 16 Northeast,G16PVJVB2NE,PV 16 Elite,G16,True,28.0,2.0,0.6,1.0,0.4,-17.295867826591824,6.38328000774319
2026-01-10,G16RRJVB2NE,Boston United 16 Northeast,G16EYNER4NE,ENVY 16 WILDFIRE,G16,True,20.0,2.0,0.8,8.4,1.2,-3.2512969968295042,-1.8724966330021768
2026-01-10,G16RRJVB2NE,Boston United 16 Northeast,G16UNVBC1NE,Unity 16 Girls Gold Valkeries,G16,True,22.0,2.0,0.8,11.6,1.2,-11.972413793103705,-5.406736877164849
2026-01-10,G16RRJVB2NE,Boston United 16 Northeast,G16CACLI5GE,CALI 16 Gold North,G16,True,14.0,2.0,0.8,13.0,1.2,-0.4534532398387974,-4.39540509526854
2026-01-11,G16RRJVB2NE,Boston United 16 Northeast,G16CACLI6GE,CALI 16 Gold South,G16,True,13.0,2.0,1.0,19.4,2.0,-12.795666278970742,-9.153739627066916
2026-01-11,G16RRJVB2NE,Boston United 16 Northeast,G16113231XX,EliteZ 16 GIRLS HP BLACK,G16,True,9.0,1.0,1.0,15.6,1.8,-3.3333333333335466,-6.361232728415259
2026-01-11,G16RRJVB2NE,Boston United 16 Northeast,G16EYNER2NE,ENVY 16 BLIZZARD,G16,True,5.0,2.0,1.0,12.6,1.8,6.211863790993201,-4.468600570850718
2026-01-11,G16RRJVB2NE,Boston United 16 Northeast,G16TTVBC1NE,SLAM 16P Black,G16,False,-7.0,-2.0,0.8,6.8,1.0,7.191747474889411,-0.6357683172520954
2026-01-24,G16RRJVB2NE,Boston United 16 Northeast,G16LDNER3NE,Lockdown VBC 16 Thunder Birds,G16,False,-11.0,-1.0,0.6,1.8,0.4,6.964514068349043,0.8478251443854727
2026-01-24,G16RRJVB2NE,Boston United 16 Northeast,G16112721XX,X2 Volleyball 16 1,G16,True,29.0,2.0,0.6,5.0,0.4,-13.868570930148657,0.6332442141498902
2026-01-24,G16RRJVB2NE,Boston United 16 Northeast,G16MAPVB2NE,Mass Power VB 16 Pink,G16,True,7.0,1.0,0.6,4.6,0.4,-7.792074931242109,-0.2585041054318225
2026-02-06,G16RRJVB2NE,Boston United 16 Northeast,G16LCVBC3GE,Legacy 16 Premier,G16,False,3.0,-1.0,0.4,4.2,-0.2,-4.061659792314286,-2.31320882209332
2026-02-06,G16RRJVB2NE,Boston United 16 Northeast,G16TRICO1GE,TriCounty ATTACK 16 1,G16,True,7.0,2.0,0.6,7.0,0.6,7.696707393152866,-2.2122168384406287
2026-02-06,G16RRJVB2NE,Boston United 16 Northeast,G16CJVBA5GE,CJVA 16 Ruby,G16,True,12.0,2.0,0.8,11.6,1.2,-3.921042641374261,-4.38932818038529
2026-02-07,G16RRJVB2NE,Boston United 16 Northeast,G16CSJVB1NE,CT STARS 16s Don,G16,False,-22.0,-2.0,0.6,1.4,0.4,4.566314973590695,-0.7023509996374193
2026-02-07,G16RRJVB2NE,Boston United 16 Northeast,G16PIEDR10PU,LPV-16U,G16,True,2.0,1.0,0.6,0.4,0.4,9.10712026800219,2.6774880402114407
2026-02-07,G16RRJVB2NE,Boston United 16 Northeast,G16NEVBC3NE,Northeast 16.3,G16,True,-1.0,1.0,0.8,-0.4,0.8,38.02758620689733,11.095337240053764
2026-02-08,G16RRJVB2NE,Boston United 16 Northeast,G16MCJVB2NE,Mill City 16 Royal,G16,False,-9.0,-1.0,0.6,-3.6,0.2,14.542663370190304,12.46452843546125
2026-02-22,G16RRJVB2NE,Boston United 16 Northeast,G16LDNER3NE,Lockdown VBC 16 Thunder Birds,G16,False,-7.0,-2.0,0.4,-7.4,-0.6,6.964514068349043,14.641639777405913
2026-02-22,G16RRJVB2NE,Boston United 16 Northeast,G16DRVBC1NE,Dragons 16 Fyre,G16,True,18.0,2.0,0.6,0.6,0.2,-7.972413793104531,12.133894024066867
2026-02-22,G16RRJVB2NE,Boston United 16 Northeast,G16TTVBC3NE,SLAM 16P White,G16,True,13.0,2.0,0.6,2.8,0.4,-7.402984320515135,8.831873106363403
2026-03-21,G16RRJVB2NE,Boston United 16 Northeast,G16SSVBC2NE,SSVBC 16 2,G16,False,-20.0,-2.0,0.4,-1.0,-0.2,14.227586206897326,4.071873106363402
2026-03-21,G16RRJVB2NE,Boston United 16 Northeast,G16MIVBC2NE,Mass Impact 16 Celia,G16,True,25.0,2.0,0.6,5.8,0.4,-6.878047772692298,-0.21226912221311878
2026-03-21,G16RRJVB2NE,Boston United 16 Northeast,G16LDNER3NE,Lockdown VBC 16 Thunder Birds,G16,True,9.0,1.0,0.8,9.0,1.0,6.964514068349043,-0.21226912221311878
2026-03-22,G16RRJVB2NE,Boston United 16 Northeast,G16NEVBC4NE,Northeast 16 Blue,G16,False,-3.0,-1.0,0.6,4.8,0.4,5.859866133207046,2.5541868630491966
2026-03-22,G16RRJVB2NE,Boston United 16 Northeast,G16AVVBC2NE,Avidity 16 Ruby,G16,False,-6.0,-1.0,0.4,1.0,-0.2,1.9671000616323155,4.428203739478687
2026-04-11,G16RRJVB2NE,Boston United 16 Northeast,G16PVJVB2NE,PV 16 Elite,G16,True,29.0,2.0,0.6,10.8,0.6,-17.295867826591824,-1.8764870672191436
2026-04-11,G16RRJVB2NE,Boston United 16 Northeast,G16MGJVB4NE,MGA 16's Stripes,G16,False,-16.0,-2.0,0.4,2.6,-0.2,5.6987874277096555,0.6388799728612472
2026-04-11,G16RRJVB2NE,Boston United 16 Northeast,G16NEVBC4NE,Northeast 16 Blue,G16,False,-15.0,-2.0,0.2,-2.2,-0.8,5.859866133207046,0.4179503858328477
2026-04-12,G16RRJVB2NE,Boston United 16 Northeast,G16PVJVB2NE,PV 16 Elite,G16,True,21.0,2.0,0.4,2.6,-0.2,-17.295867826591824,-4.213196406126926
2026-04-12,G16RRJVB2NE,Boston United 16 Northeast,G16HEVBA9NE,HEVBA 16 99,G16,False,-15.0,-1.0,0.4,0.8,-0.2,-10.87499999999978,-6.7816164184533445
2026-05-02,G16RRJVB2NE,Boston United 16 Northeast,G16HEVBA9NE,HEVBA 16 99,G16,True,5.0,1.0,0.4,-4.0,-0.4,-10.87499999999978,-5.497442853134936
2026-05-02,G16RRJVB2NE,Boston United 16 Northeast,G16SAJVB3NE,SA Elite 16 American Ice,G16,True,14.0,2.0,0.6,2.0,0.4,-1.9724137931028707,-7.031683097297441
2026-05-02,G16RRJVB2NE,Boston United 16 Northeast,G16TTVBC3NE,SLAM 16P White,G16,True,18.0,2.0,0.8,8.6,1.2,-7.402984320515135,-9.684253188041877
2026-05-03,G16RRJVB2NE,Boston United 16 Northeast,G16TTVBC2NE,SLAM 16P Red,G16,False,-2.0,-1.0,0.6,4.0,0.6,-3.446045198895133,-6.91428866250254
2026-05-03,G16RRJVB2NE,Boston United 16 Northeast,G16113231XX,EliteZ 16 GIRLS HP BLACK,G16,True,12.0,1.0,0.8,9.4,1.0,-3.3333333333335466,-5.405955329169293
2026-01-24,G16RRJVB3NE,Boston United 16 Select 1,G16MIVBC2NE,Mass Impact 16 Celia,G16,False,-6.0,-1.0,0.0,-6.0,-1.0,-6.878047772692298,-6.878047772692298
2026-01-24,G16RRJVB3NE,Boston United 16 Select 1,G16MNJVB3NE,Maine Jrs 16 Silver,G16,False,-23.0,-2.0,0.0,-14.5,-1.5,-5.021689171145674,-5.949868471918986
2026-01-24,G16RRJVB3NE,Boston United 16 Select 1,G16113232XX,EliteZ 16 GIRLS CARBON,G16,False,-5.0,-2.0,0.0,-11.333333333333334,-1.6666666666666667,-17.57143327392287,-9.823723405920282
2026-02-07,G16RRJVB3NE,Boston United 16 Select 1,G16LEGRO3GE,Allegro 16 Scarlet,G16,False,-14.0,-2.0,0.0,-12.0,-1.75,-7.83332500532892,-9.32612380577244
2026-02-07,G16RRJVB3NE,Boston United 16 Select 1,G16PVJVB3NE,PV 16 Select,G16,False,12.0,-1.0,0.0,-7.2,-1.6,-34.18749999999965,-14.298399044617884
2026-02-07,G16RRJVB3NE,Boston United 16 Select 1,G16PARAD2WE,Paradigm Rumble,G16,False,-10.0,-2.0,0.0,-8.0,-1.8,19.31249999999978,-9.060289490079468
2026-02-08,G16RRJVB3NE,Boston United 16 Select 1,G16PVJVB3NE,PV 16 Select,G16,True,30.0,2.0,0.2,2.6,-1.0,-34.18749999999965,-14.893451655850265
2026-02-08,G16RRJVB3NE,Boston United 16 Select 1,G16JHEAT2GE,CJHEAT 16 2,G16,False,-10.0,-2.0,0.2,1.6,-1.0,7.812500000000389,-9.816665001065612
2026-02-22,G16RRJVB3NE,Boston United 16 Select 1,G16SJVBC4NE,South County 16-White,G16,False,-23.0,-2.0,0.2,-0.2,-1.0,-7.871893431705045,-9.824378686340836
2026-02-22,G16RRJVB3NE,Boston United 16 Select 1,G16MAJVB3NE,Mass Premier 16 3,G16,False,-14.0,-2.0,0.2,-5.4,-1.2,-2.4495688000188807,-3.476792446344683
2026-02-22,G16RRJVB3NE,Boston United 16 Select 1,G16MNJVB4NE,Maine Jrs 16 Bronze,G16,False,-6.0,-2.0,0.2,-4.6,-1.2,-5.140733265499466,-8.367439099444532
2026-03-21,G16RRJVB3NE,Boston United 16 Select 1,G16GRVBC2NE,GVC 16-2,G16,False,-34.0,-2.0,0.0,-17.4,-2.0,-1.2496608044181612,-1.7798712603282343
2026-03-21,G16RRJVB3NE,Boston United 16 Select 1,G16MNJVB1NE,Maine Jrs 16 National,G16,False,-31.0,-2.0,0.0,-21.6,-2.0,2.3999999999998307,-2.862371260328346
2026-03-21,G16RRJVB3NE,Boston United 16 Select 1,G16AAVBC1NE,AVA 16 Venom,G16,False,-22.0,-2.0,0.0,-21.4,-2.0,-1.4401404399511577,-1.5760206619775683
2026-03-22,G16RRJVB3NE,Boston United 16 Select 1,G16NEVBC6NE,Northeast 16 Black,G16,False,-21.0,-2.0,0.0,-22.8,-2.0,14.409090909092377,1.7957112798446833
2026-03-22,G16RRJVB3NE,Boston United 16 Select 1,G16113231XX,EliteZ 16 GIRLS HP BLACK,G16,False,-19.0,-1.0,0.0,-25.4,-1.8,-3.3333333333335466,2.157191266277867
2026-04-11,G16RRJVB3NE,Boston United 16 Select 1,G16NEVBC5NE,Northeast 16 Orange,G16,False,-23.0,-2.0,0.0,-23.2,-1.8,33.409090909090736,9.088941608979647
2026-04-11,G16RRJVB3NE,Boston United 16 Select 1,G16TTVBC2NE,SLAM 16P Red,G16,False,-20.0,-2.0,0.0,-21.0,-1.8,-3.446045198895133,7.919732569200653
2026-04-11,G16RRJVB3NE,Boston United 16 Select 1,G16CSJVB1NE,CT STARS 16s Don,G16,False,-25.0,-2.0,0.0,-21.6,-1.8,4.566314973590695,9.121023651909026
2026-01-24,G16RRJVB4NE,Boston United 16 Select 2,G16NESVC4NE,NE Storm 16 Twister,G16,True,-1.0,1.0,1.0,-1.0,1.0,-30.874999999999297,-30.874999999999297
2026-01-24,G16RRJVB4NE,Boston United 16 Select 2,G16MNJVB4NE,Maine Jrs 16 Bronze,G16,False,-7.0,-2.0,0.5,-4.0,-0.5,-5.140733265499466,-18.00786663274938
2026-01-24,G16RRJVB4NE,Boston United 16 Select 2,G16BVJVB2NE,Blast 16U Vipers,G16,True,7.0,2.0,0.6666666666666666,-0.3333333333333333,0.3333333333333333,-18.12788994167284,-18.047874402390534
2026-02-07,G16RRJVB4NE,Boston United 16 Select 2,G16113232XX,EliteZ 16 GIRLS CARBON,G16,True,13.0,2.0,0.75,3.0,0.75,-17.57143327392287,-17.92876412027362
2026-02-07,G16RRJVB4NE,Boston United 16 Select 2,G16IGVBC1NE,Ignite 16 Black,G16,False,-15.0,-2.0,0.6,-0.6,0.2,-4.778179259123541,-15.298647148043603
2026-02-07,G16RRJVB4NE,Boston United 16 Select 2,G16LFJVB6NE,603 United 16 Central Blue,G16,True,21.0,2.0,0.6,3.8,0.4,-21.580797720639925,-13.439806692171729
2026-02-08,G16RRJVB4NE,Boston United 16 Select 2,G16MCJVB4NE,Mill City 16 Black,G16,False,2.0,-1.0,0.6,5.6,0.6,-3.5954940814482477,-13.130758855361487
2026-02-08,G16RRJVB4NE,Boston United 16 Select 2,G16LEGRO3GE,Allegro 16 Scarlet,G16,False,1.0,-1.0,0.4,4.4,0.0,-7.83332500532892,-11.0718458680927
2026-02-22,G16RRJVB4NE,Boston United 16 Select 2,G16NESVC4NE,NE Storm 16 Twister,G16,True,20.0,2.0,0.4,5.8,0.0,-30.874999999999297,-13.732559213307985
2026-02-22,G16RRJVB4NE,Boston United 16 Select 2,G16IGVBC1NE,Ignite 16 Black,G16,False,-13.0,-2.0,0.4,6.2,0.0,-4.778179259123541,-13.732559213307985
2026-02-22,G16RRJVB4NE,Boston United 16 Select 2,G16LFJVB6NE,603 United 16 Central Blue,G16,True,13.0,2.0,0.4,4.6,0.0,-21.580797720639925,-13.732559213307985
2026-03-21,G16RRJVB4NE,Boston United 16 Select 2,G16SRVBC1NE,SURGE 16 RED,G16,True,18.0,1.0,0.6,7.8,0.4,-21.30730004904051,-17.274920406826435
2026-03-21,G16RRJVB4NE,Boston United 16 Select 2,G16113233XX,EliteZ 16 GIRLS SILVER,G16,True,31.0,2.0,0.8,13.8,1.0,-34.14558278259774,-22.5373719622802
2026-03-21,G16RRJVB4NE,Boston United 16 Select 2,G16GAJVB3NE,Gators 16 Green,G16,False,-12.0,-2.0,0.6,7.4,0.2,-6.838115360112813,-17.72999503430291
2026-03-22,G16RRJVB4NE,Boston United 16 Select 2,G16SGHVB2NE,Starlings GH 16 2,G16,True,8.0,2.0,0.8,11.6,1.0,-16.48540298486591,-20.071439779451378
2026-03-22,G16RRJVB4NE,Boston United 16 Select 2,G16EYNER4NE,ENVY 16 WILDFIRE,G16,False,-8.0,-2.0,0.6,7.4,0.2,-3.2512969968295042,-16.405539634689298
2026-04-11,G16RRJVB4NE,Boston United 16 Select 2,G16CAMYV1NE,CYVB 16 1,G16,True,4.0,1.0,0.6,4.6,0.2,-12.874999999998938,-14.719079624880981
2026-04-11,G16RRJVB4NE,Boston United 16 Select 2,G16112721XX,X2 Volleyball 16 1,G16,True,6.0,1.0,0.6,-0.4,0.0,-13.868570930148657,-10.663677254391164
2026-04-11,G16RRJVB4NE,Boston United 16 Select 2,G16BVJVB2NE,Blast 16U Vipers,G16,True,-8.0,1.0,0.8,0.4,0.6,-18.12788994167284,-12.921632170703168
2026-04-12,G16RRJVB4NE,Boston United 16 Select 2,G16MIVBC3NE,Mass Impact 16 Maddi,G16,True,4.0,1.0,0.8,-0.4,0.4,-18.555115318939205,-13.335574637517828
2026-04-12,G16RRJVB4NE,Boston United 16 Select 2,G16CTRVB1NE,C3VB 16 1,G16,False,6.0,-1.0,0.8,2.4,0.6,7.827586206897342,-11.11979799677246
2026-05-02,G16RRJVB4NE,Boston United 16 Select 2,G16MNJVB3NE,Maine Jrs 16 Silver,G16,False,-13.0,-2.0,0.6,-1.0,0.0,-5.021689171145674,-9.549135831001808
2026-05-02,G16RRJVB4NE,Boston United 16 Select 2,G16NESVC3NE,NE Storm 16 Earthquake,G16,True,8.0,1.0,0.6,-0.6,0.0,-14.874999999999432,-9.750421644971961
2026-05-02,G16RRJVB4NE,Boston United 16 Select 2,G16113232XX,EliteZ 16 GIRLS CARBON,G16,True,13.0,2.0,0.6,3.6,0.2,-17.57143327392287,-9.639130311421969
2026-05-03,G16RRJVB4NE,Boston United 16 Select 2,G16SJVBC4NE,South County 16-White,G16,True,4.0,1.0,0.6,3.6,0.2,-7.871893431705045,-7.5024859339751355
2026-05-03,G16RRJVB4NE,Boston United 16 Select 2,G16MAJVB3NE,Mass Premier 16 3,G16,False,-13.0,-1.0,0.6,-0.2,0.2,-2.4495688000188807,-9.557916935358381
2026-01-24,G16RRJVB5NE,Boston United 16 Sapphire,G16MIVBC5NE,Mass Impact 16 Murph,G16,False,-10.0,-2.0,0.0,-10.0,-2.0,-12.218891323266147,-12.218891323266147
2026-01-24,G16RRJVB5NE,Boston United 16 Sapphire,G16IGVBC1NE,Ignite 16 Black,G16,False,-28.0,-2.0,0.0,-19.0,-2.0,-4.778179259123541,-8.498535291194845
2026-01-24,G16RRJVB5NE,Boston United 16 Sapphire,G16HEVBA9NE,HEVBA 16 99,G16,False,-17.0,-2.0,0.0,-18.333333333333332,-2.0,-10.87499999999978,-9.290690194129823
2026-02-22,G16RRJVB5NE,Boston United 16 Sapphire,G16TTVBC4NE,SLAM 16R Silver,G16,False,-11.0,-2.0,0.0,-16.5,-2.0,-6.972413793104528,-8.7111210938735
2026-02-22,G16RRJVB5NE,Boston United 16 Sapphire,G16BVJVB2NE,Blast 16U Vipers,G16,False,-16.0,-1.0,0.0,-16.4,-1.8,-18.12788994167284,-10.594474863433367
2026-02-22,G16RRJVB5NE,Boston United 16 Sapphire,G16TTVBC6NE,SLAM 16R Platinum,G16,True,9.0,2.0,0.2,-12.6,-1.0,-35.66570914860705,-15.283838428501548
2026-03-21,G16RRJVB5NE,Boston United 16 Sapphire,G16PROVA4GE,Prodigy 16.4 Club,G16,False,-26.0,-2.0,0.2,-12.2,-1.0,-12.021850579915698,-16.73257269265998
2026-03-21,G16RRJVB5NE,Boston United 16 Sapphire,G16VPVBC10NE,Viper 16 Teal,G16,False,-23.0,-2.0,0.2,-13.4,-1.0,-24.94519075799127,-19.546610844258275
2026-03-21,G16RRJVB5NE,Boston United 16 Sapphire,G16EXVBC1NE,Extreme 16 Purple,G16,False,-23.0,-2.0,0.2,-15.8,-1.0,-15.73137964901083,-21.298404015439537
2026-04-11,G16RRJVB5NE,Boston United 16 Sapphire,G16CTRVB1NE,C3VB 16 1,G16,False,-16.0,-2.0,0.2,-15.8,-1.2,7.827586206897342,-16.1073087857255
2026-04-11,G16RRJVB5NE,Boston United 16 Sapphire,G16SIVBC1NE,SISU VB 16 1,G16,False,-14.0,-2.0,0.0,-20.4,-2.0,-24.874999999999716,-13.949166956004035
2026-04-11,G16RRJVB5NE,Boston United 16 Sapphire,G16MAPVB3NE,Mass Power VB 16 Black,G16,True,17.0,2.0,0.2,-11.8,-1.2,-28.97241379310293,-17.33927959864148
2026-04-12,G16RRJVB5NE,Boston United 16 Sapphire,G16TTVBC3NE,SLAM 16P White,G16,False,-23.0,-2.0,0.2,-11.8,-1.2,-7.402984320515135,-13.830838311146255
2026-04-12,G16RRJVB5NE,Boston United 16 Sapphire,G16112721XX,X2 Volleyball 16 1,G16,False,-11.0,-1.0,0.2,-9.4,-1.0,-13.868570930148657,-13.458276567373819
2026-05-02,G16RRJVB5NE,Boston United 16 Sapphire,G16SJVBC4NE,South County 16-White,G16,False,-22.0,-2.0,0.2,-10.6,-1.0,-7.871893431705045,-16.598172495094296
2026-05-02,G16RRJVB5NE,Boston United 16 Sapphire,G16DRVBC1NE,Dragons 16 Fyre,G16,False,-14.0,-1.0,0.2,-10.6,-0.8,-7.972413793104531,-13.21765525371526
2026-05-02,G16RRJVB5NE,Boston United 16 Sapphire,G16IGVBC1NE,Ignite 16 Black,G16,False,-18.0,-2.0,0.0,-17.6,-1.6,-4.778179259123541,-8.378808346919381
2026-05-03,G16RRJVB5NE,Boston United 16 Sapphire,G16PVJVB2NE,PV 16 Elite,G16,False,-5.0,-2.0,0.0,-14.0,-1.6,-17.295867826591824,-10.35738504813472
2026-05-03,G16RRJVB5NE,Boston United 16 Sapphire,G16113232XX,EliteZ 16 GIRLS CARBON,G16,False,-7.0,-2.0,0.0,-13.2,-1.8,-17.57143327392287,-11.097957516889561
2026-01-24,G16RRJVB6NE,Boston United 16 Steel,G16EYNER3NE,ENVY 16 HURRICANE,G16,False,-8.0,-1.0,0.0,-8.0,-1.0,-13.651259713068324,-13.651259713068324
2026-01-24,G16RRJVB6NE,Boston United 16 Steel,G16LFJVB4NE,603 United 16 Seacoast Blue,G16,False,-26.0,-2.0,0.0,-17.0,-1.5,1.2535196236126147,-6.198870044727855
2026-01-24,G16RRJVB6NE,Boston United 16 Steel,G16MAJVB3NE,Mass Premier 16 3,G16,False,-33.0,-2.0,0.0,-22.333333333333332,-1.6666666666666667,-2.4495688000188807,-4.949102963158197
2026-02-22,G16RRJVB6NE,Boston United 16 Steel,G16GSVBC1NE,GSVC 16 Navy,G16,False,-18.0,-2.0,0.0,-21.25,-1.75,-14.980463950685694,-7.456943210040071
2026-02-22,G16RRJVB6NE,Boston United 16 Steel,G16MGJVB21NE,MGA 16's Pumas,G16,True,17.0,2.0,0.2,-13.6,-1.0,-46.7928895685931,-15.324132481750677
2026-02-22,G16RRJVB6NE,Boston United 16 Steel,G16EXVBC2NE,Extreme 16 Black,G16,False,-50.0,-2.0,0.2,-22.0,-1.2,-24.73159712278904,-17.540199963694818
2026-03-21,G16RRJVB6NE,Boston United 16 Steel,G16TTVBC6NE,SLAM 16R Platinum,G16,True,0.0,1.0,0.4,-16.8,-0.6,-35.66570914860705,-24.92404571813875
2026-03-21,G16RRJVB6NE,Boston United 16 Steel,G16PVJVB3NE,PV 16 Select,G16,True,4.0,2.0,0.6,-9.4,0.2,-34.18749999999965,-31.271631958134908
2026-03-21,G16RRJVB6NE,Boston United 16 Steel,G16LHVBC3NE,LHV Girls 16-3 Braves,G16,False,-26.0,-2.0,0.6,-11.0,0.2,-4.498147086538111,-29.175168585305393
2026-03-22,G16RRJVB6NE,Boston United 16 Steel,G16EXVBC1NE,Extreme 16 Purple,G16,False,-15.0,-2.0,0.4,-17.4,-0.6,-15.73137964901083,-22.962866601388935
2026-03-22,G16RRJVB6NE,Boston United 16 Steel,G16UNVBC1NE,Unity 16 Girls Gold Valkeries,G16,False,-25.0,-2.0,0.4,-12.4,-0.6,-11.972413793103705,-20.41102993545187
2026-04-11,G16RRJVB6NE,Boston United 16 Steel,G16MIVBC3NE,Mass Impact 16 Maddi,G16,False,-20.0,-2.0,0.2,-16.4,-1.2,-18.555115318939205,-16.988911169518303
2026-04-11,G16RRJVB6NE,Boston United 16 Steel,G16TTVBC3NE,SLAM 16P White,G16,False,-18.0,-2.0,0.0,-20.8,-2.0,-7.402984320515135,-11.632008033621398
2026-04-11,G16RRJVB6NE,Boston United 16 Steel,G16PVJVB3NE,PV 16 Select,G16,True,9.0,1.0,0.2,-13.8,-1.4,-34.18749999999965,-17.56987861631371
2026-04-12,G16RRJVB6NE,Boston United 16 Steel,G16PVJVB3NE,PV 16 Select,G16,True,8.0,2.0,0.4,-9.2,-0.6,-34.18749999999965,-21.26110268651147
2026-04-12,G16RRJVB6NE,Boston United 16 Steel,G16CAMYV1NE,CYVB 16 1,G16,False,-24.0,-2.0,0.4,-9.0,-0.6,-12.874999999998938,-21.441619927890518
2026-05-02,G16RRJVB6NE,Boston United 16 Steel,G16MCJVB6NE,Mill City 16 Teal,G16,False,-12.0,-2.0,0.4,-7.4,-0.6,10.562500000000005,-15.618096864102677
2026-05-02,G16RRJVB6NE,Boston United 16 Steel,G16GAJVB3NE,Gators 16 Green,G16,False,-17.0,-2.0,0.4,-7.2,-0.6,-6.838115360112813,-15.50512307202221
2026-05-02,G16RRJVB6NE,Boston United 16 Steel,G16IGVBC2NE,Ignite 16 Red,G16,False,-7.0,-2.0,0.2,-10.4,-1.2,-16.8261634993626,-12.032855771894798
2026-05-03,G16RRJVB6NE,Boston United 16 Steel,G16TTVBC5NE,SLAM 16R Crimson,G16,False,-30.0,-2.0,0.0,-18.0,-2.0,-19.97724768049799,-9.190805307994466
2026-01-24,G16RRJVB7NE,Boston United 16 Titanium,G16TTVBC2NE,SLAM 16P Red,G16,False,-15.0,-2.0,0.0,-15.0,-2.0,-3.446045198895133,-3.446045198895133
2026-01-24,G16RRJVB7NE,Boston United 16 Titanium,G16BVJVB3NE,Blast 16U Jaguars,G16,True,10.0,2.0,0.5,-2.5,0.0,-25.874999999999485,-14.660522599447308
2026-01-24,G16RRJVB7NE,Boston United 16 Titanium,G16MIVBC4NE,Mass Impact 16 Cam,G16,False,-9.0,-2.0,0.3333333333333333,-4.666666666666667,-0.6666666666666666,-19.828978227957727,-16.383341142284113
2026-02-22,G16RRJVB7NE,Boston United 16 Titanium,G16TTVBC6NE,SLAM 16R Platinum,G16,True,16.0,2.0,0.5,0.5,0.0,-35.66570914860705,-21.203933143864848
2026-02-22,G16RRJVB7NE,Boston United 16 Titanium,G16BVJVB3NE,Blast 16U Jaguars,G16,True,8.0,1.0,0.6,2.0,0.2,-25.874999999999485,-22.138146515091776
2026-03-21,G16RRJVB7NE,Boston United 16 Titanium,G16TCJVB4NE,Nova 16 Regional,G16,True,36.0,2.0,0.8,12.2,1.0,-61.9724137931045,-33.84342023393365
2026-03-21,G16RRJVB7NE,Boston United 16 Titanium,G16MIVBC5NE,Mass Impact 16 Murph,G16,False,-5.0,-2.0,0.6,9.2,0.2,-12.218891323266147,-31.11219849858698
2026-03-21,G16RRJVB7NE,Boston United 16 Titanium,G16HRJVB1NE,HardRock 16,G16,True,0.0,1.0,0.8,11.0,0.8,-7.989624689059211,-28.74432779080728
2026-03-22,G16RRJVB7NE,Boston United 16 Titanium,G16CTRVB1NE,C3VB 16 1,G16,False,-13.0,-2.0,0.6,5.2,0.0,7.827586206897342,-20.0456687197064
2026-03-22,G16RRJVB7NE,Boston United 16 Titanium,G16MCJVB4NE,Mill City 16 Black,G16,False,-24.0,-2.0,0.4,-1.2,-0.6,-3.5954940814482477,-15.58976753599615
2026-04-11,G16RRJVB7NE,Boston United 16 Titanium,G16MIVBC4NE,Mass Impact 16 Cam,G16,True,5.0,2.0,0.4,-7.4,-0.6,-19.828978227957727,-7.161080422966798
2026-04-11,G16RRJVB7NE,Boston United 16 Titanium,G16HRJVB1NE,HardRock 16,G16,False,-24.0,-2.0,0.4,-11.2,-0.6,-7.989624689059211,-6.31522709612541
2026-04-11,G16RRJVB7NE,Boston United 16 Titanium,G16MIVBC5NE,Mass Impact 16 Murph,G16,False,-11.0,-2.0,0.2,-13.4,-1.2,-12.218891323266147,-7.161080422966798
2026-04-12,G16RRJVB7NE,Boston United 16 Titanium,G16EXVBC1NE,Extreme 16 Purple,G16,False,-8.0,-2.0,0.2,-12.4,-1.2,-15.73137964901083,-11.872873594148434
2026-04-12,G16RRJVB7NE,Boston United 16 Titanium,G16MIVBC4NE,Mass Impact 16 Cam,G16,True,8.0,2.0,0.4,-6.0,-0.4,-19.828978227957727,-15.119570423450327
2026-05-02,G16RRJVB7NE,Boston United 16 Titanium,G16GSVBC1NE,GSVC 16 Navy,G16,False,-15.0,-2.0,0.2,-10.0,-1.2,-14.980463950685694,-14.149867567995921
2026-05-02,G16RRJVB7NE,Boston United 16 Titanium,G16MIVBC5NE,Mass Impact 16 Murph,G16,False,-10.0,-2.0,0.2,-7.2,-1.2,-12.218891323266147,-14.995720894837309
2026-05-02,G16RRJVB7NE,Boston United 16 Titanium,G16TTVBC5NE,SLAM 16R Crimson,G16,True,11.0,2.0,0.4,-2.8,-0.4,-19.97724768049799,-16.547392166283675
2026-05-03,G16RRJVB7NE,Boston United 16 Titanium,G16LFJVB6NE,603 United 16 Central Blue,G16,True,12.0,2.0,0.6,1.2,0.4,-21.580797720639925,-17.717275780609498
2026-01-24,G16RRJVB8NE,Boston United 16 Silver,G16SJVBC3NE,South County 16-Gold,G16,False,-22.0,-2.0,0.0,-22.0,-2.0,5.062500000000045,5.062500000000045
2026-01-24,G16RRJVB8NE,Boston United 16 Silver,G16NESVC3NE,NE Storm 16 Earthquake,G16,False,-29.0,-2.0,0.0,-25.5,-2.0,-14.874999999999432,-4.906249999999693
2026-01-24,G16RRJVB8NE,Boston United 16 Silver,G16MCJVB6NE,Mill City 16 Teal,G16,False,-21.0,-2.0,0.0,-24.0,-2.0,10.562500000000005,0.25000000000020667
2026-02-22,G16RRJVB8NE,Boston United 16 Silver,G16MCJVB6NE,Mill City 16 Teal,G16,False,-24.0,-2.0,0.0,-24.0,-2.0,10.562500000000005,2.8281250000001563
2026-02-22,G16RRJVB8NE,Boston United 16 Silver,G16EXVBC2NE,Extreme 16 Black,G16,False,-7.0,-1.0,0.0,-20.6,-1.8,-24.73159712278904,-2.683819424557683
2026-02-22,G16RRJVB8NE,Boston United 16 Silver,G16MGJVB21NE,MGA 16's Pumas,G16,True,12.0,2.0,0.2,-13.8,-1.0,-46.7928895685931,-13.05489733827631
2026-03-21,G16RRJVB8NE,Boston United 16 Silver,G16LHVBC4NE,LHV Girls 16-4 Ragers,G16,False,-28.0,-2.0,0.2,-13.6,-1.0,-4.59090909090774,-10.998079156457973
2026-03-21,G16RRJVB8NE,Boston United 16 Silver,G16MCJVB4NE,Mill City 16 Black,G16,False,-13.0,-2.0,0.2,-12.0,-1.0,-3.5954940814482477,-13.829677972747623
2026-03-21,G16RRJVB8NE,Boston United 16 Silver,G16HHVBC3NE,Hawks 16 Lathrop,G16,False,-19.0,-2.0,0.2,-11.0,-1.0,-23.374059841313226,-20.616989941010267
2026-03-22,G16RRJVB8NE,Boston United 16 Silver,G16TCJVB4NE,Nova 16 Regional,G16,True,18.0,2.0,0.4,-6.0,-0.4,-61.9724137931045,-28.065153275073364
2026-04-11,G16RRJVB8NE,Boston United 16 Silver,G16MIVBC5NE,Mass Impact 16 Murph,G16,False,-17.0,-2.0,0.2,-11.8,-1.2,-12.218891323266147,-21.150353626007973
2026-04-11,G16RRJVB8NE,Boston United 16 Silver,G16EXVBC1NE,Extreme 16 Purple,G16,False,-11.0,-1.0,0.2,-8.4,-1.0,-15.73137964901083,-23.37844773762859
2026-04-12,G16RRJVB8NE,Boston United 16 Silver,G16MIVBC4NE,Mass Impact 16 Cam,G16,False,-22.0,-2.0,0.2,-10.2,-1.0,-19.828978227957727,-26.625144566930487
2026-04-12,G16RRJVB8NE,Boston United 16 Silver,G16HRJVB1NE,HardRock 16,G16,False,-28.0,-2.0,0.2,-12.0,-1.0,-7.989624689059211,-23.548257536479685
2026-04-12,G16RRJVB8NE,Boston United 16 Silver,G16MIVBC4NE,Mass Impact 16 Cam,G16,False,-10.0,-2.0,0.0,-17.6,-1.8,-19.828978227957727,-15.11957042345033
2026-05-02,G16RRJVB8NE,Boston United 16 Silver,G16MAPVB3NE,Mass Power VB 16 Black,G16,True,5.0,2.0,0.2,-13.2,-1.0,-28.97241379310293,-18.470274917417687
2026-05-02,G16RRJVB8NE,Boston United 16 Silver,G16BVJVB2NE,Blast 16U Vipers,G16,False,-21.0,-2.0,0.2,-15.2,-1.2,-18.12788994167284,-18.949576975950087
2026-05-02,G16RRJVB8NE,Boston United 16 Silver,G16TCJVB4NE,Nova 16 Regional,G16,True,23.0,2.0,0.4,-6.2,-0.4,-61.9724137931045,-27.378264088979442
2026-05-02,G16RRJVB8NE,Boston United 16 Silver,G16MIVBC4NE,Mass Impact 16 Cam,G16,False,-23.0,-2.0,0.4,-5.2,-0.4,-19.828978227957727,-29.746134796759144
2026-05-03,G16RRJVB8NE,Boston United 16 Silver,G16TTVBC6NE,SLAM 16R Platinum,G16,True,4.0,1.0,0.6,-2.4,0.2,-35.66570914860705,-32.91348098088901
2026-05-03,G16RRJVB8NE,Boston United 16 Silver,G16TTVBC4NE,SLAM 16R Silver,G16,False,-27.0,-2.0,0.4,-8.8,-0.6,-6.972413793104528,-28.51348098088933
2025-12-06,G17RRJVB1NE,Boston United 17 National - Kyle,G17MCJVB2NE,Mill City 17 Orange,G17,True,13.0,2.0,1.0,13.0,2.0,12.83333333333332,12.83333333333332
2025-12-06,G17RRJVB1NE,Boston United 17 National - Kyle,G17SJJVB3NE,SMASH 17's Focus,G17,True,25.0,2.0,1.0,19.0,2.0,7.327292885559146,10.080313109446234
2025-12-06,G17RRJVB1NE,Boston United 17 National - Kyle,G17LDNER2NE,Lockdown VBC 17 Blue Jays,G17,False,1.0,-1.0,0.6666666666666666,13.0,1.0,6.3527409046822125,8.83778904119156
2025-12-07,G17RRJVB1NE,Boston United 17 National - Kyle,G17LFJVB1NE,603 United 17 Seacoast Black,G17,False,-10.0,-2.0,0.5,7.25,0.25,2.999999999998842,7.37834178089338
2025-12-07,G17RRJVB1NE,Boston United 17 National - Kyle,G17LHVBC1NE,LHV Girls 17-1 Ignite,G17,True,7.0,1.0,0.6,7.2,0.4,5.640617443418028,7.0307969133983095
2026-02-06,G17RRJVB1NE,Boston United 17 National - Kyle,G17BEVNY1GE,BEV 17 Empire,G17,False,-13.0,-2.0,0.4,2.0,-0.4,17.584163498743873,7.98096294648042
2026-02-06,G17RRJVB1NE,Boston United 17 National - Kyle,G17MCJVB1NE,Mill City 17's,G17,False,-25.0,-1.0,0.2,-8.0,-1.0,25.65284898444451,11.646074166257494
2026-02-06,G17RRJVB1NE,Boston United 17 National - Kyle,G17WHIRL1XL,Whirlwind VBC 17 1,G17,True,5.0,1.0,0.4,-7.2,-0.6,7.581676438729897,11.89186127306703
2026-02-07,G17RRJVB1NE,Boston United 17 National - Kyle,G17SUCES1GE,SA 17 1,G17,True,35.0,2.0,0.6,1.8,0.2,-27.068306720081665,5.87819992905093
2026-02-07,G17RRJVB1NE,Boston United 17 National - Kyle,G17OCLEV1GE,OC Lady Elite 17 Black,G17,False,-15.0,-2.0,0.4,-2.6,-0.4,15.89885204403973,7.929846849175268
2026-02-07,G17RRJVB1NE,Boston United 17 National - Kyle,G17LCVBC1GE,Legacy 17 National,G17,True,6.0,2.0,0.6,1.2,0.4,-6.532191247210358,3.1065758999844233
2026-02-08,G17RRJVB1NE,Boston United 17 National - Kyle,G17LEGIO1XL,TeamLVC 17 Black,G17,False,-7.0,-1.0,0.6,4.8,0.4,12.500853770877653,0.4761768572710519
2026-04-25,G17RRJVB1NE,Boston United 17 National - Kyle,G17NEVBC1NE,Northeast 17.1,G17,False,-35.0,-2.0,0.4,-3.2,-0.2,34.29409677726316,5.818660924977704
2026-04-25,G17RRJVB1NE,Boston United 17 National - Kyle,G17SPAVB1XL,Spa City 17 Aqua,G17,False,-31.0,-2.0,0.2,-16.4,-1.0,24.968160734060614,16.22595441580616
2026-04-25,G17RRJVB1NE,Boston United 17 National - Kyle,G17LDNER1NE,Lockdown VBC 17 Phoenix,G17,False,-26.0,-2.0,0.2,-18.6,-1.0,12.673913043477896,15.580966615693793
2026-04-26,G17RRJVB1NE,Boston United 17 National - Kyle,G17LEGIO1XL,TeamLVC 17 Black,G17,True,-7.0,1.0,0.2,-21.2,-1.2,12.500853770877653,19.387575619311395
2026-04-26,G17RRJVB1NE,Boston United 17 National - Kyle,G17SPAVB1XL,Spa City 17 Aqua,G17,False,-16.0,-1.0,0.2,-23.0,-1.2,24.968160734060614,21.88103701194799
2025-12-06,G17RRJVB2NE,Boston United 17 National - Dimitri,G17HRJVB1NE,HardRock 17,G17,False,-27.0,-2.0,0.0,-27.0,-2.0,5.9223808768681305,5.9223808768681305
2025-12-06,G17RRJVB2NE,Boston United 17 National - Dimitri,G17NEVBC2NE,Northeast 17.2,G17,False,-24.0,-1.0,0.0,-25.5,-1.5,18.67391304347759,12.298146960172861
2025-12-06,G17RRJVB2NE,Boston United 17 National - Dimitri,G17PVJVB1NE,PV 17 National,G17,False,-11.0,-2.0,0.0,-20.666666666666668,-1.6666666666666667,-5.607545190317499,6.329582910009408
2025-12-07,G17RRJVB2NE,Boston United 17 National - Dimitri,G17MCJVB2NE,Mill City 17 Orange,G17,False,-4.0,-1.0,0.0,-16.5,-1.5,12.83333333333332,7.955520515840385
2025-12-07,G17RRJVB2NE,Boston United 17 National - Dimitri,G17EYNER1NE,ENVY 17 NATIONAL,G17,False,-11.0,-2.0,0.0,-15.4,-1.6,12.399999999999904,8.84441641267229
2026-01-10,G17RRJVB2NE,Boston United 17 National - Dimitri,G17DDVBC1NE,Dig Deep 17 Ginger,G17,True,21.0,2.0,0.2,-5.8,-0.8,-5.348723043099291,6.590195628678805
2026-01-10,G17RRJVB2NE,Boston United 17 National - Dimitri,G17VVVBC1NE,Vibe Girls 17u Gold,G17,True,17.0,2.0,0.4,2.4,-0.2,-9.887625250471434,0.8778879698890002
2026-01-10,G17RRJVB2NE,Boston United 17 National - Dimitri,G17HHVBC7NE,Hawks 17 Aviles,G17,True,10.0,2.0,0.6,6.6,0.6,3.097572414160941,2.618911490784688
2026-01-11,G17RRJVB2NE,Boston United 17 National - Dimitri,G17DDVBC1NE,Dig Deep 17 Ginger,G17,False,11.0,-1.0,0.6,9.6,0.6,-5.348723043099291,-1.0174997845018339
2026-01-11,G17RRJVB2NE,Boston United 17 National - Dimitri,G17SRVBC1NE,SURGE 17 ORANGE,G17,True,21.0,2.0,0.8,16.0,1.4,-4.091265063152893,-4.315752797132394
2026-01-24,G17RRJVB2NE,Boston United 17 National - Dimitri,G17SRVBC1NE,SURGE 17 ORANGE,G17,True,14.0,2.0,0.8,14.6,1.4,-4.091265063152893,-4.064261201143113
2026-01-24,G17RRJVB2NE,Boston United 17 National - Dimitri,G17SJVBC2NE,South County 17-Blue,G17,False,-6.0,-1.0,0.6,10.0,0.8,3.445022730152534,-1.3977316050183202
2026-01-24,G17RRJVB2NE,Boston United 17 National - Dimitri,G17MCJVB2NE,Mill City 17 Orange,G17,True,0.0,1.0,0.6,8.0,0.6,12.83333333333332,0.5494205788161555
2026-02-06,G17RRJVB2NE,Boston United 17 National - Dimitri,G17ATLAN2GE,AVA 17 Premier 1,G17,False,-9.0,-1.0,0.6,4.0,0.6,1.137588527151003,1.8466828928662142
2026-02-06,G17RRJVB2NE,Boston United 17 National - Dimitri,G17113231XX,EliteZ 17 GIRLS HP BLACK,G17,True,13.0,2.0,0.6,2.4,0.6,-12.53068511485278,0.1587988825262368
2026-02-06,G17RRJVB2NE,Boston United 17 National - Dimitri,G17BEVNY2GE,BEV 17 Elite,G17,True,7.0,1.0,0.6,1.0,0.4,0.3999999999999002,1.0570518951567953
2026-02-07,G17RRJVB2NE,Boston United 17 National - Dimitri,G17MGJVB1NE,MGA 17's South,G17,False,-23.0,-2.0,0.6,-2.4,0.2,22.553379076783475,4.878723164482984
2026-02-07,G17RRJVB2NE,Boston United 17 National - Dimitri,G17EYNER1NE,ENVY 17 NATIONAL,G17,False,-6.0,-1.0,0.4,-3.6,-0.2,12.399999999999904,4.792056497816301
2026-02-07,G17RRJVB2NE,Boston United 17 National - Dimitri,G17MOMET2FL,Momentum 17 Neon,G17,True,14.0,1.0,0.6,1.0,0.2,2.652096806915517,5.094958153769204
2026-02-08,G17RRJVB2NE,Boston United 17 National - Dimitri,G17WHIRL2XL,Whirlwind VBC 17 2,G17,True,14.0,2.0,0.6,1.2,0.2,-0.42478312134368856,7.516138552471022
2026-02-08,G17RRJVB2NE,Boston United 17 National - Dimitri,G17PINVA2GE,PVA 17 National Peak,G17,False,-10.0,-2.0,0.4,-2.2,-0.4,7.56785814890918,8.949710182252877
2026-02-21,G17RRJVB2NE,Boston United 17 National - Dimitri,G17SJVBC1NE,South County 17-National,G17,False,-9.0,-1.0,0.4,0.6,-0.2,5.431358595558145,5.525306086007812
2026-02-21,G17RRJVB2NE,Boston United 17 National - Dimitri,G17DDVBC1NE,Dig Deep 17 Ginger,G17,True,22.0,2.0,0.6,6.2,0.4,-5.348723043099291,1.9755614773879728
2026-02-21,G17RRJVB2NE,Boston United 17 National - Dimitri,G17PVJVB1NE,PV 17 National,G17,False,-2.0,-1.0,0.4,3.0,0.0,-5.607545190317499,0.32363307794136986
2026-04-11,G17RRJVB2NE,Boston United 17 National - Dimitri,G17NETHG2XL,NET 17 Lightning,G17,True,16.0,2.0,0.4,3.4,0.0,-11.600000000000154,-1.9114102977899232
2026-04-11,G17RRJVB2NE,Boston United 17 National - Dimitri,G17NEVBC4NE,Northeast 17 Orange,G17,True,10.0,2.0,0.6,7.4,0.8,-1.8918922483645737,-3.803360377244674
2026-04-11,G17RRJVB2NE,Boston United 17 National - Dimitri,G17HRJVB1NE,HardRock 17,G17,True,-3.0,1.0,0.8,8.6,1.2,5.9223808768681305,-3.7051559209826763
2026-04-12,G17RRJVB2NE,Boston United 17 National - Dimitri,G17HRJVB1NE,HardRock 17,G17,True,8.0,2.0,0.8,5.8,1.2,5.9223808768681305,-1.4509351369891927
2026-04-12,G17RRJVB2NE,Boston United 17 National - Dimitri,G17CMJVB3NE,CMASS EDGE 17 White,G17,True,19.0,2.0,1.0,10.0,1.8,6.346418774075762,0.9398576558894594
2026-04-12,G17RRJVB2NE,Boston United 17 National - Dimitri,G17LFJVB2NE,603 United 17 Seacoast White,G17,True,8.0,2.0,1.0,8.4,1.8,0.2500000000004272,3.3098576558895756
2026-05-02,G17RRJVB2NE,Boston United 17 National - Dimitri,G17CMJVB2NE,CMASS EDGE 17 Blue,G17,False,2.0,-1.0,0.8,6.8,1.2,12.37085440573255,6.162406986709
2026-05-02,G17RRJVB2NE,Boston United 17 National - Dimitri,G17MCJVB2NE,Mill City 17 Orange,G17,True,7.0,2.0,0.8,8.8,1.4,12.83333333333332,7.5445974780020375
2026-05-02,G17RRJVB2NE,Boston United 17 National - Dimitri,G17HKJVB4NE,Husky 17 New England,G17,True,20.0,2.0,0.8,11.2,1.4,6.499999999999849,7.660121302628381
2026-05-03,G17RRJVB2NE,Boston United 17 National - Dimitri,G17LFJVB2NE,603 United 17 Seacoast White,G17,True,6.0,1.0,0.8,8.6,1.2,0.2500000000004272,6.440837547813315
2026-05-03,G17RRJVB2NE,Boston United 17 National - Dimitri,G17CMJVB2NE,CMASS EDGE 17 Blue,G17,False,4.0,-1.0,0.6,7.8,0.6,12.37085440573255,8.86500842895974
2025-12-06,G17RRJVB3NE,Boston United 17 Northeast,G17LHVBC3NE,LHV Girls 17-3 Apex,G17,True,7.0,1.0,1.0,7.0,1.0,-15.698941874956404,-15.698941874956404
2025-12-06,G17RRJVB3NE,Boston United 17 Northeast,G17NESVC1NE,NE Storm 17 Hurricane,G17,False,-5.0,-1.0,0.5,1.0,0.0,-5.966840476218904,-10.832891175587655
2025-12-06,G17RRJVB3NE,Boston United 17 Northeast,G17NEVBC5NE,Northeast 17 Black,G17,True,9.0,2.0,0.6666666666666666,3.6666666666666665,0.6666666666666666,-9.054163310691493,-10.239981887288934
2025-12-07,G17RRJVB3NE,Boston United 17 Northeast,G17LFJVB2NE,603 United 17 Seacoast White,G17,False,-9.0,-2.0,0.5,0.5,0.0,0.2500000000004272,-7.617486415466593
2025-12-07,G17RRJVB3NE,Boston United 17 Northeast,G17MIVBC1NE,Mass Impact 17 Connor,G17,False,-26.0,-2.0,0.4,-4.8,-0.4,2.2500000000009797,-5.643989132373079
2026-01-10,G17RRJVB3NE,Boston United 17 Northeast,G17EYNER3NE,ENVY 17 LIGHTNING,G17,True,18.0,3.0,0.4,-2.6,0.0,-9.530730796063345,-4.4103469165944675
2026-01-10,G17RRJVB3NE,Boston United 17 Northeast,G17113231XX,EliteZ 17 GIRLS HP BLACK,G17,True,19.0,3.0,0.6,2.2,0.8,-12.53068511485278,-5.723115844321242
2026-01-11,G17RRJVB3NE,Boston United 17 Northeast,G17EYNER2NE,ENVY 17 TSUNAMI,G17,False,-10.0,-1.0,0.4,-1.6,0.2,-3.6032037972346407,-4.632923941629871
2026-01-11,G17RRJVB3NE,Boston United 17 Northeast,G17CACLI4GE,CALI 17 Gold North,G17,True,12.0,2.0,0.6,2.6,1.0,-15.052438940374811,-7.69341172970492
2026-01-24,G17RRJVB3NE,Boston United 17 Northeast,G17MNJVB2NE,Maine Jrs 17 Gold,G17,True,14.0,2.0,0.8,10.6,1.8,2.6792404051689447,-7.607563648671326
2026-01-24,G17RRJVB3NE,Boston United 17 Northeast,G17113231XX,EliteZ 17 GIRLS HP BLACK,G17,False,2.0,-1.0,0.6,7.4,1.0,-12.53068511485278,-8.207554512429216
2026-01-24,G17RRJVB3NE,Boston United 17 Northeast,G17MAJVB1NE,Mass Premier 17 1,G17,True,17.0,1.0,0.6,7.0,0.6,-5.648864133951209,-6.8311903162489
2026-02-06,G17RRJVB3NE,Boston United 17 Northeast,G17CAPVC1GE,Capitals 17 National,G17,False,-3.0,-1.0,0.6,8.4,0.6,3.609071768833747,-5.388735203035222
2026-02-06,G17RRJVB3NE,Boston United 17 Northeast,G17RENAS2KE,Renaissance 17 Red,G17,True,15.0,2.0,0.6,9.0,0.6,-10.51438849196569,-4.481125113353397
2026-02-06,G17RRJVB3NE,Boston United 17 Northeast,G17CEDGE1WE,CEVC 17 1,G17,True,1.0,1.0,0.6,6.4,0.4,7.459431034886133,-3.52508698740996
2026-02-07,G17RRJVB3NE,Boston United 17 Northeast,G17118611XX,JVC 17 1,G17,False,-21.0,-2.0,0.6,1.8,0.2,27.365662125020336,4.454182460564663
2026-02-07,G17RRJVB3NE,Boston United 17 Northeast,G17PINVA2GE,PVA 17 National Peak,G17,False,-24.0,-2.0,0.4,-6.4,-0.4,7.56785814890918,7.097526917136742
2026-02-07,G17RRJVB3NE,Boston United 17 Northeast,G17SRVBC1NE,SURGE 17 ORANGE,G17,False,-6.0,-1.0,0.4,-7.0,-0.4,-4.091265063152893,5.557459550739413
2026-02-08,G17RRJVB3NE,Boston United 17 Northeast,G17GRVBC2NE,GVC 17-2,G17,True,7.0,2.0,0.4,-8.6,-0.4,13.833333333333265,10.427003915799204
2026-02-08,G17RRJVB3NE,Boston United 17 Northeast,G17MOMET2FL,Momentum 17 Neon,G17,False,-13.0,-1.0,0.2,-11.4,-0.8,2.652096806915517,9.46553707020508
2026-02-21,G17RRJVB3NE,Boston United 17 Northeast,G17CMJVB3NE,CMASS EDGE 17 White,G17,True,-1.0,1.0,0.4,-7.4,-0.2,6.346418774075762,5.261688400016166
2026-02-21,G17RRJVB3NE,Boston United 17 Northeast,G17TTVBC2NE,SLAM 17P Red,G17,True,21.0,2.0,0.6,1.6,0.6,-17.166666666666742,0.31478343690098143
2026-02-21,G17RRJVB3NE,Boston United 17 Northeast,G17113231XX,EliteZ 17 GIRLS HP BLACK,G17,True,8.0,2.0,0.8,4.4,1.2,-12.53068511485278,-1.3731005734389958
2026-03-21,G17RRJVB3NE,Boston United 17 Northeast,G17113231XX,EliteZ 17 GIRLS HP BLACK,G17,True,21.0,2.0,0.8,7.2,1.2,-12.53068511485278,-6.645904263076204
2026-03-21,G17RRJVB3NE,Boston United 17 Northeast,G17MXVBC1NE,Max Performance 17 Kayla,G17,True,18.0,1.0,1.0,13.4,1.6,-13.799428791168994,-9.936209382693107
2026-03-21,G17RRJVB3NE,Boston United 17 Northeast,G17NEVBC4NE,Northeast 17 Orange,G17,True,9.0,1.0,1.0,15.4,1.6,-1.8918922483645737,-11.583871587181175
2026-03-22,G17RRJVB3NE,Boston United 17 Northeast,G17VVVBC1NE,Vibe 17u Gold,G17,True,22.0,2.0,1.0,15.6,1.6,-9.887625250471434,-10.128063303942112
2026-03-22,G17RRJVB3NE,Boston United 17 Northeast,G17HHVBC7NE,Hawks 17 Aviles,G17,True,4.0,1.0,1.0,14.8,1.4,3.097572414160941,-7.002411798139367
2026-03-22,G17RRJVB3NE,Boston United 17 Northeast,G17MNJVB1NE,Maine Jrs 17 National,G17,False,-21.0,-2.0,0.8,6.4,0.6,17.944758268797084,-0.9073231214093951
2026-04-11,G17RRJVB3NE,Boston United 17 Northeast,G17LFJVB2NE,603 United 17 Seacoast White,G17,False,-9.0,-1.0,0.6,1.0,0.2,0.2500000000004272,1.9025626368244892
2026-04-11,G17RRJVB3NE,Boston United 17 Northeast,G17SJVBC3NE,South County 17-Gold,G17,True,16.0,2.0,0.6,2.4,0.4,-1.4457500976840691,1.9917910669605903
2026-04-11,G17RRJVB3NE,Boston United 17 Northeast,G17TTVBC2NE,SLAM 17P Red,G17,True,15.0,2.0,0.6,1.0,0.4,-17.166666666666742,0.5359827837215285
2026-04-12,G17RRJVB3NE,Boston United 17 Northeast,G17CMJVB3NE,CMASS EDGE 17 White,G17,False,-13.0,-2.0,0.4,-2.4,-0.2,6.346418774075762,1.1857520557044925
2026-04-12,G17RRJVB3NE,Boston United 17 Northeast,G17HRJVB1NE,HardRock 17,G17,False,-11.0,-1.0,0.4,-0.4,0.0,5.9223808768681305,-1.2187234226812982
2026-05-02,G17RRJVB3NE,Boston United 17 Northeast,G17PROVA3GE,Prodigy 17.3 Elite,G17,True,11.0,1.0,0.6,3.6,0.4,3.3999999999998796,-0.5887234226814078
2026-05-02,G17RRJVB3NE,Boston United 17 Northeast,G17GSVBC1NE,GSVC 17 Navy,G17,True,20.0,2.0,0.6,4.4,0.4,-13.885554257494825,-3.076684254643559
2026-05-02,G17RRJVB3NE,Boston United 17 Northeast,G17MAJVB1NE,Mass Premier 17 1,G17,True,21.0,2.0,0.6,5.6,0.4,-5.648864133951209,-0.7731237481004524
2026-05-03,G17RRJVB3NE,Boston United 17 Northeast,G17KNGHT1GE,LIKVBC 17,G17,False,-13.0,-2.0,0.6,5.6,0.4,0.3999999999999182,-1.962407502915621
2026-05-03,G17RRJVB3NE,Boston United 17 Northeast,G17SJVBC3NE,South County 17-Gold,G17,True,6.0,1.0,0.8,9.0,0.8,-1.4457500976840691,-3.436033697826061
2026-01-24,G17RRJVB4NE,Boston United 17 Select 1,G17LFJVB3NE,603 United 17 Seacoast Blue,G17,False,-26.0,-2.0,0.0,-26.0,-2.0,8.958108110357406,8.958108110357406
2026-01-24,G17RRJVB4NE,Boston United 17 Select 1,G17TTVBC4NE,SLAM 17R Silver,G17,False,2.0,-1.0,0.0,-12.0,-1.5,-18.459810837178598,-4.750851363410596
2026-01-24,G17RRJVB4NE,Boston United 17 Select 1,G17IGVBC1NE,Ignite 17 Black,G17,False,-4.0,-2.0,0.0,-9.333333333333334,-1.6666666666666667,-17.71846474455218,-9.073389157124458
2026-02-07,G17RRJVB4NE,Boston United 17 Select 1,G17HKJVB4NE,Husky 17 New England,G17,False,-15.0,-2.0,0.0,-10.75,-1.75,6.499999999999849,-5.18004186784338
2026-02-07,G17RRJVB4NE,Boston United 17 Select 1,G17HRJVB1NE,HardRock 17,G17,False,-13.0,-2.0,0.0,-11.2,-1.8,5.9223808768681305,-2.9595573189010786
2026-02-07,G17RRJVB4NE,Boston United 17 Select 1,G17PVJVB2NE,PV 17 Elite,G17,True,8.0,1.0,0.2,-4.4,-1.2,-21.445591943139036,-9.040297329600367
2026-02-08,G17RRJVB4NE,Boston United 17 Select 1,G17MGJVB3NE,MGA 17's White,G17,True,19.0,2.0,0.4,-1.0,-0.6,-22.045306326961096,-9.757396427556866
2026-02-08,G17RRJVB4NE,Boston United 17 Select 1,G17LEGRO2GE,Allegro 17 Scarlet,G17,False,-17.0,-1.0,0.4,-3.6,-0.4,-6.879389250207403,-7.5895813286879115
2026-02-21,G17RRJVB4NE,Boston United 17 Select 1,G17GEVBC1NE,Generations vbc 17 1,G17,False,-17.0,-2.0,0.4,-4.0,-0.4,-13.957075096240546,-11.680996347935992
2026-02-21,G17RRJVB4NE,Boston United 17 Select 1,G17TTVBC3NE,SLAM 17P White,G17,True,5.0,1.0,0.6,-0.4,0.2,-11.635993728491421,-15.192671269007903
2026-03-21,G17RRJVB4NE,Boston United 17 Select 1,G17TCJVB3NE,Nova 17 Regional,G17,True,5.0,1.0,0.6,-1.0,0.2,-26.120311141012508,-16.127615108582596
2026-03-21,G17RRJVB4NE,Boston United 17 Select 1,G17TTVBC4NE,SLAM 17R Silver,G17,False,-7.0,-1.0,0.4,-6.2,-0.4,-18.459810837178598,-15.410516010626097
2026-03-21,G17RRJVB4NE,Boston United 17 Select 1,G17NESVC3NE,NE Storm 17 Heatwave,G17,True,20.0,2.0,0.6,1.2,0.2,-25.542742752239263,-19.143186711032467
2026-03-21,G17RRJVB4NE,Boston United 17 Select 1,G17VVVBC2NE,Vibe 17u Silver,G17,False,-17.0,-2.0,0.6,1.2,0.2,-6.2484962802174255,-17.601470947827842
2026-03-22,G17RRJVB4NE,Boston United 17 Select 1,G17TCJVB3NE,Nova 17 Regional,G17,True,12.0,1.0,0.6,2.6,0.2,-26.120311141012508,-20.49833443033206
2026-03-22,G17RRJVB4NE,Boston United 17 Select 1,G17TTVBC4NE,SLAM 17R Silver,G17,True,8.0,1.0,0.6,3.2,0.2,-18.459810837178598,-18.966234369565278
2026-04-11,G17RRJVB4NE,Boston United 17 Select 1,G17TTVBC3NE,SLAM 17P White,G17,False,-9.0,-2.0,0.6,2.8,0.0,-11.635993728491421,-17.601470947827842
2026-04-11,G17RRJVB4NE,Boston United 17 Select 1,G17MAPVB3NE,Mass Power VB 17 Pink,G17,True,20.0,2.0,0.6,2.8,0.0,-33.30878084664507,-19.154678566709002
2026-04-11,G17RRJVB4NE,Boston United 17 Select 1,G17BVJVB2NE,Blast 17U Panthers,G17,True,19.0,2.0,0.8,10.0,0.8,-22.779359459124485,-22.460851202490414
2026-04-12,G17RRJVB4NE,Boston United 17 Select 1,G17MGJVB4NE,MGA 17's Stars,G17,False,-13.0,-2.0,0.6,5.0,0.2,-2.7499999999995923,-17.786788974287834
2026-04-12,G17RRJVB4NE,Boston United 17 Select 1,G17SJVBC4NE,South County 17-White,G17,True,25.0,2.0,0.6,8.4,0.4,-23.106924995529056,-18.716211805957926
2026-05-02,G17RRJVB4NE,Boston United 17 Select 1,G17GEVBC1NE,Generations vbc 17 1,G17,False,-4.0,-2.0,0.6,9.4,0.4,-13.957075096240546,-19.18042807950775
2026-05-02,G17RRJVB4NE,Boston United 17 Select 1,G17TTVBC3NE,SLAM 17P White,G17,False,3.0,-1.0,0.4,6.0,-0.2,-11.635993728491421,-14.845870655877018
2026-05-02,G17RRJVB4NE,Boston United 17 Select 1,G17NESVC3NE,NE Storm 17 Heatwave,G17,False,-18.0,-1.0,0.2,-1.4,-0.8,-25.542742752239263,-15.398547314499975
2026-05-03,G17RRJVB4NE,Boston United 17 Select 1,G17MAPVB3NE,Mass Power VB 17 Pink,G17,True,30.0,2.0,0.4,7.2,0.0,-33.30878084664507,-21.510303483829073
2026-05-03,G17RRJVB4NE,Boston United 17 Select 1,G17TCJVB3NE,Nova 17 Regional,G17,True,20.0,2.0,0.4,6.2,0.0,-26.120311141012508,-22.112980712925765
2026-05-03,G17RRJVB4NE,Boston United 17 Select 1,G17TTVBC3NE,SLAM 17P White,G17,True,6.0,1.0,0.6,8.2,0.6,-11.635993728491421,-21.648764439375938
2026-01-24,G17RRJVB5NE,Boston United 17 Sapphire,G17SJVBC3NE,South County 17-Gold,G17,False,-26.0,-2.0,0.0,-26.0,-2.0,-1.4457500976840691,-1.4457500976840691
2026-01-24,G17RRJVB5NE,Boston United 17 Sapphire,G17NESVC3NE,NE Storm 17 Heatwave,G17,False,-11.0,-1.0,0.0,-18.5,-1.5,-25.542742752239263,-13.494246424961666
2026-01-24,G17RRJVB5NE,Boston United 17 Sapphire,G17TTVBC3NE,SLAM 17P White,G17,False,-19.0,-2.0,0.0,-18.666666666666668,-1.6666666666666667,-11.635993728491421,-12.874828859471585
2026-02-21,G17RRJVB5NE,Boston United 17 Sapphire,G17CAMYV1NE,CYVB 17 1,G17,False,-25.0,-2.0,0.0,-20.25,-1.75,-16.318321816100674,-13.735702098628856
2026-02-21,G17RRJVB5NE,Boston United 17 Sapphire,G17IGVBC1NE,Ignite 17 Black,G17,False,-11.0,-2.0,0.0,-18.4,-1.8,-17.71846474455218,-14.53225462781352
2026-03-21,G17RRJVB5NE,Boston United 17 Sapphire,G17LHVBC3NE,LHV Girls 17-3 Apex,G17,False,-7.0,-1.0,0.0,-14.6,-1.6,-15.698941874956404,-17.382892983267986
2026-03-21,G17RRJVB5NE,Boston United 17 Sapphire,G17NESVC3NE,NE Storm 17 Heatwave,G17,False,-10.0,-2.0,0.0,-14.4,-1.8,-25.542742752239263,-17.382892983267986
2026-03-21,G17RRJVB5NE,Boston United 17 Sapphire,G17GEVBC1NE,Generations vbc 17 1,G17,False,-18.0,-2.0,0.0,-14.2,-1.8,-13.957075096240546,-17.84710925681781
2026-03-22,G17RRJVB5NE,Boston United 17 Sapphire,G17TTVBC5NE,SLAM 17R Crimson,G17,False,-9.0,-1.0,0.0,-11.0,-1.6,-27.815481306816025,-20.146541154960886
2026-03-22,G17RRJVB5NE,Boston United 17 Sapphire,G17NESVC3NE,NE Storm 17 Heatwave,G17,False,-10.0,-2.0,0.0,-10.8,-1.6,-25.542742752239263,-21.7113967564983
2026-04-11,G17RRJVB5NE,Boston United 17 Sapphire,G17PVJVB2NE,PV 17 Elite,G17,False,-12.0,-2.0,0.0,-11.8,-1.8,-21.445591943139036,-22.86072677013483
2026-04-11,G17RRJVB5NE,Boston United 17 Sapphire,G17MGJVB4NE,MGA 17's Stars,G17,False,-29.0,-2.0,0.0,-15.6,-1.8,-2.7499999999995923,-18.302178219686894
2026-04-11,G17RRJVB5NE,Boston United 17 Sapphire,G17SJVBC4NE,South County 17-White,G17,False,-7.0,-1.0,0.0,-13.4,-1.6,-23.106924995529056,-20.132148199544595
2026-04-12,G17RRJVB5NE,Boston United 17 Sapphire,G17BVJVB2NE,Blast 17U Panthers,G17,False,-12.0,-2.0,0.0,-14.0,-1.8,-22.779359459124485,-19.124923830006285
2026-04-12,G17RRJVB5NE,Boston United 17 Sapphire,G17MAPVB3NE,Mass Power VB 17 Pink,G17,True,18.0,2.0,0.2,-8.4,-1.0,-33.30878084664507,-20.67813144888745
2026-05-02,G17RRJVB5NE,Boston United 17 Sapphire,G17TCJVB3NE,Nova 17 Regional,G17,False,-12.0,-2.0,0.2,-8.4,-1.0,-26.120311141012508,-21.61307528846214
2026-05-02,G17RRJVB5NE,Boston United 17 Sapphire,G17SJVBC4NE,South County 17-White,G17,False,-26.0,-2.0,0.2,-7.8,-1.0,-23.106924995529056,-25.684460287568037
2026-05-02,G17RRJVB5NE,Boston United 17 Sapphire,G17TTVBC5NE,SLAM 17R Crimson,G17,False,-18.0,-2.0,0.2,-10.0,-1.2,-27.815481306816025,-26.626171549825425
2026-05-03,G17RRJVB5NE,Boston United 17 Sapphire,G17TTVBC3NE,SLAM 17P White,G17,False,-30.0,-2.0,0.2,-13.6,-1.2,-11.635993728491421,-24.39749840369882
2026-05-03,G17RRJVB5NE,Boston United 17 Sapphire,G17IGVBC1NE,Ignite 17 Black,G17,False,-12.0,-2.0,0.0,-19.6,-2.0,-17.71846474455218,-21.279435183280235
2025-12-06,G18RRJVB1NE,Boston United 18 Premier,G18CMJVB1NE,CMASS EDGE 18 Black,G18,False,-2.0,-1.0,0.0,-2.0,-1.0,30.68227110942633,30.68227110942633
2025-12-06,G18RRJVB1NE,Boston United 18 Premier,G18SJJVB1NE,SMASH 18s,G18,True,-4.0,1.0,0.5,-3.0,0.0,29.837410767840584,30.25984093863346
2025-12-06,G18RRJVB1NE,Boston United 18 Premier,G18NYCJR1GE,NYC Juniors 18 Gemini,G18,True,9.0,2.0,0.6666666666666666,1.0,0.6666666666666666,21.88319619856318,27.4676260252767
2025-12-07,G18RRJVB1NE,Boston United 18 Premier,G18SPAVB1XL,Spa City 18 Aqua,G18,True,12.0,2.0,0.75,3.75,1.0,3.6739130434776577,21.51919777982694
2025-12-07,G18RRJVB1NE,Boston United 18 Premier,G18NEVBC1NE,Northeast 18.1,G18,False,-19.0,-2.0,0.6,-0.8,0.4,34.93649387254547,24.202656998370646
2026-02-06,G18RRJVB1NE,Boston United 18 National,G18WHIRL1XL,Whirlwind VBC 18 1,G18,False,-16.0,-2.0,0.6,-3.6,0.2,23.276352282298895,22.721473232945158
2026-02-06,G18RRJVB1NE,Boston United 18 National,G18SIVBC1NE,SISU VB 18 1,G18,True,22.0,2.0,0.6,1.6,0.4,2.7514194900063345,17.304274977378306
2026-02-06,G18RRJVB1NE,Boston United 18 National,G18DIGSV1GE,Digs 18 RED,G18,True,7.0,1.0,0.6,1.2,0.2,11.426615249276919,15.212958787521057
2026-02-07,G18RRJVB1NE,Boston United 18 National,G18APXTC1OV,Apex VBTC 18 Apex Red,G18,True,15.0,2.0,0.6,1.8,0.2,19.687618770129994,18.41569993285152
2026-02-07,G18RRJVB1NE,Boston United 18 National,G18NYCJR1GE,NYC Juniors 18 National,G18,True,8.0,2.0,0.8,7.2,1.0,21.88319619856318,15.805040398055064
2026-02-07,G18RRJVB1NE,Boston United 18 National,G18MCJVB1NE,Mill City 18’s,G18,True,10.0,2.0,1.0,12.4,1.8,11.862411215148223,13.522252184624929
2026-02-08,G18RRJVB1NE,Boston United 18 National,G18LEGIO1XL,TeamLVC 18 Black,G18,False,-2.0,-1.0,0.8,7.6,1.2,16.858952420075745,16.34375877063881
2026-04-25,G18RRJVB1NE,Boston United 18 National,G18MCJVB1NE,Mill City 18’s,G18,True,9.0,2.0,0.8,8.0,1.4,11.862411215148223,16.430917963813076
2026-04-25,G18RRJVB1NE,Boston United 18 National,G18HKJVB1NE,Husky 18 National,G18,False,-1.0,-1.0,0.6,4.8,0.8,28.4980463357686,18.193003476940795
2026-04-25,G18RRJVB1NE,Boston United 18 National,G18SJJVB1NE,SMASH 18s,G18,False,-15.0,-2.0,0.4,0.2,0.0,29.837410767840584,19.783846390796274
2026-04-26,G18RRJVB1NE,Boston United 18 National,G18LEGIO1XL,TeamLVC 18 Black,G18,True,9.0,1.0,0.4,0.0,-0.2,16.858952420075745,20.78315463178178
2026-04-26,G18RRJVB1NE,Boston United 18 National,G18LDNER1NE,Lockdown VBC 18 Eagles,G18,True,19.0,2.0,0.6,4.2,0.4,9.80044664678346,19.37145347712332
2025-12-06,G18RRJVB2NE,Boston United 18 Northeast,G18LIVBI1GE,LI Blaze VBC 18,G18,False,-15.0,-2.0,0.0,-15.0,-2.0,-2.4080569160127325,-2.4080569160127325
2025-12-06,G18RRJVB2NE,Boston United 18 Northeast,G18112721XX,X2 Volleyball 18 1,G18,True,11.0,2.0,0.5,-2.0,0.0,-12.993364864240899,-7.700710890126816
2025-12-06,G18RRJVB2NE,Boston United 18 Northeast,G18LFJVB3NE,603 United 18 Central White,G18,True,-1.0,1.0,0.6666666666666666,-1.6666666666666667,0.3333333333333333,-0.5551559132416486,-5.318859231165093
2025-12-07,G18RRJVB2NE,Boston United 18 Northeast,G18LFJVB2NE,603 United 18 Seacoast White,G18,True,-3.0,1.0,0.75,-2.0,0.5,11.250000000001089,-1.1766444233735478
2025-12-07,G18RRJVB2NE,Boston United 18 Northeast,G18MIVBC2NE,Mass Impact 18 Mike,G18,False,2.0,-1.0,0.6,-1.2,0.2,-8.921253646091703,-2.725566267917179
2026-01-10,G18RRJVB2NE,Boston United 18 Northeast,G18PPNER1NE,Pure Passion 18 1,G18,False,-1.0,-1.0,0.6,1.6,0.4,0.48809865105094286,-2.146335154504444
2026-01-10,G18RRJVB2NE,Boston United 18 Northeast,G18VPVBC10NE,Viper 18 Purple,G18,True,26.0,2.0,0.6,4.6,0.4,-12.607859446238097,-2.069234070903883
2026-01-10,G18RRJVB2NE,Boston United 18 Northeast,G18VVVBC1NE,Vibe Girls 18 Cassidy,G18,True,-1.0,1.0,0.6,4.6,0.4,-17.01618306381143,-5.3614395010178395
2026-01-11,G18RRJVB2NE,Boston United 18 Northeast,G18MWJVB1NE,Metrowest VBC 18 Gold,G18,True,6.0,2.0,0.6,6.4,0.6,1.8132160760594882,-7.24879628580616
2026-01-11,G18RRJVB2NE,Boston United 18 Northeast,G18CACLI2GE,CALI 18 Blue,G18,True,17.0,2.0,0.8,9.4,1.2,-14.109715164135833,-8.286488589414985
2026-01-11,G18RRJVB2NE,Boston United 18 Northeast,G18CTRVB1NE,C3VB 18 1,G18,True,15.0,1.0,1.0,12.6,1.6,-8.326086956522275,-10.04932571092963
2026-01-11,G18RRJVB2NE,Boston United 18 Northeast,G18PPNER1NE,Pure Passion 18 1,G18,False,-11.0,-2.0,0.8,5.2,0.8,0.48809865105094286,-7.430134091471821
2026-02-06,G18RRJVB2NE,Boston United 18 Northeast,G18NXTLV1PU,Next Level 18 1,G18,False,-31.0,-2.0,0.6,-0.8,0.2,25.044860544392385,0.9820746301689418
2026-02-06,G18RRJVB2NE,Boston United 18 Northeast,G18TUSVA1GE,Train Up VB 18 1,G18,False,-15.0,-2.0,0.4,-5.0,-0.6,6.339053098180569,1.887242034593158
2026-02-06,G18RRJVB2NE,Boston United 18 Northeast,G18SOSVB2GE,Sideout 18N Jamie,G18,True,8.0,2.0,0.4,-6.8,-0.6,-8.595525776559022,2.99007991210852
2026-02-07,G18RRJVB2NE,Boston United 18 Northeast,G18CACLI2GE,CALI 18 Blue,G18,False,-1.0,-1.0,0.2,-10.0,-1.0,-14.109715164135833,1.8333542705858084
2026-02-07,G18RRJVB2NE,Boston United 18 Northeast,G18CTRVB1NE,C3VB 18 1,G18,False,12.0,-1.0,0.2,-5.4,-0.8,-8.326086956522275,0.07051714907116491
2026-02-07,G18RRJVB2NE,Boston United 18 Northeast,G18117941XX,X-Performance 17/18,G18,False,-18.0,-2.0,0.2,-2.8,-0.8,0.18479150816290835,-4.901496658174731
2026-02-08,G18RRJVB2NE,Boston United 18 Northeast,G18BEVNY2GE,BEV 18 Elite,G18,False,-11.0,-2.0,0.2,-2.0,-0.8,-1.1378570832124353,-6.396878694453332
2026-02-22,G18RRJVB2NE,Boston United 18 Northeast,G18112721XX,X2 Volleyball 18 1,G18,True,21.0,2.0,0.2,0.6,-0.8,-12.993364864240899,-7.276446511989707
2026-02-22,G18RRJVB2NE,Boston United 18 Northeast,G18MAJVB1NE,Mass Premier 18 1,G18,True,6.0,2.0,0.4,2.0,-0.2,-8.166880325381655,-6.087879544238871
2026-02-22,G18RRJVB2NE,Boston United 18 Northeast,G18MWJVB1NE,Metrowest VBC 18 Gold,G18,False,-50.0,-2.0,0.4,-10.4,-0.4,1.8132160760594882,-4.060018937722519
2026-03-21,G18RRJVB2NE,Boston United 18 Northeast,G18PVJVB2NE,PV 18 Elite,G18,True,17.0,2.0,0.6,-3.4,0.4,-16.38837802926806,-7.374652845208712
2026-03-21,G18RRJVB2NE,Boston United 18 Northeast,G18UNVBC2NE,Unity 18 Girls Silver Krakens,G18,True,45.0,2.0,0.8,7.8,1.2,-36.48090649566113,-14.44326272769845
2026-03-21,G18RRJVB2NE,Boston United 18 Northeast,G18DRVBC1NE,Dragons 18 Phantoms,G18,True,2.0,1.0,0.8,4.0,1.0,-7.749999999998906,-13.39458975485005
2026-03-22,G18RRJVB2NE,Boston United 18 Northeast,G18CTRVB1NE,C3VB 18 1,G18,False,-2.0,-1.0,0.6,2.4,0.4,-8.326086956522275,-13.426431081078174
2026-03-22,G18RRJVB2NE,Boston United 18 Northeast,G18MIVBC2NE,Mass Impact 18 Mike,G18,True,19.0,2.0,0.8,16.2,1.2,-8.921253646091703,-15.573325025508415
2026-04-11,G18RRJVB2NE,Boston United 18 Northeast,G18112721XX,X2 Volleyball 18 1,G18,True,18.0,2.0,0.8,16.4,1.2,-12.993364864240899,-14.894322392502982
2026-04-11,G18RRJVB2NE,Boston United 18 Northeast,G18MIVBC4NE,Mass Impact 18 Curro,G18,True,23.0,2.0,0.8,12.0,1.2,-23.006325632772555,-12.199406219925265
2026-04-11,G18RRJVB2NE,Boston United 18 Northeast,G18CTRVB1NE,C3VB 18 1,G18,False,-2.0,-1.0,0.6,11.2,0.8,-8.326086956522275,-12.314623611229939
2026-04-12,G18RRJVB2NE,Boston United 18 Northeast,G18AAVBC1NE,AVA 18 Purple Sharks,G18,False,-23.0,-2.0,0.6,7.0,0.6,-17.326086956521316,-14.11462361122975
2026-04-12,G18RRJVB2NE,Boston United 18 Northeast,G18PVJVB2NE,PV 18 Elite,G18,True,21.0,2.0,0.6,7.4,0.6,-16.38837802926806,-15.60804848786502
2026-05-02,G18RRJVB2NE,Boston United 18 Northeast,G18DDVBC2NE,Dig Deep 18 Force,G18,True,12.0,2.0,0.6,6.2,0.6,-25.32608695652128,-18.074592906321094
2026-05-02,G18RRJVB2NE,Boston United 18 Northeast,G18SGHVB1NE,Starlings GH 18 1,G18,True,9.0,1.0,0.6,3.4,0.4,-6.500000000000149,-14.773327779766614
2026-05-02,G18RRJVB2NE,Boston United 18 Northeast,G18MCJVB4NE,Mill City 18 Blue,G18,False,-9.0,-2.0,0.6,2.0,0.2,-7.728154327953035,-14.653741254052767
2026-05-03,G18RRJVB2NE,Boston United 18 Northeast,G18DRVBC1NE,Dragons 18 Phantoms,G18,False,-15.0,-2.0,0.6,3.6,0.2,-7.749999999998906,-12.738523862748286
2026-05-03,G18RRJVB2NE,Boston United 18 Northeast,G18MAJVB1NE,Mass Premier 18 1,G18,True,11.0,2.0,0.6,1.6,0.2,-8.166880325381655,-11.094224321971003
2026-02-07,G18RRJVB3NE,Boston United 18 Select,G18112721XX,X2 Volleyball 18 1,G18,False,-13.0,-2.0,0.0,-13.0,-2.0,-12.993364864240899,-12.993364864240899
2026-02-07,G18RRJVB3NE,Boston United 18 Select,G18NEVBC3NE,Northeast 18 Blue,G18,False,-14.0,-2.0,0.0,-13.5,-2.0,6.376303409847708,-3.3085307271965956
2026-02-07,G18RRJVB3NE,Boston United 18 Select,G18MGJVB2NE,MGA 18's Black,G18,False,-31.0,-2.0,0.0,-19.333333333333332,-2.0,9.775484900254558,1.052807815287122
2026-02-08,G18RRJVB3NE,Boston United 18 Select,G18JHEAT2GE,CJHEAT 18 2,G18,False,3.0,-1.0,0.0,-13.75,-1.75,-32.44386145764152,-7.321359502945038
2026-02-08,G18RRJVB3NE,Boston United 18 Select,G18MAPVB3NE,Mass Power VB 18 Pink,G18,True,11.0,2.0,0.2,-8.8,-1.0,-29.51609836590803,-11.760307275537636
2026-02-22,G18RRJVB3NE,Boston United 18 Select,G18MAPVB3NE,Mass Power VB 18 Pink,G18,False,-9.0,-2.0,0.2,-8.0,-1.0,-29.51609836590803,-15.064853975871063
2026-02-22,G18RRJVB3NE,Boston United 18 Select,G18MNJVB4NE,Maine Jrs 18 Bronze,G18,True,1.0,1.0,0.4,-5.0,-0.4,-30.265617295632968,-22.393238116967197
2026-02-22,G18RRJVB3NE,Boston United 18 Select,G18GAJVB2NE,Gators 18 Green,G18,False,-9.0,-2.0,0.4,-0.6,-0.4,-25.645012823070363,-29.47733766163218
2026-03-21,G18RRJVB3NE,Boston United 18 Select,G18VPVBC10NE,Viper 18 Purple,G18,False,-28.0,-2.0,0.4,-6.8,-0.6,-12.607859446238097,-25.510137259351495
2026-03-21,G18RRJVB3NE,Boston United 18 Select,G18MIVBC3NE,Mass Impact 18 Chris,G18,False,-18.0,-2.0,0.2,-12.6,-1.4,-14.632284653899262,-22.533374516949742
2026-03-21,G18RRJVB3NE,Boston United 18 Select,G18FVNER3NE,Fusion 18 Elite,G18,False,-14.0,-2.0,0.2,-13.6,-1.4,-13.018116203348637,-19.233778084437866
2026-03-22,G18RRJVB3NE,Boston United 18 Select,G18MAPVB3NE,Mass Power VB 18 Pink,G18,True,13.0,2.0,0.2,-11.2,-1.2,-29.51609836590803,-19.08387429849288
2026-03-22,G18RRJVB3NE,Boston United 18 Select,G18MIVBC3NE,Mass Impact 18 Chris,G18,False,-6.0,-1.0,0.2,-10.6,-1.0,-14.632284653899262,-16.881328664658657
2026-04-11,G18RRJVB3NE,Boston United 18 Select,G18AAVBC1NE,AVA 18 Purple Sharks,G18,False,-36.0,-2.0,0.2,-12.2,-1.0,-17.326086956521316,-17.8249741667153
2026-04-11,G18RRJVB3NE,Boston United 18 Select,G18MIVBC3NE,Mass Impact 18 Chris,G18,False,-25.0,-2.0,0.2,-13.6,-1.0,-14.632284653899262,-17.8249741667153
2026-04-11,G18RRJVB3NE,Boston United 18 Select,G18MAPVB3NE,Mass Power VB 18 Pink,G18,False,-15.0,-2.0,0.2,-13.8,-1.0,-29.51609836590803,-21.124570599227177
2026-04-12,G18RRJVB3NE,Boston United 18 Select,G18UNVBC2NE,Unity 18 Girls Silver Krakens,G18,False,-11.0,-2.0,0.0,-18.6,-1.8,-36.48090649566113,-22.517532225177803
2026-04-12,G18RRJVB3NE,Boston United 18 Select,G18MIVBC4NE,Mass Impact 18 Curro,G18,False,-12.0,-2.0,0.0,-19.8,-2.0,-23.006325632772555,-24.19234042095246
2026-05-02,G18RRJVB3NE,Boston United 18 Select,G18DRVBC1NE,Dragons 18 Phantoms,G18,False,-26.0,-2.0,0.0,-17.8,-2.0,-7.749999999998906,-22.277123029647974
2026-05-02,G18RRJVB3NE,Boston United 18 Select,G18SAJVB1NE,SA Elite 18 American,G18,False,-11.0,-2.0,0.0,-15.0,-2.0,-10.284436048127843,-21.407553308493693
2026-05-02,G18RRJVB3NE,Boston United 18 Select,G18MIVBC3NE,Mass Impact 18 Chris,G18,False,-35.0,-2.0,0.0,-19.0,-2.0,-14.632284653899262,-18.43079056609194
2026-05-03,G18RRJVB3NE,Boston United 18 Select,G18MIVBC4NE,Mass Impact 18 Curro,G18,False,-10.0,-1.0,0.0,-18.8,-1.8,-23.006325632772555,-15.735874393514223
2026-05-03,G18RRJVB3NE,Boston United 18 Select,G18MAPVB3NE,Mass Power VB 18 Pink,G18,True,5.0,1.0,0.2,-15.4,-1.2,-29.51609836590803,-17.037828940141317
