event_date,team_code,team_name,club,age,team_rank,opponent_code,opponent_name,pool_key,team_won,point_margin_for_team,set_margin_for_team,team_rating,opponent_rating,rating_gap,expected_win_prob,performance_above_expected,is_close_match,rolling_win_rate,rolling_point_margin,rolling_set_margin,rolling_opponent_rating,rolling_expected_win_prob,rolling_performance_above_expected,rolling_close_match_win_rate,match_index
2025-12-20,B13SJJVB1NE,SMASH Boys 13-1,SJJVB,13,1,B14CAPIT1XL,CSVC 14 CASCADE,MIXED,True,16.0,2.0,1.977272727273272,-11.522727272726776,13.500000000000048,0.631472298879348,0.36852770112065203,False,1.0,16.0,2.0,-11.522727272726776,0.631472298879348,0.36852770112065203,,1
2025-12-20,B13SJJVB1NE,SMASH Boys 13-1,SJJVB,13,1,B14CAPIT2XL,CSVC 14 SAWTEETH,MIXED,True,24.0,2.0,1.977272727273272,-22.02272727272697,24.00000000000024,0.7226011871719313,0.27739881282806866,False,1.0,20.0,2.0,-16.772727272726875,0.6770367430256397,0.32296325697436035,,2
2025-12-20,B13SJJVB1NE,SMASH Boys 13-1,SJJVB,13,1,B14SAVBC1XL,Sporting Albany Boys 14u,MIXED,True,15.0,2.0,1.977272727273272,1.727272727273264,0.250000000000008,0.5024932117142432,0.4975067882857568,True,1.0,18.333333333333332,2.0,-10.606060606060161,0.6188555659218409,0.3811444340781591,1.0,3
2025-12-21,B13SJJVB1NE,SMASH Boys 13-1,SJJVB,13,1,B14SJJVB1NE,SMASH Boys 14-1,MIXED,False,-22.0,-2.0,1.977272727273272,23.977272727273515,-22.00000000000024,0.2936716729422,-0.2936716729422,False,0.75,8.25,1.0,-1.9602272727267422,0.5375595926769307,0.21244040732306937,1.0,4
2025-12-21,B13SJJVB1NE,SMASH Boys 13-1,SJJVB,13,1,B14SJJVB2NE,SMASH Boys 14's Thunder,MIXED,True,16.0,2.0,1.977272727273272,-14.022727272726588,15.99999999999986,0.6543617191792701,0.3456382808207299,False,0.8,9.8,1.2,-4.372727272726712,0.5609200179773985,0.23907998202260144,1.0,5
2025-12-21,B13SJJVB1NE,SMASH Boys 13-1,SJJVB,13,1,B14SAVBC1XL,Sporting Albany Boys 14u,MIXED,False,-2.0,-1.0,1.977272727273272,1.727272727273264,0.250000000000008,0.5024932117142432,-0.5024932117142432,True,0.6,6.2,0.6,-1.7227272727267036,0.5351242005443776,0.06487579945562243,0.5,6
2026-01-31,B13SJJVB1NE,SMASH Boys 13-1,SJJVB,13,1,B14RRJVB2NE,Boston United Boys 13 Select 1,MIXED,True,18.0,2.0,1.977272727273272,-13.522727272726693,15.499999999999964,0.6498367333238507,0.3501632666761493,False,0.6,5.0,0.6,-0.022727272726647384,0.5205713097747615,0.07942869022523855,0.5,7
2026-01-31,B13SJJVB1NE,SMASH Boys 13-1,SJJVB,13,1,B14HKJVB1NE,Husky 14.1,MIXED,True,12.0,2.0,1.977272727273272,-10.022727272726705,11.999999999999977,0.617440997415296,0.382559002584704,False,0.6,4.4,0.6,-2.372727272726641,0.543560866914972,0.056439133085027994,0.0,8
2026-01-31,B13SJJVB1NE,SMASH Boys 13-1,SJJVB,13,1,B14SAVBC1XL,Sporting Albany Boys 14u,MIXED,True,9.0,2.0,1.977272727273272,1.727272727273264,0.250000000000008,0.5024932117142432,0.4975067882857568,True,0.8,10.6,1.4,-6.8227272727266906,0.5853251746693806,0.21467482533061935,0.5,9
2026-02-01,B13SJJVB1NE,SMASH Boys 13-1,SJJVB,13,1,B14117752XX,ValleyVBC Elite Boys,MIXED,False,-16.0,-1.0,1.977272727273272,10.477272727273203,-8.49999999999993,0.4160330696899418,-0.4160330696899418,False,0.6,4.2,0.8,-1.9227272727267333,0.537659444771515,0.06234055522848501,0.5,10
2026-02-01,B13SJJVB1NE,SMASH Boys 13-1,SJJVB,13,1,B14RRJVB1NE,Boston United Boys 14-1,MIXED,False,-11.0,-2.0,1.977272727273272,12.977272727273402,-11.00000000000013,0.39202482143280964,-0.39202482143280964,False,0.6,2.4,0.6,0.3272727272732944,0.5155657667152284,0.08443423328477172,1.0,11
2026-03-14,B13SJJVB1NE,SMASH Boys 13-1,SJJVB,13,1,B14SAVBC1XL,Sporting Albany Boys 14u,MIXED,False,-21.0,-2.0,1.977272727273272,1.727272727273264,0.250000000000008,0.5024932117142432,-0.5024932117142432,True,0.4,-5.4,-0.2,3.377272727273285,0.4860970623933067,-0.08609706239330678,0.5,12
2026-03-14,B13SJJVB1NE,SMASH Boys 13-1,SJJVB,13,1,B14117752XX,ValleyVBC Elite Boys,MIXED,False,-1.0,-1.0,1.977272727273272,10.477272727273203,-8.49999999999993,0.4160330696899418,-0.4160330696899418,False,0.2,-8.0,-0.8,7.477272727273267,0.4458154768482359,-0.2458154768482359,0.5,13
2026-03-14,B13SJJVB1NE,SMASH Boys 13-1,SJJVB,13,1,B14RRJVB2NE,Boston United Boys 13 Select 1,MIXED,True,13.0,2.0,1.977272727273272,-13.522727272726693,15.499999999999964,0.6498367333238507,0.3501632666761493,False,0.2,-7.2,-0.8,4.427272727273275,0.47528418117015736,-0.27528418117015746,0.0,14
2026-03-15,B13SJJVB1NE,SMASH Boys 13-1,SJJVB,13,1,B14NEVBC1NE,NEVBC Boys 14.1,MIXED,False,-18.0,-2.0,1.977272727273272,19.977272727273387,-18.000000000000114,0.32782232683052753,-0.32782232683052753,False,0.2,-7.6,-1.0,6.3272727272733125,0.4576420325982745,-0.25764203259827456,0.0,15
2026-03-15,B13SJJVB1NE,SMASH Boys 13-1,SJJVB,13,1,B14CAPIT1XL,CSVC 14 CASCADE,MIXED,True,11.0,1.0,1.977272727273272,-11.522727272726776,13.500000000000048,0.631472298879348,0.36852770112065203,False,0.4,-3.2,-0.4,1.4272727272732773,0.5055315280875823,-0.10553152808758223,0.0,16
2025-11-22,B14117752XX,ValleyVBC Elite Boys,11775,14,2,B14LHVBC1NE,LHV Boys 14-1 Premier,B14,True,19.0,2.0,10.477272727273203,-4.575157606275897,15.0524303335491,0.667729427657113,0.33227057234288704,False,1.0,19.0,2.0,-4.575157606275897,0.667729427657113,0.33227057234288704,,1
2025-11-22,B14117752XX,ValleyVBC Elite Boys,11775,14,2,B14RRJVB1NE,Boston United Boys 14-1,B14,True,24.0,2.0,10.477272727273203,12.977272727273402,-2.500000000000199,0.4710531387223966,0.5289468612776034,True,1.0,21.5,2.0,4.201057560498752,0.5693912831897547,0.4306087168102452,1.0,2
2025-11-22,B14117752XX,ValleyVBC Elite Boys,11775,14,2,B14MVPVA1NE,MVP BOS 14 Black,B14,True,15.0,2.0,10.477272727273203,-6.53496735292579,17.012240080198993,0.6875743800293308,0.3124256199706692,False,1.0,19.333333333333332,2.0,0.622382589357238,0.6087856488029467,0.3912143511970532,1.0,3
2025-11-22,B14117752XX,ValleyVBC Elite Boys,11775,14,2,B14TACCU1GE,Accuracy 14 Champ,B14,False,-24.0,-2.0,10.477272727273203,12.990679913889906,-2.5134071866167034,0.47089825023223747,-0.47089825023223747,True,0.75,8.5,1.0,3.714456920490405,0.5743137991602695,0.17568620083973052,0.5,4
2025-11-23,B14117752XX,ValleyVBC Elite Boys,11775,14,2,B14LHVBC1NE,LHV Boys 14-1 Premier,B14,True,8.0,2.0,10.477272727273203,-4.575157606275897,15.0524303335491,0.667729427657113,0.33227057234288704,False,0.8,8.4,1.2,2.0565340151371445,0.5929969248596382,0.20700307514036184,0.5,5
2025-11-23,B14117752XX,ValleyVBC Elite Boys,11775,14,2,B14TACCU1GE,Accuracy 14 Champ,B14,True,5.0,1.0,10.477272727273203,12.990679913889906,-2.5134071866167034,0.47089825023223747,0.5291017497677626,True,0.8,5.6,1.0,5.569701519170305,0.5536306893746631,0.24636931062533698,0.6666666666666666,6
2026-01-17,B14117752XX,ValleyVBC Elite Boys,11775,14,2,B14MVPVA1NE,MVP BOS 14 Black,B14,True,8.0,1.0,10.477272727273203,-6.53496735292579,17.012240080198993,0.6875743800293308,0.3124256199706692,False,0.8,2.4,0.8,1.667253503130467,0.59693493763605,0.20306506236395014,0.5,7
2026-01-17,B14117752XX,ValleyVBC Elite Boys,11775,14,2,B14CAPIT2XL,CSVC 14 SAWTEETH,B14,True,17.0,2.0,10.477272727273203,-22.02272727272697,32.50000000000017,0.8186045798547821,0.18139542014521792,False,0.8,2.8,0.8,-1.4302984808297694,0.6231409776011402,0.17685902239885987,0.5,8
2026-01-17,B14117752XX,ValleyVBC Elite Boys,11775,14,2,B14CAPIT1XL,CSVC 14 CASCADE,B14,True,14.0,2.0,10.477272727273203,-11.522727272726776,21.99999999999998,0.7349862710198017,0.26501372898019826,False,1.0,10.4,1.6,-6.3329799181531055,0.675958581758653,0.324041418241347,1.0,9
2026-01-18,B14117752XX,ValleyVBC Elite Boys,11775,14,2,B14LHVBC1NE,LHV Boys 14-1 Premier,B14,True,18.0,2.0,10.477272727273203,-4.575157606275897,15.0524303335491,0.667729427657113,0.33227057234288704,False,1.0,12.4,1.6,-6.3329799181531055,0.675958581758653,0.324041418241347,1.0,10
2026-01-18,B14117752XX,ValleyVBC Elite Boys,11775,14,2,B14RRJVB1NE,Boston United Boys 14-1,B14,True,8.0,1.0,10.477272727273203,12.977272727273402,-2.500000000000199,0.4710531387223966,0.5289468612776034,True,1.0,13.0,1.6,-6.3356613554764065,0.6759895594566847,0.3240104405433152,1.0,11
2026-01-19,B14117752XX,ValleyVBC Elite Boys,11775,14,2,B14CAPIT1XL,CSVC 14 CASCADE,B14,True,4.0,2.0,10.477272727273203,-11.522727272726776,21.99999999999998,0.7349862710198017,0.26501372898019826,False,1.0,12.2,1.8,-7.333213339436604,0.6854719376547791,0.31452806234522096,1.0,12
2026-01-19,B14117752XX,ValleyVBC Elite Boys,11775,14,2,B14RRJVB1NE,Boston United Boys 14-1,B14,True,20.0,1.0,10.477272727273203,12.977272727273402,-2.500000000000199,0.4710531387223966,0.5289468612776034,True,1.0,12.8,1.6,-0.3332133394365293,0.615961649428302,0.38403835057169805,1.0,13
2026-01-31,B14117752XX,ValleyVBC Elite Boys,11775,14,2,B14LHVBC1NE,LHV Boys 14-1 Premier,B14,True,17.0,3.0,10.477272727273203,-4.575157606275897,15.0524303335491,0.667729427657113,0.33227057234288704,False,1.0,13.4,1.8,1.0563005938536465,0.6025102807557643,0.3974897192442358,1.0,14
2026-01-31,B14117752XX,ValleyVBC Elite Boys,11775,14,2,B14SJJVB1NE,SMASH Boys 14-1,B14,False,-26.0,-3.0,10.477272727273203,23.977272727273515,-13.500000000000313,0.3484289386785356,-0.3484289386785356,False,0.8,4.6,0.8,6.766786660563528,0.5386501829600487,0.2613498170399513,1.0,15
2026-02-01,B14117752XX,ValleyVBC Elite Boys,11775,14,2,B13SJJVB1NE,SMASH Boys 13-1,MIXED,True,16.0,1.0,10.477272727273203,1.977272727273272,8.49999999999993,0.5839669303100582,0.4160330696899418,False,0.8,6.2,0.8,4.566786660563503,0.5612329412775809,0.23876705872241896,1.0,16
2026-02-01,B14117752XX,ValleyVBC Elite Boys,11775,14,2,B14NEVBC1NE,NEVBC Boys 14.1,B14,False,-17.0,-2.0,10.477272727273203,19.977272727273387,-9.500000000000185,0.391625444334958,-0.391625444334958,False,0.6,2.0,0.0,10.866786660563536,0.4925607759406123,0.10743922405938773,1.0,17
2026-03-14,B14117752XX,ValleyVBC Elite Boys,11775,14,2,B14RRJVB2NE,Boston United Boys 13 Select 1,B14,True,19.0,2.0,10.477272727273203,-13.522727272726693,23.999999999999893,0.7526514645549082,0.24734853544509183,False,0.6,1.8,0.2,5.566786660563517,0.5488804411071146,0.05111955889288542,,18
2026-03-14,B14117752XX,ValleyVBC Elite Boys,11775,14,2,B13SJJVB1NE,SMASH Boys 13-1,MIXED,True,1.0,1.0,10.477272727273203,1.977272727273272,8.49999999999993,0.5839669303100582,0.4160330696899418,False,0.6,-1.4,-0.2,6.8772727272733505,0.5321279416377036,0.06787205836229637,,19
2026-03-14,B14117752XX,ValleyVBC Elite Boys,11775,14,2,B14SAVBC1XL,Sporting Albany Boys 14u,B14,False,-7.0,-1.0,10.477272727273203,1.727272727273264,8.74999999999994,0.6000587087483895,-0.6000587087483895,False,0.6,2.4,0.2,2.4272727272733,0.5824538956516744,0.017546104348325597,,20
2026-03-15,B14117752XX,ValleyVBC Elite Boys,11775,14,2,B14RRJVB1NE,Boston United Boys 14-1,B14,True,-1.0,1.0,10.477272727273203,12.977272727273402,-2.500000000000199,0.4710531387223966,0.5289468612776034,True,0.6,-1.0,0.2,4.6272727272733265,0.5598711373341421,0.0401288626658579,1.0,21
2026-03-15,B14117752XX,ValleyVBC Elite Boys,11775,14,2,B14SJJVB1NE,SMASH Boys 14-1,B14,False,-19.0,-2.0,10.477272727273203,23.977272727273515,-13.500000000000313,0.3484289386785356,-0.3484289386785356,False,0.6,-1.4,0.2,5.427272727273352,0.5512318362028575,0.04876816379714238,1.0,22
2026-02-06,B14117901XX,Torrimar 14 1,11790,14,1,B14MVPVA1NE,MVP BOS 14 Black,B14,True,27.0,2.0,20.918751384386137,-6.53496735292579,27.453718737311927,0.7812459230102194,0.21875407698978055,False,1.0,27.0,2.0,-6.53496735292579,0.7812459230102194,0.21875407698978055,,1
2026-02-06,B14117901XX,Torrimar 14 1,11790,14,1,B14SPTMC3GE,Sportime 14 3,B14,True,28.0,2.0,20.918751384386137,-13.787497220304681,34.70624860469082,0.8333028731945868,0.16669712680541315,False,1.0,27.5,2.0,-10.161232286615235,0.8072743981024031,0.19272560189759685,,2
2026-02-06,B14117901XX,Torrimar 14 1,11790,14,1,B14TACCU1GE,Accuracy 14 Champ,B14,True,21.0,2.0,20.918751384386137,12.990679913889906,7.928071470496231,0.5908788098141153,0.40912119018588466,False,1.0,25.333333333333332,2.0,-2.4439282197801884,0.7351425353396405,0.2648574646603595,,3
2026-02-07,B14117901XX,Torrimar 14 1,11790,14,1,B14ROCVC1GE,Rockland VBC 14 1,B14,True,39.0,2.0,20.918751384386137,-15.592490558657888,36.51124194304403,0.8446065262398335,0.15539347376016655,False,1.0,28.75,2.0,-5.731068804499613,0.7625085330646888,0.23749146693531123,,4
2026-02-07,B14117901XX,Torrimar 14 1,11790,14,1,B14SPTMC2GE,Sportime 14 2,B14,True,28.0,2.0,20.918751384386137,-5.850380343414951,26.76913172780109,0.7757727690766902,0.22422723092330976,False,1.0,28.6,2.0,-5.754931112282681,0.7651613802670891,0.23483861973291092,,5
2026-02-07,B14117901XX,Torrimar 14 1,11790,14,1,B14CAPIT1XL,CSVC 14 CASCADE,B14,True,31.0,2.0,20.918751384386137,-11.522727272726776,32.44147865711291,0.8182013083865027,0.18179869161349727,False,1.0,29.4,2.0,-6.752483096242878,0.7725524573423457,0.22744754265765427,,6
2026-02-08,B14117901XX,Torrimar 14 1,11790,14,1,B14COQUI1PU,BORINQUEN COQUI 14M Pirito,B14,False,-18.0,-2.0,20.918751384386137,27.127429440534105,-6.208678056147967,0.42852376543169707,-0.42852376543169707,True,0.8,20.2,1.2,1.430502235924879,0.6915966357897678,0.10840336421023222,0.0,7
2025-12-20,B14CAPIT1XL,CSVC 14 CASCADE,CAPIT,14,1,B14SJJVB1NE,SMASH Boys 14-1,B14,False,-22.0,-2.0,-11.522727272726776,23.977272727273515,-35.50000000000029,0.16164726542048555,-0.16164726542048555,False,0.0,-22.0,-2.0,23.977272727273515,0.16164726542048555,-0.16164726542048555,,1
2025-12-20,B14CAPIT1XL,CSVC 14 CASCADE,CAPIT,14,1,B13SJJVB1NE,SMASH Boys 13-1,MIXED,False,-16.0,-2.0,-11.522727272726776,1.977272727273272,-13.500000000000048,0.368527701120652,-0.368527701120652,False,0.0,-19.0,-2.0,12.977272727273395,0.26508748327056875,-0.26508748327056875,,2
2025-12-20,B14CAPIT1XL,CSVC 14 CASCADE,CAPIT,14,1,B14SJJVB2NE,SMASH Boys 14's Thunder,B14,False,-9.0,-2.0,-11.522727272726776,-14.022727272726588,2.4999999999998117,0.5289468612775988,-0.5289468612775988,True,0.0,-15.666666666666666,-2.0,3.9772727272734,0.35304060927291214,-0.35304060927291214,0.0,3
2025-12-20,B14CAPIT1XL,CSVC 14 CASCADE,CAPIT,14,1,B14CAPIT2XL,CSVC 14 SAWTEETH,B14,False,-10.0,-2.0,-11.522727272726776,-22.02272727272697,10.500000000000195,0.6193644888199805,-0.6193644888199805,False,0.0,-14.25,-2.0,-2.522727272726693,0.41962157915967924,-0.41962157915967924,0.0,4
2025-12-21,B14CAPIT1XL,CSVC 14 CASCADE,CAPIT,14,1,B14SAVBC1XL,Sporting Albany Boys 14u,B14,False,-25.0,-2.0,-11.522727272726776,1.727272727273264,-13.250000000000039,0.3510651621930374,-0.3510651621930374,False,0.0,-16.4,-2.0,-1.6727272727267013,0.40591029576635085,-0.40591029576635085,0.0,5
2025-12-21,B14CAPIT1XL,CSVC 14 CASCADE,CAPIT,14,1,B14CAPIT2XL,CSVC 14 SAWTEETH,B14,False,-9.0,-1.0,-11.522727272726776,-22.02272727272697,10.500000000000195,0.6193644888199805,-0.6193644888199805,False,0.0,-13.8,-1.8,-10.872727272726797,0.4974537404462499,-0.4974537404462499,0.0,6
2026-01-17,B14CAPIT1XL,CSVC 14 CASCADE,CAPIT,14,1,B14RRJVB1NE,Boston United Boys 14-1,B14,False,-7.0,-1.0,-11.522727272726776,12.977272727273402,-24.500000000000178,0.2430578674280493,-0.2430578674280493,False,0.0,-12.0,-1.6,-8.672727272726771,0.4723597737077293,-0.4723597737077293,0.0,7
2026-01-17,B14CAPIT1XL,CSVC 14 CASCADE,CAPIT,14,1,B14CAPIT2XL,CSVC 14 SAWTEETH,B14,False,-1.0,-1.0,-11.522727272726776,-22.02272727272697,10.500000000000195,0.6193644888199805,-0.6193644888199805,False,0.0,-10.4,-1.4,-10.27272727272685,0.49044329921620566,-0.49044329921620566,,8
2026-01-17,B14CAPIT1XL,CSVC 14 CASCADE,CAPIT,14,1,B14LHVBC1NE,LHV Boys 14-1 Premier,B14,True,10.0,2.0,-11.522727272726776,-4.575157606275897,-6.947569666450879,0.4201550917780823,0.5798449082219177,True,0.2,-6.4,-0.6,-6.783213339436633,0.450601419807826,-0.250601419807826,1.0,9
2026-01-17,B14CAPIT1XL,CSVC 14 CASCADE,CAPIT,14,1,B14117752XX,ValleyVBC Elite Boys,B14,False,-14.0,-2.0,-11.522727272726776,10.477272727273203,-21.99999999999998,0.2650137289801982,-0.2650137289801982,False,0.2,-4.2,-0.6,-5.033213339436648,0.4333911331652581,-0.2333911331652582,1.0,10
2026-01-18,B14CAPIT1XL,CSVC 14 CASCADE,CAPIT,14,1,B14MVPVA1NE,MVP BOS 14 Black,B14,True,12.0,2.0,-11.522727272726776,-6.53496735292579,-4.987759919800986,0.44243966915857225,0.5575603308414278,True,0.4,0.0,0.0,-1.9356613554764102,0.3980061692329765,0.0019938307670234858,1.0,11
2026-01-19,B14CAPIT1XL,CSVC 14 CASCADE,CAPIT,14,1,B14117752XX,ValleyVBC Elite Boys,B14,False,-4.0,-2.0,-11.522727272726776,10.477272727273203,-21.99999999999998,0.2650137289801982,-0.2650137289801982,False,0.4,0.6,-0.2,-2.43566135547645,0.4023973415434063,-0.002397341543406295,1.0,12
2026-01-19,B14CAPIT1XL,CSVC 14 CASCADE,CAPIT,14,1,B14RRJVB1NE,Boston United Boys 14-1,B14,False,-14.0,-1.0,-11.522727272726776,12.977272727273402,-24.500000000000178,0.2430578674280493,-0.2430578674280493,False,0.4,-2.0,-0.2,4.564338644523625,0.32713601726502006,0.07286398273497995,1.0,13
2026-02-06,B14CAPIT1XL,CSVC 14 CASCADE,CAPIT,14,1,B14ROCVC1GE,Rockland VBC 14 1,B14,True,21.0,2.0,-11.522727272726776,-15.592490558657888,4.069763285931112,0.5470360117571187,0.4529639882428813,True,0.4,0.2,-0.2,2.3608720540472268,0.35251220126082733,0.04748779873917267,1.0,14
2026-02-06,B14CAPIT1XL,CSVC 14 CASCADE,CAPIT,14,1,B14LIFRY1GE,LI Fury 14 1,B14,False,0.0,-1.0,-11.522727272726776,-12.981216866299041,1.4584895935722653,0.5168999434720334,-0.5168999434720334,True,0.4,3.0,0.0,-2.330825864667222,0.40288944415919437,-0.0028894441591943653,0.6666666666666666,15
2026-02-06,B14CAPIT1XL,CSVC 14 CASCADE,CAPIT,14,1,B14COQUI1PU,BORINQUEN COQUI 14M Pirito,B14,False,-31.0,-2.0,-11.522727272726776,27.127429440534105,-38.650156713260884,0.14281727196694086,-0.14281727196694086,False,0.2,-5.6,-0.8,4.401653494024757,0.34296496472086807,-0.1429649647208681,0.5,16
2026-02-07,B14CAPIT1XL,CSVC 14 CASCADE,CAPIT,14,1,B14LCVBC1GE,Legacy Boys 14 Premier,B14,True,3.0,1.0,-11.522727272726776,-13.653006117089069,2.1302788443622926,0.5246735104795165,0.4753264895204835,True,0.4,-4.2,-0.2,-0.42440227484769755,0.3948969210207317,0.005103078979268261,0.6666666666666666,17
2026-02-07,B14CAPIT1XL,CSVC 14 CASCADE,CAPIT,14,1,B14TACCU1GE,Accuracy 14 Champ,B14,False,-14.0,-2.0,-11.522727272726776,12.990679913889906,-24.513407186616682,0.242943514309161,-0.242943514309161,False,0.4,-4.2,-0.4,-0.4217208375243967,0.39487405039695406,0.005125949603045921,0.6666666666666666,18
2026-02-07,B14CAPIT1XL,CSVC 14 CASCADE,CAPIT,14,1,B14117901XX,Torrimar 14 1,B14,False,-31.0,-2.0,-11.522727272726776,20.918751384386137,-32.44147865711291,0.1817986916134973,-0.1817986916134973,False,0.2,-14.6,-1.2,6.880527551084408,0.3218265863682298,-0.12182658636822981,0.5,19
2026-02-08,B14CAPIT1XL,CSVC 14 CASCADE,CAPIT,14,1,B14LHVBC1NE,LHV Boys 14-1 Premier,B14,False,-6.0,-1.0,-11.522727272726776,-4.575157606275897,-6.947569666450879,0.4201550917780823,-0.4201550917780823,True,0.2,-15.8,-1.2,8.561739403089039,0.30247761602943957,-0.10247761602943958,0.5,20
2026-03-14,B14CAPIT1XL,CSVC 14 CASCADE,CAPIT,14,1,B14HKJVB1NE,Husky 14.1,B14,True,0.0,1.0,-11.522727272726776,-10.022727272726705,-1.500000000000071,0.48261944556535025,0.5173805544346497,True,0.4,-9.6,-0.6,1.1317080604368748,0.37043805074912145,0.029561949250878516,0.6666666666666666,21
2026-03-14,B14CAPIT1XL,CSVC 14 CASCADE,CAPIT,14,1,B14SJJVB1NE,SMASH Boys 14-1,B14,False,-33.0,-3.0,-11.522727272726776,23.977272727273515,-35.50000000000029,0.16164726542048555,-0.16164726542048555,False,0.2,-16.8,-1.4,8.657763829309392,0.2978328017373153,-0.0978328017373153,0.5,22
2026-03-15,B14CAPIT1XL,CSVC 14 CASCADE,CAPIT,14,1,B14SAVBC1XL,Sporting Albany Boys 14u,B14,False,-15.0,-2.0,-11.522727272726776,1.727272727273264,-13.250000000000039,0.3510651621930374,-0.3510651621930374,False,0.2,-17.0,-1.4,6.405082391986063,0.3194571313140906,-0.1194571313140906,0.5,23
2026-03-15,B14CAPIT1XL,CSVC 14 CASCADE,CAPIT,14,1,B13SJJVB1NE,SMASH Boys 13-1,MIXED,False,-11.0,-1.0,-11.522727272726776,1.977272727273272,-13.500000000000048,0.368527701120652,-0.368527701120652,False,0.2,-13.0,-1.2,2.6167866605634904,0.3568029332155215,-0.15680293321552152,0.5,24
2025-12-20,B14CAPIT2XL,CSVC 14 SAWTEETH,CAPIT,14,2,B14SAVBC1XL,Sporting Albany Boys 14u,B14,False,-23.0,-2.0,-22.02272727272697,1.727272727273264,-23.750000000000234,0.24951284575380173,-0.24951284575380173,False,0.0,-23.0,-2.0,1.727272727273264,0.24951284575380173,-0.24951284575380173,,1
2025-12-20,B14CAPIT2XL,CSVC 14 SAWTEETH,CAPIT,14,2,B13SJJVB1NE,SMASH Boys 13-1,MIXED,False,-24.0,-2.0,-22.02272727272697,1.977272727273272,-24.00000000000024,0.27739881282806866,-0.27739881282806866,False,0.0,-23.5,-2.0,1.852272727273268,0.2634558292909352,-0.2634558292909352,,2
2025-12-20,B14CAPIT2XL,CSVC 14 SAWTEETH,CAPIT,14,2,B14CAPIT1XL,CSVC 14 CASCADE,B14,True,10.0,2.0,-22.02272727272697,-11.522727272726776,-10.500000000000195,0.3806355111800194,0.6193644888199805,False,0.3333333333333333,-12.333333333333334,-0.6666666666666666,-2.60606060606008,0.30251572325396325,0.030817610079370044,,3
2025-12-21,B14CAPIT2XL,CSVC 14 SAWTEETH,CAPIT,14,2,B14SJJVB2NE,SMASH Boys 14's Thunder,B14,False,-11.0,-2.0,-22.02272727272697,-14.022727272726588,-8.000000000000384,0.4083152052343828,-0.4083152052343828,False,0.25,-12.0,-1.0,-5.460227272726707,0.32896559374906814,-0.07896559374906817,,4
2025-12-21,B14CAPIT2XL,CSVC 14 SAWTEETH,CAPIT,14,2,B14SJJVB1NE,SMASH Boys 14-1,B14,False,-31.0,-2.0,-22.02272727272697,23.977272727273515,-46.00000000000048,0.10594245900059159,-0.10594245900059159,False,0.2,-15.8,-1.2,0.4272727272733377,0.28436096679937284,-0.08436096679937286,,5
2025-12-21,B14CAPIT2XL,CSVC 14 SAWTEETH,CAPIT,14,2,B14CAPIT1XL,CSVC 14 CASCADE,B14,True,9.0,1.0,-22.02272727272697,-11.522727272726776,-10.500000000000195,0.3806355111800194,0.6193644888199805,False,0.4,-9.4,-0.6,-2.22272727272667,0.31058549988461637,0.0894145001153836,,6
2025-12-21,B14CAPIT2XL,CSVC 14 SAWTEETH,CAPIT,14,2,B14SJJVB2NE,SMASH Boys 14's Thunder,B14,False,-7.0,-2.0,-22.02272727272697,-14.022727272726588,-8.000000000000384,0.4083152052343828,-0.4083152052343828,False,0.4,-6.0,-0.6,-5.422727272726642,0.3367687783658792,0.06323122163412079,,7
2026-01-17,B14CAPIT2XL,CSVC 14 SAWTEETH,CAPIT,14,2,B14CAPIT1XL,CSVC 14 CASCADE,B14,True,1.0,1.0,-22.02272727272697,-11.522727272726776,-10.500000000000195,0.3806355111800194,0.6193644888199805,False,0.4,-7.8,-0.8,-5.422727272726642,0.3367687783658792,0.06323122163412079,,8
2026-01-17,B14CAPIT2XL,CSVC 14 SAWTEETH,CAPIT,14,2,B14117752XX,ValleyVBC Elite Boys,B14,False,-17.0,-2.0,-22.02272727272697,10.477272727273203,-32.50000000000017,0.18139542014521798,-0.18139542014521798,False,0.4,-9.0,-0.8,-0.522727272726684,0.2913848213480462,0.10861517865195376,,9
2026-01-17,B14CAPIT2XL,CSVC 14 SAWTEETH,CAPIT,14,2,B14MVPVA1NE,MVP BOS 14 Black,B14,False,-8.0,-2.0,-22.02272727272697,-6.53496735292579,-15.487759919801181,0.3278074848754742,-0.3278074848754742,False,0.4,-4.4,-0.8,-6.6251752887665445,0.3357578265230227,0.06424217347697724,,10
2026-01-18,B14CAPIT2XL,CSVC 14 SAWTEETH,CAPIT,14,2,B14RRJVB1NE,Boston United Boys 14-1,B14,False,-18.0,-2.0,-22.02272727272697,12.977272727273402,-35.00000000000037,0.16481371832611957,-0.16481371832611957,False,0.2,-9.8,-1.4,-1.725175288766509,0.2925934679522428,-0.09259346795224278,,11
2026-01-18,B14CAPIT2XL,CSVC 14 SAWTEETH,CAPIT,14,2,B14LHVBC1NE,LHV Boys 14-1 Premier,B14,False,-10.0,-2.0,-22.02272727272697,-4.575157606275897,-17.447569666451074,0.3081060949741371,-0.3081060949741371,False,0.2,-10.4,-1.4,0.164338644523629,0.27255164590019365,-0.07255164590019364,,12
2026-01-19,B14CAPIT2XL,CSVC 14 SAWTEETH,CAPIT,14,2,B14LHVBC1NE,LHV Boys 14-1 Premier,B14,False,-10.0,-1.0,-22.02272727272697,-4.575157606275897,-17.447569666451074,0.3081060949741371,-0.3081060949741371,False,0.0,-12.6,-1.8,1.5538525778138046,0.2580457626590172,-0.2580457626590172,,13
2026-01-19,B14CAPIT2XL,CSVC 14 SAWTEETH,CAPIT,14,2,B14MVPVA1NE,MVP BOS 14 Black,B14,False,-18.0,-2.0,-22.02272727272697,-6.53496735292579,-15.487759919801181,0.3278074848754742,-0.3278074848754742,False,0.0,-12.8,-1.8,-1.8485954382259941,0.2873281756050684,-0.2873281756050684,,14
2026-03-14,B14CAPIT2XL,CSVC 14 SAWTEETH,CAPIT,14,2,B14RRJVB1NE,Boston United Boys 14-1,B14,False,-19.0,-2.0,-22.02272727272697,12.977272727273402,-35.00000000000037,0.16481371832611957,-0.16481371832611957,False,0.0,-15.0,-1.8,2.0538525778138443,0.2547294222951975,-0.2547294222951975,,15
2026-03-14,B14CAPIT2XL,CSVC 14 SAWTEETH,CAPIT,14,2,B14NEVBC1NE,NEVBC Boys 14.1,B14,False,-32.0,-2.0,-22.02272727272697,19.977272727273387,-42.000000000000355,0.12483640410979258,-0.12483640410979258,False,0.0,-17.8,-1.8,3.4538525778138416,0.24673395945193213,-0.24673395945193208,,16
2026-03-14,B14CAPIT2XL,CSVC 14 SAWTEETH,CAPIT,14,2,B14SJJVB2NE,SMASH Boys 14's Thunder,B14,False,-4.0,-1.0,-22.02272727272697,-14.022727272726588,-8.000000000000384,0.4083152052343828,-0.4083152052343828,False,0.0,-16.6,-1.6,1.5643386445237035,0.26677578150398124,-0.2667757815039812,,17
2026-03-15,B14CAPIT2XL,CSVC 14 SAWTEETH,CAPIT,14,2,B14HKJVB1NE,Husky 14.1,B14,False,1.0,-1.0,-22.02272727272697,-10.022727272726705,-12.000000000000266,0.3643803938744476,-0.3643803938744476,False,0.0,-14.4,-1.6,0.47482471123354164,0.2780306412840433,-0.2780306412840433,,18
2026-03-15,B14CAPIT2XL,CSVC 14 SAWTEETH,CAPIT,14,2,B14RRJVB2NE,Boston United Boys 13 Select 1,B14,False,6.0,-1.0,-22.02272727272697,-13.522727272726693,-8.500000000000279,0.4027263637929719,-0.4027263637929719,False,0.0,-9.6,-1.4,-0.9227272727266389,0.2930144170675429,-0.2930144170675429,,19
2026-02-06,B14COQUI1PU,BORINQUEN COQUI 14M Pirito,COQUI,14,1,B14LIFRY1GE,LI Fury 14 1,B14,True,29.0,2.0,27.127429440534105,-12.981216866299041,40.108646306833144,0.8652632188098801,0.1347367811901199,False,1.0,29.0,2.0,-12.981216866299041,0.8652632188098801,0.1347367811901199,,1
2026-02-06,B14COQUI1PU,BORINQUEN COQUI 14M Pirito,COQUI,14,1,B14ROCVC1GE,Rockland VBC 14 1,B14,True,36.0,2.0,27.127429440534105,-15.592490558657888,42.719919999191994,0.878765045450997,0.12123495454900302,False,1.0,32.5,2.0,-14.286853712478464,0.8720141321304385,0.12798586786956145,,2
2026-02-06,B14COQUI1PU,BORINQUEN COQUI 14M Pirito,COQUI,14,1,B14CAPIT1XL,CSVC 14 CASCADE,B14,True,31.0,2.0,27.127429440534105,-11.522727272726776,38.650156713260884,0.8571827280330592,0.14281727196694083,False,1.0,32.0,2.0,-13.365478232561236,0.8670703307646455,0.13292966923535457,,3
2026-02-07,B14COQUI1PU,BORINQUEN COQUI 14M Pirito,COQUI,14,1,B14SPTMC3GE,Sportime 14 3,B14,True,40.0,2.0,27.127429440534105,-13.787497220304681,40.91492666083879,0.8695624192816972,0.1304375807183028,False,1.0,34.0,2.0,-13.470982979497096,0.8676933528939084,0.13230664710609163,,4
2026-02-07,B14COQUI1PU,BORINQUEN COQUI 14M Pirito,COQUI,14,1,B14LHVBC1NE,LHV Boys 14-1 Premier,B14,True,30.0,2.0,27.127429440534105,-4.575157606275897,31.702587046810002,0.8130495369492771,0.18695046305072294,False,1.0,33.2,2.0,-11.691817904852858,0.8567645897049821,0.1432354102950179,,5
2026-02-07,B14COQUI1PU,BORINQUEN COQUI 14M Pirito,COQUI,14,1,B14MVPVA1NE,MVP BOS 14 Black,B14,True,41.0,2.0,27.127429440534105,-6.53496735292579,33.66239679345989,0.8264707738132744,0.17352922618672562,False,1.0,35.6,2.0,-10.402568002178207,0.8490061007056611,0.15099389929433904,,6
2026-02-08,B14COQUI1PU,BORINQUEN COQUI 14M Pirito,COQUI,14,1,B14117901XX,Torrimar 14 1,B14,True,18.0,2.0,27.127429440534105,20.918751384386137,6.208678056147967,0.5714762345683029,0.4285237654316971,True,1.0,32.0,2.0,-3.1003196135694013,0.7875483385291221,0.21245166147087788,1.0,7
2026-02-08,B14COQUI1PU,BORINQUEN COQUI 14M Pirito,COQUI,14,1,B14CORE11GE,CORE Boys 14 Platinum,B14,True,18.0,2.0,27.127429440534105,14.493527932767954,12.63390150776615,0.6423994952514048,0.35760050474859517,False,1.0,29.4,2.0,2.102931427529545,0.7445916919727912,0.2554083080272087,1.0,8
2026-02-06,B14CORE11GE,CORE Boys 14 Platinum,CORE1,14,1,B14SPTMC2GE,Sportime 14 2,B14,True,28.0,2.0,14.493527932767954,-5.850380343414951,20.343908276182905,0.719762223961988,0.28023777603801203,False,1.0,28.0,2.0,-5.850380343414951,0.719762223961988,0.28023777603801203,,1
2026-02-06,B14CORE11GE,CORE Boys 14 Platinum,CORE1,14,1,B14LHVBC1NE,LHV Boys 14-1 Premier,B14,True,9.0,2.0,14.493527932767954,-4.575157606275897,19.06868553904385,0.7076823824732286,0.29231761752677143,False,1.0,18.5,2.0,-5.2127689748454245,0.7137223032176083,0.28627769678239173,,2
2026-02-06,B14CORE11GE,CORE Boys 14 Platinum,CORE1,14,1,B14LCVBC1GE,Legacy Boys 14 Premier,B14,True,21.0,2.0,14.493527932767954,-13.653006117089069,28.146534049857024,0.786686258524452,0.21331374147554805,False,1.0,19.333333333333332,2.0,-8.026181355593305,0.7380436216532228,0.26195637834677715,,3
2026-02-07,B14CORE11GE,CORE Boys 14 Platinum,CORE1,14,1,B14MVPVA1NE,MVP BOS 14 Black,B14,True,24.0,2.0,14.493527932767954,-6.53496735292579,21.028495285693744,0.7261198729447029,0.2738801270552971,False,1.0,20.5,2.0,-7.653377854926426,0.7350626844760928,0.26493731552390715,,4
2026-02-07,B14CORE11GE,CORE Boys 14 Platinum,CORE1,14,1,B14LIFRY1GE,LI Fury 14 1,B14,True,25.0,2.0,14.493527932767954,-12.981216866299041,27.474744799066997,0.7814124904585189,0.2185875095414811,False,1.0,21.4,2.0,-8.71894565720095,0.7443326456725781,0.25566735432742194,,5
2026-02-07,B14CORE11GE,CORE Boys 14 Platinum,CORE1,14,1,B14LHVBC1NE,LHV Boys 14-1 Premier,B14,True,19.0,2.0,14.493527932767954,-4.575157606275897,19.06868553904385,0.7076823824732286,0.29231761752677143,False,1.0,19.6,2.0,-8.46390110977314,0.7419166773748263,0.25808332262517386,,6
2026-02-08,B14CORE11GE,CORE Boys 14 Platinum,CORE1,14,1,B14TACCU1GE,Accuracy 14 Champ,B14,True,16.0,2.0,14.493527932767954,12.990679913889906,1.5028480188780478,0.5174135278671456,0.48258647213285444,True,1.0,21.0,2.0,-4.950733605739978,0.7038629064536096,0.2961370935463904,1.0,7
2026-02-08,B14CORE11GE,CORE Boys 14 Platinum,CORE1,14,1,B14COQUI1PU,BORINQUEN COQUI 14M Pirito,B14,False,-18.0,-2.0,14.493527932767954,27.127429440534105,-12.63390150776615,0.35760050474859534,-0.35760050474859534,False,0.8,13.2,1.2,3.2053535057846565,0.6180457556984382,0.18195424430156176,1.0,8
2026-01-31,B14HKJVB1NE,Husky 14.1,HKJVB,14,1,B14RRJVB2NE,Boston United Boys 13 Select 1,B14,True,8.0,1.0,-10.022727272726705,-13.522727272726693,3.4999999999999876,0.5404821672878988,0.4595178327121012,True,1.0,8.0,1.0,-13.522727272726693,0.5404821672878988,0.4595178327121012,1.0,1
2026-01-31,B14HKJVB1NE,Husky 14.1,HKJVB,14,1,B13SJJVB1NE,SMASH Boys 13-1,MIXED,False,-12.0,-2.0,-10.022727272726705,1.977272727273272,-11.999999999999977,0.38255900258470393,-0.38255900258470393,False,0.5,-2.0,-0.5,-5.77272727272671,0.4615205849363013,0.038479415063698647,1.0,2
2026-01-31,B14HKJVB1NE,Husky 14.1,HKJVB,14,1,B14SAVBC1XL,Sporting Albany Boys 14u,B14,False,-26.0,-2.0,-10.022727272726705,1.727272727273264,-11.749999999999968,0.3670693150656578,-0.3670693150656578,False,0.3333333333333333,-10.0,-1.0,-3.272727272726719,0.4300368283127535,-0.09670349497942017,1.0,3
2026-02-01,B14HKJVB1NE,Husky 14.1,HKJVB,14,1,B14MVPVA1NE,MVP BOS 14 Black,B14,False,-14.0,-2.0,-10.022727272726705,-6.53496735292579,-3.487759919800915,0.45965878928870735,-0.45965878928870735,True,0.25,-11.0,-1.25,-4.088287292776487,0.437442318556742,-0.18744231855674198,0.5,4
2026-02-01,B14HKJVB1NE,Husky 14.1,HKJVB,14,1,B14SJJVB1NE,SMASH Boys 14-1,B14,False,-28.0,-2.0,-10.022727272726705,23.977272727273515,-34.00000000000022,0.17129569787807022,-0.17129569787807022,False,0.2,-14.4,-1.4,1.5248247112335136,0.38421299442100765,-0.18421299442100764,0.5,5
2026-03-14,B14HKJVB1NE,Husky 14.1,HKJVB,14,1,B14SJJVB1NE,SMASH Boys 14-1,B14,False,-40.0,-3.0,-10.022727272726705,23.977272727273515,-34.00000000000022,0.17129569787807022,-0.17129569787807022,False,0.0,-24.0,-2.2,9.024824711233554,0.3103757005390419,-0.3103757005390419,0.0,6
2026-03-14,B14HKJVB1NE,Husky 14.1,HKJVB,14,1,B14CAPIT1XL,CSVC 14 CASCADE,B14,False,-0.0,-1.0,-10.022727272726705,-11.522727272726776,1.500000000000071,0.5173805544346497,-0.5173805544346497,True,0.0,-21.6,-2.0,6.3248247112335445,0.3373400109090311,-0.3373400109090311,0.0,7
2026-03-15,B14HKJVB1NE,Husky 14.1,HKJVB,14,1,B14CAPIT2XL,CSVC 14 SAWTEETH,B14,True,-1.0,1.0,-10.022727272726705,-22.02272727272697,12.000000000000266,0.6356196061255523,0.36438039387444765,False,0.2,-16.6,-1.4,1.5748247112334988,0.39105006912101,-0.19105006912100997,0.0,8
2026-03-15,B14HKJVB1NE,Husky 14.1,HKJVB,14,1,B14RRJVB2NE,Boston United Boys 13 Select 1,B14,True,18.0,1.0,-10.022727272726705,-13.522727272726693,3.4999999999999876,0.5404821672878988,0.4595178327121012,True,0.4,-10.2,-0.8,0.17727272727331816,0.4072147447208483,-0.007214744720848254,0.5,9
2026-02-06,B14LCVBC1GE,Legacy Boys 14 Premier,LCVBC,14,1,B14LHVBC1NE,LHV Boys 14-1 Premier,B14,False,-22.0,-2.0,-13.653006117089069,-4.575157606275897,-9.077848510813173,0.39629876946917547,-0.39629876946917547,False,0.0,-22.0,-2.0,-4.575157606275897,0.39629876946917547,-0.39629876946917547,,1
2026-02-06,B14LCVBC1GE,Legacy Boys 14 Premier,LCVBC,14,1,B14SPTMC2GE,Sportime 14 2,B14,False,-12.0,-2.0,-13.653006117089069,-5.850380343414951,-7.802625773674118,0.4105280212045576,-0.4105280212045576,False,0.0,-17.0,-2.0,-5.2127689748454245,0.40341339533686654,-0.40341339533686654,,2
2026-02-06,B14LCVBC1GE,Legacy Boys 14 Premier,LCVBC,14,1,B14CORE11GE,CORE Boys 14 Platinum,B14,False,-21.0,-2.0,-13.653006117089069,14.493527932767954,-28.146534049857024,0.21331374147554802,-0.21331374147554802,False,0.0,-18.333333333333332,-2.0,1.3559966610257017,0.3400468440497604,-0.3400468440497604,,3
2026-02-07,B14LCVBC1GE,Legacy Boys 14 Premier,LCVBC,14,1,B14TACCU1GE,Accuracy 14 Champ,B14,False,-32.0,-2.0,-13.653006117089069,12.990679913889906,-26.643686030978976,0.2252406334553333,-0.2252406334553333,False,0.0,-21.75,-2.0,4.264667474241753,0.3113452914011536,-0.3113452914011536,,4
2026-02-07,B14LCVBC1GE,Legacy Boys 14 Premier,LCVBC,14,1,B14CAPIT1XL,CSVC 14 CASCADE,B14,False,-3.0,-1.0,-13.653006117089069,-11.522727272726776,-2.1302788443622926,0.47532648952048345,-0.47532648952048345,True,0.0,-18.0,-1.8,1.107188524848047,0.34414153102501954,-0.34414153102501954,0.0,5
2026-02-07,B14LCVBC1GE,Legacy Boys 14 Premier,LCVBC,14,1,B14LIFRY1GE,LI Fury 14 1,B14,False,-13.0,-2.0,-13.653006117089069,-12.981216866299041,-0.6717892507900274,0.4922134456136853,-0.4922134456136853,True,0.0,-16.2,-1.8,-0.5740233271565817,0.3633244662539215,-0.3633244662539215,0.0,6
2026-02-08,B14LCVBC1GE,Legacy Boys 14 Premier,LCVBC,14,1,B14ROCVC1GE,Rockland VBC 14 1,B14,True,15.0,2.0,-13.653006117089069,-15.592490558657888,1.939484441568819,0.5224667960567265,0.4775332039432735,True,0.2,-10.8,-1.0,-2.522445370205169,0.38571222122435533,-0.18571222122435532,0.3333333333333333,7
2026-02-08,B14LCVBC1GE,Legacy Boys 14 Premier,LCVBC,14,1,B14SPTMC3GE,Sportime 14 3,B14,True,12.0,2.0,-13.653006117089069,-13.787497220304681,0.13449110321561264,0.5015589763678866,0.4984410236321134,True,0.4,-4.2,-0.2,-8.178650400819697,0.44336126820282307,-0.043361268202823024,0.5,8
2025-11-22,B14LHVBC1NE,LHV Boys 14-1 Premier,LHVBC,14,1,B14117752XX,ValleyVBC Elite Boys,B14,False,-19.0,-2.0,-4.575157606275897,10.477272727273203,-15.0524303335491,0.33227057234288704,-0.33227057234288704,False,0.0,-19.0,-2.0,10.477272727273203,0.33227057234288704,-0.33227057234288704,,1
2025-11-22,B14LHVBC1NE,LHV Boys 14-1 Premier,LHVBC,14,1,B14TACCU1GE,Accuracy 14 Champ,B14,False,-16.0,-2.0,-4.575157606275897,12.990679913889906,-17.565837520165804,0.30693832841594876,-0.30693832841594876,False,0.0,-17.5,-2.0,11.733976320581554,0.31960445037941787,-0.31960445037941787,,2
2025-11-22,B14LHVBC1NE,LHV Boys 14-1 Premier,LHVBC,14,1,B14MVPVA1NE,MVP BOS 14 Black,B14,True,4.0,0.0,-4.575157606275897,-6.53496735292579,1.959809746649893,0.5227019203427578,0.47729807965724225,True,0.3333333333333333,-10.333333333333334,-1.3333333333333333,5.64432842941244,0.3873036070338645,-0.05397027370053118,1.0,3
2025-11-22,B14LHVBC1NE,LHV Boys 14-1 Premier,LHVBC,14,1,B14RRJVB1NE,Boston United Boys 14-1,B14,True,17.0,2.0,-4.575157606275897,12.977272727273402,-17.5524303335493,0.30707058586622726,0.6929294141337727,False,0.5,-3.5,-0.5,7.47756450387768,0.3672453517419552,0.13275464825804478,1.0,4
2025-11-23,B14LHVBC1NE,LHV Boys 14-1 Premier,LHVBC,14,1,B14117752XX,ValleyVBC Elite Boys,B14,False,-8.0,-2.0,-4.575157606275897,10.477272727273203,-15.0524303335491,0.33227057234288704,-0.33227057234288704,False,0.4,-4.4,-0.8,8.077506148556784,0.3602503958621416,0.03974960413785842,1.0,5
2025-11-23,B14LHVBC1NE,LHV Boys 14-1 Premier,LHVBC,14,1,B14MVPVA1NE,MVP BOS 14 Black,B14,True,9.0,2.0,-4.575157606275897,-6.53496735292579,1.959809746649893,0.5227019203427578,0.47729807965724225,True,0.6,1.2,0.0,4.675058132516986,0.3983366654621157,0.20166333453788426,1.0,6
2025-11-23,B14LHVBC1NE,LHV Boys 14-1 Premier,LHVBC,14,1,B14RRJVB1NE,Boston United Boys 14-1,B14,False,-10.0,-2.0,-4.575157606275897,12.977272727273402,-17.5524303335493,0.30707058586622726,-0.30707058586622726,False,0.6,2.4,0.0,4.672376695193686,0.3983631169521714,0.20163688304782862,1.0,7
2026-01-17,B14LHVBC1NE,LHV Boys 14-1 Premier,LHVBC,14,1,B14MVPVA1NE,MVP BOS 14 Black,B14,True,7.0,2.0,-4.575157606275897,-6.53496735292579,1.959809746649893,0.5227019203427578,0.47729807965724225,True,0.6,3.0,0.4,4.672376695193686,0.3983631169521714,0.20163688304782856,1.0,8
2026-01-17,B14LHVBC1NE,LHV Boys 14-1 Premier,LHVBC,14,1,B14RRJVB1NE,Boston United Boys 14-1,B14,False,-24.0,-2.0,-4.575157606275897,12.977272727273402,-17.5524303335493,0.30707058586622726,-0.30707058586622726,False,0.4,-5.2,-0.4,4.672376695193686,0.3983631169521714,0.0016368830478285634,1.0,9
2026-01-17,B14LHVBC1NE,LHV Boys 14-1 Premier,LHVBC,14,1,B14CAPIT1XL,CSVC 14 CASCADE,B14,False,-10.0,-2.0,-4.575157606275897,-11.522727272726776,6.947569666450879,0.5798449082219177,-0.5798449082219177,True,0.4,-5.6,-0.4,0.2723766951936895,0.4478779841279775,-0.04787798412797757,0.6666666666666666,10
2026-01-18,B14LHVBC1NE,LHV Boys 14-1 Premier,LHVBC,14,1,B14117752XX,ValleyVBC Elite Boys,B14,False,-18.0,-2.0,-4.575157606275897,10.477272727273203,-15.0524303335491,0.33227057234288704,-0.33227057234288704,False,0.2,-11.0,-1.2,3.674824711233488,0.4097917145280034,-0.2097917145280034,0.5,11
2026-01-18,B14LHVBC1NE,LHV Boys 14-1 Premier,LHVBC,14,1,B14CAPIT2XL,CSVC 14 SAWTEETH,B14,True,10.0,2.0,-4.575157606275897,-22.02272727272697,17.447569666451074,0.6918939050258629,0.3081060949741371,False,0.4,-7.0,-0.4,-3.3251752887665864,0.4867563783599305,-0.08675637835993055,0.5,12
2026-01-19,B14LHVBC1NE,LHV Boys 14-1 Premier,LHVBC,14,1,B14CAPIT2XL,CSVC 14 SAWTEETH,B14,True,10.0,1.0,-4.575157606275897,-22.02272727272697,17.447569666451074,0.6918939050258629,0.3081060949741371,False,0.4,-6.4,-0.6,-6.4227272727268225,0.5205947752965516,-0.12059477529655158,0.0,13
2026-01-19,B14LHVBC1NE,LHV Boys 14-1 Premier,LHVBC,14,1,B14MVPVA1NE,MVP BOS 14 Black,B14,True,-3.0,1.0,-4.575157606275897,-6.53496735292579,1.959809746649893,0.5227019203427578,0.47729807965724225,True,0.6,-2.2,0.0,-10.325175288766662,0.5637210421918576,0.03627895780814232,0.5,14
2026-01-31,B14LHVBC1NE,LHV Boys 14-1 Premier,LHVBC,14,1,B14117752XX,ValleyVBC Elite Boys,B14,False,-17.0,-3.0,-4.575157606275897,10.477272727273203,-15.0524303335491,0.33227057234288704,-0.33227057234288704,False,0.6,-3.6,-0.2,-5.925175288766665,0.5142061750160515,0.08579382498394846,1.0,15
2026-01-31,B14LHVBC1NE,LHV Boys 14-1 Premier,LHVBC,14,1,B14SJJVB1NE,SMASH Boys 14-1,B14,False,-31.0,-3.0,-4.575157606275897,23.977272727273515,-28.552430333549413,0.21017255895001627,-0.21017255895001627,False,0.6,-6.2,-0.4,-3.2251752887666028,0.4897865723374773,0.1102134276625226,1.0,16
2026-02-01,B14LHVBC1NE,LHV Boys 14-1 Premier,LHVBC,14,1,B14SJJVB2NE,SMASH Boys 14's Thunder,B14,False,-5.0,-2.0,-4.575157606275897,-14.022727272726588,9.44756966645069,0.6077951987981616,-0.6077951987981616,False,0.4,-9.2,-1.2,-1.6251752887665263,0.47296683109193716,-0.07296683109193713,1.0,17
2026-02-01,B14LHVBC1NE,LHV Boys 14-1 Premier,LHVBC,14,1,B14RRJVB2NE,Boston United Boys 13 Select 1,B14,True,14.0,2.0,-4.575157606275897,-13.522727272726693,8.947569666450796,0.6022551353752736,0.39774486462472636,False,0.4,-8.4,-1.0,0.07482471123352959,0.45503907716181924,-0.055039077161819286,1.0,18
2026-02-06,B14LHVBC1NE,LHV Boys 14-1 Premier,LHVBC,14,1,B14LCVBC1GE,Legacy Boys 14 Premier,B14,True,22.0,2.0,-4.575157606275897,-13.653006117089069,9.077848510813173,0.6037012305308246,0.3962987694691754,False,0.4,-3.4,-0.8,-1.3487830415991262,0.47123893919943266,-0.07123893919943265,,19
2026-02-06,B14LHVBC1NE,LHV Boys 14-1 Premier,LHVBC,14,1,B14CORE11GE,CORE Boys 14 Platinum,B14,False,-9.0,-2.0,-4.575157606275897,14.493527932767954,-19.06868553904385,0.29231761752677143,-0.29231761752677143,False,0.4,-1.8,-0.6,-0.5455320005001759,0.4632483482362095,-0.06324834823620953,,20
2026-02-06,B14LHVBC1NE,LHV Boys 14-1 Premier,LHVBC,14,1,B14SPTMC2GE,Sportime 14 2,B14,False,-2.0,-1.0,-4.575157606275897,-5.850380343414951,1.275222737139054,0.5147777027840105,-0.5147777027840105,True,0.4,4.0,-0.2,-6.511062614637869,0.5241693770030084,-0.12416937700300837,0.0,21
2026-02-07,B14LHVBC1NE,LHV Boys 14-1 Premier,LHVBC,14,1,B14SPTMC3GE,Sportime 14 3,B14,True,9.0,2.0,-4.575157606275897,-13.787497220304681,9.212339614028785,0.6051921821576278,0.3948078178423722,False,0.6,6.8,0.6,-6.464016604153488,0.5236487736749016,0.07635122632509839,0.0,22
2026-02-07,B14LHVBC1NE,LHV Boys 14-1 Premier,LHVBC,14,1,B14COQUI1PU,BORINQUEN COQUI 14M Pirito,B14,False,-30.0,-2.0,-4.575157606275897,27.127429440534105,-31.702587046810002,0.1869504630507229,-0.1869504630507229,False,0.4,-2.0,-0.2,1.6660147384986714,0.44058783920999145,-0.04058783920999147,0.0,23
2026-02-07,B14LHVBC1NE,LHV Boys 14-1 Premier,LHVBC,14,1,B14CORE11GE,CORE Boys 14 Platinum,B14,False,-19.0,-2.0,-4.575157606275897,14.493527932767954,-19.06868553904385,0.29231761752677143,-0.29231761752677143,False,0.2,-10.2,-1.0,7.295321548470076,0.37831111660918076,-0.17831111660918084,0.0,24
2026-02-08,B14LHVBC1NE,LHV Boys 14-1 Premier,LHVBC,14,1,B14CAPIT1XL,CSVC 14 CASCADE,B14,True,6.0,1.0,-4.575157606275897,-11.522727272726776,6.947569666450879,0.5798449082219177,0.4201550917780823,True,0.4,-7.2,-0.4,2.0920705073711305,0.43581657474821006,-0.035816574748210095,0.5,25
2026-02-08,B14LHVBC1NE,LHV Boys 14-1 Premier,LHVBC,14,1,B14MVPVA1NE,MVP BOS 14 Black,B14,True,6.0,2.0,-4.575157606275897,-6.53496735292579,1.959809746649893,0.5227019203427578,0.47729807965724225,True,0.6,-5.6,0.2,1.9551531054689626,0.4374014182599595,0.16259858174004044,1.0,26
2026-02-06,B14LIFRY1GE,LI Fury 14 1,LIFRY,14,1,B14COQUI1PU,BORINQUEN COQUI 14M Pirito,B14,False,-29.0,-2.0,-12.981216866299041,27.127429440534105,-40.108646306833144,0.13473678119011998,-0.13473678119011998,False,0.0,-29.0,-2.0,27.127429440534105,0.13473678119011998,-0.13473678119011998,,1
2026-02-06,B14LIFRY1GE,LI Fury 14 1,LIFRY,14,1,B14CAPIT1XL,CSVC 14 CASCADE,B14,True,-0.0,1.0,-12.981216866299041,-11.522727272726776,-1.4584895935722653,0.48310005652796667,0.5168999434720334,True,0.5,-14.5,-0.5,7.802351083903664,0.3089184188590433,0.1910815811409567,1.0,2
2026-02-06,B14LIFRY1GE,LI Fury 14 1,LIFRY,14,1,B14ROCVC1GE,Rockland VBC 14 1,B14,False,-17.0,-1.0,-12.981216866299041,-15.592490558657888,2.6112736923588464,0.5302321952915325,-0.5302321952915325,True,0.3333333333333333,-15.333333333333334,-0.6666666666666666,0.004070536383146954,0.382689677669873,-0.049356344336539716,0.5,3
2026-02-07,B14LIFRY1GE,LI Fury 14 1,LIFRY,14,1,B14MVPVA1NE,MVP BOS 14 Black,B14,False,-11.0,-2.0,-12.981216866299041,-6.53496735292579,-6.446249513373251,0.42582833249191704,-0.42582833249191704,True,0.25,-14.25,-1.0,-1.6306889359440873,0.39347434137538406,-0.14347434137538406,0.3333333333333333,4
2026-02-07,B14LIFRY1GE,LI Fury 14 1,LIFRY,14,1,B14CORE11GE,CORE Boys 14 Platinum,B14,False,-25.0,-2.0,-12.981216866299041,14.493527932767954,-27.474744799066997,0.21858750954148107,-0.21858750954148107,False,0.2,-16.4,-1.2,1.594154437798321,0.35849697500860345,-0.15849697500860344,0.3333333333333333,5
2026-02-07,B14LIFRY1GE,LI Fury 14 1,LIFRY,14,1,B14LCVBC1GE,Legacy Boys 14 Premier,B14,True,13.0,2.0,-12.981216866299041,-13.653006117089069,0.6717892507900274,0.5077865543863147,0.4922134456136853,True,0.4,-8.0,-0.4,-6.5619326737263135,0.4331069296478424,-0.033106929647842384,0.5,6
2026-02-08,B14LIFRY1GE,LI Fury 14 1,LIFRY,14,1,B14SPTMC3GE,Sportime 14 3,B14,False,-11.0,-2.0,-12.981216866299041,-13.787497220304681,0.80628035400564,0.509345076992614,-0.509345076992614,True,0.2,-10.2,-1.0,-7.014886663241896,0.43835593374077186,-0.23835593374077185,0.25,7
2025-11-22,B14MVPVA1NE,MVP BOS 14 Black,MVPVA,14,1,B14TACCU1GE,Accuracy 14 Champ,B14,False,-22.0,-2.0,-6.53496735292579,12.990679913889906,-19.525647266815696,0.2879538907809012,-0.2879538907809012,False,0.0,-22.0,-2.0,12.990679913889906,0.2879538907809012,-0.2879538907809012,,1
2025-11-22,B14MVPVA1NE,MVP BOS 14 Black,MVPVA,14,1,B14LHVBC1NE,LHV Boys 14-1 Premier,B14,False,-4.0,-0.0,-6.53496735292579,-4.575157606275897,-1.959809746649893,0.47729807965724225,-0.47729807965724225,True,0.0,-13.0,-1.0,4.207761153807004,0.38262598521907176,-0.38262598521907176,0.0,2
2025-11-22,B14MVPVA1NE,MVP BOS 14 Black,MVPVA,14,1,B14117752XX,ValleyVBC Elite Boys,B14,False,-15.0,-2.0,-6.53496735292579,10.477272727273203,-17.012240080198993,0.3124256199706692,-0.3124256199706692,False,0.0,-13.666666666666666,-1.3333333333333333,6.297598344962403,0.3592258634696042,-0.3592258634696042,0.0,3
2025-11-22,B14MVPVA1NE,MVP BOS 14 Black,MVPVA,14,1,B14RRJVB1NE,Boston United Boys 14-1,B14,False,-15.0,-2.0,-6.53496735292579,12.977272727273402,-19.51224008019919,0.28808136822147046,-0.28808136822147046,False,0.0,-14.0,-1.5,7.967516940540153,0.3414397396575708,-0.3414397396575708,0.0,4
2025-11-23,B14MVPVA1NE,MVP BOS 14 Black,MVPVA,14,1,B14RRJVB1NE,Boston United Boys 14-1,B14,False,-9.0,-2.0,-6.53496735292579,12.977272727273402,-19.51224008019919,0.28808136822147046,-0.28808136822147046,False,0.0,-13.0,-1.6,8.969468097886804,0.33076806537035075,-0.33076806537035075,0.0,5
2025-11-23,B14MVPVA1NE,MVP BOS 14 Black,MVPVA,14,1,B14LHVBC1NE,LHV Boys 14-1 Premier,B14,False,-9.0,-2.0,-6.53496735292579,-4.575157606275897,-1.959809746649893,0.47729807965724225,-0.47729807965724225,True,0.0,-10.4,-1.6,5.456300593853642,0.3686369031456189,-0.3686369031456189,0.0,6
2026-01-17,B14MVPVA1NE,MVP BOS 14 Black,MVPVA,14,1,B14LHVBC1NE,LHV Boys 14-1 Premier,B14,False,-7.0,-2.0,-6.53496735292579,-4.575157606275897,-1.959809746649893,0.47729807965724225,-0.47729807965724225,True,0.0,-11.0,-2.0,5.456300593853642,0.3686369031456189,-0.3686369031456189,0.0,7
2026-01-17,B14MVPVA1NE,MVP BOS 14 Black,MVPVA,14,1,B14117752XX,ValleyVBC Elite Boys,B14,False,-8.0,-1.0,-6.53496735292579,10.477272727273203,-17.012240080198993,0.3124256199706692,-0.3124256199706692,False,0.0,-9.6,-1.8,5.456300593853642,0.3686369031456189,-0.3686369031456189,0.0,8
2026-01-17,B14MVPVA1NE,MVP BOS 14 Black,MVPVA,14,1,B14RRJVB1NE,Boston United Boys 14-1,B14,False,-17.0,-2.0,-6.53496735292579,12.977272727273402,-19.51224008019919,0.28808136822147046,-0.28808136822147046,False,0.0,-10.0,-1.8,5.456300593853642,0.3686369031456189,-0.3686369031456189,0.0,9
2026-01-17,B14MVPVA1NE,MVP BOS 14 Black,MVPVA,14,1,B14CAPIT2XL,CSVC 14 SAWTEETH,B14,True,8.0,2.0,-6.53496735292579,-22.02272727272697,15.487759919801181,0.6721925151245258,0.3278074848754742,False,0.2,-6.6,-1.0,-1.5436994061464318,0.44545913252622993,-0.24545913252623,0.0,10
2026-01-18,B14MVPVA1NE,MVP BOS 14 Black,MVPVA,14,1,B14CAPIT1XL,CSVC 14 CASCADE,B14,False,-12.0,-2.0,-6.53496735292579,-11.522727272726776,4.987759919800986,0.5575603308414278,-0.5575603308414278,True,0.2,-7.2,-1.0,-2.9332133394366076,0.4615115827630671,-0.2615115827630671,0.0,11
2026-01-19,B14MVPVA1NE,MVP BOS 14 Black,MVPVA,14,1,B14CAPIT2XL,CSVC 14 SAWTEETH,B14,True,18.0,2.0,-6.53496735292579,-22.02272727272697,15.487759919801181,0.6721925151245258,0.3278074848754742,False,0.4,-2.2,-0.2,-6.4227272727268225,0.5004904698565238,-0.1004904698565238,0.0,12
2026-01-19,B14MVPVA1NE,MVP BOS 14 Black,MVPVA,14,1,B14LHVBC1NE,LHV Boys 14-1 Premier,B14,False,3.0,-1.0,-6.53496735292579,-4.575157606275897,-1.959809746649893,0.47729807965724225,-0.47729807965724225,True,0.4,0.0,-0.2,-9.433213339436643,0.5334649617938384,-0.13346496179383843,0.0,13
2026-01-31,B14MVPVA1NE,MVP BOS 14 Black,MVPVA,14,1,B14NEVBC1NE,NEVBC Boys 14.1,B14,False,-13.0,-2.0,-6.53496735292579,19.977272727273387,-26.512240080199177,0.22630598928802909,-0.22630598928802909,False,0.4,0.8,-0.2,-8.033213339436646,0.5211098860071501,-0.12110988600715014,0.0,14
2026-01-31,B14MVPVA1NE,MVP BOS 14 Black,MVPVA,14,1,B14RRJVB1NE,Boston United Boys 14-1,B14,True,2.0,1.0,-6.53496735292579,12.977272727273402,-19.51224008019919,0.28808136822147046,0.7119186317785295,False,0.4,-0.4,-0.4,-1.0332133394365706,0.44428765662653913,-0.044287656626539065,0.0,15
2026-01-31,B14MVPVA1NE,MVP BOS 14 Black,MVPVA,14,1,B14SJJVB2NE,SMASH Boys 14's Thunder,B14,True,9.0,2.0,-6.53496735292579,-14.022727272726588,7.487759919800798,0.5859344592588615,0.41406554074113855,False,0.6,3.8,0.4,-1.5332133394365328,0.4499624823100259,0.1500375176899742,0.0,16
2026-02-01,B14MVPVA1NE,MVP BOS 14 Black,MVPVA,14,1,B14HKJVB1NE,Husky 14.1,B14,True,14.0,2.0,-6.53496735292579,-10.022727272726705,3.487759919800915,0.5403412107112927,0.4596587892887073,True,0.6,3.0,0.4,0.8667866605635204,0.4235922214273792,0.17640777857262083,0.5,17
2026-02-01,B14MVPVA1NE,MVP BOS 14 Black,MVPVA,14,1,B14SAVBC1XL,Sporting Albany Boys 14u,B14,False,-19.0,-2.0,-6.53496735292579,1.727272727273264,-8.262240080199053,0.4053809143050001,-0.4053809143050001,False,0.6,-1.4,0.2,2.1272727272733527,0.40920878835693075,0.19079121164306925,1.0,18
2026-02-06,B14MVPVA1NE,MVP BOS 14 Black,MVPVA,14,1,B14117901XX,Torrimar 14 1,B14,False,-27.0,-2.0,-6.53496735292579,20.918751384386137,-27.453718737311927,0.21875407698978058,-0.21875407698978058,False,0.6,-4.2,0.2,2.3155684586959024,0.4076984058972811,0.19230159410271896,1.0,19
2026-02-06,B14MVPVA1NE,MVP BOS 14 Black,MVPVA,14,1,B14TACCU1GE,Accuracy 14 Champ,B14,False,-16.0,-2.0,-6.53496735292579,12.990679913889906,-19.525647266815696,0.2879538907809012,-0.2879538907809012,False,0.4,-7.8,-0.4,2.3182498960192035,0.40767291040916726,-0.0076729104091672,1.0,20
2026-02-06,B14MVPVA1NE,MVP BOS 14 Black,MVPVA,14,1,B14SPTMC3GE,Sportime 14 3,B14,True,6.0,1.0,-6.53496735292579,-13.787497220304681,7.252529867378891,0.5832858295599038,0.4167141704400962,False,0.4,-8.4,-0.6,2.365295906503585,0.4071431844693757,-0.007143184469375674,1.0,21
2026-02-07,B14MVPVA1NE,MVP BOS 14 Black,MVPVA,14,1,B14CORE11GE,CORE Boys 14 Platinum,B14,False,-24.0,-2.0,-6.53496735292579,14.493527932767954,-21.028495285693744,0.273880127055297,-0.273880127055297,False,0.2,-16.0,-1.4,7.268546947602516,0.3538509677381766,-0.15385096773817653,,22
2026-02-07,B14MVPVA1NE,MVP BOS 14 Black,MVPVA,14,1,B14LIFRY1GE,LI Fury 14 1,B14,True,11.0,2.0,-6.53496735292579,-12.981216866299041,6.446249513373251,0.574171667508083,0.425828332491917,True,0.4,-10.0,-0.6,4.326849028888056,0.38760911837879314,0.012390881621206884,1.0,23
2026-02-07,B14MVPVA1NE,MVP BOS 14 Black,MVPVA,14,1,B14COQUI1PU,BORINQUEN COQUI 14M Pirito,B14,False,-41.0,-2.0,-6.53496735292579,27.127429440534105,-33.66239679345989,0.1735292261867257,-0.1735292261867257,False,0.4,-12.8,-0.6,5.568584640117649,0.37856414821818213,0.021435851781817866,1.0,24
2026-02-08,B14MVPVA1NE,MVP BOS 14 Black,MVPVA,14,1,B14SPTMC2GE,Sportime 14 2,B14,True,-1.0,1.0,-6.53496735292579,-5.850380343414951,-0.6845870095108388,0.49206513441560257,0.5079348655843974,True,0.6,-9.8,0.0,1.8003725886566777,0.41938639694512236,0.18061360305487756,1.0,25
2026-02-08,B14MVPVA1NE,MVP BOS 14 Black,MVPVA,14,1,B14LHVBC1NE,LHV Boys 14-1 Premier,B14,False,-6.0,-2.0,-6.53496735292579,-4.575157606275897,-1.959809746649893,0.47729807965724225,-0.47729807965724225,True,0.4,-12.2,-0.6,3.6428405114624347,0.39818884696459006,0.001811153035409885,0.6666666666666666,26
2026-01-31,B14NEVBC1NE,NEVBC Boys 14.1,NEVBC,14,1,B14MVPVA1NE,MVP BOS 14 Black,B14,True,13.0,2.0,19.977272727273387,-6.53496735292579,26.512240080199177,0.773694010711971,0.22630598928802903,False,1.0,13.0,2.0,-6.53496735292579,0.773694010711971,0.22630598928802903,,1
2026-01-31,B14NEVBC1NE,NEVBC Boys 14.1,NEVBC,14,1,B14SJJVB2NE,SMASH Boys 14's Thunder,B14,True,17.0,2.0,19.977272727273387,-14.022727272726588,33.99999999999997,0.8287043021219281,0.17129569787807186,False,1.0,15.0,2.0,-10.278847312826189,0.8011991564169496,0.19880084358305045,,2
2026-01-31,B14NEVBC1NE,NEVBC Boys 14.1,NEVBC,14,1,B14RRJVB1NE,Boston United Boys 14-1,B14,True,10.0,2.0,19.977272727273387,12.977272727273402,6.999999999999986,0.5804370517261989,0.41956294827380114,True,1.0,13.333333333333334,2.0,-2.5268072994596587,0.7276117881866994,0.2723882118133007,1.0,3
2026-02-01,B14NEVBC1NE,NEVBC Boys 14.1,NEVBC,14,1,B14117752XX,ValleyVBC Elite Boys,B14,True,17.0,2.0,19.977272727273387,10.477272727273203,9.500000000000185,0.608374555665042,0.39162544433495805,False,1.0,14.25,2.0,0.7242127072235567,0.697802480056285,0.302197519943715,1.0,4
2026-02-01,B14NEVBC1NE,NEVBC Boys 14.1,NEVBC,14,1,B14RRJVB1NE,Boston United Boys 14-1,B14,True,18.0,1.0,19.977272727273387,12.977272727273402,6.999999999999986,0.5804370517261989,0.41956294827380114,True,1.0,15.0,1.8,3.1748247112335255,0.6743293943902677,0.32567060560973227,1.0,5
2026-02-01,B14NEVBC1NE,NEVBC Boys 14.1,NEVBC,14,1,B14SJJVB1NE,SMASH Boys 14-1,B14,False,-4.0,-2.0,19.977272727273387,23.977272727273515,-4.000000000000128,0.45376562864803327,-0.45376562864803327,True,0.8,11.6,1.0,9.277272727273388,0.6103437179774802,0.18965628202251977,0.6666666666666666,6
2026-03-14,B14NEVBC1NE,NEVBC Boys 14.1,NEVBC,14,1,B14SJJVB2NE,SMASH Boys 14's Thunder,B14,True,26.0,2.0,19.977272727273387,-14.022727272726588,33.99999999999997,0.8287043021219281,0.17129569787807186,False,0.8,13.4,1.0,9.277272727273386,0.6103437179774802,0.18965628202251977,0.6666666666666666,7
2026-03-14,B14NEVBC1NE,NEVBC Boys 14.1,NEVBC,14,1,B14CAPIT2XL,CSVC 14 SAWTEETH,B14,True,32.0,2.0,19.977272727273387,-22.02272727272697,42.000000000000355,0.8751635958902075,0.12483640410979246,False,0.8,17.8,1.0,2.2772727272733126,0.6692890268102819,0.13071097318971805,0.5,8
2026-03-14,B14NEVBC1NE,NEVBC Boys 14.1,NEVBC,14,1,B14RRJVB1NE,Boston United Boys 14-1,B14,True,14.0,2.0,19.977272727273387,12.977272727273402,6.999999999999986,0.5804370517261989,0.41956294827380114,True,0.8,17.2,1.0,2.7772727272733517,0.6637015260225134,0.13629847397748668,0.6666666666666666,9
2026-03-15,B14NEVBC1NE,NEVBC Boys 14.1,NEVBC,14,1,B13SJJVB1NE,SMASH Boys 13-1,MIXED,True,18.0,2.0,19.977272727273387,1.977272727273272,18.000000000000114,0.6721776731694724,0.3278223268305276,False,0.8,17.2,1.2,0.577272727273326,0.682049650311168,0.11795034968883196,0.5,10
2026-03-15,B14NEVBC1NE,NEVBC Boys 14.1,NEVBC,14,1,B14SAVBC1XL,Sporting Albany Boys 14u,B14,True,10.0,2.0,19.977272727273387,1.727272727273264,18.250000000000124,0.699768261646808,0.30023173835319195,False,1.0,20.0,2.0,-3.872727272726724,0.731250176910923,0.268749823089077,1.0,11
2026-03-15,B14NEVBC1NE,NEVBC Boys 14.1,NEVBC,14,1,B14SJJVB1NE,SMASH Boys 14-1,B14,True,2.0,1.0,19.977272727273387,23.977272727273515,-4.000000000000128,0.45376562864803327,0.5462343713519667,True,1.0,15.2,1.8,3.7272727272732964,0.656262442216144,0.34373755778385595,1.0,12
2026-02-06,B14ROCVC1GE,Rockland VBC 14 1,ROCVC,14,1,B14CAPIT1XL,CSVC 14 CASCADE,B14,False,-21.0,-2.0,-15.592490558657888,-11.522727272726776,-4.069763285931112,0.4529639882428813,-0.4529639882428813,True,0.0,-21.0,-2.0,-11.522727272726776,0.4529639882428813,-0.4529639882428813,0.0,1
2026-02-06,B14ROCVC1GE,Rockland VBC 14 1,ROCVC,14,1,B14COQUI1PU,BORINQUEN COQUI 14M Pirito,B14,False,-36.0,-2.0,-15.592490558657888,27.127429440534105,-42.719919999191994,0.12123495454900297,-0.12123495454900297,False,0.0,-28.5,-2.0,7.802351083903664,0.28709947139594216,-0.28709947139594216,0.0,2
2026-02-06,B14ROCVC1GE,Rockland VBC 14 1,ROCVC,14,1,B14LIFRY1GE,LI Fury 14 1,B14,True,17.0,1.0,-15.592490558657888,-12.981216866299041,-2.6112736923588464,0.4697678047084674,0.5302321952915325,True,0.3333333333333333,-13.333333333333334,-1.0,0.8744951005027625,0.34798891583345054,-0.014655582500117262,0.5,3
2026-02-07,B14ROCVC1GE,Rockland VBC 14 1,ROCVC,14,1,B14117901XX,Torrimar 14 1,B14,False,-39.0,-2.0,-15.592490558657888,20.918751384386137,-36.51124194304403,0.15539347376016663,-0.15539347376016663,False,0.25,-19.75,-1.25,5.885559171473606,0.2998400553151296,-0.049840055315129604,0.5,4
2026-02-07,B14ROCVC1GE,Rockland VBC 14 1,ROCVC,14,1,B14SPTMC2GE,Sportime 14 2,B14,False,-16.0,-1.0,-15.592490558657888,-5.850380343414951,-9.742110215242937,0.3889541002322378,-0.3889541002322378,False,0.2,-19.0,-1.2,3.538371268495895,0.3176628642985512,-0.11766286429855125,0.5,5
2026-02-07,B14ROCVC1GE,Rockland VBC 14 1,ROCVC,14,1,B14SPTMC3GE,Sportime 14 3,B14,True,7.0,2.0,-15.592490558657888,-13.787497220304681,-1.8049933383532064,0.4790892506981101,0.5209107493018899,True,0.4,-13.4,-0.4,3.085417278980314,0.32288791678959694,0.077112083210403,1.0,6
2026-02-08,B14ROCVC1GE,Rockland VBC 14 1,ROCVC,14,1,B14LCVBC1GE,Legacy Boys 14 Premier,B14,False,-15.0,-2.0,-15.592490558657888,-13.653006117089069,-1.939484441568819,0.4775332039432735,-0.4775332039432735,True,0.4,-9.2,-0.4,-5.07066983254432,0.3941475666684511,0.005852433331548901,0.6666666666666666,7
2025-11-22,B14RRJVB1NE,Boston United Boys 14-1,RRJVB,14,1,B14117752XX,ValleyVBC Elite Boys,B14,False,-24.0,-2.0,12.977272727273402,10.477272727273203,2.500000000000199,0.5289468612776033,-0.5289468612776033,True,0.0,-24.0,-2.0,10.477272727273203,0.5289468612776033,-0.5289468612776033,0.0,1
2025-11-22,B14RRJVB1NE,Boston United Boys 14-1,RRJVB,14,1,B14TACCU1GE,Accuracy 14 Champ,B14,False,-20.0,-2.0,12.977272727273402,12.990679913889906,-0.013407186616504418,0.49984458783031227,-0.49984458783031227,True,0.0,-22.0,-2.0,11.733976320581554,0.5143957245539578,-0.5143957245539578,0.0,2
2025-11-22,B14RRJVB1NE,Boston United Boys 14-1,RRJVB,14,1,B14LHVBC1NE,LHV Boys 14-1 Premier,B14,False,-17.0,-2.0,12.977272727273402,-4.575157606275897,17.5524303335493,0.6929294141337727,-0.6929294141337727,False,0.0,-20.333333333333332,-2.0,6.297598344962403,0.573906954413896,-0.573906954413896,0.0,3
2025-11-22,B14RRJVB1NE,Boston United Boys 14-1,RRJVB,14,1,B14MVPVA1NE,MVP BOS 14 Black,B14,True,15.0,2.0,12.977272727273402,-6.53496735292579,19.51224008019919,0.7119186317785295,0.28808136822147046,False,0.25,-11.5,-1.0,3.0894569204903553,0.6084098737550545,-0.35840987375505445,0.0,4
2025-11-23,B14RRJVB1NE,Boston United Boys 14-1,RRJVB,14,1,B14MVPVA1NE,MVP BOS 14 Black,B14,True,9.0,2.0,12.977272727273402,-6.53496735292579,19.51224008019919,0.7119186317785295,0.28808136822147046,False,0.4,-7.4,-0.4,1.1645720658071264,0.6291116253597495,-0.22911162535974947,0.0,5
2025-11-23,B14RRJVB1NE,Boston United Boys 14-1,RRJVB,14,1,B14TACCU1GE,Accuracy 14 Champ,B14,False,-23.0,-2.0,12.977272727273402,12.990679913889906,-0.013407186616504418,0.49984458783031227,-0.49984458783031227,True,0.4,-7.2,-0.4,1.667253503130467,0.6232911706702913,-0.22329117067029128,0.0,6
2025-11-23,B14RRJVB1NE,Boston United Boys 14-1,RRJVB,14,1,B14LHVBC1NE,LHV Boys 14-1 Premier,B14,True,10.0,2.0,12.977272727273402,-4.575157606275897,17.5524303335493,0.6929294141337727,0.30707058586622726,False,0.6,-1.2,0.4,-1.845914000902694,0.6619081359309834,-0.06190813593098336,0.0,7
2026-01-17,B14RRJVB1NE,Boston United Boys 14-1,RRJVB,14,1,B14CAPIT1XL,CSVC 14 CASCADE,B14,True,7.0,1.0,12.977272727273402,-11.522727272726776,24.500000000000178,0.7569421325719506,0.24305786742804936,False,0.8,3.6,1.0,-3.2354279341928693,0.674710679618619,0.12528932038138105,0.0,8
2026-01-17,B14RRJVB1NE,Boston United Boys 14-1,RRJVB,14,1,B14LHVBC1NE,LHV Boys 14-1 Premier,B14,True,24.0,2.0,12.977272727273402,-4.575157606275897,17.5524303335493,0.6929294141337727,0.30707058586622726,False,0.8,5.4,1.0,-2.843465984862891,0.6709128360896676,0.12908716391033243,0.0,9
2026-01-17,B14RRJVB1NE,Boston United Boys 14-1,RRJVB,14,1,B14MVPVA1NE,MVP BOS 14 Black,B14,True,17.0,2.0,12.977272727273402,-6.53496735292579,19.51224008019919,0.7119186317785295,0.28808136822147046,False,0.8,7.0,1.0,-2.843465984862891,0.6709128360896676,0.12908716391033243,0.0,10
2026-01-18,B14RRJVB1NE,Boston United Boys 14-1,RRJVB,14,1,B14CAPIT2XL,CSVC 14 SAWTEETH,B14,True,18.0,2.0,12.977272727273402,-22.02272727272697,35.00000000000037,0.8351862816738803,0.16481371832611968,False,1.0,15.2,1.8,-9.846147422186267,0.7379811748583812,0.2620188251416188,,11
2026-01-18,B14RRJVB1NE,Boston United Boys 14-1,RRJVB,14,1,B14117752XX,ValleyVBC Elite Boys,B14,False,-8.0,-1.0,12.977272727273402,10.477272727273203,2.500000000000199,0.5289468612776033,-0.5289468612776033,True,0.8,11.6,1.2,-6.8356613554764465,0.7051846642871473,0.09481533571285268,0.0,12
2026-01-19,B14RRJVB1NE,Boston United Boys 14-1,RRJVB,14,1,B14CAPIT1XL,CSVC 14 CASCADE,B14,True,14.0,1.0,12.977272727273402,-11.522727272726776,24.500000000000178,0.7569421325719506,0.24305786742804936,False,0.8,13.0,1.2,-6.8356613554764465,0.7051846642871473,0.0948153357128527,0.0,13
2026-01-19,B14RRJVB1NE,Boston United Boys 14-1,RRJVB,14,1,B14117752XX,ValleyVBC Elite Boys,B14,False,-20.0,-1.0,12.977272727273402,10.477272727273203,2.500000000000199,0.5289468612776033,-0.5289468612776033,True,0.6,4.2,0.6,-3.8251752887666264,0.6723881537159133,-0.07238815371591341,0.0,14
2026-01-31,B14RRJVB1NE,Boston United Boys 14-1,RRJVB,14,1,B14SJJVB2NE,SMASH Boys 14's Thunder,B14,True,17.0,1.0,12.977272727273402,-14.022727272726588,26.99999999999999,0.7776293342899687,0.22237066571003128,False,0.6,4.2,0.4,-5.322727272726786,0.6855302942182012,-0.08553029421820124,0.0,15
2026-01-31,B14RRJVB1NE,Boston United Boys 14-1,RRJVB,14,1,B14MVPVA1NE,MVP BOS 14 Black,B14,False,-2.0,-1.0,12.977272727273402,-6.53496735292579,19.51224008019919,0.7119186317785295,-0.7119186317785295,False,0.4,0.2,-0.2,-2.2251752887665495,0.660876764239131,-0.2608767642391311,0.0,16
2026-01-31,B14RRJVB1NE,Boston United Boys 14-1,RRJVB,14,1,B14NEVBC1NE,NEVBC Boys 14.1,B14,False,-10.0,-2.0,12.977272727273402,19.977272727273387,-6.999999999999986,0.41956294827380103,-0.41956294827380103,True,0.4,-0.2,-0.4,-0.3251752887665127,0.6389999816383706,-0.23899998163837063,0.0,17
2026-02-01,B14RRJVB1NE,Boston United Boys 14-1,RRJVB,14,1,B14NEVBC1NE,NEVBC Boys 14.1,B14,False,-18.0,-1.0,12.977272727273402,19.977272727273387,-6.999999999999986,0.41956294827380103,-0.41956294827380103,True,0.2,-6.6,-0.8,5.97482471123352,0.5715241447787408,-0.37152414477874074,0.0,18
2026-02-01,B14RRJVB1NE,Boston United Boys 14-1,RRJVB,14,1,B13SJJVB1NE,SMASH Boys 13-1,MIXED,True,11.0,2.0,12.977272727273402,1.977272727273272,11.00000000000013,0.6079751785671904,0.3920248214328096,False,0.4,-0.4,-0.2,4.274824711233533,0.5873298082366581,-0.18732980823665815,0.0,19
2026-03-14,B14RRJVB1NE,Boston United Boys 14-1,RRJVB,14,1,B14CAPIT2XL,CSVC 14 SAWTEETH,B14,True,19.0,2.0,12.977272727273402,-22.02272727272697,35.00000000000037,0.8351862816738803,0.16481371832611968,False,0.4,0.0,0.0,2.674824711233458,0.5988411977134405,-0.19884119771344044,0.0,20
2026-03-14,B14RRJVB1NE,Boston United Boys 14-1,RRJVB,14,1,B14SJJVB2NE,SMASH Boys 14's Thunder,B14,True,29.0,2.0,12.977272727273402,-14.022727272726588,26.99999999999999,0.7776293342899687,0.22237066571003128,False,0.6,6.2,0.6,1.177272727273298,0.6119833382157283,-0.011983338215728301,0.0,21
2026-03-14,B14RRJVB1NE,Boston United Boys 14-1,RRJVB,14,1,B14NEVBC1NE,NEVBC Boys 14.1,B14,False,-14.0,-2.0,12.977272727273402,19.977272727273387,-6.999999999999986,0.41956294827380103,-0.41956294827380103,True,0.6,5.4,0.6,1.177272727273298,0.6119833382157284,-0.011983338215728301,0.0,22
2026-03-15,B14RRJVB1NE,Boston United Boys 14-1,RRJVB,14,1,B14117752XX,ValleyVBC Elite Boys,B14,False,1.0,-1.0,12.977272727273402,10.477272727273203,2.500000000000199,0.5289468612776033,-0.5289468612776033,True,0.6,9.2,0.6,-0.7227272727267391,0.6338601208164888,-0.033860120816488745,0.0,23
2026-03-15,B14RRJVB1NE,Boston United Boys 14-1,RRJVB,14,1,B14SJJVB2NE,SMASH Boys 14's Thunder,B14,True,25.0,1.0,12.977272727273402,-14.022727272726588,26.99999999999999,0.7776293342899687,0.22237066571003128,False,0.6,12.0,0.4,-3.9227272727267106,0.6677909519610444,-0.06779095196104441,0.0,24
2026-01-31,B14RRJVB2NE,Boston United Boys 13 Select 1,RRJVB,14,2,B13SJJVB1NE,SMASH Boys 13-1,MIXED,False,-18.0,-2.0,-13.522727272726693,1.977272727273272,-15.499999999999964,0.3501632666761493,-0.3501632666761493,False,0.0,-18.0,-2.0,1.977272727273272,0.3501632666761493,-0.3501632666761493,,1
2026-01-31,B14RRJVB2NE,Boston United Boys 13 Select 1,RRJVB,14,2,B14HKJVB1NE,Husky 14.1,B14,False,-8.0,-1.0,-13.522727272726693,-10.022727272726705,-3.4999999999999876,0.4595178327121012,-0.4595178327121012,True,0.0,-13.0,-1.5,-4.0227272727267165,0.40484054969412525,-0.40484054969412525,0.0,2
2026-01-31,B14RRJVB2NE,Boston United Boys 13 Select 1,RRJVB,14,2,B14SAVBC1XL,Sporting Albany Boys 14u,B14,False,-21.0,-2.0,-13.522727272726693,1.727272727273264,-15.249999999999957,0.3302412538324577,-0.3302412538324577,False,0.0,-15.666666666666666,-1.6666666666666667,-2.106060606060056,0.37997411774023604,-0.37997411774023604,0.0,3
2026-02-01,B14RRJVB2NE,Boston United Boys 13 Select 1,RRJVB,14,2,B14LHVBC1NE,LHV Boys 14-1 Premier,B14,False,-14.0,-2.0,-13.522727272726693,-4.575157606275897,-8.947569666450796,0.3977448646247264,-0.3977448646247264,False,0.0,-15.25,-1.75,-2.7233348561140165,0.3844168044613587,-0.3844168044613587,0.0,4
2026-02-01,B14RRJVB2NE,Boston United Boys 13 Select 1,RRJVB,14,2,B14SJJVB2NE,SMASH Boys 14's Thunder,B14,True,10.0,1.0,-13.522727272726693,-14.022727272726588,0.4999999999998952,0.5057955937633123,0.4942044062366877,True,0.2,-10.2,-1.2,-4.9832133394365306,0.40869256232174944,-0.2086925623217494,0.5,5
2026-03-14,B14RRJVB2NE,Boston United Boys 13 Select 1,RRJVB,14,2,B14117752XX,ValleyVBC Elite Boys,B14,False,-19.0,-2.0,-13.522727272726693,10.477272727273203,-23.999999999999893,0.2473485354450918,-0.2473485354450918,False,0.2,-10.4,-1.2,-3.283213339436544,0.38812961607553786,-0.18812961607553788,0.5,6
2026-03-14,B14RRJVB2NE,Boston United Boys 13 Select 1,RRJVB,14,2,B14SAVBC1XL,Sporting Albany Boys 14u,B14,False,-38.0,-2.0,-13.522727272726693,1.727272727273264,-15.249999999999957,0.3302412538324577,-0.3302412538324577,False,0.2,-16.4,-1.4,-0.9332133394365508,0.3622743002996092,-0.16227430029960918,1.0,7
2026-03-14,B14RRJVB2NE,Boston United Boys 13 Select 1,RRJVB,14,2,B13SJJVB1NE,SMASH Boys 13-1,MIXED,False,-13.0,-2.0,-13.522727272726693,1.977272727273272,-15.499999999999964,0.3501632666761493,-0.3501632666761493,False,0.2,-14.8,-1.4,-0.8832133394365492,0.36625870286834755,-0.16625870286834749,1.0,8
2026-03-15,B14RRJVB2NE,Boston United Boys 13 Select 1,RRJVB,14,2,B14CAPIT2XL,CSVC 14 SAWTEETH,B14,True,-6.0,1.0,-13.522727272726693,-22.02272727272697,8.500000000000279,0.5972736362070282,0.4027263637929718,False,0.4,-13.2,-0.8,-4.372727272726764,0.40616445718480787,-0.006164457184807859,1.0,9
2026-03-15,B14RRJVB2NE,Boston United Boys 13 Select 1,RRJVB,14,2,B14HKJVB1NE,Husky 14.1,B14,False,-18.0,-1.0,-13.522727272726693,-10.022727272726705,-3.4999999999999876,0.4595178327121012,-0.4595178327121012,True,0.2,-18.8,-1.2,-3.5727272727267874,0.39690890497456566,-0.19690890497456565,0.0,10
2025-12-20,B14SAVBC1XL,Sporting Albany Boys 14u,SAVBC,14,1,B14SJJVB2NE,SMASH Boys 14's Thunder,B14,True,23.0,2.0,1.727272727273264,-14.022727272726588,15.74999999999985,0.6748661696967024,0.32513383030329757,False,1.0,23.0,2.0,-14.022727272726588,0.6748661696967024,0.32513383030329757,,1
2025-12-20,B14SAVBC1XL,Sporting Albany Boys 14u,SAVBC,14,1,B14CAPIT2XL,CSVC 14 SAWTEETH,B14,True,23.0,2.0,1.727272727273264,-22.02272727272697,23.750000000000234,0.7504871542461983,0.24951284575380173,False,1.0,23.0,2.0,-18.02272727272678,0.7126766619714504,0.28732333802854965,,2
2025-12-20,B14SAVBC1XL,Sporting Albany Boys 14u,SAVBC,14,1,B14SJJVB1NE,SMASH Boys 14-1,B14,False,-22.0,-2.0,1.727272727273264,23.977272727273515,-22.250000000000252,0.2627620380919099,-0.2627620380919099,False,0.6666666666666666,8.0,0.6666666666666666,-4.022727272726681,0.5627051206782702,0.10396154598839646,,3
2025-12-20,B14SAVBC1XL,Sporting Albany Boys 14u,SAVBC,14,1,B13SJJVB1NE,SMASH Boys 13-1,MIXED,False,-15.0,-2.0,1.727272727273264,1.977272727273272,-0.250000000000008,0.4975067882857567,-0.4975067882857567,True,0.5,2.25,0.0,-2.522727272726693,0.5464055375801418,-0.04640553758014182,0.0,4
2025-12-21,B14SAVBC1XL,Sporting Albany Boys 14u,SAVBC,14,1,B14CAPIT1XL,CSVC 14 CASCADE,B14,True,25.0,2.0,1.727272727273264,-11.522727272726776,13.250000000000039,0.6489348378069626,0.3510651621930374,False,0.6,6.8,0.4,-4.322727272726709,0.566911397625506,0.03308860237449403,0.0,5
2025-12-21,B14SAVBC1XL,Sporting Albany Boys 14u,SAVBC,14,1,B13SJJVB1NE,SMASH Boys 13-1,MIXED,True,2.0,1.0,1.727272727273264,1.977272727273272,-0.250000000000008,0.4975067882857567,0.5024932117142433,True,0.6,2.6,0.2,-1.1227272727267377,0.5314395213433167,0.06856047865668317,0.5,6
2025-12-21,B14SAVBC1XL,Sporting Albany Boys 14u,SAVBC,14,1,B14SJJVB1NE,SMASH Boys 14-1,B14,False,-23.0,-2.0,1.727272727273264,23.977272727273515,-22.250000000000252,0.2627620380919099,-0.2627620380919099,False,0.4,-6.6,-0.6,8.077272727273359,0.4338944981124591,-0.03389449811245915,0.5,7
2026-01-31,B14SAVBC1XL,Sporting Albany Boys 14u,SAVBC,14,1,B13SJJVB1NE,SMASH Boys 13-1,MIXED,False,-9.0,-2.0,1.727272727273264,1.977272727273272,-0.250000000000008,0.4975067882857567,-0.4975067882857567,True,0.4,-4.0,-0.6,3.677272727273311,0.48084344815122854,-0.0808434481512285,0.3333333333333333,8
2026-01-31,B14SAVBC1XL,Sporting Albany Boys 14u,SAVBC,14,1,B14RRJVB2NE,Boston United Boys 13 Select 1,B14,True,21.0,2.0,1.727272727273264,-13.522727272726693,15.249999999999957,0.6697587461675423,0.3302412538324577,False,0.6,3.2,0.2,0.5772727272733178,0.5152938397275857,0.08470616027241437,0.5,9
2026-01-31,B14SAVBC1XL,Sporting Albany Boys 14u,SAVBC,14,1,B14HKJVB1NE,Husky 14.1,B14,True,26.0,2.0,1.727272727273264,-10.022727272726705,11.749999999999968,0.6329306849343421,0.3670693150656579,False,0.6,3.4,0.2,0.8772727272733324,0.5120930091530616,0.08790699084693847,0.5,10
2026-02-01,B14SAVBC1XL,Sporting Albany Boys 14u,SAVBC,14,1,B14MVPVA1NE,MVP BOS 14 Black,B14,True,19.0,2.0,1.727272727273264,-6.53496735292579,8.262240080199053,0.5946190856949999,0.4053809143050001,False,0.6,6.8,0.4,-0.82517528876648,0.5315154686349102,0.06848453136508983,0.0,11
2026-02-01,B14SAVBC1XL,Sporting Albany Boys 14u,SAVBC,14,1,B14SJJVB1NE,SMASH Boys 14-1,B14,False,-11.0,-2.0,1.727272727273264,23.977272727273515,-22.250000000000252,0.2627620380919099,-0.2627620380919099,False,0.6,9.2,0.4,-0.82517528876648,0.5315154686349102,0.06848453136508983,0.0,12
2026-03-14,B14SAVBC1XL,Sporting Albany Boys 14u,SAVBC,14,1,B13SJJVB1NE,SMASH Boys 13-1,MIXED,True,21.0,2.0,1.727272727273264,1.977272727273272,-0.250000000000008,0.4975067882857567,0.5024932117142433,True,0.8,15.2,1.2,-0.82517528876648,0.5315154686349102,0.2684845313650898,1.0,13
2026-03-14,B14SAVBC1XL,Sporting Albany Boys 14u,SAVBC,14,1,B14RRJVB2NE,Boston United Boys 13 Select 1,B14,True,38.0,2.0,1.727272727273264,-13.522727272726693,15.249999999999957,0.6697587461675423,0.3302412538324577,False,0.8,18.6,1.2,-0.82517528876648,0.5315154686349102,0.2684845313650898,1.0,14
2026-03-14,B14SAVBC1XL,Sporting Albany Boys 14u,SAVBC,14,1,B14117752XX,ValleyVBC Elite Boys,B14,True,7.0,1.0,1.727272727273264,10.477272727273203,-8.74999999999994,0.39994129125161043,0.6000587087483895,False,0.8,14.8,1.0,3.2748247112335016,0.48491758989836387,0.3150824101016362,1.0,15
2026-03-15,B14SAVBC1XL,Sporting Albany Boys 14u,SAVBC,14,1,B14CAPIT1XL,CSVC 14 CASCADE,B14,True,15.0,2.0,1.727272727273264,-11.522727272726776,13.250000000000039,0.6489348378069626,0.3510651621930374,False,0.8,14.0,1.0,2.277272727273304,0.4957807403207564,0.30421925967924357,1.0,16
2026-03-15,B14SAVBC1XL,Sporting Albany Boys 14u,SAVBC,14,1,B14NEVBC1NE,NEVBC Boys 14.1,B14,False,-10.0,-2.0,1.727272727273264,19.977272727273387,-18.250000000000124,0.30023173835319195,-0.30023173835319195,False,0.8,14.2,1.0,1.4772727272732786,0.5032746803730127,0.29672531962698717,1.0,17
2025-12-20,B14SJJVB1NE,SMASH Boys 14-1,SJJVB,14,1,B14CAPIT1XL,CSVC 14 CASCADE,B14,True,22.0,2.0,23.977272727273515,-11.522727272726776,35.50000000000029,0.8383527345795145,0.16164726542048546,False,1.0,22.0,2.0,-11.522727272726776,0.8383527345795145,0.16164726542048546,,1
2025-12-20,B14SJJVB1NE,SMASH Boys 14-1,SJJVB,14,1,B14SJJVB2NE,SMASH Boys 14's Thunder,B14,True,24.0,2.0,23.977272727273515,-14.022727272726588,38.0000000000001,0.8534523919626614,0.14654760803733857,False,1.0,23.0,2.0,-12.772727272726682,0.8459025632710879,0.15409743672891202,,2
2025-12-20,B14SJJVB1NE,SMASH Boys 14-1,SJJVB,14,1,B14SAVBC1XL,Sporting Albany Boys 14u,B14,True,22.0,2.0,23.977272727273515,1.727272727273264,22.250000000000252,0.7372379619080901,0.2627620380919099,False,1.0,22.666666666666668,2.0,-7.939393939393367,0.8096810294834219,0.19031897051657798,,3
2025-12-21,B14SJJVB1NE,SMASH Boys 14-1,SJJVB,14,1,B13SJJVB1NE,SMASH Boys 13-1,MIXED,True,22.0,2.0,23.977272727273515,1.977272727273272,22.00000000000024,0.7063283270578,0.2936716729422,False,1.0,22.5,2.0,-5.460227272726707,0.7838428538770166,0.21615714612298348,,4
2025-12-21,B14SJJVB1NE,SMASH Boys 14-1,SJJVB,14,1,B14CAPIT2XL,CSVC 14 SAWTEETH,B14,True,31.0,2.0,23.977272727273515,-22.02272727272697,46.00000000000048,0.8940575409994085,0.10594245900059152,False,1.0,24.2,2.0,-8.77272727272676,0.8058857913014948,0.1941142086985051,,5
2025-12-21,B14SJJVB1NE,SMASH Boys 14-1,SJJVB,14,1,B14SAVBC1XL,Sporting Albany Boys 14u,B14,True,23.0,2.0,23.977272727273515,1.727272727273264,22.250000000000252,0.7372379619080901,0.2627620380919099,False,1.0,24.4,2.0,-6.122727272726752,0.78566283676721,0.21433716323278995,,6
2026-01-31,B14SJJVB1NE,SMASH Boys 14-1,SJJVB,14,1,B14117752XX,ValleyVBC Elite Boys,B14,True,26.0,3.0,23.977272727273515,10.477272727273203,13.500000000000313,0.6515710613214645,0.3484289386785355,False,1.0,24.8,2.2,-1.2227272727267937,0.7452865706389706,0.25471342936102936,,7
2026-01-31,B14SJJVB1NE,SMASH Boys 14-1,SJJVB,14,1,B14LHVBC1NE,LHV Boys 14-1 Premier,B14,True,31.0,3.0,23.977272727273515,-4.575157606275897,28.552430333549413,0.7898274410499838,0.2101725589500162,False,1.0,26.6,2.4,-2.483213339436626,0.7558044664673493,0.2441955335326506,,8
2026-02-01,B14SJJVB1NE,SMASH Boys 14-1,SJJVB,14,1,B14HKJVB1NE,Husky 14.1,B14,True,28.0,2.0,23.977272727273515,-10.022727272726705,34.00000000000022,0.8287043021219297,0.1712956978780703,False,1.0,27.8,2.4,-4.883213339436621,0.7802796614801754,0.21972033851982467,,9
2026-02-01,B14SJJVB1NE,SMASH Boys 14-1,SJJVB,14,1,B14SAVBC1XL,Sporting Albany Boys 14u,B14,True,11.0,2.0,23.977272727273515,1.727272727273264,22.250000000000252,0.7372379619080901,0.2627620380919099,False,1.0,23.8,2.4,-0.13321333943657426,0.7489157456619117,0.25108425433808834,,10
2026-02-01,B14SJJVB1NE,SMASH Boys 14-1,SJJVB,14,1,B14NEVBC1NE,NEVBC Boys 14.1,B14,True,4.0,2.0,23.977272727273515,19.977272727273387,4.000000000000128,0.5462343713519667,0.45376562864803327,True,1.0,20.0,2.4,3.51678666056345,0.7107150275506869,0.28928497244931306,1.0,11
2026-03-14,B14SJJVB1NE,SMASH Boys 14-1,SJJVB,14,1,B14HKJVB1NE,Husky 14.1,B14,True,40.0,3.0,23.977272727273515,-10.022727272726705,34.00000000000022,0.8287043021219297,0.1712956978780703,False,1.0,22.8,2.4,-0.5832133394365314,0.74614167571078,0.25385832428921995,1.0,12
2026-03-14,B14SJJVB1NE,SMASH Boys 14-1,SJJVB,14,1,B14CAPIT1XL,CSVC 14 CASCADE,B14,True,33.0,3.0,23.977272727273515,-11.522727272726776,35.50000000000029,0.8383527345795145,0.16164726542048546,False,1.0,23.2,2.4,-1.9727272727267071,0.755846734416686,0.24415326558331385,1.0,13
2026-03-15,B14SJJVB1NE,SMASH Boys 14-1,SJJVB,14,1,B14SJJVB2NE,SMASH Boys 14's Thunder,B14,True,28.0,2.0,23.977272727273515,-14.022727272726588,38.0000000000001,0.8534523919626614,0.14654760803733857,False,1.0,23.2,2.4,-2.7727272727266836,0.7607963523848326,0.2392036476151675,1.0,14
2026-03-15,B14SJJVB1NE,SMASH Boys 14-1,SJJVB,14,1,B14117752XX,ValleyVBC Elite Boys,B14,True,19.0,2.0,23.977272727273515,10.477272727273203,13.500000000000313,0.6515710613214645,0.3484289386785355,False,1.0,24.8,2.4,-1.0227272727266956,0.7436629722675074,0.2563370277324927,1.0,15
2026-03-15,B14SJJVB1NE,SMASH Boys 14-1,SJJVB,14,1,B14NEVBC1NE,NEVBC Boys 14.1,B14,False,-2.0,-1.0,23.977272727273515,19.977272727273387,4.000000000000128,0.5462343713519667,-0.5462343713519667,True,0.8,23.6,1.8,-1.0227272727266956,0.7436629722675073,0.05633702773249263,0.0,16
2025-12-20,B14SJJVB2NE,SMASH Boys 14's Thunder,SJJVB,14,2,B14SAVBC1XL,Sporting Albany Boys 14u,B14,False,-23.0,-2.0,-14.022727272726588,1.727272727273264,-15.74999999999985,0.32513383030329757,-0.32513383030329757,False,0.0,-23.0,-2.0,1.727272727273264,0.32513383030329757,-0.32513383030329757,,1
2025-12-20,B14SJJVB2NE,SMASH Boys 14's Thunder,SJJVB,14,2,B14SJJVB1NE,SMASH Boys 14-1,B14,False,-24.0,-2.0,-14.022727272726588,23.977272727273515,-38.0000000000001,0.1465476080373386,-0.1465476080373386,False,0.0,-23.5,-2.0,12.85227272727339,0.23584071917031807,-0.23584071917031807,,2
2025-12-20,B14SJJVB2NE,SMASH Boys 14's Thunder,SJJVB,14,2,B14CAPIT1XL,CSVC 14 CASCADE,B14,True,9.0,2.0,-14.022727272726588,-11.522727272726776,-2.4999999999998117,0.4710531387224012,0.5289468612775988,True,0.3333333333333333,-12.666666666666666,-0.6666666666666666,4.727272727273334,0.31424485902101246,0.019088474312320896,1.0,3
2025-12-21,B14SJJVB2NE,SMASH Boys 14's Thunder,SJJVB,14,2,B14CAPIT2XL,CSVC 14 SAWTEETH,B14,True,11.0,2.0,-14.022727272726588,-22.02272727272697,8.000000000000384,0.5916847947656172,0.4083152052343828,False,0.5,-6.75,0.0,-1.9602272727267422,0.3836048429571636,0.11639515704283637,1.0,4
2025-12-21,B14SJJVB2NE,SMASH Boys 14's Thunder,SJJVB,14,2,B13SJJVB1NE,SMASH Boys 13-1,MIXED,False,-16.0,-2.0,-14.022727272726588,1.977272727273272,-15.99999999999986,0.34563828082072995,-0.34563828082072995,False,0.4,-8.6,-0.4,-1.1727272727267395,0.3760115305298769,0.02398846947012311,1.0,5
2025-12-21,B14SJJVB2NE,SMASH Boys 14's Thunder,SJJVB,14,2,B14CAPIT2XL,CSVC 14 SAWTEETH,B14,True,7.0,2.0,-14.022727272726588,-22.02272727272697,8.000000000000384,0.5916847947656172,0.4083152052343828,False,0.6,-2.6,0.4,-5.922727272726787,0.4293217234223408,0.1706782765776592,1.0,6
2026-01-31,B14SJJVB2NE,SMASH Boys 14's Thunder,SJJVB,14,2,B14NEVBC1NE,NEVBC Boys 14.1,B14,False,-17.0,-2.0,-14.022727272726588,19.977272727273387,-33.99999999999997,0.17129569787807186,-0.17129569787807186,False,0.6,-1.2,0.4,-6.722727272726812,0.43427134139048745,0.16572865860951252,1.0,7
2026-01-31,B14SJJVB2NE,SMASH Boys 14's Thunder,SJJVB,14,2,B14RRJVB1NE,Boston United Boys 14-1,B14,False,-17.0,-1.0,-14.022727272726588,12.977272727273402,-26.99999999999999,0.22237066571003133,-0.22237066571003133,False,0.4,-6.4,-0.2,-1.8227272727267767,0.38453484678801353,0.015465153211986493,,8
2026-01-31,B14SJJVB2NE,SMASH Boys 14's Thunder,SJJVB,14,2,B14MVPVA1NE,MVP BOS 14 Black,B14,False,-9.0,-2.0,-14.022727272726588,-6.53496735292579,-7.487759919800798,0.4140655407411385,-0.4140655407411385,False,0.2,-10.4,-1.0,1.2748247112334596,0.34901099598311774,-0.14901099598311776,,9
2026-02-01,B14SJJVB2NE,SMASH Boys 14's Thunder,SJJVB,14,2,B14LHVBC1NE,LHV Boys 14-1 Premier,B14,True,5.0,2.0,-14.022727272726588,-4.575157606275897,-9.44756966645069,0.3922048012018385,0.6077951987981616,False,0.4,-6.2,-0.2,-0.03566135547637419,0.35832430005933946,0.041675699940660546,,10
2026-02-01,B14SJJVB2NE,SMASH Boys 14's Thunder,SJJVB,14,2,B14RRJVB2NE,Boston United Boys 13 Select 1,B14,False,-10.0,-1.0,-14.022727272726588,-13.522727272726693,-0.4999999999998952,0.4942044062366879,-0.4942044062366879,True,0.2,-9.6,-0.8,1.6643386445236819,0.3388282223535536,-0.13882822235355358,0.0,11
2026-03-14,B14SJJVB2NE,SMASH Boys 14's Thunder,SJJVB,14,2,B14NEVBC1NE,NEVBC Boys 14.1,B14,False,-26.0,-2.0,-14.022727272726588,19.977272727273387,-33.99999999999997,0.17129569787807186,-0.17129569787807186,False,0.2,-11.4,-0.8,1.6643386445236819,0.3388282223535536,-0.13882822235355358,0.0,12
2026-03-14,B14SJJVB2NE,SMASH Boys 14's Thunder,SJJVB,14,2,B14RRJVB1NE,Boston United Boys 14-1,B14,False,-29.0,-2.0,-14.022727272726588,12.977272727273402,-26.99999999999999,0.22237066571003133,-0.22237066571003133,False,0.2,-13.8,-1.0,1.6643386445236819,0.3388282223535536,-0.13882822235355358,0.0,13
2026-03-14,B14SJJVB2NE,SMASH Boys 14's Thunder,SJJVB,14,2,B14CAPIT2XL,CSVC 14 SAWTEETH,B14,True,4.0,1.0,-14.022727272726588,-22.02272727272697,8.000000000000384,0.5916847947656172,0.4083152052343828,False,0.4,-11.2,-0.4,-1.4332133394365545,0.37435207315844937,0.02564792684155067,0.0,14
2026-03-15,B14SJJVB2NE,SMASH Boys 14's Thunder,SJJVB,14,2,B14SJJVB1NE,SMASH Boys 14-1,B14,False,-28.0,-2.0,-14.022727272726588,23.977272727273515,-38.0000000000001,0.1465476080373386,-0.1465476080373386,False,0.2,-17.8,-1.2,4.277272727273328,0.3252206345255494,-0.12522063452554938,0.0,15
2026-03-15,B14SJJVB2NE,SMASH Boys 14's Thunder,SJJVB,14,2,B14RRJVB1NE,Boston United Boys 14-1,B14,False,-25.0,-1.0,-14.022727272726588,12.977272727273402,-26.99999999999999,0.22237066571003133,-0.22237066571003133,False,0.2,-20.8,-1.2,9.577272727273346,0.27085388642021807,-0.07085388642021806,,16
2026-02-06,B14SPTMC2GE,Sportime 14 2,SPTMC,14,2,B14CORE11GE,CORE Boys 14 Platinum,B14,False,-28.0,-2.0,-5.850380343414951,14.493527932767954,-20.343908276182905,0.280237776038012,-0.280237776038012,False,0.0,-28.0,-2.0,14.493527932767954,0.280237776038012,-0.280237776038012,,1
2026-02-06,B14SPTMC2GE,Sportime 14 2,SPTMC,14,2,B14LCVBC1GE,Legacy Boys 14 Premier,B14,True,12.0,2.0,-5.850380343414951,-13.653006117089069,7.802625773674118,0.5894719787954424,0.41052802120455756,False,0.5,-8.0,0.0,0.4202609078394426,0.43485487741672724,0.06514512258327279,,2
2026-02-06,B14SPTMC2GE,Sportime 14 2,SPTMC,14,2,B14LHVBC1NE,LHV Boys 14-1 Premier,B14,True,2.0,1.0,-5.850380343414951,-4.575157606275897,-1.275222737139054,0.48522229721598953,0.5147777027840105,True,0.6666666666666666,-4.666666666666667,0.3333333333333333,-1.2448785968656706,0.45164401734981463,0.21502264931685203,1.0,3
2026-02-07,B14SPTMC2GE,Sportime 14 2,SPTMC,14,2,B14ROCVC1GE,Rockland VBC 14 1,B14,True,16.0,1.0,-5.850380343414951,-15.592490558657888,9.742110215242937,0.6110458997677621,0.38895410023223786,False,0.75,0.5,0.5,-4.831781587313725,0.4914944879543015,0.2585055120456985,1.0,4
2026-02-07,B14SPTMC2GE,Sportime 14 2,SPTMC,14,2,B14117901XX,Torrimar 14 1,B14,False,-28.0,-2.0,-5.850380343414951,20.918751384386137,-26.76913172780109,0.22422723092330965,-0.22422723092330965,False,0.6,-5.2,0.0,0.3183250070262481,0.43804103654810317,0.16195896345189684,1.0,5
2026-02-07,B14SPTMC2GE,Sportime 14 2,SPTMC,14,2,B14TACCU1GE,Accuracy 14 Champ,B14,False,-24.0,-2.0,-5.850380343414951,12.990679913889906,-18.841060257304857,0.29450573278655373,-0.29450573278655373,False,0.6,-4.4,0.0,0.01775540325063858,0.4408946278978115,0.1591053721021885,1.0,6
2026-02-08,B14SPTMC2GE,Sportime 14 2,SPTMC,14,2,B14MVPVA1NE,MVP BOS 14 Black,B14,False,1.0,-1.0,-5.850380343414951,-6.53496735292579,0.6845870095108388,0.5079348655843974,-0.5079348655843974,True,0.4,-6.6,-0.6,1.4413631560832942,0.42458720525560245,-0.024587205255602484,0.5,7
2026-02-06,B14SPTMC3GE,Sportime 14 3,SPTMC,14,3,B14TACCU1GE,Accuracy 14 Champ,B14,False,-27.0,-2.0,-13.787497220304681,12.990679913889906,-26.778177134194586,0.22415428381033006,-0.22415428381033006,False,0.0,-27.0,-2.0,12.990679913889906,0.22415428381033006,-0.22415428381033006,,1
2026-02-06,B14SPTMC3GE,Sportime 14 3,SPTMC,14,3,B14117901XX,Torrimar 14 1,B14,False,-28.0,-2.0,-13.787497220304681,20.918751384386137,-34.70624860469082,0.16669712680541318,-0.16669712680541318,False,0.0,-27.5,-2.0,16.954715649138024,0.19542570530787162,-0.19542570530787162,,2
2026-02-06,B14SPTMC3GE,Sportime 14 3,SPTMC,14,3,B14MVPVA1NE,MVP BOS 14 Black,B14,False,-6.0,-1.0,-13.787497220304681,-6.53496735292579,-7.252529867378891,0.4167141704400962,-0.4167141704400962,False,0.0,-20.333333333333332,-1.6666666666666667,9.124821315116751,0.2691885270186131,-0.2691885270186131,,3
2026-02-07,B14SPTMC3GE,Sportime 14 3,SPTMC,14,3,B14COQUI1PU,BORINQUEN COQUI 14M Pirito,B14,False,-40.0,-2.0,-13.787497220304681,27.127429440534105,-40.91492666083879,0.1304375807183028,-0.1304375807183028,False,0.0,-25.25,-1.75,13.62547334647109,0.23450079044353556,-0.23450079044353556,,4
2026-02-07,B14SPTMC3GE,Sportime 14 3,SPTMC,14,3,B14LHVBC1NE,LHV Boys 14-1 Premier,B14,False,-9.0,-2.0,-13.787497220304681,-4.575157606275897,-9.212339614028785,0.39480781784237223,-0.39480781784237223,False,0.0,-22.0,-1.8,9.985347155921692,0.2665621959233029,-0.2665621959233029,,5
2026-02-07,B14SPTMC3GE,Sportime 14 3,SPTMC,14,3,B14ROCVC1GE,Rockland VBC 14 1,B14,False,-7.0,-2.0,-13.787497220304681,-15.592490558657888,1.8049933383532064,0.5209107493018899,-0.5209107493018899,True,0.0,-18.0,-1.8,4.268713061412134,0.3259134890216148,-0.3259134890216148,0.0,6
2026-02-08,B14SPTMC3GE,Sportime 14 3,SPTMC,14,3,B14LIFRY1GE,LI Fury 14 1,B14,True,11.0,2.0,-13.787497220304681,-12.981216866299041,-0.80628035400564,0.490654923007386,0.509345076992614,True,0.2,-10.2,-1.0,-2.511280588724902,0.3907050482620094,-0.1907050482620094,0.5,7
2026-02-08,B14SPTMC3GE,Sportime 14 3,SPTMC,14,3,B14LCVBC1GE,Legacy Boys 14 Premier,B14,False,-12.0,-2.0,-13.787497220304681,-13.653006117089069,-0.13449110321561264,0.4984410236321135,-0.4984410236321135,True,0.2,-11.4,-1.2,-3.9348883415575577,0.40705041890041294,-0.20705041890041284,0.3333333333333333,8
2025-11-22,B14TACCU1GE,Accuracy 14 Champ,TACCU,14,1,B14MVPVA1NE,MVP BOS 14 Black,B14,True,22.0,2.0,12.990679913889906,-6.53496735292579,19.525647266815696,0.7120461092190988,0.28795389078090117,False,1.0,22.0,2.0,-6.53496735292579,0.7120461092190988,0.28795389078090117,,1
2025-11-22,B14TACCU1GE,Accuracy 14 Champ,TACCU,14,1,B14LHVBC1NE,LHV Boys 14-1 Premier,B14,True,16.0,2.0,12.990679913889906,-4.575157606275897,17.565837520165804,0.6930616715840513,0.3069383284159487,False,1.0,19.0,2.0,-5.555062479600844,0.7025538904015751,0.29744610959842493,,2
2025-11-22,B14TACCU1GE,Accuracy 14 Champ,TACCU,14,1,B14RRJVB1NE,Boston United Boys 14-1,B14,True,20.0,2.0,12.990679913889906,12.977272727273402,0.013407186616504418,0.5001554121696876,0.4998445878303124,True,1.0,19.333333333333332,2.0,0.622382589357238,0.635087730990946,0.36491226900905405,1.0,3
2025-11-22,B14TACCU1GE,Accuracy 14 Champ,TACCU,14,1,B14117752XX,ValleyVBC Elite Boys,B14,True,24.0,2.0,12.990679913889906,10.477272727273203,2.5134071866167034,0.5291017497677626,0.4708982502322374,True,1.0,20.5,2.0,3.086105123836229,0.6085912356851501,0.39140876431484994,1.0,4
2025-11-23,B14TACCU1GE,Accuracy 14 Champ,TACCU,14,1,B14RRJVB1NE,Boston United Boys 14-1,B14,True,23.0,2.0,12.990679913889906,12.977272727273402,0.013407186616504418,0.5001554121696876,0.4998445878303124,True,1.0,21.0,2.0,5.064338644523664,0.5869040709820575,0.41309592901794245,1.0,5
2025-11-23,B14TACCU1GE,Accuracy 14 Champ,TACCU,14,1,B14117752XX,ValleyVBC Elite Boys,B14,False,-5.0,-1.0,12.990679913889906,10.477272727273203,2.5134071866167034,0.5291017497677626,-0.5291017497677626,True,0.8,15.6,1.4,8.466786660563463,0.5503151990917904,0.2496848009082097,0.75,6
2026-02-06,B14TACCU1GE,Accuracy 14 Champ,TACCU,14,1,B14SPTMC3GE,Sportime 14 3,B14,True,27.0,2.0,12.990679913889906,-13.787497220304681,26.778177134194586,0.77584571618967,0.22415428381032998,False,0.8,17.8,1.4,6.624318737757704,0.5668720080129142,0.2331279919870859,0.75,7
2026-02-06,B14TACCU1GE,Accuracy 14 Champ,TACCU,14,1,B14MVPVA1NE,MVP BOS 14 Black,B14,True,16.0,2.0,12.990679913889906,-6.53496735292579,19.525647266815696,0.7120461092190988,0.28795389078090117,False,0.8,17.0,1.4,2.7218707217178673,0.6092501474227963,0.19074985257720367,0.6666666666666666,8
2026-02-06,B14TACCU1GE,Accuracy 14 Champ,TACCU,14,1,B14117901XX,Torrimar 14 1,B14,False,-21.0,-2.0,12.990679913889906,20.918751384386137,-7.928071470496231,0.4091211901858847,-0.4091211901858847,False,0.6,8.0,0.6,4.810166453140454,0.5852540355064207,0.014745964493579244,0.5,9
2026-02-07,B14TACCU1GE,Accuracy 14 Champ,TACCU,14,1,B14LCVBC1GE,Legacy Boys 14 Premier,B14,True,32.0,2.0,12.990679913889906,-13.653006117089069,26.643686030978976,0.7747593665446666,0.2252406334553334,False,0.6,9.8,0.6,-0.5158893157320396,0.6401748263814165,-0.04017482638141655,0.0,10
2026-02-07,B14TACCU1GE,Accuracy 14 Champ,TACCU,14,1,B14CAPIT1XL,CSVC 14 CASCADE,B14,True,14.0,2.0,12.990679913889906,-11.522727272726776,24.513407186616682,0.757056485690839,0.24294351430916095,False,0.8,13.6,1.2,-4.915889315732035,0.6857657735660319,0.11423422643396815,,11
2026-02-07,B14TACCU1GE,Accuracy 14 Champ,TACCU,14,1,B14SPTMC2GE,Sportime 14 2,B14,True,24.0,2.0,12.990679913889906,-5.850380343414951,18.841060257304857,0.7054942672134462,0.2945057327865538,False,0.8,13.0,1.2,-3.3284659403540893,0.6716954837707871,0.1283045162292129,,12
2026-02-08,B14TACCU1GE,Accuracy 14 Champ,TACCU,14,1,B14CORE11GE,CORE Boys 14 Platinum,B14,False,-16.0,-2.0,12.990679913889906,14.493527932767954,-1.5028480188780478,0.4825864721328545,-0.4825864721328545,True,0.6,6.6,0.4,0.8772331167846594,0.6258035563535382,-0.025803556353538214,0.0,13
2026-02-06,B15ALLIN1FL,AVA 15 Boys,ALLIN,15,1,B15NYCVA1GE,NYC VBA 15 Nomad,B15,False,-19.0,-2.0,7.187170842880393,8.935562043462175,-1.748391200581782,0.4697795970681604,-0.4697795970681604,True,0.0,-19.0,-2.0,8.935562043462175,0.4697795970681604,-0.4697795970681604,0.0,1
2026-02-06,B15ALLIN1FL,AVA 15 Boys,ALLIN,15,1,B15LIFRY1GE,LI Fury 15 1,B15,False,-4.0,-1.0,7.187170842880393,7.723088703671281,-0.5359178607908879,0.49072658397774827,-0.49072658397774827,True,0.0,-11.5,-1.5,8.329325373566729,0.48025309052295434,-0.48025309052295434,0.0,2
2026-02-06,B15ALLIN1FL,AVA 15 Boys,ALLIN,15,1,B15SPTMC4GE,Sportime 15 4,B15,True,7.0,1.0,7.187170842880393,-9.409382089004,16.596552931884393,0.7593036423121358,0.24069635768786424,False,0.3333333333333333,-5.333333333333333,-0.6666666666666666,2.416422886043152,0.5732699411193481,-0.2399366077860148,0.0,3
2026-02-07,B15ALLIN1FL,AVA 15 Boys,ALLIN,15,1,B15DIGSV1GE,Digs Boys 15 Red,B15,True,32.0,2.0,7.187170842880393,-15.390712056426436,22.57788289930683,0.8267708082027833,0.17322919179721674,False,0.5,4.0,0.0,-2.035360849574245,0.6366451578902069,-0.13664515789020693,0.0,4
2026-02-07,B15ALLIN1FL,AVA 15 Boys,ALLIN,15,1,B15CAPIT1XL,CSVC 15 PANTHERS,B15,True,9.0,2.0,7.187170842880393,-4.152183809229553,11.339354652109947,0.6867450577722447,0.3132549422277553,False,0.6,5.0,0.4,-2.458725441505307,0.6466651378666144,-0.046665137866614484,0.0,5
2026-02-07,B15ALLIN1FL,AVA 15 Boys,ALLIN,15,1,B15SPTMC4GE,Sportime 15 4,B15,True,50.0,2.0,7.187170842880393,-9.409382089004,16.596552931884393,0.7593036423121358,0.24069635768786424,False,0.8,18.8,1.2,-6.127714267998542,0.7045699469154096,0.09543005308459045,0.0,6
2026-02-08,B15ALLIN1FL,AVA 15 Boys,ALLIN,15,1,B15SPTMC3GE,Sportime 15 3,B15,True,8.0,2.0,7.187170842880393,-7.328303552241952,14.515474395122345,0.7320025918847983,0.2679974081152017,False,1.0,21.2,1.8,-9.137992719181188,0.7528251484968196,0.24717485150318047,,7
2026-02-08,B15ALLIN1FL,AVA 15 Boys,ALLIN,15,1,B15CORE11GE,CORE Boys 15 Platinum,B15,False,-9.0,-2.0,7.187170842880393,11.905051040200131,-4.717880197319738,0.4190714135535578,-0.4190714135535578,True,0.8,18.0,1.2,-4.875106093340362,0.6847787027451039,0.11522129725489602,0.0,8
2025-12-20,B15CAPIT1XL,CSVC 15 PANTHERS,CAPIT,15,1,B15LEGIO1XL,TeamLVC Boys 15 Black,B15,True,8.0,2.0,-4.152183809229553,10.228548102310683,-14.380731911540234,0.2698311437567133,0.7301688562432866,False,1.0,8.0,2.0,10.228548102310683,0.2698311437567133,0.7301688562432866,,1
2025-12-20,B15CAPIT1XL,CSVC 15 PANTHERS,CAPIT,15,1,B15SAVBC1XL,Sporting Albany Boys 15u,B15,False,-16.0,-2.0,-4.152183809229553,-5.930166401079031,1.7779825918494785,0.5307306026840302,-0.5307306026840302,True,0.5,-4.0,0.0,2.1491908506158257,0.40028087322037176,0.09971912677962824,0.0,2
2025-12-20,B15CAPIT1XL,CSVC 15 PANTHERS,CAPIT,15,1,B15SJJVB2NE,SMASH Boys 15 Lightning,B15,False,-16.0,-2.0,-4.152183809229553,-1.0082888468896993,-3.1438949623398535,0.4458061577919917,-0.4458061577919917,True,0.3333333333333333,-8.0,-0.6666666666666666,1.096697618113984,0.4154559680775784,-0.08212263474424507,0.0,3
2025-12-21,B15CAPIT1XL,CSVC 15 PANTHERS,CAPIT,15,1,B15SJJVB1NE,SMASH Boys 15-1,B15,False,-24.0,-2.0,-4.152183809229553,14.844131576831213,-18.996315386060765,0.2116539292624467,-0.2116539292624467,False,0.25,-12.0,-1.0,4.5335561077932915,0.36450545837379544,-0.11450545837379547,0.0,4
2025-12-21,B15CAPIT1XL,CSVC 15 PANTHERS,CAPIT,15,1,B15LEGIO1XL,TeamLVC Boys 15 Black,B15,True,9.0,2.0,-4.152183809229553,10.228548102310683,-14.380731911540234,0.2698311437567133,0.7301688562432866,False,0.4,-7.8,-0.4,5.67255450669677,0.34557059545037905,0.054429404549620954,0.0,5
2026-01-17,B15CAPIT1XL,CSVC 15 PANTHERS,CAPIT,15,1,B16CAPIT1XL,CSVC 16 WOLFJAW,MIXED,False,-19.0,-2.0,-4.152183809229553,11.4846186337592,-15.636802442988753,0.3489224849720756,-0.3489224849720756,False,0.2,-13.2,-1.2,5.923768612986473,0.3613888636934515,-0.1613888636934515,0.0,6
2026-01-17,B15CAPIT1XL,CSVC 15 PANTHERS,CAPIT,15,1,B15SYRVB1XL,SVC 15 1 Boys,B15,False,-18.0,-2.0,-4.152183809229553,18.045964247707875,-22.198148056937427,0.17702635525867588,-0.17702635525867588,False,0.2,-13.6,-1.2,10.718994742743856,0.2906480142083806,-0.09064801420838065,0.0,7
2026-01-18,B15CAPIT1XL,CSVC 15 PANTHERS,CAPIT,15,1,B16NESVC2NE,NE Storm 16 Monsoon,MIXED,False,-12.0,-2.0,-4.152183809229553,3.744842902750687,-7.8970267119802395,0.42188843474137766,-0.42188843474137766,True,0.2,-12.8,-1.2,11.669621092671932,0.28586446959825784,-0.08586446959825784,0.0,8
2026-01-18,B15CAPIT1XL,CSVC 15 PANTHERS,CAPIT,15,1,B15LEGIO1XL,TeamLVC Boys 15 Black,B15,False,-11.0,-1.0,-4.152183809229553,10.228548102310683,-14.380731911540234,0.2698311437567133,-0.2698311437567133,False,0.2,-10.2,-1.0,10.746504397767826,0.29749991249711116,-0.09749991249711117,0.0,9
2026-01-18,B15CAPIT1XL,CSVC 15 PANTHERS,CAPIT,15,1,B16BVJVB2NE,Blast 16 Pyro,MIXED,True,13.0,2.0,-4.152183809229553,-9.686012964198403,5.53382915496885,0.5549654530817272,0.4450345469182728,True,0.2,-9.4,-1.0,6.763592184466009,0.35452677436211394,-0.15452677436211393,0.5,10
2026-01-18,B15CAPIT1XL,CSVC 15 PANTHERS,CAPIT,15,1,B15RRJVB2NE,Boston United Boys 15 Select 1,B15,True,10.0,1.0,-4.152183809229553,-4.747416040919453,0.5952322316899004,0.5102995041972282,0.48970049580277175,True,0.4,-3.6,-0.4,3.5171852495302787,0.38680217820714446,0.013197821792855547,0.6666666666666666,11
2026-01-19,B15CAPIT1XL,CSVC 15 PANTHERS,CAPIT,15,1,B15LEGIO1XL,TeamLVC Boys 15 Black,B15,False,-4.0,-1.0,-4.152183809229553,10.228548102310683,-14.380731911540234,0.2698311437567133,-0.2698311437567133,False,0.4,-0.8,-0.2,1.9537020204508402,0.4053631359067519,-0.005363135906751937,0.6666666666666666,12
2026-02-06,B15CAPIT1XL,CSVC 15 PANTHERS,CAPIT,15,1,B15TACCU1GE,Accuracy 15 Champ,B15,False,-9.0,-2.0,-4.152183809229553,3.7754279498058136,-7.927611759035367,0.3661488519288734,-0.3661488519288734,False,0.4,-0.2,-0.2,1.9598190298618654,0.3942152193442511,0.0057847806557489116,1.0,13
2026-02-06,B15CAPIT1XL,CSVC 15 PANTHERS,CAPIT,15,1,B15CORE11GE,CORE Boys 15 Platinum,B15,False,-14.0,-2.0,-4.152183809229553,11.905051040200131,-16.057234849429683,0.24758534046196126,-0.24758534046196126,False,0.4,-0.8,-0.4,2.295119617439755,0.3897660586853007,0.010233941314699319,1.0,14
2026-02-06,B15CAPIT1XL,CSVC 15 PANTHERS,CAPIT,15,1,B15LCVBC1GE,Legacy Boys 15 Premier,B15,False,-7.0,-2.0,-4.152183809229553,-3.871595976691593,-0.2805878325379596,0.4951443598069516,-0.4951443598069516,True,0.2,-4.8,-1.2,3.4580030149411174,0.37780184003034556,-0.17780184003034555,0.5,15
2026-02-07,B15CAPIT1XL,CSVC 15 PANTHERS,CAPIT,15,1,B15DIGSV1GE,Digs Boys 15 Red,B15,True,4.0,2.0,-4.152183809229553,-15.390712056426436,11.238528247196882,0.6852416260009101,0.3147583739990899,False,0.2,-6.0,-1.0,1.3293438118397205,0.41279026439108196,-0.21279026439108195,0.0,16
2026-02-07,B15CAPIT1XL,CSVC 15 PANTHERS,CAPIT,15,1,B15ALLIN1FL,AVA 15 Boys,B15,False,-9.0,-2.0,-4.152183809229553,7.187170842880393,-11.339354652109947,0.3132549422277552,-0.3132549422277552,False,0.2,-7.0,-1.2,0.7210683599536626,0.42147502408529025,-0.2214750240852903,0.0,17
2026-02-07,B15CAPIT1XL,CSVC 15 PANTHERS,CAPIT,15,1,B15SPTMC3GE,Sportime 15 3,B15,False,-2.0,-1.0,-4.152183809229553,-7.328303552241952,3.176119743012399,0.5547448989980744,-0.5547448989980744,True,0.2,-5.6,-1.0,-1.4996779404558904,0.4591942334991305,-0.2591942334991305,0.0,18
2026-02-08,B15CAPIT1XL,CSVC 15 PANTHERS,CAPIT,15,1,B15SPTMC4GE,Sportime 15 4,B15,False,-1.0,-1.0,-4.152183809229553,-9.409382089004,5.257198279774447,0.5899889707521928,-0.5899889707521928,False,0.2,-3.0,-0.8,-5.7625645662967155,0.5276749595571768,-0.32767495955717685,0.0,19
2026-03-14,B15CAPIT1XL,CSVC 15 PANTHERS,CAPIT,15,1,B15MCJVB1NE,Mill City 15's,B15,False,-12.0,-2.0,-4.152183809229553,8.367744148035024,-12.519927957264578,0.2959479380736621,-0.2959479380736621,False,0.2,-4.0,-0.8,-3.314696541351393,0.4878356752105189,-0.28783567521051895,0.0,20
2026-03-14,B15CAPIT1XL,CSVC 15 PANTHERS,CAPIT,15,1,B15LEGIO1XL,TeamLVC Boys 15 Black,B15,False,-18.0,-2.0,-4.152183809229553,10.228548102310683,-14.380731911540234,0.2698311437567133,-0.2698311437567133,False,0.0,-8.4,-1.6,1.8091554903960305,0.40475357876167956,-0.40475357876167956,0.0,21
2026-03-14,B15CAPIT1XL,CSVC 15 PANTHERS,CAPIT,15,1,B15SJVBC1NE,South County Juniors Boys 15 1,B15,True,13.0,2.0,-4.152183809229553,-10.038070627256312,5.885886818026759,0.600473779340883,0.399526220659117,False,0.2,-4.0,-0.8,-1.6358928036313105,0.46219734618430514,-0.2621973461843051,0.0,22
2026-03-15,B15CAPIT1XL,CSVC 15 PANTHERS,CAPIT,15,1,B15TTVBC1NE,SLAM 15 1 Boys,B15,True,26.0,2.0,-4.152183809229553,-12.951819331073589,8.799635521844035,0.6477442388660317,0.3522557611339683,False,0.4,1.6,-0.2,-2.760595959397638,0.48079721415789656,-0.08079721415789658,,23
2026-03-15,B15CAPIT1XL,CSVC 15 PANTHERS,CAPIT,15,1,B15SJVBC1NE,South County Juniors Boys 15 1,B15,True,30.0,2.0,-4.152183809229553,-10.038070627256312,5.885886818026759,0.600473779340883,0.399526220659117,False,0.6,7.8,0.4,-2.8863336670481003,0.4828941758756346,0.11710582412436539,,24
2026-02-06,B15CORE11GE,CORE Boys 15 Platinum,CORE1,15,1,B15TACCU1GE,Accuracy 15 Champ,B15,True,8.0,1.0,11.905051040200131,3.7754279498058136,8.129623090394318,0.6370904602189266,0.36290953978107343,False,1.0,8.0,1.0,3.7754279498058136,0.6370904602189266,0.36290953978107343,,1
2026-02-06,B15CORE11GE,CORE Boys 15 Platinum,CORE1,15,1,B15CAPIT1XL,CSVC 15 PANTHERS,B15,True,14.0,2.0,11.905051040200131,-4.152183809229553,16.057234849429683,0.7524146595380387,0.24758534046196135,False,1.0,11.0,1.5,-0.1883779297118695,0.6947525598784826,0.3052474401215174,,2
2026-02-06,B15CORE11GE,CORE Boys 15 Platinum,CORE1,15,1,B15NYCIV1GE,NYC Impact 15 National,B15,True,11.0,1.0,11.905051040200131,2.4672191991353847,9.437831841064746,0.6577574103254631,0.3422425896745369,False,1.0,11.0,1.3333333333333333,0.6968211132372152,0.6824208433608095,0.31757915663919056,,3
2026-02-07,B15CORE11GE,CORE Boys 15 Platinum,CORE1,15,1,B15CORE12GE,CORE Boys 15 Titanium,B15,False,-8.0,-2.0,11.905051040200131,7.712224910607721,4.192826129592411,0.5720550344392188,-0.5720550344392188,True,0.75,6.25,0.5,2.4506720625798417,0.6548293911304117,0.09517060886958822,0.0,4
2026-02-07,B15CORE11GE,CORE Boys 15 Platinum,CORE1,15,1,B15LCVBC1GE,Legacy Boys 15 Premier,B15,True,23.0,2.0,11.905051040200131,-3.871595976691593,15.776647016891724,0.7487786664758446,0.25122133352415543,False,0.8,9.6,0.8,1.1862184547255545,0.6736192461994983,0.12638075380050168,0.0,5
2026-02-07,B15CORE11GE,CORE Boys 15 Platinum,CORE1,15,1,B15LIFRY1GE,LI Fury 15 1,B15,False,-3.0,-1.0,11.905051040200131,7.723088703671281,4.1819623365288505,0.5718709224631139,-0.5718709224631139,True,0.6,7.4,0.4,1.9757506054986482,0.6605753386483357,-0.060575338648335794,0.0,6
2026-02-08,B15CORE11GE,CORE Boys 15 Platinum,CORE1,15,1,B15TACCU1GE,Accuracy 15 Champ,B15,True,16.0,2.0,11.905051040200131,3.7754279498058136,8.129623090394318,0.6370904602189266,0.36290953978107343,False,0.6,7.8,0.4,3.5612729573057216,0.6375104987845134,-0.03751049878451338,0.0,7
2026-02-08,B15CORE11GE,CORE Boys 15 Platinum,CORE1,15,1,B15ALLIN1FL,AVA 15 Boys,B15,True,9.0,2.0,11.905051040200131,7.187170842880393,4.717880197319738,0.5809285864464421,0.4190714135535579,True,0.6,7.4,0.6,4.505263286054723,0.6221447340087092,-0.02214473400870918,0.3333333333333333,8
2026-02-06,B15CORE12GE,CORE Boys 15 Titanium,CORE1,15,2,B15SPTMC5GE,Sportime 15 Lynbrook,B15,True,17.0,2.0,7.712224910607721,-11.918409534205868,19.630634444813587,0.7955799168292852,0.2044200831707148,False,1.0,17.0,2.0,-11.918409534205868,0.7955799168292852,0.2044200831707148,,1
2026-02-06,B15CORE12GE,CORE Boys 15 Titanium,CORE1,15,2,B15DIGSV1GE,Digs Boys 15 Red,B15,True,14.0,2.0,7.712224910607721,-15.390712056426436,23.102936967034157,0.831914639011312,0.16808536098868798,False,1.0,15.5,2.0,-13.65456079531615,0.8137472779202986,0.1862527220797014,,2
2026-02-06,B15CORE12GE,CORE Boys 15 Titanium,CORE1,15,2,B15RRJVB1NE,Boston United Boys 15 National,B15,False,-10.0,-2.0,7.712224910607721,14.602590154244087,-6.890365243636366,0.3829672248816517,-0.3829672248816517,False,0.6666666666666666,7.0,0.6666666666666666,-4.235510478796072,0.6701539269074163,-0.0034872602407496345,,3
2026-02-07,B15CORE12GE,CORE Boys 15 Titanium,CORE1,15,2,B15CORE11GE,CORE Boys 15 Platinum,B15,True,8.0,2.0,7.712224910607721,11.905051040200131,-4.192826129592411,0.42794496556078115,0.5720550344392188,True,0.75,7.25,1.0,-0.2003700990470212,0.6096016865707575,0.14039831342924247,1.0,4
2026-02-07,B15CORE12GE,CORE Boys 15 Titanium,CORE1,15,2,B15LIFRY1GE,LI Fury 15 1,B15,True,4.0,2.0,7.712224910607721,7.723088703671281,-0.010863793063560223,0.499811993536334,0.500188006463666,True,0.8,6.6,1.2,1.3843216614966392,0.5876437479638728,0.2123562520361272,1.0,5
2026-02-07,B15CORE12GE,CORE Boys 15 Titanium,CORE1,15,2,B15LCVBC1GE,Legacy Boys 15 Premier,B15,True,12.0,2.0,7.712224910607721,-3.871595976691593,11.583820887299314,0.6903740248368544,0.3096259751631456,False,0.8,5.6,1.2,2.9936843729994944,0.5666025695653867,0.23339743043461336,1.0,6
2026-02-08,B15CORE12GE,CORE Boys 15 Titanium,CORE1,15,2,B15NYCVA1GE,NYC VBA 15 Nomad,B15,False,-3.0,-1.0,7.712224910607721,8.935562043462175,-1.2233371328544544,0.4788418326787656,-0.4788418326787656,True,0.6,2.2,0.6,7.858939192977216,0.4959880082988774,0.10401199170112263,0.6666666666666666,7
2026-02-06,B15DIGSV1GE,Digs Boys 15 Red,DIGSV,15,1,B15RRJVB1NE,Boston United Boys 15 National,B15,False,-22.0,-2.0,-15.390712056426436,14.602590154244087,-29.99330221067052,0.1114286355386787,-0.1114286355386787,False,0.0,-22.0,-2.0,14.602590154244087,0.1114286355386787,-0.1114286355386787,,1
2026-02-06,B15DIGSV1GE,Digs Boys 15 Red,DIGSV,15,1,B15CORE12GE,CORE Boys 15 Titanium,B15,False,-14.0,-2.0,-15.390712056426436,7.712224910607721,-23.102936967034157,0.16808536098868798,-0.16808536098868798,False,0.0,-18.0,-2.0,11.157407532425903,0.13975699826368335,-0.13975699826368335,,2
2026-02-06,B15DIGSV1GE,Digs Boys 15 Red,DIGSV,15,1,B15SPTMC5GE,Sportime 15 Lynbrook,B15,False,-11.0,-2.0,-15.390712056426436,-11.918409534205868,-3.472302522220568,0.4401967268418053,-0.4401967268418053,True,0.0,-15.666666666666666,-2.0,3.465468510215313,0.23990357445639066,-0.23990357445639066,0.0,3
2026-02-07,B15DIGSV1GE,Digs Boys 15 Red,DIGSV,15,1,B15CAPIT1XL,CSVC 15 PANTHERS,B15,False,-4.0,-2.0,-15.390712056426436,-4.152183809229553,-11.238528247196882,0.3147583739990899,-0.3147583739990899,False,0.0,-12.75,-2.0,1.5610554303540967,0.2586172743420655,-0.2586172743420655,0.0,4
2026-02-07,B15DIGSV1GE,Digs Boys 15 Red,DIGSV,15,1,B15ALLIN1FL,AVA 15 Boys,B15,False,-32.0,-2.0,-15.390712056426436,7.187170842880393,-22.57788289930683,0.17322919179721671,-0.17322919179721671,False,0.0,-16.6,-2.0,2.6862785128593556,0.24153965783309572,-0.24153965783309572,0.0,5
2026-02-07,B15DIGSV1GE,Digs Boys 15 Red,DIGSV,15,1,B15SPTMC5GE,Sportime 15 Lynbrook,B15,False,-15.0,-2.0,-15.390712056426436,-11.918409534205868,-3.472302522220568,0.4401967268418053,-0.4401967268418053,True,0.0,-15.2,-2.0,-2.617921424830635,0.30729327609372104,-0.30729327609372104,0.0,6
2026-02-08,B15DIGSV1GE,Digs Boys 15 Red,DIGSV,15,1,B15LCVBC1GE,Legacy Boys 15 Premier,B15,False,-8.0,-1.0,-15.390712056426436,-3.871595976691593,-11.519116079734843,0.31058422651721046,-0.31058422651721046,False,0.0,-14.0,-1.8,-4.934685602290498,0.33579304919942554,-0.33579304919942554,0.0,7
2026-01-31,B15HKJVB1NE,Husky 15.1,HKJVB,15,1,B15SJVBC1NE,South County Juniors Boys 15 1,B15,True,0.0,1.0,-1.0888565288767091,-10.038070627256312,8.949214098379603,0.6501031665246982,0.34989683347530176,False,1.0,0.0,1.0,-10.038070627256312,0.6501031665246982,0.34989683347530176,,1
2026-01-31,B15HKJVB1NE,Husky 15.1,HKJVB,15,1,B15SJJVB2NE,SMASH Boys 15 Lightning,B15,False,-6.0,-2.0,-1.0888565288767091,-1.0082888468896993,-0.08056768198700981,0.4986057165909628,-0.4986057165909628,True,0.5,-3.0,-0.5,-5.523179737073006,0.5743544415578306,-0.07435444155783053,0.0,2
2026-01-31,B15HKJVB1NE,Husky 15.1,HKJVB,15,1,B15SJJVB1NE,SMASH Boys 15-1,B15,False,-19.0,-2.0,-1.0888565288767091,14.844131576831213,-15.932988105707922,0.24919102296248047,-0.24919102296248047,False,0.3333333333333333,-8.333333333333334,-1.0,1.2659240342284004,0.46596663535938054,-0.13263330202604717,0.0,3
2026-02-01,B15HKJVB1NE,Husky 15.1,HKJVB,15,1,B15SJVBC1NE,South County Juniors Boys 15 1,B15,True,12.0,2.0,-1.0888565288767091,-10.038070627256312,8.949214098379603,0.6501031665246982,0.34989683347530176,False,0.5,-3.25,-0.25,-1.5600746311427778,0.5120007681507099,-0.01200076815070994,0.0,4
2026-02-01,B15HKJVB1NE,Husky 15.1,HKJVB,15,1,B15LHVBC1NE,LHV Boys 15-1 Eclipse,B15,False,-5.0,-2.0,-1.0888565288767091,-5.752495528093402,4.663638999216692,0.5800142146040632,-0.5800142146040632,True,0.4,-3.6,-0.6,-2.3985588105329025,0.5256034574413806,-0.1256034574413806,0.0,5
2026-03-14,B15HKJVB1NE,Husky 15.1,HKJVB,15,1,B15NEVBC3NE,NEVBC Boys 15 Blue,B15,True,30.0,2.0,-1.0888565288767091,-17.639297186682455,16.550440657805748,0.7587197777744882,0.24128022222551182,False,0.4,2.4,-0.4,-3.9188041224181314,0.5473267796913386,-0.1473267796913386,0.0,6
2026-03-14,B15HKJVB1NE,Husky 15.1,HKJVB,15,1,B15RRJVB2NE,Boston United Boys 15 Select 1,B15,True,9.0,1.0,-1.0888565288767091,-4.747416040919453,3.6585595120427437,0.5629779928074261,0.4370220071925739,True,0.6,5.4,0.2,-4.666629561224083,0.5602012349346313,0.03979876506536876,0.5,7
2026-03-14,B15HKJVB1NE,Husky 15.1,HKJVB,15,1,B15SJJVB1NE,SMASH Boys 15-1,B15,False,-16.0,-2.0,-1.0888565288767091,14.844131576831213,-15.932988105707922,0.24919102296248047,-0.24919102296248047,False,0.6,6.0,0.2,-4.666629561224083,0.5602012349346313,0.03979876506536876,0.5,8
2026-03-15,B15HKJVB1NE,Husky 15.1,HKJVB,15,1,B15MCJVB1NE,Mill City 15's,B15,False,-9.0,-2.0,-1.0888565288767091,8.367744148035024,-9.456600676911734,0.34195017485417795,-0.34195017485417795,False,0.4,1.8,-0.6,-0.9854666061658147,0.4985706366005272,-0.09857063660052719,0.5,9
2026-03-15,B15HKJVB1NE,Husky 15.1,HKJVB,15,1,B15SAVBC1XL,Sporting Albany Boys 15u,B15,True,6.0,2.0,-1.0888565288767091,-5.930166401079031,4.841309872202322,0.5830072243392949,0.41699277566070514,False,0.6,4.0,0.2,-1.0210007807629407,0.49916923854757356,0.10083076145242649,1.0,10
2026-02-06,B15LCVBC1GE,Legacy Boys 15 Premier,LCVBC,15,1,B15SPTMC3GE,Sportime 15 3,B15,True,5.0,1.0,-3.871595976691593,-7.328303552241952,3.4567075755503587,0.5595372340760448,0.44046276592395517,True,1.0,5.0,1.0,-7.328303552241952,0.5595372340760448,0.44046276592395517,1.0,1
2026-02-06,B15LCVBC1GE,Legacy Boys 15 Premier,LCVBC,15,1,B15NYCIV1GE,NYC Impact 15 National,B15,False,-9.0,-1.0,-3.871595976691593,2.4672191991353847,-6.338815175826978,0.39202868149487424,-0.39202868149487424,False,0.5,-2.0,0.0,-2.4305421765532835,0.47578295778545954,0.024217042214540463,1.0,2
2026-02-06,B15LCVBC1GE,Legacy Boys 15 Premier,LCVBC,15,1,B15CAPIT1XL,CSVC 15 PANTHERS,B15,True,7.0,2.0,-3.871595976691593,-4.152183809229553,0.2805878325379596,0.5048556401930484,0.4951443598069516,True,0.6666666666666666,1.0,0.6666666666666666,-3.0044227207787064,0.4854738519213225,0.18119281474534418,1.0,3
2026-02-07,B15LCVBC1GE,Legacy Boys 15 Premier,LCVBC,15,1,B15LIFRY1GE,LI Fury 15 1,B15,False,-9.0,-1.0,-3.871595976691593,7.723088703671281,-11.594684680362874,0.3094652468339118,-0.3094652468339118,False,0.5,-1.5,0.25,-0.3225448646662097,0.44147170064946983,0.05852829935053018,1.0,4
2026-02-07,B15LCVBC1GE,Legacy Boys 15 Premier,LCVBC,15,1,B15CORE11GE,CORE Boys 15 Platinum,B15,False,-23.0,-2.0,-3.871595976691593,11.905051040200131,-15.776647016891724,0.2512213335241554,-0.2512213335241554,False,0.4,-5.8,-0.2,2.122974316307059,0.403421627224407,-0.0034216272244069314,1.0,5
2026-02-07,B15LCVBC1GE,Legacy Boys 15 Premier,LCVBC,15,1,B15CORE12GE,CORE Boys 15 Titanium,B15,False,-12.0,-2.0,-3.871595976691593,7.712224910607721,-11.583820887299314,0.30962597516314566,-0.30962597516314566,False,0.2,-9.2,-0.8,5.131080008876993,0.3534393754418271,-0.15343937544182712,1.0,6
2026-02-08,B15LCVBC1GE,Legacy Boys 15 Premier,LCVBC,15,1,B15DIGSV1GE,Digs Boys 15 Red,B15,True,8.0,1.0,-3.871595976691593,-15.390712056426436,11.519116079734843,0.6894157734827895,0.3105842265172105,False,0.4,-5.8,-0.4,1.559493757764629,0.4129167938394101,-0.012916793839410145,1.0,7
2026-02-08,B15LCVBC1GE,Legacy Boys 15 Premier,LCVBC,15,1,B15NYCIV1GE,NYC Impact 15 National,B15,False,-4.0,-2.0,-3.871595976691593,2.4672191991353847,-6.338815175826978,0.39202868149487424,-0.39202868149487424,False,0.2,-8.0,-1.2,2.8833743594376164,0.3903514020997753,-0.1903514020997753,,8
2025-12-20,B15LEGIO1XL,TeamLVC Boys 15 Black,LEGIO,15,1,B15CAPIT1XL,CSVC 15 PANTHERS,B15,False,-8.0,-2.0,10.228548102310683,-4.152183809229553,14.380731911540234,0.7301688562432866,-0.7301688562432866,False,0.0,-8.0,-2.0,-4.152183809229553,0.7301688562432866,-0.7301688562432866,,1
2025-12-20,B15LEGIO1XL,TeamLVC Boys 15 Black,LEGIO,15,1,B15SJJVB2NE,SMASH Boys 15 Lightning,B15,True,7.0,2.0,10.228548102310683,-1.0082888468896993,11.236836949200383,0.6852163736456353,0.31478362635436474,False,0.5,-0.5,0.0,-2.580236328059626,0.7076926149444609,-0.20769261494446095,,2
2025-12-20,B15LEGIO1XL,TeamLVC Boys 15 Black,LEGIO,15,1,B15SAVBC1XL,Sporting Albany Boys 15u,B15,True,11.0,2.0,10.228548102310683,-5.930166401079031,16.158714503389714,0.753720954619161,0.246279045380839,False,0.6666666666666666,3.3333333333333335,0.6666666666666666,-3.696879685732761,0.7230353948360276,-0.05636872816936097,,3
2025-12-21,B15LEGIO1XL,TeamLVC Boys 15 Black,LEGIO,15,1,B15NEVBC1NE,NEVBC Boys 15.1,B15,False,-14.0,-2.0,10.228548102310683,12.354477893768761,-2.125929791458079,0.46327537022403364,-0.46327537022403364,True,0.5,-1.0,0.0,0.3159597091426196,0.6580953886830292,-0.15809538868302914,0.0,4
2025-12-21,B15LEGIO1XL,TeamLVC Boys 15 Black,LEGIO,15,1,B15CAPIT1XL,CSVC 15 PANTHERS,B15,False,-9.0,-2.0,10.228548102310683,-4.152183809229553,14.380731911540234,0.7301688562432866,-0.7301688562432866,False,0.4,-2.6,-0.4,-0.5776689945318149,0.6725100821950807,-0.27251008219508066,0.0,5
2026-01-17,B15LEGIO1XL,TeamLVC Boys 15 Black,LEGIO,15,1,B16LHVBC2NE,LHV Boys 16-2 Hunters,MIXED,True,12.0,2.0,10.228548102310683,-1.4909678969668678,11.71951599927755,0.6147946232695471,0.38520537673045285,False,0.6,1.4,0.4,-0.04542581207927787,0.6494352356003328,-0.049435235600332736,0.0,6
2026-01-17,B15LEGIO1XL,TeamLVC Boys 15 Black,LEGIO,15,1,B15RRJVB2NE,Boston United Boys 15 Select 1,B15,True,16.0,2.0,10.228548102310683,-4.747416040919453,14.975964143230136,0.7382095383964823,0.2617904616035177,False,0.6,3.2,0.4,-0.7932512508852285,0.6600338685505022,-0.06003386855050215,0.0,7
2026-01-17,B15LEGIO1XL,TeamLVC Boys 15 Black,LEGIO,15,1,B15TTVBC1NE,SLAM 15 1 Boys,B15,True,14.0,2.0,10.228548102310683,-12.951819331073589,23.18036743338427,0.832662806539334,0.167337193460666,False,0.6,3.8,0.4,-2.19758183688414,0.6758222389345367,-0.07582223893453674,0.0,8
2026-01-18,B15LEGIO1XL,TeamLVC Boys 15 Black,LEGIO,15,1,B16RRJVB3NE,Boston United Boys 16 Select 1,MIXED,True,9.0,2.0,10.228548102310683,2.175698769699596,8.052849332611085,0.5796269060257643,0.4203730939742357,True,0.8,8.4,1.2,-4.2333376616979725,0.6990925460948829,0.10090745390511713,1.0,9
2026-01-18,B15LEGIO1XL,TeamLVC Boys 15 Black,LEGIO,15,1,B15CAPIT1XL,CSVC 15 PANTHERS,B15,True,11.0,1.0,10.228548102310683,-4.152183809229553,14.380731911540234,0.7301688562432866,0.26983114375671335,False,1.0,12.4,1.8,-4.2333376616979725,0.6990925460948828,0.30090745390511714,1.0,10
2026-01-18,B15LEGIO1XL,TeamLVC Boys 15 Black,LEGIO,15,1,B16NESVC2NE,NE Storm 16 Monsoon,MIXED,True,12.0,2.0,10.228548102310683,3.744842902750687,6.483705199559996,0.564303453901229,0.43569654609877095,True,1.0,12.4,1.8,-3.1861755017544615,0.6889943122212193,0.31100568777878074,1.0,11
2026-01-19,B15LEGIO1XL,TeamLVC Boys 15 Black,LEGIO,15,1,B15CAPIT1XL,CSVC 15 PANTHERS,B15,True,4.0,1.0,10.228548102310683,-4.152183809229553,14.380731911540234,0.7301688562432866,0.26983114375671335,False,1.0,10.0,1.6,-3.067129055416482,0.6873861757905801,0.31261382420941985,1.0,12
2026-01-19,B15LEGIO1XL,TeamLVC Boys 15 Black,LEGIO,15,1,B16CAPIT1XL,CSVC 16 WOLFJAW,MIXED,False,-8.0,-2.0,10.228548102310683,11.4846186337592,-1.2560705314485165,0.4874759173583409,-0.4874759173583409,True,0.8,5.6,0.8,1.820158537550076,0.6183487979543816,0.18165120204561852,0.6666666666666666,13
2026-03-14,B15LEGIO1XL,TeamLVC Boys 15 Black,LEGIO,15,1,B15SJVBC1NE,South County Juniors Boys 15 1,B15,True,11.0,2.0,10.228548102310683,-10.038070627256312,20.266618729566993,0.8026466854360728,0.19735331456392724,False,0.8,6.0,0.8,-0.6225953418411058,0.6629527538364431,0.1370472461635568,0.5,14
2026-03-14,B15LEGIO1XL,TeamLVC Boys 15 Black,LEGIO,15,1,B15CAPIT1XL,CSVC 15 PANTHERS,B15,True,18.0,2.0,10.228548102310683,-4.152183809229553,14.380731911540234,0.7301688562432866,0.26983114375671335,False,0.8,7.4,1.0,-0.6225953418411058,0.6629527538364431,0.1370472461635568,0.5,15
2026-03-14,B15LEGIO1XL,TeamLVC Boys 15 Black,LEGIO,15,1,B15MCJVB1NE,Mill City 15's,B15,True,-4.0,1.0,10.228548102310683,8.367744148035024,1.8608039542756583,0.5321582217651809,0.4678417782348191,True,0.8,4.2,0.8,0.30198490721576177,0.6565237074092336,0.14347629259076644,0.5,16
2026-03-15,B15LEGIO1XL,TeamLVC Boys 15 Black,LEGIO,15,1,B15SJJVB2NE,SMASH Boys 15 Lightning,B15,True,15.0,2.0,10.228548102310683,-1.0082888468896993,11.236836949200383,0.6852163736456353,0.31478362635436474,False,0.8,6.4,1.0,0.9307638996837324,0.6475332108897033,0.1524667891102967,0.5,17
2026-03-15,B15LEGIO1XL,TeamLVC Boys 15 Black,LEGIO,15,1,B15SJJVB1NE,SMASH Boys 15-1,B15,False,-15.0,-2.0,10.228548102310683,14.844131576831213,-4.61558347452053,0.42079634148361933,-0.42079634148361933,True,0.8,5.0,1.0,1.602666488298135,0.634197295714759,0.16580270428524102,0.5,18
2025-11-22,B15LHVBC1NE,LHV Boys 15-1 Eclipse,LHVBC,15,1,B15RRJVB1NE,Boston United Boys 15 National,B15,False,-16.0,-2.0,-5.752495528093402,14.602590154244087,-20.35508568233749,0.1963850463212368,-0.1963850463212368,False,0.0,-16.0,-2.0,14.602590154244087,0.1963850463212368,-0.1963850463212368,,1
2025-11-22,B15LHVBC1NE,LHV Boys 15-1 Eclipse,LHVBC,15,1,B15TACCU1GE,Accuracy 15 Champ,B15,False,-10.0,-2.0,-5.752495528093402,3.7754279498058136,-9.527923477899215,0.3408400759657722,-0.3408400759657722,False,0.0,-13.0,-2.0,9.18900905202495,0.2686125611435045,-0.2686125611435045,,2
2025-11-22,B15LHVBC1NE,LHV Boys 15-1 Eclipse,LHVBC,15,1,B15NEVBC3NE,NEVBC Boys 15 Blue,B15,True,6.0,1.0,-5.752495528093402,-17.639297186682455,11.886801658589054,0.6948392335595122,0.30516076644048784,False,0.3333333333333333,-6.666666666666667,-1.0,0.24624030578914832,0.4106881186155071,-0.07735478528217371,,3
2025-11-23,B15LHVBC1NE,LHV Boys 15-1 Eclipse,LHVBC,15,1,B15TTVBC1NE,SLAM 15 1 Boys,B15,True,5.0,1.0,-5.752495528093402,-12.951819331073589,7.199323802980187,0.6220738040671954,0.37792619593280463,False,0.5,-3.75,-0.5,-3.053274603426536,0.46353453997842914,0.036465460021570875,,4
2025-11-23,B15LHVBC1NE,LHV Boys 15-1 Eclipse,LHVBC,15,1,B15SJVBC1NE,South County Juniors Boys 15 1,B15,False,-24.0,-2.0,-5.752495528093402,-10.038070627256312,4.2855750991629105,0.573626061901352,-0.573626061901352,True,0.4,-7.8,-0.8,-4.4502338081924915,0.48555284436301366,-0.0855528443630137,0.0,5
2026-01-31,B15LHVBC1NE,LHV Boys 15-1 Eclipse,LHVBC,15,1,B15MCJVB1NE,Mill City 15's,B15,False,-18.0,-2.0,-5.752495528093402,8.367744148035024,-14.120239676128426,0.2733985774625073,-0.2733985774625073,False,0.4,-8.2,-0.8,-5.697203009434304,0.5009555505912677,-0.10095555059126779,0.0,6
2026-01-31,B15LHVBC1NE,LHV Boys 15-1 Eclipse,LHVBC,15,1,B15NYCVA1GE,NYC VBA 15 Nomad,B15,False,-12.0,-1.0,-5.752495528093402,8.935562043462175,-14.688057571555577,0.265660262517159,-0.265660262517159,False,0.4,-8.6,-0.6,-4.665176190703032,0.4859195879015451,-0.08591958790154516,0.0,7
2026-01-31,B15LHVBC1NE,LHV Boys 15-1 Eclipse,LHVBC,15,1,B15SAVBC1XL,Sporting Albany Boys 15u,B15,True,23.0,2.0,-5.752495528093402,-5.930166401079031,0.17767087298562956,0.5030746952609213,0.4969253047390787,True,0.4,-5.2,-0.4,-2.3233500335823463,0.447566680241827,-0.047566680241826996,0.5,8
2026-02-01,B15LHVBC1NE,LHV Boys 15-1 Eclipse,LHVBC,15,1,B15HKJVB1NE,Husky 15.1,B15,True,5.0,2.0,-5.752495528093402,-1.0888565288767091,-4.663638999216692,0.4199857853959368,0.5800142146040632,True,0.4,-5.2,-0.2,0.049242526857029435,0.40714907650757526,-0.00714907650757528,0.6666666666666666,9
2026-02-01,B15LHVBC1NE,LHV Boys 15-1 Eclipse,LHVBC,15,1,B15SAVBC1XL,Sporting Albany Boys 15u,B15,False,2.0,-1.0,-5.752495528093402,-5.930166401079031,0.17767087298562956,0.5030746952609213,-0.5030746952609213,True,0.4,0.0,0.0,0.8708233720924856,0.39303880317948914,0.006961196820510862,0.6666666666666666,10
2026-02-06,B15LIFRY1GE,LI Fury 15 1,LIFRY,15,1,B15SPTMC4GE,Sportime 15 4,B15,True,10.0,2.0,7.723088703671281,-9.409382089004,17.13247079267528,0.7660183548810315,0.23398164511896846,False,1.0,10.0,2.0,-9.409382089004,0.7660183548810315,0.23398164511896846,,1
2026-02-06,B15LIFRY1GE,LI Fury 15 1,LIFRY,15,1,B15ALLIN1FL,AVA 15 Boys,B15,True,4.0,1.0,7.723088703671281,7.187170842880393,0.5359178607908879,0.5092734160222516,0.4907265839777484,True,1.0,7.0,1.5,-1.1111056230618033,0.6376458854516416,0.3623541145483584,1.0,2
2026-02-06,B15LIFRY1GE,LI Fury 15 1,LIFRY,15,1,B15NYCVA1GE,NYC VBA 15 Nomad,B15,True,8.0,1.0,7.723088703671281,8.935562043462175,-1.2124733397908942,0.4790295054706414,0.5209704945293586,True,1.0,7.333333333333333,1.3333333333333333,2.237783599112856,0.5847737587913082,0.4152262412086918,1.0,3
2026-02-07,B15LIFRY1GE,LI Fury 15 1,LIFRY,15,1,B15LCVBC1GE,Legacy Boys 15 Premier,B15,True,9.0,1.0,7.723088703671281,-3.871595976691593,11.594684680362874,0.6905347531660883,0.30946524683391174,False,1.0,7.75,1.25,0.7104387051617439,0.6112140073850032,0.3887859926149968,1.0,4
2026-02-07,B15LIFRY1GE,LI Fury 15 1,LIFRY,15,1,B15CORE12GE,CORE Boys 15 Titanium,B15,False,-4.0,-2.0,7.723088703671281,7.712224910607721,0.010863793063560223,0.500188006463666,-0.500188006463666,True,0.8,5.4,0.6,2.1107959462509394,0.5890088072007358,0.2109911927992642,0.6666666666666666,5
2026-02-07,B15LIFRY1GE,LI Fury 15 1,LIFRY,15,1,B15CORE11GE,CORE Boys 15 Platinum,B15,True,3.0,1.0,7.723088703671281,11.905051040200131,-4.1819623365288505,0.42812907753688606,0.571870922463114,True,0.8,4.0,0.4,6.373682572091766,0.5214309517319067,0.2785690482680933,0.75,6
2026-02-08,B15LIFRY1GE,LI Fury 15 1,LIFRY,15,1,B15RRJVB1NE,Boston United Boys 15 National,B15,False,-13.0,-2.0,7.723088703671281,14.602590154244087,-6.879501450572806,0.38314494673661276,-0.38314494673661276,False,0.6,0.6,-0.2,7.856766434364505,0.4962052578747789,0.10379474212522113,0.6666666666666666,7
2025-11-22,B15MCJVB1NE,Mill City 15's,MCJVB,15,1,B15TTVBC1NE,SLAM 15 1 Boys,B15,True,25.0,2.0,8.367744148035024,-12.951819331073589,21.319563479108613,0.8139384431183954,0.18606155688160464,False,1.0,25.0,2.0,-12.951819331073589,0.8139384431183954,0.18606155688160464,,1
2025-11-22,B15MCJVB1NE,Mill City 15's,MCJVB,15,1,B15RRJVB2NE,Boston United Boys 15 Select 1,B15,True,21.0,2.0,8.367744148035024,-4.747416040919453,13.115160188954476,0.712564632975828,0.28743536702417205,False,1.0,23.0,2.0,-8.84961768599652,0.7632515380471117,0.23674846195288834,,2
2025-11-22,B15MCJVB1NE,Mill City 15's,MCJVB,15,1,B15SJVBC1NE,South County Juniors Boys 15 1,B15,True,26.0,2.0,8.367744148035024,-10.038070627256312,18.405814775291336,0.7814452150861548,0.21855478491384517,False,1.0,24.0,2.0,-9.245768666416451,0.769316097060126,0.23068390293987395,,3
2025-11-23,B15MCJVB1NE,Mill City 15's,MCJVB,15,1,B15TACCU1GE,Accuracy 15 Champ,B15,True,22.0,2.0,8.367744148035024,3.7754279498058136,4.592316198229211,0.578811053885118,0.421188946114882,True,1.0,23.5,2.0,-5.990469512360885,0.7216898362663741,0.27831016373362594,1.0,4
2025-11-23,B15MCJVB1NE,Mill City 15's,MCJVB,15,1,B15RRJVB1NE,Boston United Boys 15 National,B15,False,-15.0,-2.0,8.367744148035024,14.602590154244087,-6.234846006209063,0.3937453741630887,-0.3937453741630887,False,0.8,15.8,1.2,-1.8718575790398908,0.6561009438457169,0.14389905615428306,1.0,5
2025-12-20,B15MCJVB1NE,Mill City 15's,MCJVB,15,1,B15RRJVB1NE,Boston United Boys 15 National,B15,False,-17.0,-2.0,8.367744148035024,14.602590154244087,-6.234846006209063,0.3937453741630887,-0.3937453741630887,False,0.6,7.4,0.4,3.639024318023644,0.5720623300546557,0.027937669945344367,1.0,6
2025-12-20,B15MCJVB1NE,Mill City 15's,MCJVB,15,1,B15SJJVB1NE,SMASH Boys 15-1,B15,False,-11.0,-2.0,8.367744148035024,14.844131576831213,-6.476387428796189,0.3897612535921403,-0.3897612535921403,False,0.4,1.0,-0.4,7.557333841573778,0.5075016541779181,-0.1075016541779181,1.0,7
2025-12-20,B15MCJVB1NE,Mill City 15's,MCJVB,15,1,B15NEVBC1NE,NEVBC Boys 15.1,B15,True,8.0,1.0,8.367744148035024,12.354477893768761,-3.986733745733737,0.4314410207446401,0.5685589792553599,True,0.4,-2.6,-0.6,12.035843545778793,0.4375008153096152,-0.03750081530961515,1.0,8
2025-12-21,B15MCJVB1NE,Mill City 15's,MCJVB,15,1,B15SJJVB2NE,SMASH Boys 15 Lightning,B15,True,13.0,2.0,8.367744148035024,-1.0082888468896993,9.376032994924724,0.6567937499389489,0.3432062500610511,False,0.4,-4.4,-0.6,11.079100186439689,0.4530973545203813,-0.053097354520381335,1.0,9
2025-12-21,B15MCJVB1NE,Mill City 15's,MCJVB,15,1,B15RRJVB1NE,Boston United Boys 15 National,B15,False,-8.0,-2.0,8.367744148035024,14.602590154244087,-6.234846006209063,0.3937453741630887,-0.3937453741630887,False,0.4,-3.0,-0.6,11.079100186439689,0.4530973545203813,-0.053097354520381335,1.0,10
2026-01-31,B15MCJVB1NE,Mill City 15's,MCJVB,15,1,B15SAVBC1XL,Sporting Albany Boys 15u,B15,True,12.0,1.0,8.367744148035024,-5.930166401079031,14.297910549114055,0.7290378074588878,0.2709621925411122,False,0.6,2.8,0.0,6.972548875375066,0.5201558411795412,0.07984415882045884,1.0,11
2026-01-31,B15MCJVB1NE,Mill City 15's,MCJVB,15,1,B15LHVBC1NE,LHV Boys 15-1 Eclipse,B15,True,18.0,2.0,8.367744148035024,-5.752495528093402,14.120239676128426,0.7266014225374927,0.2733985774625073,False,0.8,8.6,0.8,2.8532234543901427,0.5875238749686116,0.21247612503138838,1.0,12
2026-01-31,B15MCJVB1NE,Mill City 15's,MCJVB,15,1,B15NYCVA1GE,NYC VBA 15 Nomad,B15,True,-3.0,1.0,8.367744148035024,8.935562043462175,-0.5678178954271509,0.49017473024438885,0.5098252697556112,True,0.8,6.4,0.8,2.1694402843288256,0.5992706168685614,0.2007293831314386,1.0,13
2026-02-01,B15MCJVB1NE,Mill City 15's,MCJVB,15,1,B15SJJVB2NE,SMASH Boys 15 Lightning,B15,True,8.0,1.0,8.367744148035024,-1.0082888468896993,9.376032994924724,0.6567937499389489,0.3432062500610511,False,0.8,5.4,0.6,2.1694402843288256,0.5992706168685613,0.2007293831314386,1.0,14
2026-02-01,B15MCJVB1NE,Mill City 15's,MCJVB,15,1,B15SJJVB1NE,SMASH Boys 15-1,B15,False,-18.0,-1.0,8.367744148035024,14.844131576831213,-6.476387428796189,0.3897612535921403,-0.3897612535921403,False,0.8,3.4,0.8,2.217748568846251,0.5984737927543717,0.2015262072456283,1.0,15
2026-03-14,B15MCJVB1NE,Mill City 15's,MCJVB,15,1,B15CAPIT1XL,CSVC 15 PANTHERS,B15,True,12.0,2.0,8.367744148035024,-4.152183809229553,12.519927957264578,0.704052061926338,0.29594793807366204,False,0.8,3.4,1.0,2.573345087216146,0.5934766436478618,0.20652335635213825,1.0,16
2026-03-14,B15MCJVB1NE,Mill City 15's,MCJVB,15,1,B15SJVBC1NE,South County Juniors Boys 15 1,B15,True,15.0,2.0,8.367744148035024,-10.038070627256312,18.405814775291336,0.7814452150861548,0.21855478491384517,False,0.8,2.8,1.0,1.7162300673835638,0.6044454021575942,0.19555459784240586,1.0,17
2026-03-14,B15MCJVB1NE,Mill City 15's,MCJVB,15,1,B15LEGIO1XL,TeamLVC Boys 15 Black,B15,False,4.0,-1.0,8.367744148035024,10.228548102310683,-1.8608039542756583,0.4678417782348191,-0.4678417782348191,True,0.6,4.2,0.6,1.9748272791532657,0.5999788117556802,2.118824431980304e-05,0.0,18
2026-03-15,B15MCJVB1NE,Mill City 15's,MCJVB,15,1,B15HKJVB1NE,Husky 15.1,B15,True,9.0,2.0,8.367744148035024,-1.0888565288767091,9.456600676911734,0.658049825145822,0.341950174854178,False,0.6,4.4,0.8,1.9587137427558639,0.6002300267970548,-0.00023002679705481645,0.0,19
2026-03-15,B15MCJVB1NE,Mill City 15's,MCJVB,15,1,B15RRJVB1NE,Boston United Boys 15 National,B15,False,-12.0,-2.0,8.367744148035024,14.602590154244087,-6.234846006209063,0.3937453741630887,-0.3937453741630887,False,0.6,5.6,0.6,1.9104054582384387,0.6010268509112445,-0.0010268509112444923,0.0,20
2025-12-20,B15NEVBC1NE,NEVBC Boys 15.1,NEVBC,15,1,B15SJJVB1NE,SMASH Boys 15-1,B15,False,-14.0,-2.0,12.354477893768761,14.844131576831213,-2.4896536830624516,0.45702091388436433,-0.45702091388436433,True,0.0,-14.0,-2.0,14.844131576831213,0.45702091388436433,-0.45702091388436433,0.0,1
2025-12-20,B15NEVBC1NE,NEVBC Boys 15.1,NEVBC,15,1,B15RRJVB1NE,Boston United Boys 15 National,B15,False,-2.0,-1.0,12.354477893768761,14.602590154244087,-2.2481122604753256,0.4611729792776231,-0.4611729792776231,True,0.0,-8.0,-1.5,14.72336086553765,0.4590969465809937,-0.4590969465809937,0.0,2
2025-12-20,B15NEVBC1NE,NEVBC Boys 15.1,NEVBC,15,1,B15MCJVB1NE,Mill City 15's,B15,False,-8.0,-1.0,12.354477893768761,8.367744148035024,3.986733745733737,0.5685589792553598,-0.5685589792553598,True,0.0,-8.0,-1.3333333333333333,12.604821959703441,0.4955842908057824,-0.4955842908057824,0.0,3
2025-12-21,B15NEVBC1NE,NEVBC Boys 15.1,NEVBC,15,1,B15LEGIO1XL,TeamLVC Boys 15 Black,B15,True,14.0,2.0,12.354477893768761,10.228548102310683,2.125929791458079,0.5367246297759664,0.46327537022403364,True,0.25,-2.5,-0.5,12.010753495355251,0.5058693755483283,-0.2558693755483284,0.25,4
2025-12-21,B15NEVBC1NE,NEVBC Boys 15.1,NEVBC,15,1,B15SJJVB1NE,SMASH Boys 15-1,B15,False,-5.0,-1.0,12.354477893768761,14.844131576831213,-2.4896536830624516,0.45702091388436433,-0.45702091388436433,True,0.2,-3.0,-0.6,12.577429111650444,0.4960996832155356,-0.2960996832155356,0.2,5
2026-01-31,B15NEVBC1NE,NEVBC Boys 15.1,NEVBC,15,1,B15RRJVB2NE,Boston United Boys 15 Select 1,B15,True,17.0,2.0,12.354477893768761,-4.747416040919453,17.101893934688214,0.7656387694184218,0.2343612305815782,False,0.4,3.2,0.2,8.659119588100312,0.5578232543223471,-0.15782325432234706,0.25,6
2026-01-31,B15NEVBC1NE,NEVBC Boys 15.1,NEVBC,15,1,B15SJJVB2NE,SMASH Boys 15 Lightning,B15,True,14.0,2.0,12.354477893768761,-1.0082888468896993,13.362766740658461,0.7160623759203703,0.28393762407962975,False,0.6,6.4,0.8,5.536943787873553,0.6088011336508965,-0.00880113365089651,0.3333333333333333,7
2026-01-31,B15NEVBC1NE,NEVBC Boys 15.1,NEVBC,15,1,B15SJJVB1NE,SMASH Boys 15-1,B15,True,8.0,1.0,12.354477893768761,14.844131576831213,-2.4896536830624516,0.45702091388436433,0.5429790861156356,True,0.8,9.6,1.2,6.832221273632792,0.5864935205766975,0.2135064794233026,0.6666666666666666,8
2026-02-01,B15NEVBC1NE,NEVBC Boys 15.1,NEVBC,15,1,B15RRJVB2NE,Boston United Boys 15 Select 1,B15,True,17.0,2.0,12.354477893768761,-4.747416040919453,17.101893934688214,0.7656387694184218,0.2343612305815782,False,0.8,10.2,1.2,3.837028444986764,0.6322763485051885,0.1677236514948115,0.5,9
2026-02-01,B15NEVBC1NE,NEVBC Boys 15.1,NEVBC,15,1,B15NYCVA1GE,NYC VBA 15 Nomad,B15,True,2.0,1.0,12.354477893768761,8.935562043462175,3.418915850306586,0.558892391625062,0.441107608374938,True,1.0,11.6,1.6,2.6553145383129566,0.6526506440533281,0.34734935594667193,1.0,10
2026-02-01,B15NEVBC1NE,NEVBC Boys 15.1,NEVBC,15,1,B15SJJVB1NE,SMASH Boys 15-1,B15,True,11.0,1.0,12.354477893768761,14.844131576831213,-2.4896536830624516,0.45702091388436433,0.5429790861156356,True,1.0,10.4,1.4,6.573624061863089,0.5909270729465166,0.4090729270534834,1.0,11
2025-11-22,B15NEVBC3NE,NEVBC Boys 15 Blue,NEVBC,15,3,B15TACCU1GE,Accuracy 15 Champ,B15,False,-24.0,-2.0,-17.639297186682455,3.7754279498058136,-21.41472513648827,0.185066007650856,-0.185066007650856,False,0.0,-24.0,-2.0,3.7754279498058136,0.185066007650856,-0.185066007650856,,1
2025-11-22,B15NEVBC3NE,NEVBC Boys 15 Blue,NEVBC,15,3,B15RRJVB1NE,Boston United Boys 15 National,B15,False,-18.0,-2.0,-17.639297186682455,14.602590154244087,-32.24188734092654,0.09692354494771532,-0.09692354494771532,False,0.0,-21.0,-2.0,9.18900905202495,0.14099477629928567,-0.14099477629928567,,2
2025-11-22,B15NEVBC3NE,NEVBC Boys 15 Blue,NEVBC,15,3,B15LHVBC1NE,LHV Boys 15-1 Eclipse,B15,False,-6.0,-1.0,-17.639297186682455,-5.752495528093402,-11.886801658589054,0.3051607664404878,-0.3051607664404878,False,0.0,-16.0,-1.6666666666666667,4.208507525318833,0.1957167730130197,-0.1957167730130197,,3
2025-11-23,B15NEVBC3NE,NEVBC Boys 15 Blue,NEVBC,15,3,B15SJVBC1NE,South County Juniors Boys 15 1,B15,False,-11.0,-2.0,-17.639297186682455,-10.038070627256312,-7.601226559426143,0.3714080987880366,-0.3714080987880366,False,0.0,-14.75,-1.75,0.6468629871750466,0.23963960445677393,-0.23963960445677393,,4
2025-11-23,B15NEVBC3NE,NEVBC Boys 15 Blue,NEVBC,15,3,B15TTVBC1NE,SLAM 15 1 Boys,B15,True,1.0,1.0,-17.639297186682455,-12.951819331073589,-4.687477855608867,0.4195838534595482,0.5804161465404518,True,0.2,-11.6,-1.2,-2.0728734764746806,0.27562845425732874,-0.07562845425732878,1.0,5
2026-03-14,B15NEVBC3NE,NEVBC Boys 15 Blue,NEVBC,15,3,B15HKJVB1NE,Husky 15.1,B15,False,-30.0,-2.0,-17.639297186682455,-1.0888565288767091,-16.550440657805748,0.24128022222551188,-0.24128022222551188,False,0.2,-12.8,-1.2,-3.045730372211185,0.28687129717225995,-0.08687129717225996,1.0,6
2026-03-14,B15NEVBC3NE,NEVBC Boys 15 Blue,NEVBC,15,3,B15SJJVB1NE,SMASH Boys 15-1,B15,False,-27.0,-2.0,-17.639297186682455,14.844131576831213,-32.48342876351367,0.09546986245352027,-0.09546986245352027,False,0.2,-14.6,-1.2,-2.99742208769376,0.28658056067342097,-0.08658056067342094,1.0,7
2026-03-14,B15NEVBC3NE,NEVBC Boys 15 Blue,NEVBC,15,3,B15RRJVB2NE,Boston United Boys 15 Select 1,B15,False,-23.0,-2.0,-17.639297186682455,-4.747416040919453,-12.891881145763001,0.2906113944950178,-0.2906113944950178,False,0.2,-18.0,-1.4,-2.7964061902589696,0.2836706862843269,-0.08367068628432696,1.0,8
2026-03-15,B15NEVBC3NE,NEVBC Boys 15 Blue,NEVBC,15,3,B15SJVBC1NE,South County Juniors Boys 15 1,B15,False,-10.0,-1.0,-17.639297186682455,-10.038070627256312,-7.601226559426143,0.3714080987880366,-0.3714080987880366,False,0.2,-17.8,-1.2,-2.79640619025897,0.2836706862843269,-0.08367068628432696,1.0,9
2026-03-15,B15NEVBC3NE,NEVBC Boys 15 Blue,NEVBC,15,3,B15TTVBC1NE,SLAM 15 1 Boys,B15,False,-2.0,-1.0,-17.639297186682455,-12.951819331073589,-4.687477855608867,0.4195838534595482,-0.4195838534595482,True,0.0,-18.4,-1.6,-2.79640619025897,0.2836706862843269,-0.28367068628432696,0.0,10
2026-02-06,B15NYCIV1GE,NYC Impact 15 National,NYCIV,15,1,B15SPTMC3GE,Sportime 15 3,B15,True,23.0,2.0,2.4672191991353847,-7.328303552241952,9.795522751377337,0.6633093379862589,0.3366906620137411,False,1.0,23.0,2.0,-7.328303552241952,0.6633093379862589,0.3366906620137411,,1
2026-02-06,B15NYCIV1GE,NYC Impact 15 National,NYCIV,15,1,B15LCVBC1GE,Legacy Boys 15 Premier,B15,True,9.0,1.0,2.4672191991353847,-3.871595976691593,6.338815175826978,0.6079713185051258,0.39202868149487424,False,1.0,16.0,1.5,-5.599949764466772,0.6356403282456924,0.36435967175430767,,2
2026-02-06,B15NYCIV1GE,NYC Impact 15 National,NYCIV,15,1,B15CORE11GE,CORE Boys 15 Platinum,B15,False,-11.0,-1.0,2.4672191991353847,11.905051040200131,-9.437831841064746,0.3422425896745369,-0.3422425896745369,False,0.6666666666666666,7.0,0.6666666666666666,0.23505050375552905,0.5378410820553072,0.12882558461135948,,3
2026-02-07,B15NYCIV1GE,NYC Impact 15 National,NYCIV,15,1,B15NYCVA1GE,NYC VBA 15 Nomad,B15,False,-9.0,-2.0,2.4672191991353847,8.935562043462175,-6.4683428443267905,0.38989371214842017,-0.38989371214842017,False,0.5,3.0,0.0,2.4101783886821906,0.5008542395785854,-0.0008542395785854362,,4
2026-02-07,B15NYCIV1GE,NYC Impact 15 National,NYCIV,15,1,B15TACCU1GE,Accuracy 15 Champ,B15,False,-5.0,-1.0,2.4672191991353847,3.7754279498058136,-1.308208750670429,0.47737587919434005,-0.47737587919434005,True,0.4,1.4,-0.2,2.683228300906915,0.4961585675017363,-0.09615856750173636,0.0,5
2026-02-07,B15NYCIV1GE,NYC Impact 15 National,NYCIV,15,1,B15RRJVB1NE,Boston United Boys 15 National,B15,False,-17.0,-2.0,2.4672191991353847,14.602590154244087,-12.135370955108701,0.3015245679439612,-0.3015245679439612,False,0.2,-6.6,-1.0,7.069407042204122,0.42380161349327683,-0.22380161349327682,0.0,6
2026-02-08,B15NYCIV1GE,NYC Impact 15 National,NYCIV,15,1,B15LCVBC1GE,Legacy Boys 15 Premier,B15,True,4.0,2.0,2.4672191991353847,-3.871595976691593,6.338815175826978,0.6079713185051258,0.39202868149487424,False,0.2,-7.6,-0.8,7.069407042204124,0.42380161349327683,-0.22380161349327682,0.0,7
2026-02-08,B15NYCIV1GE,NYC Impact 15 National,NYCIV,15,1,B15SPTMC4GE,Sportime 15 4,B15,True,11.0,2.0,2.4672191991353847,-9.409382089004,11.876601288139383,0.6946894928051727,0.30531050719482733,False,0.4,-3.2,-0.2,2.806520416363296,0.4942909941194039,-0.09429099411940396,0.0,8
2026-01-31,B15NYCVA1GE,NYC VBA 15 Nomad,NYCVA,15,1,B15MCJVB1NE,Mill City 15's,B15,False,3.0,-1.0,8.935562043462175,8.367744148035024,0.5678178954271509,0.5098252697556112,-0.5098252697556112,True,0.0,3.0,-1.0,8.367744148035024,0.5098252697556112,-0.5098252697556112,0.0,1
2026-01-31,B15NYCVA1GE,NYC VBA 15 Nomad,NYCVA,15,1,B15LHVBC1NE,LHV Boys 15-1 Eclipse,B15,True,12.0,1.0,8.935562043462175,-5.752495528093402,14.688057571555577,0.734339737482841,0.265660262517159,False,0.5,7.5,0.0,1.3076243099708114,0.6220825036192261,-0.12208250361922607,0.0,2
2026-01-31,B15NYCVA1GE,NYC VBA 15 Nomad,NYCVA,15,1,B15SAVBC1XL,Sporting Albany Boys 15u,B15,True,4.0,1.0,8.935562043462175,-5.930166401079031,14.865728444541206,0.7367321486465961,0.2632678513534039,False,0.6666666666666666,6.333333333333333,0.3333333333333333,-1.1049725937124695,0.6602990519616827,0.006367614704983926,0.0,3
2026-02-01,B15NYCVA1GE,NYC VBA 15 Nomad,NYCVA,15,1,B15NEVBC1NE,NEVBC Boys 15.1,B15,False,-2.0,-1.0,8.935562043462175,12.354477893768761,-3.418915850306586,0.441107608374938,-0.441107608374938,True,0.5,4.25,0.0,2.2598900281578382,0.6055011910649966,-0.10550119106499656,0.0,4
2026-02-01,B15NYCVA1GE,NYC VBA 15 Nomad,NYCVA,15,1,B15RRJVB2NE,Boston United Boys 15 Select 1,B15,True,18.0,2.0,8.935562043462175,-4.747416040919453,13.682978084381627,0.7205474450881801,0.27945255491181986,False,0.6,7.0,0.4,0.8584288143423799,0.6285104418696333,-0.028510441869633273,0.0,5
2026-02-06,B15NYCVA1GE,NYC VBA 15 Nomad,NYCVA,15,1,B15ALLIN1FL,AVA 15 Boys,B15,True,19.0,2.0,8.935562043462175,7.187170842880393,1.748391200581782,0.5302204029318396,0.4697795970681604,True,0.8,10.2,1.0,0.6223141533114538,0.632589468504879,0.16741053149512103,0.5,6
2026-02-06,B15NYCVA1GE,NYC VBA 15 Nomad,NYCVA,15,1,B15SPTMC4GE,Sportime 15 4,B15,True,18.0,2.0,8.935562043462175,-9.409382089004,18.344944132466175,0.780724717136104,0.21927528286389597,False,0.8,11.4,1.2,-0.10906315887066605,0.6418664644355315,0.15813353556446844,0.5,7
2026-02-06,B15NYCVA1GE,NYC VBA 15 Nomad,NYCVA,15,1,B15LIFRY1GE,LI Fury 15 1,B15,False,-8.0,-1.0,8.935562043462175,7.723088703671281,1.2124733397908942,0.5209704945293586,-0.5209704945293586,True,0.6,9.0,0.8,2.6215878620793966,0.598714133612084,0.0012858663879159239,0.3333333333333333,8
2026-02-07,B15NYCVA1GE,NYC VBA 15 Nomad,NYCVA,15,1,B15NYCIV1GE,NYC Impact 15 National,B15,True,9.0,2.0,8.935562043462175,2.4672191991353847,6.4683428443267905,0.6101062878515798,0.38989371214842017,False,0.8,11.2,1.4,0.6441361231527212,0.6325138695074124,0.16748613049258756,0.5,9
2026-02-07,B15NYCVA1GE,NYC VBA 15 Nomad,NYCVA,15,1,B15RRJVB1NE,Boston United Boys 15 National,B15,False,-9.0,-2.0,8.935562043462175,14.602590154244087,-5.667028110781912,0.4031662738850705,-0.4031662738850705,False,0.6,5.8,0.6,4.514137362185429,0.5690376352667905,0.030962364733209492,0.5,10
2026-02-07,B15NYCVA1GE,NYC VBA 15 Nomad,NYCVA,15,1,B15TACCU1GE,Accuracy 15 Champ,B15,True,19.0,2.0,8.935562043462175,3.7754279498058136,5.160134093656362,0.588362632804404,0.41163736719559596,False,0.6,5.8,0.6,3.831788783570514,0.5806660812413034,0.0193339187586966,0.0,11
2026-02-08,B15NYCVA1GE,NYC VBA 15 Nomad,NYCVA,15,1,B15CORE12GE,CORE Boys 15 Titanium,B15,True,3.0,1.0,8.935562043462175,7.712224910607721,1.2233371328544544,0.5211581673212344,0.47884183267876557,True,0.6,2.8,0.4,7.256110183492856,0.5287527712783294,0.07124722872167052,0.5,12
2026-02-08,B15NYCVA1GE,NYC VBA 15 Nomad,NYCVA,15,1,B15RRJVB1NE,Boston United Boys 15 National,B15,False,-22.0,-2.0,8.935562043462175,14.602590154244087,-5.667028110781912,0.4031662738850705,-0.4031662738850705,False,0.6,0.0,0.2,8.63201047360742,0.5051919271494719,0.09480807285052816,1.0,13
2025-11-22,B15RRJVB1NE,Boston United Boys 15 National,RRJVB,15,1,B15LHVBC1NE,LHV Boys 15-1 Eclipse,B15,True,16.0,2.0,14.602590154244087,-5.752495528093402,20.35508568233749,0.8036149536787632,0.19638504632123677,False,1.0,16.0,2.0,-5.752495528093402,0.8036149536787632,0.19638504632123677,,1
2025-11-22,B15RRJVB1NE,Boston United Boys 15 National,RRJVB,15,1,B15NEVBC3NE,NEVBC Boys 15 Blue,B15,True,18.0,2.0,14.602590154244087,-17.639297186682455,32.24188734092654,0.9030764550522847,0.09692354494771527,False,1.0,17.0,2.0,-11.695896357387928,0.8533457043655239,0.14665429563447602,,2
2025-11-22,B15RRJVB1NE,Boston United Boys 15 National,RRJVB,15,1,B15TACCU1GE,Accuracy 15 Champ,B15,True,15.0,2.0,14.602590154244087,3.7754279498058136,10.827162204438274,0.679067603316443,0.320932396683557,False,1.0,16.333333333333332,2.0,-6.538788254990014,0.7952530040158304,0.20474699598416968,,3
2025-11-23,B15RRJVB1NE,Boston United Boys 15 National,RRJVB,15,1,B15RRJVB2NE,Boston United Boys 15 Select 1,B15,True,13.0,2.0,14.602590154244087,-4.747416040919453,19.35000619516354,0.7924024779499687,0.20759752205003135,False,1.0,15.5,2.0,-6.090945201472374,0.7945403724993649,0.2054596275006351,,4
2025-11-23,B15RRJVB1NE,Boston United Boys 15 National,RRJVB,15,1,B15MCJVB1NE,Mill City 15's,B15,True,15.0,2.0,14.602590154244087,8.367744148035024,6.234846006209063,0.6062546258369113,0.39374537416308875,False,1.0,15.4,2.0,-3.199207331570894,0.7568832231668742,0.24311677683312585,,5
2025-12-20,B15RRJVB1NE,Boston United Boys 15 National,RRJVB,15,1,B15MCJVB1NE,Mill City 15's,B15,True,17.0,2.0,14.602590154244087,8.367744148035024,6.234846006209063,0.6062546258369113,0.39374537416308875,False,1.0,15.6,2.0,-0.3751593963452091,0.7174111575985038,0.2825888424014962,,6
2025-12-20,B15RRJVB1NE,Boston United Boys 15 National,RRJVB,15,1,B15NEVBC1NE,NEVBC Boys 15.1,B15,True,2.0,1.0,14.602590154244087,12.354477893768761,2.2481122604753256,0.5388270207223769,0.46117297927762313,True,1.0,12.4,1.8,5.623595619745034,0.6445612707325222,0.35543872926747777,1.0,7
2025-12-20,B15RRJVB1NE,Boston United Boys 15 National,RRJVB,15,1,B15SJJVB1NE,SMASH Boys 15-1,B15,False,6.0,-1.0,14.602590154244087,14.844131576831213,-0.24154142258712596,0.4958200333314484,-0.4958200333314484,True,0.8,10.6,1.2,7.837336345150115,0.6079117567355232,0.1920882432644767,0.5,8
2025-12-21,B15RRJVB1NE,Boston United Boys 15 National,RRJVB,15,1,B15SAVBC1XL,Sporting Albany Boys 15u,B15,True,20.0,2.0,14.602590154244087,-5.930166401079031,20.532756555323118,0.8055487014168561,0.19445129858314392,False,0.8,12.0,1.2,7.6007862731181985,0.6105410014289008,0.1894589985710992,0.5,9
2025-12-21,B15RRJVB1NE,Boston United Boys 15 National,RRJVB,15,1,B15MCJVB1NE,Mill City 15's,B15,True,8.0,2.0,14.602590154244087,8.367744148035024,6.234846006209063,0.6062546258369113,0.39374537416308875,False,0.8,10.6,1.2,7.6007862731181985,0.6105410014289008,0.1894589985710992,0.5,10
2025-12-21,B15RRJVB1NE,Boston United Boys 15 National,RRJVB,15,1,B15SJJVB1NE,SMASH Boys 15-1,B15,False,-5.0,-2.0,14.602590154244087,14.844131576831213,-0.24154142258712596,0.4958200333314484,-0.4958200333314484,True,0.6,6.2,0.4,8.896063758877435,0.5884540829278082,0.011545917072191792,0.3333333333333333,11
2026-02-06,B15RRJVB1NE,Boston United Boys 15 National,RRJVB,15,1,B15DIGSV1GE,Digs Boys 15 Red,B15,True,22.0,2.0,14.602590154244087,-15.390712056426436,29.99330221067052,0.8885713644613213,0.11142863553867866,False,0.6,10.2,0.6,3.347025768838396,0.6584029516755971,-0.0584029516755971,0.0,12
2026-02-06,B15RRJVB1NE,Boston United Boys 15 National,RRJVB,15,1,B15SPTMC5GE,Sportime 15 Lynbrook,B15,True,24.0,2.0,14.602590154244087,-11.918409534205868,26.520999688449955,0.8624591626157986,0.13754083738420142,False,0.8,13.8,1.2,-2.0054824533690194,0.7317307775324672,0.06826922246753286,0.0,13
2026-02-06,B15RRJVB1NE,Boston United Boys 15 National,RRJVB,15,1,B15CORE12GE,CORE Boys 15 Titanium,B15,True,10.0,2.0,14.602590154244087,7.712224910607721,6.890365243636366,0.6170327751183483,0.3829672248816517,False,0.8,11.8,1.2,0.7229958089683309,0.6940275922727656,0.10597240772723442,0.0,14
2026-02-07,B15RRJVB1NE,Boston United Boys 15 National,RRJVB,15,1,B15TACCU1GE,Accuracy 15 Champ,B15,False,-15.0,-2.0,14.602590154244087,3.7754279498058136,10.827162204438274,0.679067603316443,-0.679067603316443,False,0.6,7.2,0.4,-0.19546743067751118,0.708590187768672,-0.10859018776867194,0.0,15
2026-02-07,B15RRJVB1NE,Boston United Boys 15 National,RRJVB,15,1,B15NYCVA1GE,NYC VBA 15 Nomad,B15,True,9.0,2.0,14.602590154244087,8.935562043462175,5.667028110781912,0.5968337261149295,0.40316627388507054,False,0.8,10.0,1.2,-1.3771813373513186,0.7287929263253681,0.07120707367463186,,16
2026-02-07,B15RRJVB1NE,Boston United Boys 15 National,RRJVB,15,1,B15NYCIV1GE,NYC Impact 15 National,B15,True,17.0,2.0,14.602590154244087,2.4672191991353847,12.135370955108701,0.6984754320560388,0.3015245679439612,False,0.8,9.0,1.2,2.1944049137610455,0.6907737398443116,0.10922626015568837,,17
2026-02-08,B15RRJVB1NE,Boston United Boys 15 National,RRJVB,15,1,B15LIFRY1GE,LI Fury 15 1,B15,True,13.0,2.0,14.602590154244087,7.723088703671281,6.879501450572806,0.6168550532633873,0.3831449467366127,False,0.8,6.8,1.2,6.122704561336475,0.6416529179738294,0.15834708202617062,,18
2026-02-08,B15RRJVB1NE,Boston United Boys 15 National,RRJVB,15,1,B15NYCVA1GE,NYC VBA 15 Nomad,B15,True,22.0,2.0,14.602590154244087,8.935562043462175,5.667028110781912,0.5968337261149295,0.40316627388507054,False,0.8,9.2,1.2,6.367371987907366,0.6376131081731456,0.1623868918268544,,19
2026-03-14,B15RRJVB1NE,Boston United Boys 15 National,RRJVB,15,1,B15SAVBC1XL,Sporting Albany Boys 15u,B15,True,15.0,2.0,14.602590154244087,-5.930166401079031,20.532756555323118,0.8055487014168561,0.19445129858314392,False,1.0,15.2,2.0,4.426253117730397,0.6629093277932283,0.3370906722067718,,20
2026-03-14,B15RRJVB1NE,Boston United Boys 15 National,RRJVB,15,1,B15TTVBC1NE,SLAM 15 1 Boys,B15,True,22.0,2.0,14.602590154244087,-12.951819331073589,27.554409485317677,0.8707270848079994,0.12927291519200057,False,1.0,17.8,2.0,0.04877684282324424,0.7176879995318421,0.2823120004681578,,21
2026-03-14,B15RRJVB1NE,Boston United Boys 15 National,RRJVB,15,1,B15SJJVB2NE,SMASH Boys 15 Lightning,B15,True,23.0,2.0,14.602590154244087,-1.0082888468896993,15.610879001133787,0.7466139610101671,0.2533860389898329,False,1.0,19.0,2.0,-0.6463247663817725,0.727315705322668,0.27268429467733213,,22
2026-03-15,B15RRJVB1NE,Boston United Boys 15 National,RRJVB,15,1,B15SAVBC1XL,Sporting Albany Boys 15u,B15,True,15.0,2.0,14.602590154244087,-5.930166401079031,20.532756555323118,0.8055487014168561,0.19445129858314392,False,1.0,19.4,2.0,-3.3769757873318347,0.7650544349533617,0.23494556504663838,,23
2026-03-15,B15RRJVB1NE,Boston United Boys 15 National,RRJVB,15,1,B15MCJVB1NE,Mill City 15's,B15,True,12.0,2.0,14.602590154244087,8.367744148035024,6.234846006209063,0.6062546258369113,0.39374537416308875,False,1.0,17.4,2.0,-3.490539366417265,0.7669386148977579,0.233061385102242,,24
2026-03-15,B15RRJVB1NE,Boston United Boys 15 National,RRJVB,15,1,B15SJJVB1NE,SMASH Boys 15-1,B15,True,6.0,2.0,14.602590154244087,14.844131576831213,-0.24154142258712596,0.4958200333314484,0.5041799666685516,True,1.0,15.6,2.0,0.6643202291647835,0.7049928812806765,0.29500711871932356,1.0,25
2025-11-22,B15RRJVB2NE,Boston United Boys 15 Select 1,RRJVB,15,2,B15SJVBC1NE,South County Juniors Boys 15 1,B15,False,2.0,-1.0,-4.747416040919453,-10.038070627256312,5.290654586336859,0.5905490868303312,-0.5905490868303312,False,0.0,2.0,-1.0,-10.038070627256312,0.5905490868303312,-0.5905490868303312,,1
2025-11-22,B15RRJVB2NE,Boston United Boys 15 Select 1,RRJVB,15,2,B15MCJVB1NE,Mill City 15's,B15,False,-21.0,-2.0,-4.747416040919453,8.367744148035024,-13.115160188954476,0.28743536702417205,-0.28743536702417205,False,0.0,-9.5,-1.5,-0.8351632396106439,0.43899222692725165,-0.43899222692725165,,2
2025-11-22,B15RRJVB2NE,Boston United Boys 15 Select 1,RRJVB,15,2,B15TTVBC1NE,SLAM 15 1 Boys,B15,True,10.0,2.0,-4.747416040919453,-12.951819331073589,8.204403290154136,0.6382864524482579,0.3617135475517421,False,0.3333333333333333,-3.0,-0.3333333333333333,-4.874048603431626,0.5054236354342537,-0.17209030210092038,,3
2025-11-23,B15RRJVB2NE,Boston United Boys 15 Select 1,RRJVB,15,2,B15RRJVB1NE,Boston United Boys 15 National,B15,False,-13.0,-2.0,-4.747416040919453,14.602590154244087,-19.35000619516354,0.2075975220500313,-0.2075975220500313,False,0.25,-5.5,-0.75,-0.00488891401269731,0.43096710708819813,-0.18096710708819813,,4
2025-11-23,B15RRJVB2NE,Boston United Boys 15 Select 1,RRJVB,15,2,B15TACCU1GE,Accuracy 15 Champ,B15,False,-5.0,-1.0,-4.747416040919453,3.7754279498058136,-8.522843990725267,0.356639892970413,-0.356639892970413,False,0.2,-5.4,-0.8,0.7511744587510049,0.41610166426464107,-0.21610166426464109,,5
2026-01-17,B15RRJVB2NE,Boston United Boys 15 Select 1,RRJVB,15,2,B16NESVC2NE,NE Storm 16 Monsoon,MIXED,False,-12.0,-2.0,-4.747416040919453,3.744842902750687,-8.49225894367014,0.4161080954378632,-0.4161080954378632,False,0.2,-8.2,-1.0,3.5077571647524044,0.3812134659861475,-0.18121346598614746,,6
2026-01-17,B15RRJVB2NE,Boston United Boys 15 Select 1,RRJVB,15,2,B15LEGIO1XL,TeamLVC Boys 15 Black,B15,False,-16.0,-2.0,-4.747416040919453,10.228548102310683,-14.975964143230136,0.2617904616035177,-0.2617904616035177,False,0.2,-7.2,-1.0,3.879917955607536,0.37608448490201657,-0.1760844849020166,,7
2026-01-17,B15RRJVB2NE,Boston United Boys 15 Select 1,RRJVB,15,2,B16LHVBC2NE,LHV Boys 16-2 Hunters,MIXED,True,-1.0,1.0,-4.747416040919453,-1.4909678969668678,-3.256448143952585,0.4675692661436921,0.5324307338563079,True,0.2,-9.4,-1.2,6.17208824242888,0.34194104764110345,-0.14194104764110346,1.0,8
2026-01-18,B15RRJVB2NE,Boston United Boys 15 Select 1,RRJVB,15,2,B16PVJVB2NE,PV Boys 16 2,MIXED,True,4.0,2.0,-4.747416040919453,-12.651272613839689,7.903856572920236,0.5781780152050027,0.42182198479499733,True,0.4,-6.0,-0.4,0.7213156888121255,0.4160571462720977,-0.016057146272097755,1.0,9
2026-01-18,B15RRJVB2NE,Boston United Boys 15 Select 1,RRJVB,15,2,B16RRJVB3NE,Boston United Boys 16 Select 1,MIXED,False,-7.0,-2.0,-4.747416040919453,2.175698769699596,-6.923114810619049,0.43139178785698484,-0.43139178785698484,True,0.4,-6.4,-0.6,0.4013698527908816,0.4310075252494121,-0.031007525249412117,0.6666666666666666,10
2026-01-18,B15RRJVB2NE,Boston United Boys 15 Select 1,RRJVB,15,2,B15CAPIT1XL,CSVC 15 PANTHERS,B15,False,-10.0,-1.0,-4.747416040919453,-4.152183809229553,-0.5952322316899004,0.4897004958027718,-0.4897004958027718,True,0.4,-6.0,-0.4,-1.1780354896051661,0.4457260053223938,-0.045726005322393834,0.5,11
2026-01-19,B15RRJVB2NE,Boston United Boys 15 Select 1,RRJVB,15,2,B16CAPIT1XL,CSVC 16 WOLFJAW,MIXED,False,-11.0,-2.0,-4.747416040919453,11.4846186337592,-16.23203467467865,0.34354777118946506,-0.34354777118946506,False,0.4,-5.0,-0.4,-0.9268213833154633,0.4620774672395833,-0.06207746723958331,0.5,12
2026-01-31,B15RRJVB2NE,Boston United Boys 15 Select 1,RRJVB,15,2,B15NEVBC1NE,NEVBC Boys 15.1,B15,False,-17.0,-2.0,-4.747416040919453,12.354477893768761,-17.101893934688214,0.23436123058157815,-0.23436123058157815,False,0.2,-8.2,-1.0,1.8422677748316627,0.4154358601271605,-0.2154358601271605,0.3333333333333333,13
2026-01-31,B15RRJVB2NE,Boston United Boys 15 Select 1,RRJVB,15,2,B15SJVBC1NE,South County Juniors Boys 15 1,B15,True,5.0,2.0,-4.747416040919453,-10.038070627256312,5.290654586336859,0.5905490868303312,0.40945091316966875,False,0.2,-8.0,-1.0,2.364908172148338,0.4179100744522263,-0.21791007445222627,0.0,14
2026-01-31,B15RRJVB2NE,Boston United Boys 15 Select 1,RRJVB,15,2,B15SJJVB2NE,SMASH Boys 15 Lightning,B15,True,4.0,2.0,-4.747416040919453,-1.0082888468896993,-3.739127194029754,0.4356503257496097,0.5643496742503903,True,0.4,-5.8,-0.2,1.728110648830479,0.4187617820307512,-0.018761782030751205,0.5,15
2026-02-01,B15RRJVB2NE,Boston United Boys 15 Select 1,RRJVB,15,2,B15NEVBC1NE,NEVBC Boys 15.1,B15,False,-17.0,-2.0,-4.747416040919453,12.354477893768761,-17.101893934688214,0.23436123058157815,-0.23436123058157815,False,0.4,-7.2,-0.4,5.029442989430142,0.3676939289865125,0.03230607101348752,1.0,16
2026-02-01,B15RRJVB2NE,Boston United Boys 15 Select 1,RRJVB,15,2,B15NYCVA1GE,NYC VBA 15 Nomad,B15,False,-18.0,-2.0,-4.747416040919453,8.935562043462175,-13.682978084381627,0.2794525549118199,-0.2794525549118199,False,0.4,-8.6,-0.4,4.519631671370737,0.3548748857309834,0.04512511426901654,1.0,17
2026-03-14,B15RRJVB2NE,Boston United Boys 15 Select 1,RRJVB,15,2,B15SJJVB1NE,SMASH Boys 15-1,B15,False,-20.0,-2.0,-4.747416040919453,14.844131576831213,-19.591547617750667,0.204860472005865,-0.204860472005865,False,0.4,-9.2,-0.4,5.0175624079832275,0.3489747340158408,0.051025265984159185,1.0,18
2026-03-14,B15RRJVB2NE,Boston United Boys 15 Select 1,RRJVB,15,2,B15HKJVB1NE,Husky 15.1,B15,False,-9.0,-1.0,-4.747416040919453,-1.0888565288767091,-3.6585595120427437,0.4370220071925739,-0.4370220071925739,True,0.2,-12.0,-1.0,6.807405227659148,0.3182693180882893,-0.11826931808828936,0.5,19
2026-03-14,B15RRJVB2NE,Boston United Boys 15 Select 1,RRJVB,15,2,B15NEVBC3NE,NEVBC Boys 15 Blue,B15,True,23.0,2.0,-4.747416040919453,-17.639297186682455,12.891881145763001,0.7093886055049822,0.2906113944950178,False,0.2,-8.2,-1.0,3.481203559700596,0.3730169740393638,-0.17301697403936384,0.0,20
2026-03-15,B15RRJVB2NE,Boston United Boys 15 Select 1,RRJVB,15,2,B15SJJVB1NE,SMASH Boys 15-1,B15,False,-14.0,-2.0,-4.747416040919453,14.844131576831213,-19.591547617750667,0.204860472005865,-0.204860472005865,False,0.2,-7.6,-1.0,3.979134296313087,0.3671168223242212,-0.1671168223242212,0.0,21
2026-03-15,B15RRJVB2NE,Boston United Boys 15 Select 1,RRJVB,15,2,B15SJJVB2NE,SMASH Boys 15 Lightning,B15,False,-13.0,-2.0,-4.747416040919453,-1.0082888468896993,-3.739127194029754,0.4356503257496097,-0.4356503257496097,True,0.2,-6.6,-1.0,1.9903641182427119,0.39835637649177913,-0.19835637649177915,0.0,22
2025-12-20,B15SAVBC1XL,Sporting Albany Boys 15u,SAVBC,15,1,B15SJJVB2NE,SMASH Boys 15 Lightning,B15,False,-9.0,-2.0,-5.930166401079031,-1.0082888468896993,-4.921877554189332,0.41563754720659185,-0.41563754720659185,False,0.0,-9.0,-2.0,-1.0082888468896993,0.41563754720659185,-0.41563754720659185,,1
2025-12-20,B15SAVBC1XL,Sporting Albany Boys 15u,SAVBC,15,1,B15CAPIT1XL,CSVC 15 PANTHERS,B15,True,16.0,2.0,-5.930166401079031,-4.152183809229553,-1.7779825918494785,0.46926939731596984,0.5307306026840302,True,0.5,3.5,0.0,-2.580236328059626,0.44245347226128084,0.057546527738719155,1.0,2
2025-12-20,B15SAVBC1XL,Sporting Albany Boys 15u,SAVBC,15,1,B15LEGIO1XL,TeamLVC Boys 15 Black,B15,False,-11.0,-2.0,-5.930166401079031,10.228548102310683,-16.158714503389714,0.24627904538083906,-0.24627904538083906,False,0.3333333333333333,-1.3333333333333333,-0.6666666666666666,1.6893584820638103,0.3770619966344669,-0.043728663301133584,1.0,3
2025-12-21,B15SAVBC1XL,Sporting Albany Boys 15u,SAVBC,15,1,B15RRJVB1NE,Boston United Boys 15 National,B15,False,-20.0,-2.0,-5.930166401079031,14.602590154244087,-20.532756555323118,0.19445129858314394,-0.19445129858314394,False,0.25,-6.0,-1.0,4.91766640010888,0.33140932212163615,-0.08140932212163618,1.0,4
2025-12-21,B15SAVBC1XL,Sporting Albany Boys 15u,SAVBC,15,1,B15SJJVB2NE,SMASH Boys 15 Lightning,B15,False,-11.0,-2.0,-5.930166401079031,-1.0082888468896993,-4.921877554189332,0.41563754720659185,-0.41563754720659185,False,0.2,-7.0,-1.2,3.7324753507091635,0.34825496713862736,-0.14825496713862732,1.0,5
2026-01-31,B15SAVBC1XL,Sporting Albany Boys 15u,SAVBC,15,1,B15MCJVB1NE,Mill City 15's,B15,False,-12.0,-1.0,-5.930166401079031,8.367744148035024,-14.297910549114055,0.2709621925411122,-0.2709621925411122,False,0.2,-7.6,-1.0,5.607681949694109,0.31931989620553136,-0.11931989620553138,1.0,6
2026-01-31,B15SAVBC1XL,Sporting Albany Boys 15u,SAVBC,15,1,B15NYCVA1GE,NYC VBA 15 Nomad,B15,False,-4.0,-1.0,-5.930166401079031,8.935562043462175,-14.865728444541206,0.26326785135340386,-0.26326785135340386,False,0.0,-11.6,-1.6,8.225231120232454,0.2781195870130182,-0.2781195870130182,,7
2026-01-31,B15SAVBC1XL,Sporting Albany Boys 15u,SAVBC,15,1,B15LHVBC1NE,LHV Boys 15-1 Eclipse,B15,False,-23.0,-2.0,-5.930166401079031,-5.752495528093402,-0.17767087298562956,0.49692530473907864,-0.49692530473907864,True,0.0,-14.0,-1.6,5.029022394151637,0.32824883888466616,-0.32824883888466616,0.0,8
2026-02-01,B15SAVBC1XL,Sporting Albany Boys 15u,SAVBC,15,1,B15LHVBC1NE,LHV Boys 15-1 Eclipse,B15,True,-2.0,1.0,-5.930166401079031,-5.752495528093402,-0.17767087298562956,0.49692530473907864,0.5030746952609213,True,0.2,-10.4,-1.0,0.9580052576841392,0.38874364011585305,-0.18874364011585307,0.5,9
2026-02-01,B15SAVBC1XL,Sporting Albany Boys 15u,SAVBC,15,1,B15SJVBC1NE,South County Juniors Boys 15 1,B15,True,3.0,1.0,-5.930166401079031,-10.038070627256312,4.107904226177281,0.5706153095669081,0.4293846904330919,True,0.4,-7.6,-0.4,-0.8479510983891834,0.4197391925879163,-0.019739192587916298,0.6666666666666666,10
2026-03-14,B15SAVBC1XL,Sporting Albany Boys 15u,SAVBC,15,1,B15RRJVB1NE,Boston United Boys 15 National,B15,False,-15.0,-2.0,-5.930166401079031,14.602590154244087,-20.532756555323118,0.19445129858314394,-0.19445129858314394,False,0.4,-8.2,-0.6,0.3990181028526294,0.40443701379632263,-0.004437013796322648,0.6666666666666666,11
2026-03-14,B15SAVBC1XL,Sporting Albany Boys 15u,SAVBC,15,1,B15SJJVB2NE,SMASH Boys 15 Lightning,B15,False,-7.0,-1.0,-5.930166401079031,-1.0082888468896993,-4.921877554189332,0.41563754720659185,-0.41563754720659185,False,0.4,-8.8,-0.6,-1.5897520752177459,0.43491095296696025,-0.03491095296696024,0.6666666666666666,12
2026-03-14,B15SAVBC1XL,Sporting Albany Boys 15u,SAVBC,15,1,B15TTVBC1NE,SLAM 15 1 Boys,B15,True,6.0,1.0,-5.930166401079031,-12.951819331073589,7.021652929994557,0.6191780378244616,0.38082196217553843,False,0.6,-3.0,0.0,-3.0296168358137834,0.4593614995840369,0.14063850041596318,1.0,13
2026-03-15,B15SAVBC1XL,Sporting Albany Boys 15u,SAVBC,15,1,B15RRJVB1NE,Boston United Boys 15 National,B15,False,-15.0,-2.0,-5.930166401079031,14.602590154244087,-20.532756555323118,0.19445129858314394,-0.19445129858314394,False,0.4,-5.6,-0.6,1.0414003006537147,0.3988666983528499,0.0011333016471501256,1.0,14
2026-03-15,B15SAVBC1XL,Sporting Albany Boys 15u,SAVBC,15,1,B15HKJVB1NE,Husky 15.1,B15,False,-6.0,-2.0,-5.930166401079031,-1.0888565288767091,-4.841309872202322,0.4169927756607051,-0.4169927756607051,False,0.2,-7.4,-1.2,2.8312431203296353,0.36814219157160927,-0.16814219157160926,,15
2025-12-20,B15SJJVB1NE,SMASH Boys 15-1,SJJVB,15,1,B15NEVBC1NE,NEVBC Boys 15.1,B15,True,14.0,2.0,14.844131576831213,12.354477893768761,2.4896536830624516,0.5429790861156356,0.4570209138843644,True,1.0,14.0,2.0,12.354477893768761,0.5429790861156356,0.4570209138843644,1.0,1
2025-12-20,B15SJJVB1NE,SMASH Boys 15-1,SJJVB,15,1,B15MCJVB1NE,Mill City 15's,B15,True,11.0,2.0,14.844131576831213,8.367744148035024,6.476387428796189,0.6102387464078597,0.3897612535921403,False,1.0,12.5,2.0,10.361111020901893,0.5766089162617476,0.42339108373825235,1.0,2
2025-12-20,B15SJJVB1NE,SMASH Boys 15-1,SJJVB,15,1,B15RRJVB1NE,Boston United Boys 15 National,B15,True,-6.0,1.0,14.844131576831213,14.602590154244087,0.24154142258712596,0.5041799666685517,0.4958200333314483,True,1.0,6.333333333333333,1.6666666666666667,11.774937398682624,0.5524659330640157,0.44753406693598435,1.0,3
2025-12-21,B15SJJVB1NE,SMASH Boys 15-1,SJJVB,15,1,B15CAPIT1XL,CSVC 15 PANTHERS,B15,True,24.0,2.0,14.844131576831213,-4.152183809229553,18.996315386060765,0.7883460707375534,0.21165392926244664,False,1.0,10.75,1.75,7.79315709670458,0.6114359674824001,0.3885640325175999,1.0,4
2025-12-21,B15SJJVB1NE,SMASH Boys 15-1,SJJVB,15,1,B15NEVBC1NE,NEVBC Boys 15.1,B15,True,5.0,1.0,14.844131576831213,12.354477893768761,2.4896536830624516,0.5429790861156356,0.4570209138843644,True,1.0,9.6,1.6,8.705421256117415,0.5977445912090472,0.4022554087909528,1.0,5
2025-12-21,B15SJJVB1NE,SMASH Boys 15-1,SJJVB,15,1,B15RRJVB1NE,Boston United Boys 15 National,B15,True,5.0,2.0,14.844131576831213,14.602590154244087,0.24154142258712596,0.5041799666685517,0.4958200333314483,True,1.0,7.8,1.6,9.155043708212482,0.5899847673196305,0.41001523268036955,1.0,6
2026-01-31,B15SJJVB1NE,SMASH Boys 15-1,SJJVB,15,1,B15SJVBC1NE,South County Juniors Boys 15 1,B15,True,25.0,2.0,14.844131576831213,-10.038070627256312,24.882202204087527,0.8484408273334533,0.15155917266654673,False,1.0,10.6,1.6,5.473880753154215,0.6376251835047492,0.3623748164952509,1.0,7
2026-01-31,B15SJJVB1NE,SMASH Boys 15-1,SJJVB,15,1,B15HKJVB1NE,Husky 15.1,B15,True,19.0,2.0,14.844131576831213,-1.0888565288767091,15.932988105707922,0.7508089770375195,0.24919102296248052,False,1.0,15.6,1.8,2.335591416530055,0.6869509855785427,0.31304901442145733,1.0,8
2026-01-31,B15SJJVB1NE,SMASH Boys 15-1,SJJVB,15,1,B15NEVBC1NE,NEVBC Boys 15.1,B15,False,-8.0,-1.0,14.844131576831213,12.354477893768761,2.4896536830624516,0.5429790861156356,-0.5429790861156356,True,0.8,9.2,1.2,5.6369237571297175,0.6378775886541591,0.16212241134584088,0.6666666666666666,9
2026-02-01,B15SJJVB1NE,SMASH Boys 15-1,SJJVB,15,1,B15NEVBC1NE,NEVBC Boys 15.1,B15,False,-11.0,-1.0,14.844131576831213,12.354477893768761,2.4896536830624516,0.5429790861156356,-0.5429790861156356,True,0.6,6.0,0.8,5.6369237571297175,0.6378775886541591,-0.03787758865415913,0.3333333333333333,10
2026-02-01,B15SJJVB1NE,SMASH Boys 15-1,SJJVB,15,1,B15SJJVB2NE,SMASH Boys 15 Lightning,B15,True,18.0,2.0,14.844131576831213,-1.0082888468896993,15.852420423720913,0.749764062395619,0.250235937604381,False,0.6,8.6,0.8,2.5147479569029603,0.6869944077995725,-0.0869944077995726,0.0,11
2026-02-01,B15SJJVB1NE,SMASH Boys 15-1,SJJVB,15,1,B15MCJVB1NE,Mill City 15's,B15,True,18.0,1.0,14.844131576831213,8.367744148035024,6.476387428796189,0.6102387464078597,0.3897612535921403,False,0.6,7.2,0.6,6.195910911961228,0.6393539916144538,-0.039353991614453875,0.0,12
2026-03-14,B15SJJVB1NE,SMASH Boys 15-1,SJJVB,15,1,B15RRJVB2NE,Boston United Boys 15 Select 1,B15,True,20.0,2.0,14.844131576831213,-4.747416040919453,19.591547617750667,0.795139527994135,0.204860472005865,False,0.6,7.4,0.6,5.464199009552679,0.648220101805777,-0.04822010180577698,0.0,13
2026-03-14,B15SJJVB1NE,SMASH Boys 15-1,SJJVB,15,1,B15NEVBC3NE,NEVBC Boys 15 Blue,B15,True,27.0,2.0,14.844131576831213,-17.639297186682455,32.48342876351367,0.9045301375464797,0.0954698624535203,False,0.8,14.4,1.2,-0.5345560065375643,0.7205303120919458,0.0794696879080542,0.0,14
2026-03-14,B15SJJVB1NE,SMASH Boys 15-1,SJJVB,15,1,B15HKJVB1NE,Husky 15.1,B15,True,16.0,2.0,14.844131576831213,-1.0888565288767091,15.932988105707922,0.7508089770375195,0.24919102296248052,False,1.0,19.8,1.8,-3.2232228910666585,0.7620962902763225,0.23790370972367744,,15
2026-03-15,B15SJJVB1NE,SMASH Boys 15-1,SJJVB,15,1,B15RRJVB2NE,Boston United Boys 15 Select 1,B15,True,14.0,2.0,14.844131576831213,-4.747416040919453,19.591547617750667,0.795139527994135,0.204860472005865,False,1.0,19.0,1.8,-3.971048329872609,0.7711713833960259,0.22882861660397422,,16
2026-03-15,B15SJJVB1NE,SMASH Boys 15-1,SJJVB,15,1,B15LEGIO1XL,TeamLVC Boys 15 Black,B15,True,15.0,2.0,14.844131576831213,10.228548102310683,4.61558347452053,0.5792036585163807,0.42079634148361933,True,1.0,18.4,2.0,-3.598887539017477,0.7649643658177301,0.23503563418227005,1.0,17
2026-03-15,B15SJJVB1NE,SMASH Boys 15-1,SJJVB,15,1,B15RRJVB1NE,Boston United Boys 15 National,B15,False,-6.0,-2.0,14.844131576831213,14.602590154244087,0.24154142258712596,0.5041799666685517,-0.5041799666685517,True,0.8,13.2,1.2,0.27111370001523055,0.7067724535526133,0.09322754644738669,0.5,18
2025-12-20,B15SJJVB2NE,SMASH Boys 15 Lightning,SJJVB,15,2,B15SAVBC1XL,Sporting Albany Boys 15u,B15,True,9.0,2.0,-1.0082888468896993,-5.930166401079031,4.921877554189332,0.5843624527934081,0.41563754720659185,False,1.0,9.0,2.0,-5.930166401079031,0.5843624527934081,0.41563754720659185,,1
2025-12-20,B15SJJVB2NE,SMASH Boys 15 Lightning,SJJVB,15,2,B15LEGIO1XL,TeamLVC Boys 15 Black,B15,False,-7.0,-2.0,-1.0082888468896993,10.228548102310683,-11.236836949200383,0.31478362635436474,-0.31478362635436474,False,0.5,1.0,0.0,2.1491908506158257,0.44957303957388645,0.050426960426113554,,2
2025-12-20,B15SJJVB2NE,SMASH Boys 15 Lightning,SJJVB,15,2,B15CAPIT1XL,CSVC 15 PANTHERS,B15,True,16.0,2.0,-1.0082888468896993,-4.152183809229553,3.1438949623398535,0.5541938422080084,0.4458061577919916,True,0.6666666666666666,6.0,0.6666666666666666,0.04873263066736625,0.48444664045192704,0.18222002621473957,1.0,3
2025-12-21,B15SJJVB2NE,SMASH Boys 15 Lightning,SJJVB,15,2,B15MCJVB1NE,Mill City 15's,B15,False,-13.0,-2.0,-1.0082888468896993,8.367744148035024,-9.376032994924724,0.3432062500610511,-0.3432062500610511,False,0.5,1.25,0.0,2.1284855100092805,0.4491365428542081,0.05086345714579191,1.0,4
2025-12-21,B15SJJVB2NE,SMASH Boys 15 Lightning,SJJVB,15,2,B15SAVBC1XL,Sporting Albany Boys 15u,B15,True,11.0,2.0,-1.0082888468896993,-5.930166401079031,4.921877554189332,0.5843624527934081,0.41563754720659185,False,0.6,3.2,0.4,0.5167551277916186,0.4761817248420481,0.1238182751579519,1.0,5
2026-01-31,B15SJJVB2NE,SMASH Boys 15 Lightning,SJJVB,15,2,B15HKJVB1NE,Husky 15.1,B15,True,6.0,2.0,-1.0082888468896993,-1.0888565288767091,0.08056768198700981,0.5013942834090372,0.49860571659096276,True,0.6,2.6,0.4,1.4850171022320828,0.4595880909651739,0.1404119090348261,1.0,6
2026-01-31,B15SJJVB2NE,SMASH Boys 15 Lightning,SJJVB,15,2,B15NEVBC1NE,NEVBC Boys 15.1,B15,False,-14.0,-2.0,-1.0082888468896993,12.354477893768761,-13.362766740658461,0.2839376240796298,-0.2839376240796298,False,0.6,1.2,0.4,1.9102030605236986,0.453418890510227,0.14658110948977304,1.0,7
2026-01-31,B15SJJVB2NE,SMASH Boys 15 Lightning,SJJVB,15,2,B15RRJVB2NE,Boston United Boys 15 Select 1,B15,False,-4.0,-2.0,-1.0082888468896993,-4.747416040919453,3.739127194029754,0.5643496742503903,-0.5643496742503903,True,0.4,-2.8,-0.4,1.7911566141857187,0.4554500569187033,-0.055450056918703305,0.5,8
2026-02-01,B15SJJVB2NE,SMASH Boys 15 Lightning,SJJVB,15,2,B15MCJVB1NE,Mill City 15's,B15,False,-8.0,-1.0,-1.0082888468896993,8.367744148035024,-9.376032994924724,0.3432062500610511,-0.3432062500610511,False,0.4,-1.8,-0.2,1.7911566141857187,0.45545005691870327,-0.055450056918703305,0.5,9
2026-02-01,B15SJJVB2NE,SMASH Boys 15 Lightning,SJJVB,15,2,B15SJJVB1NE,SMASH Boys 15-1,B15,False,-18.0,-2.0,-1.0082888468896993,14.844131576831213,-15.852420423720913,0.250235937604381,-0.250235937604381,False,0.2,-7.6,-1.0,5.946016209767768,0.3886247538808979,-0.1886247538808979,0.5,10
2026-03-14,B15SJJVB2NE,SMASH Boys 15 Lightning,SJJVB,15,2,B15TTVBC1NE,SLAM 15 1 Boys,B15,True,8.0,2.0,-1.0082888468896993,-12.951819331073589,11.943530484183889,0.6956712567107834,0.30432874328921655,False,0.2,-7.2,-1.0,3.5734236493283915,0.4274801485412471,-0.22748014854124712,0.0,11
2026-03-14,B15SJJVB2NE,SMASH Boys 15 Lightning,SJJVB,15,2,B15SAVBC1XL,Sporting Albany Boys 15u,B15,True,7.0,1.0,-1.0082888468896993,-5.930166401079031,4.921877554189332,0.5843624527934081,0.41563754720659185,False,0.4,-3.0,-0.4,-0.0835052096411669,0.48756511428400284,-0.08756511428400278,0.0,12
2026-03-14,B15SJJVB2NE,SMASH Boys 15 Lightning,SJJVB,15,2,B15RRJVB1NE,Boston United Boys 15 National,B15,False,-23.0,-2.0,-1.0082888468896993,14.602590154244087,-15.610879001133787,0.25338603898983286,-0.25338603898983286,False,0.4,-6.8,-0.4,3.786496029391541,0.4253723872318913,-0.025372387231891315,,13
2026-03-15,B15SJJVB2NE,SMASH Boys 15 Lightning,SJJVB,15,2,B15LEGIO1XL,TeamLVC Boys 15 Black,B15,False,-15.0,-2.0,-1.0082888468896993,10.228548102310683,-11.236836949200383,0.31478362635436474,-0.31478362635436474,False,0.4,-8.2,-0.6,4.158656820246672,0.41968786249055406,-0.019687862490554042,,14
2026-03-15,B15SJJVB2NE,SMASH Boys 15 Lightning,SJJVB,15,2,B15RRJVB2NE,Boston United Boys 15 Select 1,B15,True,13.0,2.0,-1.0082888468896993,-4.747416040919453,3.739127194029754,0.5643496742503903,0.4356503257496097,True,0.6,-2.0,0.2,0.24034729669653937,0.48251060981975585,0.11748939018024411,1.0,15
2025-11-22,B15SJVBC1NE,South County Juniors Boys 15 1,SJVBC,15,1,B15RRJVB2NE,Boston United Boys 15 Select 1,B15,True,-2.0,1.0,-10.038070627256312,-4.747416040919453,-5.290654586336859,0.4094509131696688,0.5905490868303311,False,1.0,-2.0,1.0,-4.747416040919453,0.4094509131696688,0.5905490868303311,,1
2025-11-22,B15SJVBC1NE,South County Juniors Boys 15 1,SJVBC,15,1,B15TTVBC1NE,SLAM 15 1 Boys,B15,False,-2.0,-1.0,-10.038070627256312,-12.951819331073589,2.9137487038172765,0.5502544527522826,-0.5502544527522826,True,0.5,-2.0,0.0,-8.84961768599652,0.4798526829609757,0.02014731703902428,0.0,2
2025-11-22,B15SJVBC1NE,South County Juniors Boys 15 1,SJVBC,15,1,B15MCJVB1NE,Mill City 15's,B15,False,-26.0,-2.0,-10.038070627256312,8.367744148035024,-18.405814775291336,0.2185547849138451,-0.2185547849138451,False,0.3333333333333333,-10.0,-0.6666666666666666,-3.1104970746526726,0.3927533836119322,-0.05942005027859885,0.0,3
2025-11-23,B15SJVBC1NE,South County Juniors Boys 15 1,SJVBC,15,1,B15NEVBC3NE,NEVBC Boys 15 Blue,B15,True,11.0,2.0,-10.038070627256312,-17.639297186682455,7.601226559426143,0.6285919012119633,0.3714080987880367,False,0.5,-4.75,0.0,-6.742697102660118,0.45171301301193995,0.04828698698806004,0.0,4
2025-11-23,B15SJVBC1NE,South County Juniors Boys 15 1,SJVBC,15,1,B15LHVBC1NE,LHV Boys 15-1 Eclipse,B15,True,24.0,2.0,-10.038070627256312,-5.752495528093402,-4.2855750991629105,0.42637393809864804,0.573626061901352,True,0.6,1.0,0.4,-6.544656787746774,0.4466451980292816,0.15335480197071844,0.5,5
2026-01-31,B15SJVBC1NE,South County Juniors Boys 15 1,SJVBC,15,1,B15HKJVB1NE,Husky 15.1,B15,False,-0.0,-1.0,-10.038070627256312,-1.0888565288767091,-8.949214098379603,0.34989683347530176,-0.34989683347530176,False,0.4,1.4,0.0,-5.812944885338226,0.4347343820904081,-0.034734382090408134,0.5,6
2026-01-31,B15SJVBC1NE,South County Juniors Boys 15 1,SJVBC,15,1,B15RRJVB2NE,Boston United Boys 15 Select 1,B15,False,-5.0,-2.0,-10.038070627256312,-4.747416040919453,-5.290654586336859,0.4094509131696688,-0.4094509131696688,False,0.4,0.8,-0.2,-4.172064227307399,0.40657367417388535,-0.00657367417388538,1.0,7
2026-01-31,B15SJVBC1NE,South County Juniors Boys 15 1,SJVBC,15,1,B15SJJVB1NE,SMASH Boys 15-1,B15,False,-25.0,-2.0,-10.038070627256312,14.844131576831213,-24.882202204087527,0.15155917266654664,-0.15155917266654664,False,0.4,1.0,-0.2,-2.876786741548161,0.3931745517244257,0.006825448275574314,1.0,8
2026-02-01,B15SJVBC1NE,South County Juniors Boys 15 1,SJVBC,15,1,B15HKJVB1NE,Husky 15.1,B15,False,-12.0,-2.0,-10.038070627256312,-1.0888565288767091,-8.949214098379603,0.34989683347530176,-0.34989683347530176,False,0.2,-3.6,-1.0,0.4333013900129881,0.3374355381770934,-0.13743553817709336,1.0,9
2026-02-01,B15SJVBC1NE,South County Juniors Boys 15 1,SJVBC,15,1,B15SAVBC1XL,Sporting Albany Boys 15u,B15,False,-3.0,-1.0,-10.038070627256312,-5.930166401079031,-4.107904226177281,0.42938469043309196,-0.42938469043309196,True,0.0,-9.0,-1.6,0.3977672154158622,0.3380376886439822,-0.33803768864398215,0.0,10
2026-03-14,B15SJVBC1NE,South County Juniors Boys 15 1,SJVBC,15,1,B15LEGIO1XL,TeamLVC Boys 15 Black,B15,False,-11.0,-2.0,-10.038070627256312,10.228548102310683,-20.266618729566993,0.19735331456392727,-0.19735331456392727,False,0.0,-11.2,-1.8,2.6612481416533407,0.30752898486170727,-0.30752898486170727,0.0,11
2026-03-14,B15SJVBC1NE,South County Juniors Boys 15 1,SJVBC,15,1,B15MCJVB1NE,Mill City 15's,B15,False,-15.0,-2.0,-10.038070627256312,8.367744148035024,-18.405814775291336,0.2185547849138451,-0.2185547849138451,False,0.0,-13.2,-1.8,5.284280179444236,0.2693497592105426,-0.26934975921054255,0.0,12
2026-03-14,B15SJVBC1NE,South County Juniors Boys 15 1,SJVBC,15,1,B15CAPIT1XL,CSVC 15 PANTHERS,B15,False,-13.0,-2.0,-10.038070627256312,-4.152183809229553,-5.885886818026759,0.399526220659117,-0.399526220659117,False,0.0,-10.8,-1.8,1.485017102232083,0.3189431688090566,-0.3189431688090566,0.0,13
2026-03-15,B15SJVBC1NE,South County Juniors Boys 15 1,SJVBC,15,1,B15NEVBC3NE,NEVBC Boys 15 Blue,B15,True,10.0,1.0,-10.038070627256312,-17.639297186682455,7.601226559426143,0.6285919012119633,0.3714080987880367,False,0.2,-6.4,-1.2,-1.8250710293290662,0.37468218235638895,-0.17468218235638888,0.0,14
2026-03-15,B15SJVBC1NE,South County Juniors Boys 15 1,SJVBC,15,1,B15CAPIT1XL,CSVC 15 PANTHERS,B15,False,-30.0,-2.0,-10.038070627256312,-4.152183809229553,-5.885886818026759,0.399526220659117,-0.399526220659117,False,0.2,-11.8,-1.4,-1.4694745109591705,0.3687104884015939,-0.16871048840159392,,15
2026-02-06,B15SPTMC3GE,Sportime 15 3,SPTMC,15,3,B15NYCIV1GE,NYC Impact 15 National,B15,False,-23.0,-2.0,-7.328303552241952,2.4672191991353847,-9.795522751377337,0.33669066201374104,-0.33669066201374104,False,0.0,-23.0,-2.0,2.4672191991353847,0.33669066201374104,-0.33669066201374104,,1
2026-02-06,B15SPTMC3GE,Sportime 15 3,SPTMC,15,3,B15LCVBC1GE,Legacy Boys 15 Premier,B15,False,-5.0,-1.0,-7.328303552241952,-3.871595976691593,-3.4567075755503587,0.44046276592395517,-0.44046276592395517,True,0.0,-14.0,-1.5,-0.7021883887781042,0.3885767139688481,-0.3885767139688481,0.0,2
2026-02-06,B15SPTMC3GE,Sportime 15 3,SPTMC,15,3,B15TACCU1GE,Accuracy 15 Champ,B15,False,-19.0,-2.0,-7.328303552241952,3.7754279498058136,-11.103731502047765,0.3167744175729236,-0.3167744175729236,False,0.0,-15.666666666666666,-1.6666666666666667,0.7903503907498685,0.36464261517020663,-0.36464261517020663,0.0,3
2026-02-07,B15SPTMC3GE,Sportime 15 3,SPTMC,15,3,B15SPTMC4GE,Sportime 15 4,B15,False,-5.0,-2.0,-7.328303552241952,-9.409382089004,2.081078536762048,0.5359525435334526,-0.5359525435334526,True,0.0,-13.0,-1.75,-1.7595827291885986,0.40747009726101807,-0.40747009726101807,0.0,4
2026-02-07,B15SPTMC3GE,Sportime 15 3,SPTMC,15,3,B15SPTMC5GE,Sportime 15 Lynbrook,B15,True,22.0,2.0,-7.328303552241952,-11.918409534205868,4.590105981963916,0.5787737542059942,0.4212262457940058,True,0.2,-6.0,-1.0,-3.791348090192052,0.44173082865001334,-0.24173082865001333,0.3333333333333333,5
2026-02-07,B15SPTMC3GE,Sportime 15 3,SPTMC,15,3,B15CAPIT1XL,CSVC 15 PANTHERS,B15,True,2.0,1.0,-7.328303552241952,-4.152183809229553,-3.176119743012399,0.4452551010019256,0.5547448989980743,True,0.4,-1.0,-0.4,-5.11522869186504,0.4634437164476502,-0.0634437164476502,0.5,6
2026-02-08,B15SPTMC3GE,Sportime 15 3,SPTMC,15,3,B15ALLIN1FL,AVA 15 Boys,B15,False,-8.0,-2.0,-7.328303552241952,7.187170842880393,-14.515474395122345,0.2679974081152016,-0.2679974081152016,False,0.4,-1.6,-0.6,-2.9034753279506424,0.42895064488589957,-0.02895064488589951,0.6666666666666666,7
2026-02-06,B15SPTMC4GE,Sportime 15 4,SPTMC,15,4,B15LIFRY1GE,LI Fury 15 1,B15,False,-10.0,-2.0,-9.409382089004,7.723088703671281,-17.13247079267528,0.23398164511896855,-0.23398164511896855,False,0.0,-10.0,-2.0,7.723088703671281,0.23398164511896855,-0.23398164511896855,,1
2026-02-06,B15SPTMC4GE,Sportime 15 4,SPTMC,15,4,B15NYCVA1GE,NYC VBA 15 Nomad,B15,False,-18.0,-2.0,-9.409382089004,8.935562043462175,-18.344944132466175,0.21927528286389597,-0.21927528286389597,False,0.0,-14.0,-2.0,8.329325373566729,0.22662846399143227,-0.22662846399143227,,2
2026-02-06,B15SPTMC4GE,Sportime 15 4,SPTMC,15,4,B15ALLIN1FL,AVA 15 Boys,B15,False,-7.0,-1.0,-9.409382089004,7.187170842880393,-16.596552931884393,0.24069635768786413,-0.24069635768786413,False,0.0,-11.666666666666666,-1.6666666666666667,7.948607196671283,0.2313177618902429,-0.2313177618902429,,3
2026-02-07,B15SPTMC4GE,Sportime 15 4,SPTMC,15,4,B15SPTMC3GE,Sportime 15 3,B15,True,5.0,2.0,-9.409382089004,-7.328303552241952,-2.081078536762048,0.46404745646654744,0.5359525435334526,True,0.25,-7.5,-0.75,4.129379509442974,0.289500185534319,-0.03950018553431903,1.0,4
2026-02-07,B15SPTMC4GE,Sportime 15 4,SPTMC,15,4,B15SPTMC5GE,Sportime 15 Lynbrook,B15,True,4.0,2.0,-9.409382089004,-11.918409534205868,2.509027445201868,0.5433118677504678,0.4566881322495322,True,0.4,-5.2,-0.2,0.9198217007132058,0.3402625219775488,0.05973747802245122,1.0,5
2026-02-07,B15SPTMC4GE,Sportime 15 4,SPTMC,15,4,B15ALLIN1FL,AVA 15 Boys,B15,False,-50.0,-2.0,-9.409382089004,7.187170842880393,-16.596552931884393,0.24069635768786413,-0.24069635768786413,False,0.4,-13.2,-0.2,0.8126381285550283,0.3416054644913279,0.05839453550867211,1.0,6
2026-02-08,B15SPTMC4GE,Sportime 15 4,SPTMC,15,4,B15CAPIT1XL,CSVC 15 PANTHERS,B15,True,1.0,1.0,-9.409382089004,-4.152183809229553,-5.257198279774447,0.4100110292478072,0.5899889707521928,False,0.6,-9.4,0.4,-1.8049110419833174,0.37975261376811015,0.22024738623188983,1.0,7
2026-02-08,B15SPTMC4GE,Sportime 15 4,SPTMC,15,4,B15NYCIV1GE,NYC Impact 15 National,B15,False,-11.0,-2.0,-9.409382089004,2.4672191991353847,-11.876601288139383,0.30531050719482733,-0.30531050719482733,False,0.6,-10.2,0.2,-2.7489013707323187,0.39267544366950274,0.2073245563304972,1.0,8
2026-02-06,B15SPTMC5GE,Sportime 15 Lynbrook,SPTMC,15,5,B15CORE12GE,CORE Boys 15 Titanium,B15,False,-17.0,-2.0,-11.918409534205868,7.712224910607721,-19.630634444813587,0.20442008317071478,-0.20442008317071478,False,0.0,-17.0,-2.0,7.712224910607721,0.20442008317071478,-0.20442008317071478,,1
2026-02-06,B15SPTMC5GE,Sportime 15 Lynbrook,SPTMC,15,5,B15RRJVB1NE,Boston United Boys 15 National,B15,False,-24.0,-2.0,-11.918409534205868,14.602590154244087,-26.520999688449955,0.13754083738420136,-0.13754083738420136,False,0.0,-20.5,-2.0,11.157407532425903,0.17098046027745806,-0.17098046027745806,,2
2026-02-06,B15SPTMC5GE,Sportime 15 Lynbrook,SPTMC,15,5,B15DIGSV1GE,Digs Boys 15 Red,B15,True,11.0,2.0,-11.918409534205868,-15.390712056426436,3.472302522220568,0.5598032731581947,0.44019672684180533,True,0.3333333333333333,-10.0,-0.6666666666666666,2.3080343361417905,0.30058806457103693,0.03274526876229641,1.0,3
2026-02-07,B15SPTMC5GE,Sportime 15 Lynbrook,SPTMC,15,5,B15SPTMC4GE,Sportime 15 4,B15,False,-4.0,-2.0,-11.918409534205868,-9.409382089004,-2.509027445201868,0.45668813224953225,-0.45668813224953225,True,0.25,-8.5,-1.0,-0.6213197701446571,0.3396130814906608,-0.08961308149066076,0.5,4
2026-02-07,B15SPTMC5GE,Sportime 15 Lynbrook,SPTMC,15,5,B15SPTMC3GE,Sportime 15 3,B15,False,-22.0,-2.0,-11.918409534205868,-7.328303552241952,-4.590105981963916,0.4212262457940059,-0.4212262457940059,True,0.2,-11.2,-1.2,-1.962716526564116,0.3559357143513298,-0.1559357143513298,0.3333333333333333,5
2026-02-07,B15SPTMC5GE,Sportime 15 Lynbrook,SPTMC,15,5,B15DIGSV1GE,Digs Boys 15 Red,B15,True,15.0,2.0,-11.918409534205868,-15.390712056426436,3.472302522220568,0.5598032731581947,0.44019672684180533,True,0.4,-4.8,-0.4,-6.583303919970947,0.42701235234882573,-0.027012352348825763,0.5,6
2026-02-08,B15SPTMC5GE,Sportime 15 Lynbrook,SPTMC,15,5,B15TACCU1GE,Accuracy 15 Champ,B15,False,-21.0,-2.0,-11.918409534205868,3.7754279498058136,-15.69383748401168,0.2523011755181997,-0.2523011755181997,False,0.4,-4.2,-0.4,-8.7487363608586,0.4499644199756254,-0.04996441997562544,0.5,7
2026-01-17,B15SYRVB1XL,SVC 15 1 Boys,SYRVB,15,1,B16PVJVB2NE,PV Boys 16 2,MIXED,True,29.0,2.0,18.045964247707875,-12.651272613839689,30.697236861547566,0.7728659976751968,0.22713400232480319,False,1.0,29.0,2.0,-12.651272613839689,0.7728659976751968,0.22713400232480319,,1
2026-01-17,B15SYRVB1XL,SVC 15 1 Boys,SYRVB,15,1,B16BVJVB2NE,Blast 16 Pyro,MIXED,True,27.0,2.0,18.045964247707875,-9.686012964198403,27.731977211906276,0.7514342314184206,0.24856576858157942,False,1.0,28.0,2.0,-11.168642789019046,0.7621501145468087,0.2378498854531913,,2
2026-01-17,B15SYRVB1XL,SVC 15 1 Boys,SYRVB,15,1,B16NESVC2NE,NE Storm 16 Monsoon,MIXED,True,8.0,2.0,18.045964247707875,3.744842902750687,14.301121344957188,0.6388776860358334,0.3611223139641666,False,1.0,21.333333333333332,2.0,-6.197480891762468,0.7210593050431502,0.27894069495684976,,3
2026-01-17,B15SYRVB1XL,SVC 15 1 Boys,SYRVB,15,1,B15CAPIT1XL,CSVC 15 PANTHERS,B15,True,18.0,2.0,18.045964247707875,-4.152183809229553,22.198148056937427,0.8229736447413241,0.17702635525867594,False,1.0,20.5,2.0,-5.686156621129239,0.7465378899676938,0.2534621100323063,,4
2026-01-18,B15SYRVB1XL,SVC 15 1 Boys,SYRVB,15,1,B15TTVBC1NE,SLAM 15 1 Boys,B15,True,18.0,2.0,18.045964247707875,-12.951819331073589,30.997783578781466,0.8952722723832383,0.10472772761676175,False,1.0,20.0,2.0,-7.13928916311811,0.7762847664508026,0.22371523354919737,,5
2026-01-18,B15SYRVB1XL,SVC 15 1 Boys,SYRVB,15,1,B16RRJVB3NE,Boston United Boys 16 Select 1,MIXED,True,15.0,2.0,18.045964247707875,2.175698769699596,15.870265478008278,0.6531902681648415,0.3468097318351585,False,1.0,17.2,2.0,-4.1738948864102525,0.7523496205487314,0.24765037945126842,,6
2026-01-19,B15SYRVB1XL,SVC 15 1 Boys,SYRVB,15,1,B16LHVBC2NE,LHV Boys 16-2 Hunters,MIXED,True,17.0,2.0,18.045964247707875,-1.4909678969668678,19.536932144674743,0.6855425485234939,0.31445745147650606,False,1.0,15.2,2.0,-2.534885872963945,0.7391712839697462,0.26082871603025376,,7
2026-01-19,B15SYRVB1XL,SVC 15 1 Boys,SYRVB,15,1,B16NESVC2NE,NE Storm 16 Monsoon,MIXED,True,22.0,2.0,18.045964247707875,3.744842902750687,14.301121344957188,0.6388776860358334,0.3611223139641666,False,1.0,18.0,2.0,-2.534885872963945,0.7391712839697462,0.26082871603025376,,8
2026-01-19,B15SYRVB1XL,SVC 15 1 Boys,SYRVB,15,1,B16CAPIT1XL,CSVC 16 WOLFJAW,MIXED,True,11.0,2.0,18.045964247707875,11.4846186337592,6.561345613948676,0.56506479728516,0.43493520271484,True,1.0,16.6,2.0,0.5924746156338049,0.6875895144785135,0.3124104855214866,1.0,9
2025-11-22,B15TACCU1GE,Accuracy 15 Champ,TACCU,15,1,B15NEVBC3NE,NEVBC Boys 15 Blue,B15,True,24.0,2.0,3.7754279498058136,-17.639297186682455,21.41472513648827,0.814933992349144,0.185066007650856,False,1.0,24.0,2.0,-17.639297186682455,0.814933992349144,0.185066007650856,,1
2025-11-22,B15TACCU1GE,Accuracy 15 Champ,TACCU,15,1,B15LHVBC1NE,LHV Boys 15-1 Eclipse,B15,True,10.0,2.0,3.7754279498058136,-5.752495528093402,9.527923477899215,0.6591599240342277,0.34084007596577226,False,1.0,17.0,2.0,-11.695896357387928,0.7370469581916859,0.26295304180831414,,2
2025-11-22,B15TACCU1GE,Accuracy 15 Champ,TACCU,15,1,B15RRJVB1NE,Boston United Boys 15 National,B15,False,-15.0,-2.0,3.7754279498058136,14.602590154244087,-10.827162204438274,0.320932396683557,-0.320932396683557,False,0.6666666666666666,6.333333333333333,0.6666666666666666,-2.9297341868439233,0.598342104355643,0.06832456231102375,,3
2025-11-23,B15TACCU1GE,Accuracy 15 Champ,TACCU,15,1,B15MCJVB1NE,Mill City 15's,B15,False,-22.0,-2.0,3.7754279498058136,8.367744148035024,-4.592316198229211,0.42118894611488206,-0.42118894611488206,True,0.5,-0.75,0.0,-0.10536460312418638,0.5540538147954527,-0.054053814795452695,0.0,4
2025-11-23,B15TACCU1GE,Accuracy 15 Champ,TACCU,15,1,B15RRJVB2NE,Boston United Boys 15 Select 1,B15,True,5.0,1.0,3.7754279498058136,-4.747416040919453,8.522843990725267,0.643360107029587,0.356639892970413,False,0.6,0.4,0.2,-1.0337748906832398,0.5719150732422795,0.02808492675772044,0.0,5
2026-02-06,B15TACCU1GE,Accuracy 15 Champ,TACCU,15,1,B15CORE11GE,CORE Boys 15 Platinum,B15,False,-8.0,-1.0,3.7754279498058136,11.905051040200131,-8.129623090394318,0.36290953978107343,-0.36290953978107343,False,0.4,-6.0,-0.4,4.8750947546932775,0.48151018272866547,-0.08151018272866545,0.0,6
2026-02-06,B15TACCU1GE,Accuracy 15 Champ,TACCU,15,1,B15CAPIT1XL,CSVC 15 PANTHERS,B15,True,9.0,2.0,3.7754279498058136,-4.152183809229553,7.927611759035367,0.6338511480711266,0.36614885192887336,False,0.4,-6.2,-0.4,5.195157098466048,0.4764484275360452,-0.07644842753604522,0.0,7
2026-02-06,B15TACCU1GE,Accuracy 15 Champ,TACCU,15,1,B15SPTMC3GE,Sportime 15 3,B15,True,19.0,2.0,3.7754279498058136,-7.328303552241952,11.103731502047765,0.6832255824270764,0.3167744175729236,False,0.6,0.6,0.4,0.8089783571688398,0.5489070646847491,0.05109293531525089,0.0,8
2026-02-07,B15TACCU1GE,Accuracy 15 Champ,TACCU,15,1,B15RRJVB1NE,Boston United Boys 15 National,B15,True,15.0,2.0,3.7754279498058136,14.602590154244087,-10.827162204438274,0.320932396683557,0.679067603316443,False,0.8,8.0,1.2,2.055947558410652,0.5288557547984841,0.2711442452015159,,9
2026-02-07,B15TACCU1GE,Accuracy 15 Champ,TACCU,15,1,B15NYCIV1GE,NYC Impact 15 National,B15,True,5.0,1.0,3.7754279498058136,2.4672191991353847,1.308208750670429,0.52262412080566,0.47737587919434,True,0.8,8.0,1.2,3.4988746064216203,0.5047085575536988,0.2952914424463013,1.0,10
2026-02-07,B15TACCU1GE,Accuracy 15 Champ,TACCU,15,1,B15NYCVA1GE,NYC VBA 15 Nomad,B15,False,-19.0,-2.0,3.7754279498058136,8.935562043462175,-5.160134093656362,0.41163736719559596,-0.41163736719559596,False,0.8,5.8,1.0,2.9049768070740285,0.5144541230366032,0.2855458769633968,1.0,11
2026-02-08,B15TACCU1GE,Accuracy 15 Champ,TACCU,15,1,B15SPTMC5GE,Sportime 15 Lynbrook,B15,True,21.0,2.0,3.7754279498058136,-11.918409534205868,15.69383748401168,0.7476988244818004,0.25230117551819964,False,0.8,8.2,1.0,1.3517316620787654,0.537223658318738,0.26277634168126207,1.0,12
2026-02-08,B15TACCU1GE,Accuracy 15 Champ,TACCU,15,1,B15CORE11GE,CORE Boys 15 Platinum,B15,False,-16.0,-2.0,3.7754279498058136,11.905051040200131,-8.129623090394318,0.36290953978107343,-0.36290953978107343,False,0.6,1.2,0.2,5.198402580567182,0.47316044978953736,0.12683955021046264,1.0,13
2025-11-22,B15TTVBC1NE,SLAM 15 1 Boys,TTVBC,15,1,B15MCJVB1NE,Mill City 15's,B15,False,-25.0,-2.0,-12.951819331073589,8.367744148035024,-21.319563479108613,0.18606155688160472,-0.18606155688160472,False,0.0,-25.0,-2.0,8.367744148035024,0.18606155688160472,-0.18606155688160472,,1
2025-11-22,B15TTVBC1NE,SLAM 15 1 Boys,TTVBC,15,1,B15SJVBC1NE,South County Juniors Boys 15 1,B15,True,2.0,1.0,-12.951819331073589,-10.038070627256312,-2.9137487038172765,0.44974554724771737,0.5502544527522826,True,0.5,-11.5,-0.5,-0.8351632396106439,0.31790355206466103,0.1820964479353389,1.0,2
2025-11-22,B15TTVBC1NE,SLAM 15 1 Boys,TTVBC,15,1,B15RRJVB2NE,Boston United Boys 15 Select 1,B15,False,-10.0,-2.0,-12.951819331073589,-4.747416040919453,-8.204403290154136,0.36171354755174207,-0.36171354755174207,False,0.3333333333333333,-11.0,-1.0,-2.13924750671358,0.33250688389368804,0.000826449439645253,1.0,3
2025-11-23,B15TTVBC1NE,SLAM 15 1 Boys,TTVBC,15,1,B15LHVBC1NE,LHV Boys 15-1 Eclipse,B15,False,-5.0,-1.0,-12.951819331073589,-5.752495528093402,-7.199323802980187,0.3779261959328047,-0.3779261959328047,False,0.25,-9.5,-1.0,-3.042559512058536,0.3438617119034672,-0.09386171190346723,1.0,4
2025-11-23,B15TTVBC1NE,SLAM 15 1 Boys,TTVBC,15,1,B15NEVBC3NE,NEVBC Boys 15 Blue,B15,False,-1.0,-1.0,-12.951819331073589,-17.639297186682455,4.687477855608867,0.5804161465404518,-0.5804161465404518,True,0.2,-7.8,-1.0,-5.9619070469833195,0.39117259883086414,-0.19117259883086415,0.5,5
2026-01-17,B15TTVBC1NE,SLAM 15 1 Boys,TTVBC,15,1,B16BVJVB2NE,Blast 16 Pyro,MIXED,False,-10.0,-2.0,-12.951819331073589,-9.686012964198403,-3.2658063668751858,0.467476331007944,-0.467476331007944,True,0.2,-4.8,-1.0,-9.572658469430007,0.44745555365613204,-0.24745555365613198,0.3333333333333333,6
2026-01-17,B15TTVBC1NE,SLAM 15 1 Boys,TTVBC,15,1,B15LEGIO1XL,TeamLVC Boys 15 Black,B15,False,-14.0,-2.0,-12.951819331073589,10.228548102310683,-23.18036743338427,0.16733719346066595,-0.16733719346066595,False,0.0,-8.0,-1.6,-5.519334723516607,0.3909738828987217,-0.3909738828987217,0.0,7
2026-01-18,B15TTVBC1NE,SLAM 15 1 Boys,TTVBC,15,1,B16NESVC2NE,NE Storm 16 Monsoon,MIXED,False,-16.0,-2.0,-12.951819331073589,3.744842902750687,-16.696662233824277,0.33937996011818417,-0.33937996011818417,False,0.0,-9.2,-1.6,-3.8208829347825786,0.38650716541201013,-0.38650716541201013,0.0,8
2026-01-18,B15TTVBC1NE,SLAM 15 1 Boys,TTVBC,15,1,B15SYRVB1XL,SVC 15 1 Boys,B15,False,-18.0,-2.0,-12.951819331073589,18.045964247707875,-30.997783578781466,0.10472772761676181,-0.10472772761676181,False,0.0,-11.8,-1.8,0.9388090203776777,0.33186747174880155,-0.33186747174880155,0.0,9
2026-01-18,B15TTVBC1NE,SLAM 15 1 Boys,TTVBC,15,1,B16CAPIT1XL,CSVC 16 WOLFJAW,MIXED,False,-24.0,-2.0,-12.951819331073589,11.4846186337592,-24.436437964832788,0.2739225089767933,-0.2739225089767933,False,0.0,-16.4,-2.0,6.763592184466009,0.27056874423606986,-0.27056874423606986,0.0,10
2026-01-18,B15TTVBC1NE,SLAM 15 1 Boys,TTVBC,15,1,B16PVJVB2NE,PV Boys 16 2,MIXED,True,17.0,2.0,-12.951819331073589,-12.651272613839689,-0.3005467172338996,0.4970027046766898,0.5029972953233102,True,0.2,-11.0,-1.2,6.170540254537752,0.27647401896981905,-0.07647401896981902,1.0,11
2026-01-19,B15TTVBC1NE,SLAM 15 1 Boys,TTVBC,15,1,B16PVJVB2NE,PV Boys 16 2,MIXED,False,-12.0,-2.0,-12.951819331073589,-12.651272613839689,-0.3005467172338996,0.4970027046766898,-0.4970027046766898,True,0.2,-10.6,-1.2,1.5945761113076766,0.34240712121302375,-0.1424071212130238,0.5,12
2026-03-14,B15TTVBC1NE,SLAM 15 1 Boys,TTVBC,15,1,B15SJJVB2NE,SMASH Boys 15 Lightning,B15,False,-8.0,-2.0,-12.951819331073589,-1.0082888468896993,-11.943530484183889,0.3043287432892165,-0.3043287432892165,False,0.2,-9.0,-1.2,0.6439497613795998,0.3353968778472302,-0.13539687784723026,0.5,13
2026-03-14,B15TTVBC1NE,SLAM 15 1 Boys,TTVBC,15,1,B15RRJVB1NE,Boston United Boys 15 National,B15,False,-22.0,-2.0,-12.951819331073589,14.602590154244087,-27.554409485317677,0.12927291519200046,-0.12927291519200046,False,0.2,-9.8,-1.2,-0.04472505731315764,0.34030591536227794,-0.14030591536227796,0.5,14
2026-03-14,B15TTVBC1NE,SLAM 15 1 Boys,TTVBC,15,1,B15SAVBC1XL,Sporting Albany Boys 15u,B15,False,-6.0,-1.0,-12.951819331073589,-5.930166401079031,-7.021652929994557,0.3808219621755385,-0.3808219621755385,False,0.2,-6.2,-1.0,-3.5276820642808033,0.36168580600202704,-0.16168580600202703,0.5,15
2026-03-15,B15TTVBC1NE,SLAM 15 1 Boys,TTVBC,15,1,B15CAPIT1XL,CSVC 15 PANTHERS,B15,False,-26.0,-2.0,-12.951819331073589,-4.152183809229553,-8.799635521844035,0.3522557611339683,-0.3522557611339683,False,0.0,-14.8,-1.8,-1.8278643033587763,0.3327364172934827,-0.3327364172934827,0.0,16
2026-03-15,B15TTVBC1NE,SLAM 15 1 Boys,TTVBC,15,1,B15NEVBC3NE,NEVBC Boys 15 Blue,B15,True,2.0,1.0,-12.951819331073589,-17.639297186682455,4.687477855608867,0.5804161465404518,0.4195838534595482,True,0.2,-12.0,-1.2,-2.8254692179273295,0.34941910566623513,-0.14941910566623512,1.0,17
2026-02-06,B161130588XX,NY Strangers 16,113058,16,8,B16SPTMC6GE,Sportime 16 Lynbrook,B16,True,10.0,2.0,16.82439971690086,5.664079226019568,11.160320490881293,0.6620303979316623,0.3379696020683377,False,1.0,10.0,2.0,5.664079226019568,0.6620303979316623,0.3379696020683377,,1
2026-02-06,B161130588XX,NY Strangers 16,113058,16,8,B16ALLIN1FL,AVA 16 Boys,B16,True,13.0,2.0,16.82439971690086,-3.178067176989841,20.002466893890702,0.7694223254094419,0.2305776745905581,False,1.0,11.5,2.0,1.2430060245148633,0.715726361670552,0.2842736383294479,,2
2026-02-06,B161130588XX,NY Strangers 16,113058,16,8,B16NYCIV2GE,NYC Impact 16U Travel,B16,False,-4.0,-2.0,16.82439971690086,15.768343777596025,1.0560559393048354,0.5159002069942742,-0.5159002069942742,True,0.6666666666666666,6.333333333333333,0.6666666666666666,6.084785275541917,0.6491176434451261,0.017549023221540543,0.0,3
2026-02-07,B161130588XX,NY Strangers 16,113058,16,8,B16LIFRY2GE,LI Fury 16 2,B16,True,26.0,2.0,16.82439971690086,-9.893044074832407,26.717443791733267,0.8333554567552799,0.1666445432447201,False,0.75,11.25,1.0,2.090327937948336,0.6951770967726646,0.054822903227335434,0.0,4
2026-02-07,B161130588XX,NY Strangers 16,113058,16,8,B16CAPIT1XL,CSVC 16 WOLFJAW,B16,True,20.0,2.0,16.82439971690086,11.4846186337592,5.339781083141661,0.579737542273544,0.420262457726456,True,0.8,13.0,1.2,3.9691860771105083,0.6720891858728405,0.12791081412715954,0.5,5
2026-02-07,B161130588XX,NY Strangers 16,113058,16,8,B16CORE12GE,CORE Boys 16 Titanium,B16,True,10.0,2.0,16.82439971690086,8.268158363541186,8.556241353359674,0.6260884306296066,0.3739115693703934,False,0.8,13.0,1.2,4.490001904614833,0.6649007924124293,0.13509920758757069,0.5,6
2026-02-08,B161130588XX,NY Strangers 16,113058,16,8,B16DIGSV1GE,Digs Boys 16 Red,B16,True,11.0,2.0,16.82439971690086,11.574212638274435,5.250187078626425,0.5784218958857923,0.4215781041142077,True,0.8,12.6,1.2,7.440457867667687,0.6267007065076994,0.1732992934923006,0.6666666666666666,7
2026-02-08,B161130588XX,NY Strangers 16,113058,16,8,B16NYCIV2GE,NYC Impact 16U Travel,B16,True,4.0,1.0,16.82439971690086,15.768343777596025,1.0560559393048354,0.5159002069942742,0.4840997930057258,True,1.0,14.2,1.8,7.440457867667687,0.6267007065076994,0.3732992934923006,1.0,8
2025-11-22,B16118971XX,Supreme 16-1,11897,16,1,B16MCJVB2NE,Mill City 16 Royal,B16,True,30.0,2.0,-0.7318998516895773,-19.066001246371826,18.33410139468225,0.7511100294364859,0.24888997056351414,False,1.0,30.0,2.0,-19.066001246371826,0.7511100294364859,0.24888997056351414,,1
2025-11-22,B16118971XX,Supreme 16-1,11897,16,1,B16LHVBC1NE,LHV Boys 16-1 Valiants,B16,False,-9.0,-2.0,-0.7318998516895773,2.923606681197808,-3.6555065328873853,0.44516478347078364,-0.44516478347078364,True,0.5,10.5,0.0,-8.07119728258701,0.5981374064536348,-0.09813740645363475,0.0,2
2025-11-22,B16118971XX,Supreme 16-1,11897,16,1,B16NEVBC3NE,NEVBC Boys 16 Blue,B16,True,24.0,2.0,-0.7318998516895773,-16.471125511924935,15.739225660235357,0.7207555517614426,0.27924444823855743,False,0.6666666666666666,15.0,0.6666666666666666,-10.871173359032985,0.6390101215562374,0.02765654511042931,0.0,3
2025-11-23,B16118971XX,Supreme 16-1,11897,16,1,B16LHVBC2NE,LHV Boys 16-2 Hunters,B16,True,11.0,1.0,-0.7318998516895773,-1.4909678969668678,0.7590680452772905,0.5114305558056016,0.4885694441943984,True,0.75,14.0,0.75,-8.526121993516455,0.6071152301185785,0.14288476988142157,0.5,4
2025-11-23,B16118971XX,Supreme 16-1,11897,16,1,B16NESVC2NE,NE Storm 16 Monsoon,B16,True,6.0,1.0,-0.7318998516895773,3.744842902750687,-4.476742754440264,0.4329802126105053,0.5670197873894947,True,0.8,12.4,0.8,-6.071929014263027,0.5722882266169638,0.2277117733830362,0.6666666666666666,5
2025-11-23,B16118971XX,Supreme 16-1,11897,16,1,B16LHVBC1NE,LHV Boys 16-1 Valiants,B16,False,-21.0,-2.0,-0.7318998516895773,2.923606681197808,-3.6555065328873853,0.44516478347078364,-0.44516478347078364,True,0.6,2.2,0.0,-1.6740074287491002,0.5110991774238234,0.08890082257617662,0.5,6
2026-01-31,B16118971XX,Supreme 16-1,11897,16,1,B16RRJVB3NE,Boston United Boys 16 Select 1,B16,True,2.0,1.0,-0.7318998516895773,2.175698769699596,-2.9075986213891736,0.4563194339720769,0.5436805660279231,True,0.8,4.4,0.6,-1.823589011048743,0.513330107524082,0.286669892475918,0.75,7
2026-01-31,B16118971XX,Supreme 16-1,11897,16,1,B16HKJVB2NE,Husky 16.2,B16,True,13.0,2.0,-0.7318998516895773,-10.514891211254358,9.78299135956478,0.6432224345204103,0.3567775654795897,False,0.8,2.2,0.6,-0.6323421509146275,0.49782348407587557,0.3021765159241244,0.75,8
2026-01-31,B16118971XX,Supreme 16-1,11897,16,1,B16MCJVB2NE,Mill City 16 Royal,B16,True,27.0,2.0,-0.7318998516895773,-19.066001246371826,18.33410139468225,0.7511100294364859,0.24888997056351414,False,0.8,5.4,0.8,-4.147348820795619,0.5457593788020525,0.2542406211979476,0.6666666666666666,9
2026-01-31,B16118971XX,Supreme 16-1,11897,16,1,B16SAVBC1XL,Sporting Albany Boys 16u,B16,False,-18.0,-2.0,-0.7318998516895773,8.945261771940473,-9.67716162363005,0.3582420474300546,-0.3582420474300546,False,0.6,0.6,0.2,-3.107265046957662,0.5308117457659622,0.06918825423403774,0.5,10
2026-02-01,B16118971XX,Supreme 16-1,11897,16,1,B16BVJVB2NE,Blast 16 Pyro,B16,True,10.0,2.0,-0.7318998516895773,-9.686012964198403,8.954113112508825,0.6316826394465193,0.36831736055348074,False,0.8,6.8,1.0,-5.629188976036905,0.5681153169611094,0.2318846830388906,1.0,11
2026-02-01,B16118971XX,Supreme 16-1,11897,16,1,B16NEVBC2NE,NEVBC Boys 16.2,B16,False,-7.0,-1.0,-0.7318998516895773,0.8815355192584385,-1.6134353709480158,0.47571868875000956,-0.47571868875000956,True,0.6,5.0,0.6,-5.888021626125136,0.5719951679166959,0.028004832083304065,0.0,12
2026-03-14,B16118971XX,Supreme 16-1,11897,16,1,B16PVJVB2NE,PV Boys 16 2,B16,True,20.0,2.0,-0.7318998516895773,-12.651272613839689,11.919372762150111,0.6721851281975753,0.32781487180242475,False,0.6,6.4,0.6,-6.315297906642202,0.5777877066521289,0.02221229334787107,0.0,13
2026-03-14,B16118971XX,Supreme 16-1,11897,16,1,B16NEVBC4NE,NEVBC Boys 16 Orange,B16,True,28.0,2.0,-0.7318998516895773,-21.966293461363563,21.234393609673987,0.782325465583124,0.217674534416876,False,0.6,6.6,0.6,-6.895356349640549,0.5840307938814565,0.015969206118543446,0.0,14
2026-03-14,B16118971XX,Supreme 16-1,11897,16,1,B16HKJVB2NE,Husky 16.2,B16,True,20.0,2.0,-0.7318998516895773,-10.514891211254358,9.78299135956478,0.6432224345204103,0.3567775654795897,False,0.8,14.2,1.4,-10.787386946279515,0.6410268712995277,0.1589731287004723,0.0,15
2026-03-15,B16118971XX,Supreme 16-1,11897,16,1,B16PVJVB1NE,PV Boys 16 1,B16,True,14.0,2.0,-0.7318998516895773,-8.842336914611254,8.110437062921676,0.6197800463488561,0.3802199536511439,False,0.8,15.0,1.4,-10.618651736362086,0.638646352679995,0.16135364732000496,0.0,16
2026-03-15,B16118971XX,Supreme 16-1,11897,16,1,B16CAPIT1XL,CSVC 16 WOLFJAW,B16,False,-10.0,-2.0,-0.7318998516895773,11.4846186337592,-12.216518485448777,0.323882440232257,-0.323882440232257,False,0.8,14.4,1.2,-8.498035113461935,0.6082791029764445,0.1917208970235555,,17
2026-02-06,B16ALLIN1FL,AVA 16 Boys,ALLIN,16,1,B16NYCIV2GE,NYC Impact 16U Travel,B16,False,-26.0,-2.0,-3.178067176989841,15.768343777596025,-18.946410954585865,0.24205791945602337,-0.24205791945602337,False,0.0,-26.0,-2.0,15.768343777596025,0.24205791945602337,-0.24205791945602337,,1
2026-02-06,B16ALLIN1FL,AVA 16 Boys,ALLIN,16,1,B161130588XX,NY Strangers 16,B16,False,-13.0,-2.0,-3.178067176989841,16.82439971690086,-20.002466893890702,0.23057767459055806,-0.23057767459055806,False,0.0,-19.5,-2.0,16.296371747248443,0.2363177970232907,-0.2363177970232907,,2
2026-02-06,B16ALLIN1FL,AVA 16 Boys,ALLIN,16,1,B16SPTMC6GE,Sportime 16 Lynbrook,B16,False,-5.0,-2.0,-3.178067176989841,5.664079226019568,-8.842146403009409,0.36988814517846075,-0.36988814517846075,False,0.0,-14.666666666666666,-2.0,12.75227424017215,0.2808412464083474,-0.2808412464083474,,3
2026-02-07,B16ALLIN1FL,AVA 16 Boys,ALLIN,16,1,B16CORE12GE,CORE Boys 16 Titanium,B16,True,-8.0,1.0,-3.178067176989841,8.268158363541186,-11.446225540531028,0.3341265291731913,0.6658734708268087,False,0.25,-13.0,-1.25,11.631245271014409,0.29416256709955835,-0.044162567099558375,,4
2026-02-07,B16ALLIN1FL,AVA 16 Boys,ALLIN,16,1,B16SPTMC3GE,Sportime 16 3,B16,False,-10.0,-2.0,-3.178067176989841,3.899415133576216,-7.077482310566057,0.3949900820086119,-0.3949900820086119,False,0.2,-12.4,-1.4,10.084879243526771,0.3143280700813691,-0.1143280700813691,,5
2026-02-07,B16ALLIN1FL,AVA 16 Boys,ALLIN,16,1,B16MVPVA2NE,MVP BOS 16 Blue,B16,True,1.0,1.0,-3.178067176989841,-16.34371713638192,13.165649959392077,0.6885109315873329,0.3114890684126671,False,0.4,-7.0,-0.8,3.6624670607311822,0.403618672507631,-0.0036186725076309822,,6
2026-02-08,B16ALLIN1FL,AVA 16 Boys,ALLIN,16,1,B16SPTMC4GE,Sportime 16 4,B16,True,10.0,2.0,-3.178067176989841,-8.612172422338178,5.434105245348337,0.5811214252748731,0.4188785747251269,True,0.6,-2.4,0.0,-1.4248473671166262,0.473727422644494,0.126272577355506,1.0,7
2026-02-08,B16ALLIN1FL,AVA 16 Boys,ALLIN,16,1,B16LIFRY2GE,LI Fury 16 2,B16,True,10.0,1.0,-3.178067176989841,-9.893044074832407,6.714976897842566,0.599779151755731,0.40022084824426896,False,0.8,0.6,0.6,-4.536272027287021,0.519705623959948,0.2802943760400519,1.0,8
2025-11-22,B16BVJVB1NE,Blast 16 Inferno,BVJVB,16,1,B16MCJVB1NE,Mill City 16's,B16,False,-17.0,-2.0,-5.9092173637141405,9.459366429713532,-15.368583793427671,0.2837606908883284,-0.2837606908883284,False,0.0,-17.0,-2.0,9.459366429713532,0.2837606908883284,-0.2837606908883284,,1
2025-11-22,B16BVJVB1NE,Blast 16 Inferno,BVJVB,16,1,B16SJVBC1NE,South County Juniors Boys 16's Blue,B16,False,-4.0,-1.0,-5.9092173637141405,-3.257592123047605,-2.6516252406665357,0.4601478040576185,-0.4601478040576185,True,0.0,-10.5,-1.5,3.1008871533329634,0.37195424747297345,-0.37195424747297345,0.0,2
2025-11-22,B16BVJVB1NE,Blast 16 Inferno,BVJVB,16,1,B16TTVBC1NE,SLAM 16 1 Boys,B16,True,5.0,1.0,-5.9092173637141405,-3.5169299399193092,-2.3922874237948313,0.4640312926912202,0.5359687073087798,True,0.3333333333333333,-5.333333333333333,-0.6666666666666666,0.8949481222488725,0.4026465958790557,-0.06931326254572238,0.5,3
2025-11-23,B16BVJVB1NE,Blast 16 Inferno,BVJVB,16,1,B16RRJVB1NE,Boston United Boys 16 National 1,B16,False,-16.0,-2.0,-5.9092173637141405,0.8696593071779559,-6.778876670892096,0.39929711755538105,-0.39929711755538105,False,0.25,-8.0,-1.0,0.8886259184811434,0.40180922629813703,-0.15180922629813703,0.5,4
2025-11-23,B16BVJVB1NE,Blast 16 Inferno,BVJVB,16,1,B16TTVBC1NE,SLAM 16 1 Boys,B16,False,-11.0,-1.0,-5.9092173637141405,-3.5169299399193092,-2.3922874237948313,0.4640312926912202,-0.4640312926912202,True,0.2,-8.6,-1.0,0.0075147468010528405,0.41425363957675365,-0.21425363957675367,0.3333333333333333,5
2026-01-17,B16BVJVB1NE,Blast 16 Inferno,BVJVB,16,1,B16MVNER1NE,Meraki VB 16 1,B16,False,-9.0,-2.0,-5.9092173637141405,-10.953719540849232,5.044502177135091,0.5753973222251888,-0.5753973222251888,True,0.2,-7.0,-1.0,-4.075102447311499,0.4725809658441257,-0.2725809658441258,0.25,6
2026-01-17,B16BVJVB1NE,Blast 16 Inferno,BVJVB,16,1,B16LEGIO1XL,TeamLVC Boys 16 Black,B16,False,-7.0,-2.0,-5.9092173637141405,13.632552538073494,-19.541769901787635,0.23553847077715728,-0.23553847077715728,False,0.2,-7.6,-1.2,-0.6970735150872802,0.42765909918803346,-0.22765909918803348,0.3333333333333333,7
2026-01-17,B16BVJVB1NE,Blast 16 Inferno,BVJVB,16,1,B16PVJVB1NE,PV Boys 16 1,B16,True,8.0,2.0,-5.9092173637141405,-8.842336914611254,2.9331195508971133,0.544061985022438,0.45593801497756203,True,0.2,-7.0,-1.0,-1.762154910025669,0.44366523765427707,-0.24366523765427708,0.3333333333333333,8
2026-01-18,B16BVJVB1NE,Blast 16 Inferno,BVJVB,16,1,B16SYRVB1XL,SVC 16 1 Boys,B16,False,-20.0,-2.0,-5.9092173637141405,12.369800353996835,-18.279017717710975,0.24951086510587156,-0.24951086510587156,False,0.2,-7.8,-1.0,0.5378732993381068,0.4137079871643752,-0.21370798716437517,0.3333333333333333,9
2026-01-18,B16BVJVB1NE,Blast 16 Inferno,BVJVB,16,1,B16NESVC1NE,NE Storm 16 Lightning,B16,False,-24.0,-2.0,-5.9092173637141405,3.4324314548412644,-9.341648818555406,0.36290231218409885,-0.36290231218409885,False,0.2,-10.4,-1.2,1.9277455782902215,0.39348219106295085,-0.1934821910629509,0.5,10
2026-01-18,B16BVJVB1NE,Blast 16 Inferno,BVJVB,16,1,B16TTVBC1NE,SLAM 16 1 Boys,B16,False,3.0,-1.0,-5.9092173637141405,-3.5169299399193092,-2.3922874237948313,0.4640312926912202,-0.4640312926912202,True,0.2,-8.0,-1.0,3.4151034984762063,0.3712089851561572,-0.17120898515615718,0.5,11
2026-01-19,B16BVJVB1NE,Blast 16 Inferno,BVJVB,16,1,B16PVJVB1NE,PV Boys 16 1,B16,False,-7.0,-1.0,-5.9092173637141405,-8.842336914611254,2.9331195508971133,0.544061985022438,-0.544061985022438,True,0.2,-8.0,-0.8,-1.0798743920607436,0.43291368800521324,-0.2329136880052133,0.3333333333333333,12
2026-01-31,B16BVJVB1NE,Blast 16 Inferno,BVJVB,16,1,B16MCJVB1NE,Mill City 16's,B16,False,-12.0,-2.0,-5.9092173637141405,9.459366429713532,-15.368583793427671,0.2837606908883284,-0.2837606908883284,False,0.0,-12.0,-1.6,2.5804662768042137,0.3808534291783914,-0.3808534291783914,0.0,13
2026-01-31,B16BVJVB1NE,Blast 16 Inferno,BVJVB,16,1,B16NYCVA1GE,NYC VBA 16 Hudson,B16,False,-24.0,-2.0,-5.9092173637141405,9.769248976932108,-15.67846634064625,0.2799817721984226,-0.2799817721984226,False,0.0,-12.8,-1.6,2.060356001391268,0.3869476105969016,-0.3869476105969016,0.0,14
2026-01-31,B16BVJVB1NE,Blast 16 Inferno,BVJVB,16,1,B16TTVBC1NE,SLAM 16 1 Boys,B16,True,8.0,2.0,-5.9092173637141405,-3.5169299399193092,-2.3922874237948313,0.4640312926912202,0.5359687073087798,True,0.2,-6.4,-0.8,0.6704837224391533,0.4071734066983259,-0.20717340669832587,0.3333333333333333,15
2026-02-01,B16BVJVB1NE,Blast 16 Inferno,BVJVB,16,1,B16SJJVB2NE,SMASH Boys 16's Fire,B16,False,-12.0,-2.0,-5.9092173637141405,10.029087728428358,-15.9383050921425,0.27683694039408246,-0.27683694039408246,False,0.2,-9.4,-1.0,3.3796872561086873,0.3697345362388983,-0.1697345362388983,0.5,16
2026-02-01,B16BVJVB1NE,Blast 16 Inferno,BVJVB,16,1,B16TTVBC1NE,SLAM 16 1 Boys,B16,True,6.0,1.0,-5.9092173637141405,-3.5169299399193092,-2.3922874237948313,0.4640312926912202,0.5359687073087798,True,0.4,-6.8,-0.6,4.444768651047076,0.35372839777265475,0.046271602227345235,1.0,17
2026-03-14,B16BVJVB1NE,Blast 16 Inferno,BVJVB,16,1,B16SJJVB2NE,SMASH Boys 16's Fire,B16,False,-18.0,-2.0,-5.9092173637141405,10.029087728428358,-15.9383050921425,0.27683694039408246,-0.27683694039408246,False,0.4,-8.0,-0.6,4.558712910790041,0.3523436476738056,0.047656352326194404,1.0,18
2026-03-14,B16BVJVB1NE,Blast 16 Inferno,BVJVB,16,1,B16MCJVB1NE,Mill City 16's,B16,False,-2.0,-1.0,-5.9092173637141405,9.459366429713532,-15.368583793427671,0.2837606908883284,-0.2837606908883284,False,0.4,-3.6,-0.4,4.496736401346325,0.35309943141178673,0.046900568588213246,1.0,19
2026-03-14,B16BVJVB1NE,Blast 16 Inferno,BVJVB,16,1,B16SJVBC1NE,South County Juniors Boys 16's Blue,B16,True,6.0,1.0,-5.9092173637141405,-3.257592123047605,-2.6516252406665357,0.4601478040576185,0.5398521959423814,True,0.4,-4.0,-0.6,4.548603964720667,0.3523227336850664,0.047677266314933575,1.0,20
2026-03-15,B16BVJVB1NE,Blast 16 Inferno,BVJVB,16,1,B16TTVBC1NE,SLAM 16 1 Boys,B16,False,-1.0,-1.0,-5.9092173637141405,-3.5169299399193092,-2.3922874237948313,0.4640312926912202,-0.4640312926912202,True,0.4,-1.8,-0.4,1.8394004310511332,0.3897616041444939,0.010238395855506044,0.6666666666666666,21
2026-03-15,B16BVJVB1NE,Blast 16 Inferno,BVJVB,16,1,B16SJVBC1NE,South County Juniors Boys 16's Blue,B16,False,-11.0,-2.0,-5.9092173637141405,-3.257592123047605,-2.6516252406665357,0.4601478040576185,-0.4601478040576185,True,0.2,-5.2,-1.0,1.891267994425474,0.3889849064177736,-0.1889849064177736,0.3333333333333333,22
2025-11-22,B16BVJVB2NE,Blast 16 Pyro,BVJVB,16,2,B16MVPVA2NE,MVP BOS 16 Blue,B16,False,-22.0,-2.0,-9.686012964198403,-16.34371713638192,6.657704172183516,0.5989506177368112,-0.5989506177368112,False,0.0,-22.0,-2.0,-16.34371713638192,0.5989506177368112,-0.5989506177368112,,1
2025-11-22,B16BVJVB2NE,Blast 16 Pyro,BVJVB,16,2,B16NEVBC4NE,NEVBC Boys 16 Orange,B16,True,12.0,2.0,-9.686012964198403,-21.966293461363563,12.28028049716516,0.6769581797075054,0.3230418202924946,False,0.5,-5.0,0.0,-19.15500529887274,0.6379543987221583,-0.1379543987221583,,2
2025-11-22,B16BVJVB2NE,Blast 16 Pyro,BVJVB,16,2,B16RRJVB3NE,Boston United Boys 16 Select 1,B16,False,-22.0,-2.0,-9.686012964198403,2.175698769699596,-11.861711733897998,0.3285807886959886,-0.3285807886959886,False,0.3333333333333333,-10.666666666666666,-0.6666666666666666,-12.04477060934863,0.5348298620467684,-0.20149652871343507,,3
2025-11-23,B16BVJVB2NE,Blast 16 Pyro,BVJVB,16,2,B16NEVBC3NE,NEVBC Boys 16 Blue,B16,True,-4.0,1.0,-9.686012964198403,-16.471125511924935,6.785112547726532,0.6007929896023302,0.3992070103976698,False,0.5,-9.0,-0.25,-13.151359334992705,0.5513206439356588,-0.051320643935658855,,4
2025-11-23,B16BVJVB2NE,Blast 16 Pyro,BVJVB,16,2,B16NEVBC4NE,NEVBC Boys 16 Orange,B16,False,-19.0,-2.0,-9.686012964198403,-21.966293461363563,12.28028049716516,0.6769581797075054,-0.6769581797075054,False,0.4,-11.0,-0.6,-14.914346160266877,0.5764481510900282,-0.17644815109002815,,5
2026-01-17,B16BVJVB2NE,Blast 16 Pyro,BVJVB,16,2,B15TTVBC1NE,SLAM 15 1 Boys,MIXED,True,10.0,2.0,-9.686012964198403,-12.951819331073589,3.2658063668751858,0.532523668992056,0.46747633100794395,True,0.6,-4.6,0.2,-14.23596659920521,0.5631627613410771,0.036837238658922876,1.0,6
2026-01-17,B16BVJVB2NE,Blast 16 Pyro,BVJVB,16,2,B15SYRVB1XL,SVC 15 1 Boys,MIXED,False,-27.0,-2.0,-9.686012964198403,18.045964247707875,-27.731977211906276,0.2485657685815794,-0.2485657685815794,False,0.4,-12.4,-0.6,-6.233515057390923,0.4774842791158919,-0.07748427911589192,1.0,7
2026-01-17,B16BVJVB2NE,Blast 16 Pyro,BVJVB,16,2,B16NESVC2NE,NE Storm 16 Monsoon,B16,False,-7.0,-1.0,-9.686012964198403,3.744842902750687,-13.43085586694909,0.3080728640037499,-0.3080728640037499,False,0.4,-9.4,-0.4,-5.919686230780704,0.4733826941774442,-0.07338269417744418,1.0,8
2026-01-18,B16BVJVB2NE,Blast 16 Pyro,BVJVB,16,2,B16CAPIT1XL,CSVC 16 WOLFJAW,B16,False,-15.0,-2.0,-9.686012964198403,11.4846186337592,-21.170631597957602,0.21832939692462053,-0.21832939692462053,False,0.2,-11.6,-1.0,-0.32853740164387835,0.3968899756419023,-0.19688997564190225,1.0,9
2026-01-18,B16BVJVB2NE,Blast 16 Pyro,BVJVB,16,2,B16LHVBC2NE,LHV Boys 16-2 Hunters,B16,False,-5.0,-2.0,-9.686012964198403,-1.4909678969668678,-8.195045067231534,0.37901951426374086,-0.37901951426374086,False,0.2,-8.8,-1.0,3.7665277112354607,0.33730224255314933,-0.13730224255314935,1.0,10
2026-01-18,B16BVJVB2NE,Blast 16 Pyro,BVJVB,16,2,B15CAPIT1XL,CSVC 15 PANTHERS,MIXED,False,-13.0,-2.0,-9.686012964198403,-4.152183809229553,-5.53382915496885,0.44503454691827293,-0.44503454691827293,True,0.0,-13.4,-1.8,5.526454815604269,0.3198044181383927,-0.3198044181383928,0.0,11
2026-01-19,B16BVJVB2NE,Blast 16 Pyro,BVJVB,16,2,B16PVJVB2NE,PV Boys 16 2,B16,False,-8.0,-2.0,-9.686012964198403,-12.651272613839689,2.965259649641286,0.5445422561865171,-0.5445422561865171,True,0.0,-9.6,-1.8,-0.612992556705245,0.37899971565938023,-0.3789997156593803,0.0,12
2026-01-31,B16BVJVB2NE,Blast 16 Pyro,BVJVB,16,2,B16PVJVB2NE,PV Boys 16 2,B16,True,14.0,2.0,-9.686012964198403,-12.651272613839689,2.965259649641286,0.5445422561865171,0.4554577438134829,True,0.2,-5.4,-1.2,-3.89221566002332,0.4262935940959337,-0.2262935940959337,0.3333333333333333,13
2026-01-31,B16BVJVB2NE,Blast 16 Pyro,BVJVB,16,2,B16HKJVB2NE,Husky 16.2,B16,False,-8.0,-1.0,-9.686012964198403,-10.514891211254358,0.8288782470559557,0.5124813862713136,-0.5124813862713136,True,0.2,-4.0,-1.0,-8.292117629026032,0.48512399196527234,-0.2851239919652723,0.25,14
2026-01-31,B16BVJVB2NE,Blast 16 Pyro,BVJVB,16,2,B16PVJVB1NE,PV Boys 16 1,B16,False,-12.0,-1.0,-9.686012964198403,-8.842336914611254,-0.8436760495871489,0.4872958810344021,-0.4872958810344021,True,0.2,-5.4,-0.8,-9.762391432554908,0.5067792653194045,-0.3067792653194045,0.2,15
2026-01-31,B16BVJVB2NE,Blast 16 Pyro,BVJVB,16,2,B16SAVBC1XL,Sporting Albany Boys 16u,B16,False,-15.0,-2.0,-9.686012964198403,8.945261771940473,-18.631274736138877,0.24555813556432046,-0.24555813556432046,False,0.2,-5.8,-0.8,-7.142902316320904,0.46688398304861406,-0.26688398304861405,0.25,16
2026-02-01,B16BVJVB2NE,Blast 16 Pyro,BVJVB,16,2,B16118971XX,Supreme 16-1,B16,False,-10.0,-2.0,-9.686012964198403,-0.7318998516895773,-8.954113112508825,0.3683173605534807,-0.3683173605534807,False,0.2,-6.2,-0.8,-4.759027763890882,0.4316390039220068,-0.2316390039220068,0.3333333333333333,17
2026-02-01,B16BVJVB2NE,Blast 16 Pyro,BVJVB,16,2,B16HKJVB2NE,Husky 16.2,B16,False,-11.0,-2.0,-9.686012964198403,-10.514891211254358,0.8288782470559557,0.5124813862713136,-0.5124813862713136,True,0.0,-11.2,-1.6,-4.331751483373816,0.42522682993896604,-0.42522682993896604,0.0,18
2026-03-14,B16BVJVB2NE,Blast 16 Pyro,BVJVB,16,2,B16CAPIT1XL,CSVC 16 WOLFJAW,B16,False,-13.0,-2.0,-9.686012964198403,11.4846186337592,-21.170631597957602,0.21832939692462053,-0.21832939692462053,False,0.0,-12.2,-1.8,0.068150485628896,0.36639643206962746,-0.36639643206962746,0.0,19
2026-03-14,B16BVJVB2NE,Blast 16 Pyro,BVJVB,16,2,B16RRJVB3NE,Boston United Boys 16 Select 1,B16,False,-12.0,-2.0,-9.686012964198403,2.175698769699596,-11.861711733897998,0.3285807886959886,-0.3285807886959886,False,0.0,-12.2,-2.0,2.271757622491066,0.3346534136019447,-0.3346534136019448,0.0,20
2026-03-14,B16BVJVB2NE,Blast 16 Pyro,BVJVB,16,2,B16NEVBC3NE,NEVBC Boys 16 Blue,B16,False,-17.0,-2.0,-9.686012964198403,-16.471125511924935,6.785112547726532,0.6007929896023302,-0.6007929896023302,False,0.0,-12.6,-2.0,-2.8115198342820156,0.4057003844095467,-0.4057003844095467,0.0,21
2026-03-15,B16BVJVB2NE,Blast 16 Pyro,BVJVB,16,2,B16NEVBC4NE,NEVBC Boys 16 Orange,B16,True,4.0,2.0,-9.686012964198403,-21.966293461363563,12.28028049716516,0.6769581797075054,0.3230418202924946,False,0.2,-9.8,-1.2,-7.058398556216813,0.4674285482403516,-0.26742854824035167,0.0,22
2026-03-15,B16BVJVB2NE,Blast 16 Pyro,BVJVB,16,2,B16PVJVB2NE,PV Boys 16 2,B16,True,5.0,2.0,-9.686012964198403,-12.651272613839689,2.965259649641286,0.5445422561865171,0.4554577438134829,True,0.4,-6.6,-0.4,-7.485674836733878,0.47384072222339235,-0.07384072222339236,1.0,23
2025-12-20,B16CAPIT1XL,CSVC 16 WOLFJAW,CAPIT,16,1,B16LEGIO1XL,TeamLVC Boys 16 Black,B16,False,-7.0,-1.0,11.4846186337592,13.632552538073494,-2.1479339043142947,0.4676944011720708,-0.4676944011720708,True,0.0,-7.0,-1.0,13.632552538073494,0.4676944011720708,-0.4676944011720708,0.0,1
2025-12-20,B16CAPIT1XL,CSVC 16 WOLFJAW,CAPIT,16,1,B16RRJVB1NE,Boston United Boys 16 National 1,B16,True,10.0,2.0,11.4846186337592,0.8696593071779559,10.614959326581243,0.6546404566981451,0.3453595433018549,False,0.5,1.5,0.5,7.251105922625725,0.561167428935108,-0.06116742893510793,0.0,2
2025-12-20,B16CAPIT1XL,CSVC 16 WOLFJAW,CAPIT,16,1,B16MCJVB2NE,Mill City 16 Royal,B16,True,11.0,2.0,11.4846186337592,-19.066001246371826,30.550619880131023,0.8630110929497894,0.1369889070502106,False,0.6666666666666666,4.666666666666667,1.0,-1.521263133706792,0.6617819836066684,0.004884683059998248,0.0,3
2025-12-21,B16CAPIT1XL,CSVC 16 WOLFJAW,CAPIT,16,1,B16NEVBC1NE,NEVBC Boys 16.1,B16,True,5.0,1.0,11.4846186337592,9.42439749835197,2.060221135407229,0.5309898243237516,0.46901017567624836,True,0.75,4.75,1.0,1.2151520243078986,0.6290839437859392,0.12091605621406078,0.5,4
2025-12-21,B16CAPIT1XL,CSVC 16 WOLFJAW,CAPIT,16,1,B16SJJVB2NE,SMASH Boys 16's Fire,B16,False,-8.0,-2.0,11.4846186337592,10.029087728428358,1.455530905330841,0.5219081439215167,-0.5219081439215167,True,0.6,2.2,0.4,2.9779391651319904,0.6076487838130548,-0.007648783813054727,0.3333333333333333,5
2026-01-17,B16CAPIT1XL,CSVC 16 WOLFJAW,CAPIT,16,1,B16LHVBC2NE,LHV Boys 16-2 Hunters,B16,True,9.0,2.0,11.4846186337592,-1.4909678969668678,12.975586530726067,0.6860499508777002,0.31395004912229985,False,0.8,5.4,1.0,-0.04676492187608181,0.6513198937541805,0.1486801062458194,0.5,6
2026-01-17,B16CAPIT1XL,CSVC 16 WOLFJAW,CAPIT,16,1,B15CAPIT1XL,CSVC 15 PANTHERS,MIXED,True,19.0,2.0,11.4846186337592,-4.152183809229553,15.636802442988753,0.6510775150279243,0.3489224849720757,False,0.8,7.2,1.0,-1.0511335451575836,0.6506073054201365,0.14939269457986354,0.5,7
2026-01-17,B16CAPIT1XL,CSVC 16 WOLFJAW,CAPIT,16,1,B16RRJVB3NE,Boston United Boys 16 Select 1,B16,True,3.0,1.0,11.4846186337592,2.175698769699596,9.308919864059604,0.6366416850489719,0.3633583149510281,False,0.8,5.6,0.8,3.1972064580567006,0.6053334238399729,0.19466657616002705,0.5,8
2026-01-18,B16CAPIT1XL,CSVC 16 WOLFJAW,CAPIT,16,1,B16BVJVB2NE,Blast 16 Pyro,B16,True,15.0,2.0,11.4846186337592,-9.686012964198403,21.170631597957602,0.7816706030753795,0.2183293969246205,False,0.8,7.6,1.0,-0.6248756344533735,0.6554695795902985,0.1445304204097015,0.0,9
2026-01-18,B16CAPIT1XL,CSVC 16 WOLFJAW,CAPIT,16,1,B16PVJVB2NE,PV Boys 16 2,B16,True,20.0,2.0,11.4846186337592,-12.651272613839689,24.135891247598888,0.8106241914663632,0.18937580853363678,False,1.0,13.2,1.8,-5.160947702906983,0.7132127890992678,0.2867872109007322,,10
2026-01-18,B16CAPIT1XL,CSVC 16 WOLFJAW,CAPIT,16,1,B15TTVBC1NE,SLAM 15 1 Boys,MIXED,True,24.0,2.0,11.4846186337592,-12.951819331073589,24.436437964832788,0.7260774910232066,0.2739225089767934,False,1.0,16.2,1.8,-7.453117989728327,0.721218297128369,0.2787817028716309,,11
2026-01-19,B16CAPIT1XL,CSVC 16 WOLFJAW,CAPIT,16,1,B15RRJVB2NE,Boston United Boys 15 Select 1,MIXED,True,11.0,2.0,11.4846186337592,-4.747416040919453,16.23203467467865,0.656452228810535,0.343547771189465,False,1.0,14.6,1.8,-7.5721644360663065,0.7222932398848912,0.27770676011510875,,12
2026-01-19,B16CAPIT1XL,CSVC 16 WOLFJAW,CAPIT,16,1,B15LEGIO1XL,TeamLVC Boys 15 Black,MIXED,True,8.0,2.0,11.4846186337592,10.228548102310683,1.2560705314485165,0.512524082641659,0.48747591735834095,True,1.0,15.6,2.0,-5.96159456954409,0.6974697194034286,0.30253028059657133,1.0,13
2026-01-19,B16CAPIT1XL,CSVC 16 WOLFJAW,CAPIT,16,1,B15SYRVB1XL,SVC 15 1 Boys,MIXED,False,-11.0,-2.0,11.4846186337592,18.045964247707875,-6.561345613948676,0.43493520271483993,-0.43493520271483993,True,0.8,10.4,1.2,-0.415199127162834,0.6281226393313208,0.17187736066867926,0.5,14
2026-02-06,B16CAPIT1XL,CSVC 16 WOLFJAW,CAPIT,16,1,B16SPTMC4GE,Sportime 16 4,B16,True,8.0,2.0,11.4846186337592,-8.612172422338178,20.096791056097377,0.7704289365490408,0.22957106345095923,False,0.8,8.0,1.2,0.3926209111374682,0.6200835883478563,0.17991641165214373,0.5,15
2026-02-06,B16CAPIT1XL,CSVC 16 WOLFJAW,CAPIT,16,1,B16MVPVA2NE,MVP BOS 16 Blue,B16,True,20.0,2.0,11.4846186337592,-16.34371713638192,27.828335770141116,0.8424435827093115,0.15755641729068848,False,0.8,7.2,1.2,-0.28575864992419786,0.6433568066850772,0.15664319331492274,0.5,16
2026-02-06,B16CAPIT1XL,CSVC 16 WOLFJAW,CAPIT,16,1,B16CORE12GE,CORE Boys 16 Titanium,B16,False,-15.0,-2.0,11.4846186337592,8.268158363541186,3.216460270218013,0.5482930375953582,-0.5482930375953582,True,0.6,2.0,0.4,2.31735623096793,0.6217249684420418,-0.02172496844204188,0.3333333333333333,17
2026-02-07,B16CAPIT1XL,CSVC 16 WOLFJAW,CAPIT,16,1,B16LIFRY2GE,LI Fury 16 2,B16,True,7.0,2.0,11.4846186337592,-9.893044074832407,21.377662708591608,0.7837917230059466,0.21620827699405343,False,0.6,1.8,0.4,-1.706962204460688,0.6759784965148994,-0.07597849651489938,0.0,18
2026-02-07,B16CAPIT1XL,CSVC 16 WOLFJAW,CAPIT,16,1,B161130588XX,NY Strangers 16,B16,False,-20.0,-2.0,11.4846186337592,16.82439971690086,-5.339781083141661,0.42026245772645593,-0.42026245772645593,True,0.6,0.0,0.4,-1.9512751106220911,0.6730439475172225,-0.07304394751722258,0.0,19
2026-02-07,B16CAPIT1XL,CSVC 16 WOLFJAW,CAPIT,16,1,B16SPTMC3GE,Sportime 16 3,B16,True,8.0,2.0,11.4846186337592,3.899415133576216,7.585203500182983,0.6122955931445425,0.3877044068554575,False,0.6,0.0,0.4,0.5510424005607877,0.6414172788363229,-0.041417278836322936,0.0,20
2026-02-08,B16CAPIT1XL,CSVC 16 WOLFJAW,CAPIT,16,1,B16NYCIV2GE,NYC Impact 16U Travel,B16,False,-17.0,-2.0,11.4846186337592,15.768343777596025,-4.283725143836826,0.43583727154652413,-0.43583727154652413,True,0.4,-7.4,-0.4,6.973454583356376,0.5600960166037654,-0.16009601660376543,0.0,21
2026-03-14,B16CAPIT1XL,CSVC 16 WOLFJAW,CAPIT,16,1,B16BVJVB2NE,Blast 16 Pyro,B16,True,13.0,2.0,11.4846186337592,-9.686012964198403,21.170631597957602,0.7816706030753795,0.2183293969246205,False,0.6,-1.8,0.4,3.3826203178084584,0.6067715296997698,-0.006771529699769718,0.0,22
2026-03-14,B16CAPIT1XL,CSVC 16 WOLFJAW,CAPIT,16,1,B16NEVBC3NE,NEVBC Boys 16 Blue,B16,True,30.0,2.0,11.4846186337592,-16.471125511924935,27.955744145684136,0.8434597261828549,0.15654027381714508,False,0.6,2.8,0.4,2.0670040303899526,0.6187051303351515,-0.018705130335151386,0.0,23
2026-03-14,B16CAPIT1XL,CSVC 16 WOLFJAW,CAPIT,16,1,B16RRJVB3NE,Boston United Boys 16 Select 1,B16,True,3.0,1.0,11.4846186337592,2.175698769699596,9.308919864059604,0.6366416850489719,0.3633583149510281,False,0.8,7.4,1.0,-0.8627361590503002,0.6619809757996546,0.13801902420034542,0.0,24
2026-03-15,B16CAPIT1XL,CSVC 16 WOLFJAW,CAPIT,16,1,B16NESVC2NE,NE Storm 16 Monsoon,B16,True,8.0,2.0,11.4846186337592,3.744842902750687,7.739775731008512,0.6145038958406336,0.3854961041593664,False,0.8,7.4,1.0,-0.8936506052154058,0.6624226363388729,0.13757736366112722,0.0,25
2026-03-15,B16CAPIT1XL,CSVC 16 WOLFJAW,CAPIT,16,1,B16118971XX,Supreme 16-1,B16,True,10.0,2.0,11.4846186337592,-0.7318998516895773,12.216518485448777,0.676117559767743,0.323882440232257,False,1.0,12.8,1.8,-4.193699331072526,0.7104786939831167,0.2895213060168834,,26
2026-03-15,B16CAPIT1XL,CSVC 16 WOLFJAW,CAPIT,16,1,B16SAVBC1XL,Sporting Albany Boys 16u,B16,False,-27.0,-2.0,11.4846186337592,8.945261771940473,2.5393568618187263,0.5381715841541778,-0.5381715841541778,True,0.8,4.8,1.0,-0.4674443838447516,0.6617788901988761,0.13822110980112376,0.0,27
2026-02-06,B16CORE11GE,CORE Boys 16 Platinum,CORE1,16,1,B16RRJVB1NE,Boston United Boys 16 National 1,B16,True,17.0,2.0,15.300393022171596,0.8696593071779559,14.43073371499364,0.7046171199488359,0.2953828800511641,False,1.0,17.0,2.0,0.8696593071779559,0.7046171199488359,0.2953828800511641,,1
2026-02-06,B16CORE11GE,CORE Boys 16 Platinum,CORE1,16,1,B16LHVBC1NE,LHV Boys 16-1 Valiants,B16,True,12.0,2.0,15.300393022171596,2.923606681197808,12.376786340973787,0.6782283112364689,0.3217716887635311,False,1.0,14.5,2.0,1.896632994187882,0.6914227155926524,0.3085772844073476,,2
2026-02-06,B16CORE11GE,CORE Boys 16 Platinum,CORE1,16,1,B16MVPVA1NE,MVP BOS 16 Black,B16,True,5.0,1.0,15.300393022171596,6.4550379803343665,8.84535504183723,0.6301569074651128,0.36984309253488723,False,1.0,11.333333333333334,1.6666666666666667,3.4161013229033768,0.6710007795501393,0.3289992204498608,,3
2026-02-07,B16CORE11GE,CORE Boys 16 Platinum,CORE1,16,1,B16NYCVA1GE,NYC VBA 16 Hudson,B16,True,12.0,2.0,15.300393022171596,9.769248976932108,5.531144045239488,0.5825438051795737,0.4174561948204263,True,1.0,11.5,1.75,5.004388236410559,0.6488865359574978,0.3511134640425022,1.0,4
2026-02-07,B16CORE11GE,CORE Boys 16 Platinum,CORE1,16,1,B16SJVBC1NE,South County Juniors Boys 16's Blue,B16,True,12.0,1.0,15.300393022171596,-3.257592123047605,18.5579851452192,0.7536229619562994,0.2463770380437006,False,1.0,11.6,1.6,3.351992164518927,0.6698338211572581,0.33016617884274185,1.0,5
2026-02-07,B16CORE11GE,CORE Boys 16 Platinum,CORE1,16,1,B16LCVBC1GE,Legacy Boys 16 National,B16,True,11.0,2.0,15.300393022171596,-1.581103602488461,16.881496624660056,0.734393442258352,0.265606557741648,False,1.0,10.4,1.6,2.861839582585643,0.6757890856191613,0.32421091438083866,1.0,6
2026-02-08,B16CORE11GE,CORE Boys 16 Platinum,CORE1,16,1,B16MVPVA1NE,MVP BOS 16 Black,B16,True,16.0,2.0,15.300393022171596,6.4550379803343665,8.84535504183723,0.6301569074651128,0.36984309253488723,False,1.0,11.2,1.6,3.568125842412955,0.6661748048648901,0.3338251951351099,1.0,7
2026-02-08,B16CORE11GE,CORE Boys 16 Platinum,CORE1,16,1,B16NYCVA1GE,NYC VBA 16 Hudson,B16,True,6.0,2.0,15.300393022171596,9.769248976932108,5.531144045239488,0.5825438051795737,0.4174561948204263,True,1.0,11.4,1.8,4.2309680417325035,0.6566521844077823,0.3433478155922177,1.0,8
2026-02-06,B16CORE12GE,CORE Boys 16 Titanium,CORE1,16,2,B16MVPVA2NE,MVP BOS 16 Blue,B16,True,28.0,2.0,8.268158363541186,-16.34371713638192,24.611875499923105,0.8149871205572919,0.18501287944270806,False,1.0,28.0,2.0,-16.34371713638192,0.8149871205572919,0.18501287944270806,,1
2026-02-06,B16CORE12GE,CORE Boys 16 Titanium,CORE1,16,2,B16SPTMC4GE,Sportime 16 4,B16,True,19.0,2.0,8.268158363541186,-8.612172422338178,16.880330785879366,0.7343797417861142,0.2656202582138858,False,1.0,23.5,2.0,-12.477944779360048,0.774683431171703,0.22531656882829693,,2
2026-02-06,B16CORE12GE,CORE Boys 16 Titanium,CORE1,16,2,B16CAPIT1XL,CSVC 16 WOLFJAW,B16,True,15.0,2.0,8.268158363541186,11.4846186337592,-3.216460270218013,0.45170696240464187,0.5482930375953581,True,1.0,20.666666666666668,2.0,-4.490423641653632,0.6670246082493493,0.33297539175065066,1.0,3
2026-02-07,B16CORE12GE,CORE Boys 16 Titanium,CORE1,16,2,B16ALLIN1FL,AVA 16 Boys,B16,False,8.0,-1.0,8.268158363541186,-3.178067176989841,11.446225540531028,0.6658734708268087,-0.6658734708268087,False,0.75,17.5,1.25,-4.162334525487685,0.6667368238937141,0.08326317610628581,1.0,4
2026-02-07,B16CORE12GE,CORE Boys 16 Titanium,CORE1,16,2,B16SPTMC3GE,Sportime 16 3,B16,True,6.0,1.0,8.268158363541186,3.899415133576216,4.36874322996497,0.5654217081822267,0.4345782918177733,True,0.8,15.2,1.2,-2.5499845936749046,0.6464738007514167,0.1535261992485833,1.0,5
2026-02-07,B16CORE12GE,CORE Boys 16 Titanium,CORE1,16,2,B161130588XX,NY Strangers 16,B16,False,-10.0,-2.0,8.268158363541186,16.82439971690086,-8.556241353359674,0.3739115693703934,-0.3739115693703934,False,0.6,7.6,0.4,4.083638776981651,0.558258690514037,0.04174130948596302,1.0,6
2026-02-08,B16CORE12GE,CORE Boys 16 Titanium,CORE1,16,2,B16SPTMC6GE,Sportime 16 Lynbrook,B16,False,-7.0,-2.0,8.268158363541186,5.664079226019568,2.6040791375216186,0.5391405585781909,-0.5391405585781909,True,0.4,2.4,-0.4,6.9388891066532,0.5192108538724524,-0.11921085387245231,0.6666666666666666,7
2026-02-06,B16DIGSV1GE,Digs Boys 16 Red,DIGSV,16,1,B16LIFRY2GE,LI Fury 16 2,B16,True,18.0,2.0,11.574212638274435,-9.893044074832407,21.467256713106842,0.7847050124725583,0.2152949875274417,False,1.0,18.0,2.0,-9.893044074832407,0.7847050124725583,0.2152949875274417,,1
2026-02-06,B16DIGSV1GE,Digs Boys 16 Red,DIGSV,16,1,B16LCVBC2GE,Legacy Boys 16 Premier,B16,True,4.0,2.0,11.574212638274435,-0.9315945557024364,12.505807193976871,0.679922268865312,0.32007773113468796,False,1.0,11.0,2.0,-5.412319315267421,0.7323136406689352,0.2676863593310648,,2
2026-02-06,B16DIGSV1GE,Digs Boys 16 Red,DIGSV,16,1,B16SPTMC3GE,Sportime 16 3,B16,True,11.0,2.0,11.574212638274435,3.899415133576216,7.674797504698219,0.6135761501423879,0.38642384985761213,False,1.0,11.0,2.0,-2.3084078323195425,0.692734477160086,0.30726552283991393,,3
2026-02-07,B16DIGSV1GE,Digs Boys 16 Red,DIGSV,16,1,B16SPTMC4GE,Sportime 16 4,B16,True,20.0,2.0,11.574212638274435,-8.612172422338178,20.186385060612615,0.7713822077429876,0.2286177922570124,False,1.0,13.25,2.0,-3.8843489798242015,0.7123964098058114,0.2876035901941886,,4
2026-02-07,B16DIGSV1GE,Digs Boys 16 Red,DIGSV,16,1,B16SPTMC6GE,Sportime 16 Lynbrook,B16,True,14.0,2.0,11.574212638274435,5.664079226019568,5.910133412254868,0.5880856233271289,0.4119143766728711,False,1.0,13.4,2.0,-1.974663338655447,0.6875342525100749,0.31246574748992506,,5
2026-02-07,B16DIGSV1GE,Digs Boys 16 Red,DIGSV,16,1,B16LCVBC2GE,Legacy Boys 16 Premier,B16,True,19.0,1.0,11.574212638274435,-0.9315945557024364,12.505807193976871,0.679922268865312,0.32007773113468796,False,1.0,13.6,1.8,-0.18237343482945326,0.6665777037886257,0.3334222962113743,,6
2026-02-08,B16DIGSV1GE,Digs Boys 16 Red,DIGSV,16,1,B161130588XX,NY Strangers 16,B16,False,-11.0,-2.0,11.574212638274435,16.82439971690086,-5.250187078626425,0.4215781041142077,-0.4215781041142077,True,0.8,10.6,1.0,3.3688254196912064,0.6149088708384048,0.1850911291615952,0.0,7
2026-01-31,B16HKJVB1NE,Husky 16.1,HKJVB,16,1,B16MVPVA1NE,MVP BOS 16 Black,B16,True,5.0,1.0,11.791060472694442,6.4550379803343665,5.336022492360075,0.5796823717365666,0.42031762826343344,True,1.0,5.0,1.0,6.4550379803343665,0.5796823717365666,0.42031762826343344,1.0,1
2026-01-31,B16HKJVB1NE,Husky 16.1,HKJVB,16,1,B16SJJVB2NE,SMASH Boys 16's Fire,B16,True,5.0,2.0,11.791060472694442,10.029087728428358,1.7619727442660835,0.5265127007384198,0.4734872992615802,True,1.0,5.0,1.5,8.242062854381363,0.5530975362374932,0.4469024637625068,1.0,2
2026-01-31,B16HKJVB1NE,Husky 16.1,HKJVB,16,1,B16SJJVB1NE,SMASH Boys 16-1,B16,False,-11.0,-2.0,11.791060472694442,14.978260869565045,-3.187200396870603,0.4521435798899963,-0.4521435798899963,True,0.6666666666666666,-0.3333333333333333,0.3333333333333333,10.487462192775924,0.5194462174549942,0.14722044921167243,0.6666666666666666,3
2026-02-01,B16HKJVB1NE,Husky 16.1,HKJVB,16,1,B16MCJVB1NE,Mill City 16's,B16,True,16.0,2.0,11.791060472694442,9.459366429713532,2.33169404298091,0.5350606970841342,0.4649393029158658,True,0.75,3.75,0.75,10.230438252010325,0.5233498373622792,0.22665016263772078,0.75,4
2026-02-01,B16HKJVB1NE,Husky 16.1,HKJVB,16,1,B16NEVBC1NE,NEVBC Boys 16.1,B16,True,3.0,1.0,11.791060472694442,9.42439749835197,2.3666629743424714,0.5355847458954908,0.46441525410450923,True,0.8,3.6,0.8,10.069230101278654,0.5257968190689215,0.2742031809310784,0.8,5
2026-02-01,B16HKJVB1NE,Husky 16.1,HKJVB,16,1,B16SJJVB1NE,SMASH Boys 16-1,B16,False,-10.0,-1.0,11.791060472694442,14.978260869565045,-3.187200396870603,0.4521435798899963,-0.4521435798899963,True,0.6,0.6,0.4,11.773874679124791,0.5002890606996075,0.09971093930039251,0.6,6
2026-03-14,B16HKJVB1NE,Husky 16.1,HKJVB,16,1,B16NESVC1NE,NE Storm 16 Lightning,B16,True,4.0,2.0,11.791060472694442,3.4324314548412644,8.358629017853177,0.6232972482568844,0.3767027517431156,False,0.6,0.4,0.4,10.45454342440737,0.5196459702033003,0.08035402979669962,0.5,7
2026-03-14,B16HKJVB1NE,Husky 16.1,HKJVB,16,1,B16RRJVB1NE,Boston United Boys 16 National 1,B16,True,8.0,1.0,11.791060472694442,0.8696593071779559,10.921401165516485,0.6588023818006448,0.34119761819935523,False,0.8,4.2,1.0,7.632823111929953,0.5609777305854301,0.23902226941456992,0.6666666666666666,8
2026-03-14,B16HKJVB1NE,Husky 16.1,HKJVB,16,1,B16LEGIO1XL,TeamLVC Boys 16 Black,B16,False,-9.0,-2.0,11.791060472694442,13.632552538073494,-1.841492065379052,0.47229315672804695,-0.47229315672804695,True,0.6,-0.8,0.2,8.467460333601945,0.5484242225142126,0.051575777485787365,0.3333333333333333,9
2026-03-15,B16HKJVB1NE,Husky 16.1,HKJVB,16,1,B16RRJVB1NE,Boston United Boys 16 National 1,B16,True,6.0,1.0,11.791060472694442,0.8696593071779559,10.921401165516485,0.6588023818006448,0.34119761819935523,False,0.6,-0.2,0.2,6.756512695367142,0.5730677496952434,0.026932250304756565,0.0,10
2026-03-15,B16HKJVB1NE,Husky 16.1,HKJVB,16,1,B16MCJVB1NE,Mill City 16's,B16,True,11.0,1.0,11.791060472694442,9.459366429713532,2.33169404298091,0.5350606970841342,0.4649393029158658,True,0.8,4.0,0.6,5.6527338073968405,0.5896511731340709,0.21034882686592898,0.5,11
2026-03-15,B16HKJVB1NE,Husky 16.1,HKJVB,16,1,B16LEGIO1XL,TeamLVC Boys 16 Black,B16,False,-10.0,-1.0,11.791060472694442,13.632552538073494,-1.841492065379052,0.47229315672804695,-0.47229315672804695,True,0.6,1.2,0.0,7.692758024043286,0.5594503548283034,0.04054964517169648,0.3333333333333333,12
2026-01-31,B16HKJVB2NE,Husky 16.2,HKJVB,16,2,B16BVJVB2NE,Blast 16 Pyro,B16,True,8.0,1.0,-10.514891211254358,-9.686012964198403,-0.8288782470559557,0.4875186137286863,0.5124813862713137,True,1.0,8.0,1.0,-9.686012964198403,0.4875186137286863,0.5124813862713137,1.0,1
2026-01-31,B16HKJVB2NE,Husky 16.2,HKJVB,16,2,B16118971XX,Supreme 16-1,B16,False,-13.0,-2.0,-10.514891211254358,-0.7318998516895773,-9.78299135956478,0.35677756547958966,-0.35677756547958966,False,0.5,-2.5,-0.5,-5.20895640794399,0.42214808960413797,0.077851910395862,1.0,2
2026-01-31,B16HKJVB2NE,Husky 16.2,HKJVB,16,2,B16PVJVB1NE,PV Boys 16 1,B16,True,13.0,2.0,-10.514891211254358,-8.842336914611254,-1.6725542966431046,0.47483045879790686,0.5251695412020931,True,0.6666666666666666,2.6666666666666665,0.3333333333333333,-6.420083243499744,0.43970887933539426,0.2269577873312724,1.0,3
2026-02-01,B16HKJVB2NE,Husky 16.2,HKJVB,16,2,B16BVJVB2NE,Blast 16 Pyro,B16,True,11.0,2.0,-10.514891211254358,-9.686012964198403,-0.8288782470559557,0.4875186137286863,0.5124813862713137,True,0.75,4.75,0.75,-7.236565673674409,0.4516613129337173,0.29833868706628275,1.0,4
2026-02-01,B16HKJVB2NE,Husky 16.2,HKJVB,16,2,B16NEVBC2NE,NEVBC Boys 16.2,B16,False,-16.0,-2.0,-10.514891211254358,0.8815355192584385,-11.396426730512797,0.3347943497473044,-0.3347943497473044,False,0.6,0.6,0.2,-5.612945435087839,0.4282879202964347,0.1717120797035653,1.0,5
2026-03-14,B16HKJVB2NE,Husky 16.2,HKJVB,16,2,B16NEVBC4NE,NEVBC Boys 16 Orange,B16,True,18.0,2.0,-10.514891211254358,-21.966293461363563,11.451402250109204,0.6659428543436889,0.33405714565631106,False,0.6,2.6,0.4,-8.069001534520872,0.46397276841943524,0.1360272315805648,1.0,6
2026-03-14,B16HKJVB2NE,Husky 16.2,HKJVB,16,2,B16PVJVB2NE,PV Boys 16 2,B16,True,13.0,2.0,-10.514891211254358,-12.651272613839689,2.1363814025853305,0.5321323256659678,0.4678676743340322,True,0.8,7.8,1.2,-10.452876086950894,0.4990437204567108,0.30095627954328913,1.0,7
2026-03-14,B16HKJVB2NE,Husky 16.2,HKJVB,16,2,B16118971XX,Supreme 16-1,B16,False,-20.0,-2.0,-10.514891211254358,-0.7318998516895773,-9.78299135956478,0.35677756547958966,-0.35677756547958966,False,0.6,1.2,0.4,-8.830788674366557,0.4754331417930474,0.12456685820695257,1.0,8
2026-03-15,B16HKJVB2NE,Husky 16.2,HKJVB,16,2,B16RRJVB3NE,Boston United Boys 16 Select 1,B16,False,-7.0,-1.0,-10.514891211254358,2.175698769699596,-12.690589980953956,0.3176599049813978,-0.3176599049813978,False,0.4,-2.4,-0.2,-6.458446327586958,0.4414614000435897,-0.04146140004358971,1.0,9
2026-03-15,B16HKJVB2NE,Husky 16.2,HKJVB,16,2,B16NEVBC3NE,NEVBC Boys 16 Blue,B16,False,-1.0,-1.0,-10.514891211254358,-16.471125511924935,5.956234300670577,0.5887582476986484,-0.5887582476986484,False,0.4,0.6,0.0,-9.928978533823633,0.49225417963385854,-0.09225417963385851,1.0,10
2026-01-31,B16JHEAT1GE,CJ HEAT 16-1 Boys,JHEAT,16,1,B16MVPVA2NE,MVP BOS 16 Blue,B16,True,19.0,2.0,-6.764820996552616,-16.34371713638192,9.578896139829304,0.6403957726685109,0.3596042273314891,False,1.0,19.0,2.0,-16.34371713638192,0.6403957726685109,0.3596042273314891,,1
2026-01-31,B16JHEAT1GE,CJ HEAT 16-1 Boys,JHEAT,16,1,B16LHVBC2NE,LHV Boys 16-2 Hunters,B16,True,14.0,1.0,-6.764820996552616,-1.4909678969668678,-5.273853099585748,0.4212304705572263,0.5787695294427737,True,1.0,16.5,1.5,-8.917342516674394,0.5308131216128686,0.4691868783871314,1.0,2
2026-01-31,B16JHEAT1GE,CJ HEAT 16-1 Boys,JHEAT,16,1,B16NESVC1NE,NE Storm 16 Lightning,B16,False,-12.0,-2.0,-6.764820996552616,3.4324314548412644,-10.19725245139388,0.35107089071774106,-0.35107089071774106,False,0.6666666666666666,7.0,0.3333333333333333,-4.800751192835841,0.47089904464782606,0.1957676220188406,1.0,3
2026-02-01,B16JHEAT1GE,CJ HEAT 16-1 Boys,JHEAT,16,1,B16RRJVB3NE,Boston United Boys 16 Select 1,B16,False,-9.0,-2.0,-6.764820996552616,2.175698769699596,-8.940519766252212,0.36850791392136506,-0.36850791392136506,False,0.5,3.0,-0.25,-3.0566387022019814,0.44530126196621084,0.05469873803378918,1.0,4
2026-02-01,B16JHEAT1GE,CJ HEAT 16-1 Boys,JHEAT,16,1,B16SAVBC1XL,Sporting Albany Boys 16u,B16,False,-22.0,-2.0,-6.764820996552616,8.945261771940473,-15.710082768493088,0.27959795338421467,-0.27959795338421467,False,0.4,-2.0,-0.6,-0.6562586073734906,0.4121606002498116,-0.012160600249811592,1.0,5
2026-02-06,B16LCVBC1GE,Legacy Boys 16 National,LCVBC,16,1,B16NYCVA1GE,NYC VBA 16 Hudson,B16,False,-10.0,-2.0,-1.581103602488461,9.769248976932108,-11.35035257942057,0.3354128111743576,-0.3354128111743576,False,0.0,-10.0,-2.0,9.769248976932108,0.3354128111743576,-0.3354128111743576,,1
2026-02-06,B16LCVBC1GE,Legacy Boys 16 National,LCVBC,16,1,B16LIFRY1GE,LI Fury 16 1,B16,False,-0.0,-1.0,-1.581103602488461,7.421158028148346,-9.002261630636808,0.3676427390183439,-0.3676427390183439,False,0.0,-5.0,-1.5,8.595203502540226,0.35152777509635075,-0.35152777509635075,,2
2026-02-06,B16LCVBC1GE,Legacy Boys 16 National,LCVBC,16,1,B16SJVBC1NE,South County Juniors Boys 16's Blue,B16,False,-9.0,-2.0,-1.581103602488461,-3.257592123047605,1.6764885205591438,0.5252286452038917,-0.5252286452038917,True,0.0,-6.333333333333333,-1.6666666666666667,4.644271627344283,0.4094280651321977,-0.4094280651321977,0.0,3
2026-02-07,B16LCVBC1GE,Legacy Boys 16 National,LCVBC,16,1,B16RRJVB1NE,Boston United Boys 16 National 1,B16,False,-1.0,-1.0,-1.581103602488461,0.8696593071779559,-2.450762909666417,0.4631552457619347,-0.4631552457619347,True,0.0,-5.0,-1.5,3.7006185473027013,0.42285986028963196,-0.42285986028963196,0.0,4
2026-02-07,B16LCVBC1GE,Legacy Boys 16 National,LCVBC,16,1,B16MVPVA1NE,MVP BOS 16 Black,B16,False,-17.0,-2.0,-1.581103602488461,6.4550379803343665,-8.036141582822827,0.38127528628762036,-0.38127528628762036,False,0.0,-7.4,-1.6,4.251502433909034,0.41454294548922965,-0.41454294548922965,0.0,5
2026-02-07,B16LCVBC1GE,Legacy Boys 16 National,LCVBC,16,1,B16CORE11GE,CORE Boys 16 Platinum,B16,False,-11.0,-2.0,-1.581103602488461,15.300393022171596,-16.881496624660056,0.265606557741648,-0.265606557741648,False,0.0,-7.6,-1.6,5.357731242956932,0.4005816948026877,-0.4005816948026877,0.0,6
2026-02-08,B16LCVBC1GE,Legacy Boys 16 National,LCVBC,16,1,B16RRJVB1NE,Boston United Boys 16 National 1,B16,True,1.0,1.0,-1.581103602488461,0.8696593071779559,-2.450762909666417,0.4631552457619347,0.5368447542380653,True,0.2,-7.4,-1.2,4.047431498762853,0.41968419615140584,-0.21968419615140586,0.3333333333333333,7
2026-02-08,B16LCVBC1GE,Legacy Boys 16 National,LCVBC,16,1,B16LHVBC1NE,LHV Boys 16-1 Valiants,B16,False,-1.0,-1.0,-1.581103602488461,2.923606681197808,-4.5047102836862685,0.4325666002301772,-0.4325666002301772,True,0.2,-5.8,-1.0,5.283671259611937,0.401151787156663,-0.201151787156663,0.3333333333333333,8
2026-02-06,B16LCVBC2GE,Legacy Boys 16 Premier,LCVBC,16,2,B16SPTMC3GE,Sportime 16 3,B16,False,-3.0,-1.0,-0.9315945557024364,3.899415133576216,-4.831009689278653,0.4277480412476791,-0.4277480412476791,True,0.0,-3.0,-1.0,3.899415133576216,0.4277480412476791,-0.4277480412476791,0.0,1
2026-02-06,B16LCVBC2GE,Legacy Boys 16 Premier,LCVBC,16,2,B16DIGSV1GE,Digs Boys 16 Red,B16,False,-4.0,-2.0,-0.9315945557024364,11.574212638274435,-12.505807193976871,0.320077731134688,-0.320077731134688,False,0.0,-3.5,-1.5,7.736813885925326,0.37391288619118357,-0.37391288619118357,0.0,2
2026-02-06,B16LCVBC2GE,Legacy Boys 16 Premier,LCVBC,16,2,B16LIFRY2GE,LI Fury 16 2,B16,True,8.0,2.0,-0.9315945557024364,-9.893044074832407,8.961449519129971,0.6317854651165968,0.36821453488340317,False,0.3333333333333333,0.3333333333333333,-0.3333333333333333,1.8601945656727483,0.45987041249965466,-0.12653707916632131,0.0,3
2026-02-07,B16LCVBC2GE,Legacy Boys 16 Premier,LCVBC,16,2,B16MVPVA2NE,MVP BOS 16 Blue,B16,True,11.0,2.0,-0.9315945557024364,-16.34371713638192,15.412122580679483,0.7167721070187225,0.2832278929812775,False,0.5,3.0,0.25,-2.6907833598409185,0.5240958361294217,-0.02409583612942162,0.0,4
2026-02-07,B16LCVBC2GE,Legacy Boys 16 Premier,LCVBC,16,2,B16NYCIV2GE,NYC Impact 16U Travel,B16,False,-11.0,-2.0,-0.9315945557024364,15.768343777596025,-16.699938333298462,0.2677455859351419,-0.2677455859351419,False,0.4,0.2,-0.2,1.0010420676464702,0.4728257860905657,-0.07282578609056568,0.0,5
2026-02-07,B16LCVBC2GE,Legacy Boys 16 Premier,LCVBC,16,2,B16DIGSV1GE,Digs Boys 16 Red,B16,False,-19.0,-1.0,-0.9315945557024364,11.574212638274435,-12.505807193976871,0.320077731134688,-0.320077731134688,False,0.4,-3.0,-0.2,2.536001568586114,0.4512917240679675,-0.05129172406796746,,6
2026-02-08,B16LCVBC2GE,Legacy Boys 16 Premier,LCVBC,16,2,B16SPTMC3GE,Sportime 16 3,B16,False,-9.0,-2.0,-0.9315945557024364,3.899415133576216,-4.831009689278653,0.4277480412476791,-0.4277480412476791,True,0.4,-4.0,-0.2,1.0010420676464702,0.4728257860905657,-0.07282578609056568,0.0,7
2025-12-20,B16LEGIO1XL,TeamLVC Boys 16 Black,LEGIO,16,1,B16CAPIT1XL,CSVC 16 WOLFJAW,B16,True,7.0,1.0,13.632552538073494,11.4846186337592,2.1479339043142947,0.5323055988279293,0.46769440117207073,True,1.0,7.0,1.0,11.4846186337592,0.5323055988279293,0.46769440117207073,1.0,1
2025-12-20,B16LEGIO1XL,TeamLVC Boys 16 Black,LEGIO,16,1,B16MCJVB2NE,Mill City 16 Royal,B16,True,21.0,2.0,13.632552538073494,-19.066001246371826,32.69855378444532,0.8776036219433185,0.12239637805668147,False,1.0,14.0,1.5,-3.7906913063063135,0.7049546103856239,0.2950453896143761,1.0,2
2025-12-20,B16LEGIO1XL,TeamLVC Boys 16 Black,LEGIO,16,1,B16RRJVB1NE,Boston United Boys 16 National 1,B16,True,14.0,2.0,13.632552538073494,0.8696593071779559,12.762893230895537,0.6832834994815613,0.3167165005184387,False,1.0,14.0,1.6666666666666667,-2.237241101811557,0.6977309067509364,0.30226909324906365,1.0,3
2025-12-21,B16LEGIO1XL,TeamLVC Boys 16 Black,LEGIO,16,1,B16SAVBC1XL,Sporting Albany Boys 16u,B16,True,1.0,1.0,13.632552538073494,8.945261771940473,4.687290766133021,0.5701312519181987,0.4298687480818013,True,1.0,10.75,1.5,0.5583846166264506,0.665830993042752,0.33416900695724805,1.0,4
2025-12-21,B16LEGIO1XL,TeamLVC Boys 16 Black,LEGIO,16,1,B16MCJVB1NE,Mill City 16's,B16,True,10.0,2.0,13.632552538073494,9.459366429713532,4.173186108359962,0.562524589499261,0.437475410500739,True,1.0,10.6,1.6,2.3385809792438668,0.6451697123340537,0.35483028766594626,1.0,5
2025-12-21,B16LEGIO1XL,TeamLVC Boys 16 Black,LEGIO,16,1,B16SJJVB2NE,SMASH Boys 16's Fire,B16,True,20.0,2.0,13.632552538073494,10.029087728428358,3.6034648096451356,0.5540606956855183,0.4459393043144817,True,1.0,13.2,1.8,2.0474747981776984,0.6495207317055716,0.35047926829442844,1.0,6
2026-01-17,B16LEGIO1XL,TeamLVC Boys 16 Black,LEGIO,16,1,B16BVJVB1NE,Blast 16 Inferno,B16,True,7.0,2.0,13.632552538073494,-5.9092173637141405,19.541769901787635,0.7644615292228426,0.2355384707771574,False,1.0,10.4,1.8,4.6788315747092355,0.6268923131614763,0.37310768683852363,1.0,7
2026-01-17,B16LEGIO1XL,TeamLVC Boys 16 Black,LEGIO,16,1,B16TTVBC1NE,SLAM 16 1 Boys,B16,True,18.0,2.0,13.632552538073494,-3.5169299399193092,17.1494824779928,0.7375307128919608,0.2624692871080392,False,1.0,11.2,1.8,3.801513725289783,0.6377417558435563,0.3622582441564437,1.0,8
2026-01-17,B16LEGIO1XL,TeamLVC Boys 16 Black,LEGIO,16,1,B16NESVC1NE,NE Storm 16 Lightning,B16,True,13.0,2.0,13.632552538073494,3.4324314548412644,10.20012108323223,0.6489684804248388,0.3510315195751612,False,1.0,13.6,2.0,2.698947661869941,0.6535092015448842,0.3464907984551157,1.0,9
2026-01-18,B16LEGIO1XL,TeamLVC Boys 16 Black,LEGIO,16,1,B16PVJVB1NE,PV Boys 16 1,B16,True,14.0,2.0,13.632552538073494,-8.842336914611254,22.47488945268475,0.7947834231372993,0.20521657686270067,False,1.0,14.4,2.0,-0.9613930069950161,0.699960968272492,0.300039031727508,1.0,10
2026-01-18,B16LEGIO1XL,TeamLVC Boys 16 Black,LEGIO,16,1,B16SYRVB1XL,SVC 16 1 Boys,B16,False,-9.0,-1.0,13.632552538073494,12.369800353996835,1.2627521840766587,0.5190095161132462,-0.5190095161132462,True,0.8,8.6,1.4,-0.4932504818813207,0.6929507323580375,0.10704926764196246,0.0,11
2026-01-18,B16LEGIO1XL,TeamLVC Boys 16 Black,LEGIO,16,1,B16MVNER1NE,Meraki VB 16 1,B16,True,17.0,2.0,13.632552538073494,-10.953719540849232,24.586272078922725,0.8147544272010079,0.18524557279899212,False,0.8,10.6,1.4,-1.502150917308339,0.7030093119536707,0.0969906880463294,0.0,12
2026-01-19,B16LEGIO1XL,TeamLVC Boys 16 Black,LEGIO,16,1,B16NESVC1NE,NE Storm 16 Lightning,B16,True,16.0,2.0,13.632552538073494,3.4324314548412644,10.20012108323223,0.6489684804248388,0.3510315195751612,False,0.8,10.2,1.4,-0.1122786383562242,0.6852968654602462,0.11470313453975381,0.0,13
2026-01-19,B16LEGIO1XL,TeamLVC Boys 16 Black,LEGIO,16,1,B16SYRVB1XL,SVC 16 1 Boys,B16,True,9.0,2.0,13.632552538073494,12.369800353996835,1.2627521840766587,0.5190095161132462,0.4809904838867538,True,0.8,9.4,1.4,1.6751951414748898,0.6593050725979277,0.14069492740207232,0.5,14
2026-03-14,B16LEGIO1XL,TeamLVC Boys 16 Black,LEGIO,16,1,B16TTVBC1NE,SLAM 16 1 Boys,B16,True,20.0,2.0,13.632552538073494,-3.5169299399193092,17.1494824779928,0.7375307128919608,0.2624692871080392,False,0.8,10.6,1.4,2.740276536413279,0.64785453054886,0.15214546945114002,0.5,15
2026-03-14,B16LEGIO1XL,TeamLVC Boys 16 Black,LEGIO,16,1,B16NEVBC2NE,NEVBC Boys 16.2,B16,True,18.0,2.0,13.632552538073494,0.8815355192584385,12.751017018815055,0.6831286432056464,0.31687135679435363,False,1.0,16.0,2.0,0.44262356946559944,0.68067835596734,0.31932164403265995,1.0,16
2026-03-14,B16LEGIO1XL,TeamLVC Boys 16 Black,LEGIO,16,1,B16HKJVB1NE,Husky 16.1,B16,True,9.0,2.0,13.632552538073494,11.791060472694442,1.841492065379052,0.5277068432719532,0.47229315672804684,True,1.0,14.4,2.0,4.9915795721743335,0.6232688391815291,0.3767311608184709,1.0,17
2026-03-15,B16LEGIO1XL,TeamLVC Boys 16 Black,LEGIO,16,1,B16NESVC1NE,NE Storm 16 Lightning,B16,True,13.0,2.0,13.632552538073494,3.4324314548412644,10.20012108323223,0.6489684804248388,0.3510315195751612,False,1.0,13.8,2.0,4.9915795721743335,0.6232688391815291,0.3767311608184709,1.0,18
2026-03-15,B16LEGIO1XL,TeamLVC Boys 16 Black,LEGIO,16,1,B16SJJVB2NE,SMASH Boys 16's Fire,B16,True,-3.0,1.0,13.632552538073494,10.029087728428358,3.6034648096451356,0.5540606956855183,0.4459393043144817,True,1.0,11.4,1.8,4.523437047060638,0.6302790750959836,0.36972092490401653,1.0,19
2026-03-15,B16LEGIO1XL,TeamLVC Boys 16 Black,LEGIO,16,1,B16HKJVB1NE,Husky 16.1,B16,True,10.0,1.0,13.632552538073494,11.791060472694442,1.841492065379052,0.5277068432719532,0.47229315672804684,True,1.0,9.4,1.6,7.585035129583389,0.5883143011719819,0.4116856988280181,1.0,20
2025-11-22,B16LHVBC1NE,LHV Boys 16-1 Valiants,LHVBC,16,1,B16NEVBC3NE,NEVBC Boys 16 Blue,B16,True,25.0,2.0,2.923606681197808,-16.471125511924935,19.394732193122742,0.7628627655202719,0.23713723447972812,False,1.0,25.0,2.0,-16.471125511924935,0.7628627655202719,0.23713723447972812,,1
2025-11-22,B16LHVBC1NE,LHV Boys 16-1 Valiants,LHVBC,16,1,B16118971XX,Supreme 16-1,B16,True,9.0,2.0,2.923606681197808,-0.7318998516895773,3.6555065328873853,0.5548352165292164,0.4451647834707836,True,1.0,17.0,2.0,-8.601512681807256,0.6588489910247441,0.34115100897525585,1.0,2
2025-11-22,B16LHVBC1NE,LHV Boys 16-1 Valiants,LHVBC,16,1,B16MCJVB2NE,Mill City 16 Royal,B16,True,6.0,2.0,2.923606681197808,-19.066001246371826,21.989607927569633,0.7899738649588693,0.21002613504113066,False,1.0,13.333333333333334,2.0,-12.089675536662114,0.7025572823361191,0.2974427176638808,1.0,3
2025-11-23,B16LHVBC1NE,LHV Boys 16-1 Valiants,LHVBC,16,1,B16RRJVB3NE,Boston United Boys 16 Select 1,B16,True,15.0,2.0,2.923606681197808,2.175698769699596,0.7479079114982117,0.5112625563007032,0.48873744369929684,True,1.0,13.75,2.0,-8.523331960071685,0.6547336008272652,0.34526639917273483,1.0,4
2025-11-23,B16LHVBC1NE,LHV Boys 16-1 Valiants,LHVBC,16,1,B16MVPVA2NE,MVP BOS 16 Blue,B16,True,26.0,2.0,2.923606681197808,-16.34371713638192,19.267323817579726,0.761471399274377,0.23852860072562299,False,1.0,16.2,2.0,-10.087408995333732,0.6760811605166875,0.32391883948331246,1.0,5
2025-11-23,B16LHVBC1NE,LHV Boys 16-1 Valiants,LHVBC,16,1,B16118971XX,Supreme 16-1,B16,True,21.0,2.0,2.923606681197808,-0.7318998516895773,3.6555065328873853,0.5548352165292164,0.4451647834707836,True,1.0,15.4,2.0,-6.93956386328666,0.6344756507184764,0.36552434928152355,1.0,6
2026-01-31,B16LHVBC1NE,LHV Boys 16-1 Valiants,LHVBC,16,1,B16MVPVA1NE,MVP BOS 16 Black,B16,False,-4.0,-1.0,2.923606681197808,6.4550379803343665,-3.5314312991365586,0.4470117892473707,-0.4470117892473707,True,0.8,12.8,1.4,-5.502176296881871,0.6129109652621073,0.18708903473789268,0.6666666666666666,7
2026-01-31,B16LHVBC1NE,LHV Boys 16-1 Valiants,LHVBC,16,1,B16NEVBC1NE,NEVBC Boys 16.1,B16,False,-7.0,-1.0,2.923606681197808,9.42439749835197,-6.500790817154162,0.40332225059923826,-0.40332225059923826,False,0.6,10.2,0.8,0.1959034520628876,0.5355806423901812,0.06441935760981889,0.6666666666666666,8
2026-01-31,B16LHVBC1NE,LHV Boys 16-1 Valiants,LHVBC,16,1,B16SJJVB2NE,SMASH Boys 16's Fire,B16,True,-2.0,1.0,2.923606681197808,10.029087728428358,-7.10548104723055,0.394587056620891,0.605412943379109,False,0.6,6.8,0.6,1.76658124380864,0.5122455424542187,0.08775445754578132,0.5,9
2026-02-01,B16LHVBC1NE,LHV Boys 16-1 Valiants,LHVBC,16,1,B16TTVBC1NE,SLAM 16 1 Boys,B16,True,8.0,1.0,2.923606681197808,-3.5169299399193092,6.440536621117117,0.5958038658005468,0.4041961341994532,False,0.6,3.2,0.4,4.331938683101162,0.4791120357594526,0.12088796424054737,0.5,10
2026-02-01,B16LHVBC1NE,LHV Boys 16-1 Valiants,LHVBC,16,1,B16SJJVB2NE,SMASH Boys 16's Fire,B16,False,-10.0,-2.0,2.923606681197808,10.029087728428358,-7.10548104723055,0.394587056620891,-0.394587056620891,False,0.4,-3.0,-0.4,6.484136199124748,0.4470624037777875,-0.04706240377778755,0.0,11
2026-02-06,B16LHVBC1NE,LHV Boys 16-1 Valiants,LHVBC,16,1,B16MVPVA1NE,MVP BOS 16 Black,B16,False,-9.0,-1.0,2.923606681197808,6.4550379803343665,-3.5314312991365586,0.4470117892473707,-0.4470117892473707,True,0.4,-4.0,-0.4,6.484136199124748,0.4470624037777876,-0.04706240377778755,0.0,12
2026-02-06,B16LHVBC1NE,LHV Boys 16-1 Valiants,LHVBC,16,1,B16CORE11GE,CORE Boys 16 Platinum,B16,False,-12.0,-2.0,2.923606681197808,15.300393022171596,-12.376786340973787,0.32177168876353124,-0.32177168876353124,False,0.4,-5.0,-0.6,7.659335303888673,0.43075229141064614,-0.03075229141064615,0.0,13
2026-02-06,B16LHVBC1NE,LHV Boys 16-1 Valiants,LHVBC,16,1,B16RRJVB1NE,Boston United Boys 16 National 1,B16,False,-14.0,-2.0,2.923606681197808,0.8696593071779559,2.053947374019852,0.5308956952362467,-0.5308956952362467,True,0.2,-7.4,-1.2,5.827449619638593,0.4580140191337173,-0.2580140191337173,0.0,14
2026-02-07,B16LHVBC1NE,LHV Boys 16-1 Valiants,LHVBC,16,1,B16SJVBC1NE,South County Juniors Boys 16's Blue,B16,True,13.0,2.0,2.923606681197808,-3.257592123047605,6.181198804245413,0.5920357405379711,0.40796425946202886,False,0.2,-6.4,-1.0,5.879317183012935,0.4572603940812021,-0.2572603940812021,0.0,15
2026-02-07,B16LHVBC1NE,LHV Boys 16-1 Valiants,LHVBC,16,1,B16LIFRY1GE,LI Fury 16 1,B16,False,-15.0,-1.0,2.923606681197808,7.421158028148346,-4.497551346950538,0.43267246496970896,-0.43267246496970896,True,0.2,-7.4,-0.8,5.357731242956932,0.4648774757509657,-0.26487747575096576,0.0,16
2026-02-07,B16LHVBC1NE,LHV Boys 16-1 Valiants,LHVBC,16,1,B16NYCVA1GE,NYC VBA 16 Hudson,B16,False,-8.0,-2.0,2.923606681197808,9.769248976932108,-6.8456422957343,0.39833272321994734,-0.39833272321994734,False,0.2,-7.2,-1.0,6.020573442276481,0.4551416625454811,-0.2551416625454811,0.0,17
2026-02-08,B16LHVBC1NE,LHV Boys 16-1 Valiants,LHVBC,16,1,B16SJVBC1NE,South County Juniors Boys 16's Blue,B16,True,9.0,2.0,2.923606681197808,-3.257592123047605,6.181198804245413,0.5920357405379711,0.40796425946202886,False,0.4,-3.0,-0.2,2.30897641323264,0.5091944729003691,-0.10919447290036906,0.0,18
2026-02-08,B16LHVBC1NE,LHV Boys 16-1 Valiants,LHVBC,16,1,B16LCVBC1GE,Legacy Boys 16 National,B16,True,1.0,1.0,2.923606681197808,-1.581103602488461,4.5047102836862685,0.5674333997698228,0.43256660023017723,True,0.6,0.0,0.4,1.8188238312993565,0.5165020138070842,0.08349798619291574,0.5,19
2025-11-22,B16LHVBC2NE,LHV Boys 16-2 Hunters,LHVBC,16,2,B16RRJVB3NE,Boston United Boys 16 Select 1,B16,True,15.0,2.0,-1.4909678969668678,2.175698769699596,-3.666666666666464,0.44499872520493367,0.5550012747950663,True,1.0,15.0,2.0,2.175698769699596,0.44499872520493367,0.5550012747950663,1.0,1
2025-11-22,B16LHVBC2NE,LHV Boys 16-2 Hunters,LHVBC,16,2,B16NESVC2NE,NE Storm 16 Monsoon,B16,False,-17.0,-2.0,-1.4909678969668678,3.744842902750687,-5.235810799717555,0.4217893173055412,-0.4217893173055412,True,0.5,-1.0,0.0,2.9602708362251415,0.4333940212552374,0.06660597874476257,0.5,2
2025-11-22,B16LHVBC2NE,LHV Boys 16-2 Hunters,LHVBC,16,2,B16NEVBC4NE,NEVBC Boys 16 Orange,B16,True,12.0,1.0,-1.4909678969668678,-21.966293461363563,20.475325564396694,0.7744374994002127,0.22556250059978733,False,0.6666666666666666,3.3333333333333335,0.3333333333333333,-5.348583929637759,0.5470751806368959,0.11959148602977082,0.5,3
2025-11-23,B16LHVBC2NE,LHV Boys 16-2 Hunters,LHVBC,16,2,B16NESVC2NE,NE Storm 16 Monsoon,B16,False,-14.0,-2.0,-1.4909678969668678,3.744842902750687,-5.235810799717555,0.4217893173055412,-0.4217893173055412,True,0.5,-1.0,-0.25,-3.075227221540648,0.5157537148040572,-0.015753714804057184,0.3333333333333333,4
2025-11-23,B16LHVBC2NE,LHV Boys 16-2 Hunters,LHVBC,16,2,B16118971XX,Supreme 16-1,B16,False,-11.0,-1.0,-1.4909678969668678,-0.7318998516895773,-0.7590680452772905,0.4885694441943984,-0.4885694441943984,True,0.4,-3.0,-0.4,-2.606561747570434,0.5103168606821255,-0.11031686068212543,0.25,5
2026-01-17,B16LHVBC2NE,LHV Boys 16-2 Hunters,LHVBC,16,2,B16CAPIT1XL,CSVC 16 WOLFJAW,B16,False,-9.0,-2.0,-1.4909678969668678,11.4846186337592,-12.975586530726067,0.3139500491222999,-0.3139500491222999,False,0.2,-7.8,-1.2,-0.7447777747585131,0.48410712546559875,-0.2841071254655987,0.0,6
2026-01-17,B16LHVBC2NE,LHV Boys 16-2 Hunters,LHVBC,16,2,B15LEGIO1XL,TeamLVC Boys 15 Black,MIXED,False,-12.0,-2.0,-1.4909678969668678,10.228548102310683,-11.71951599927755,0.3852053767304528,-0.3852053767304528,False,0.2,-6.8,-1.2,0.5519632651534858,0.47679033735058096,-0.276790337350581,0.0,7
2026-01-17,B16LHVBC2NE,LHV Boys 16-2 Hunters,LHVBC,16,2,B15RRJVB2NE,Boston United Boys 15 Select 1,MIXED,False,1.0,-1.0,-1.4909678969668678,-4.747416040919453,3.256448143952585,0.5324307338563079,-0.5324307338563079,True,0.0,-9.0,-1.6,3.9957387492423075,0.42838898424180005,-0.42838898424180005,0.0,8
2026-01-17,B16LHVBC2NE,LHV Boys 16-2 Hunters,LHVBC,16,2,B16PVJVB2NE,PV Boys 16 2,B16,False,1.0,-1.0,-1.4909678969668678,-12.651272613839689,11.16030471687282,0.6620301853038776,-0.6620301853038776,False,0.0,-6.0,-1.4,0.7165156459242326,0.47643715784146734,-0.47643715784146734,0.0,9
2026-01-18,B16LHVBC2NE,LHV Boys 16-2 Hunters,LHVBC,16,2,B16BVJVB2NE,Blast 16 Pyro,B16,True,5.0,2.0,-1.4909678969668678,-9.686012964198403,8.195045067231534,0.6209804857362592,0.3790195142637408,False,0.2,-2.8,-0.8,-1.0743069765775326,0.5029193661498395,-0.3029193661498395,0.0,10
2026-01-18,B16LHVBC2NE,LHV Boys 16-2 Hunters,LHVBC,16,2,B16RRJVB3NE,Boston United Boys 16 Select 1,B16,False,-12.0,-2.0,-1.4909678969668678,2.175698769699596,-3.666666666666464,0.44499872520493367,-0.44499872520493367,True,0.2,-3.4,-0.8,-2.9360909493894534,0.5291291013663662,-0.32912910136636625,0.0,11
2026-01-19,B16LHVBC2NE,LHV Boys 16-2 Hunters,LHVBC,16,2,B15SYRVB1XL,SVC 15 1 Boys,MIXED,False,-17.0,-2.0,-1.4909678969668678,18.045964247707875,-19.536932144674743,0.314457451476506,-0.314457451476506,False,0.2,-4.4,-0.8,-1.372607720310014,0.5149795163155769,-0.3149795163155769,0.0,12
2026-01-31,B16LHVBC2NE,LHV Boys 16-2 Hunters,LHVBC,16,2,B16JHEAT1GE,CJ HEAT 16-1 Boys,B16,False,-14.0,-1.0,-1.4909678969668678,-6.764820996552616,5.273853099585748,0.5787695294427737,-0.5787695294427737,True,0.2,-7.4,-0.8,-1.7760887114366468,0.52424727543287,-0.3242472754328701,0.0,13
2026-01-31,B16LHVBC2NE,LHV Boys 16-2 Hunters,LHVBC,16,2,B16MVPVA2NE,MVP BOS 16 Blue,B16,True,9.0,2.0,-1.4909678969668678,-16.34371713638192,14.85274923941505,0.7098810791343493,0.2901189208656507,False,0.4,-5.8,-0.2,-2.5145776159450928,0.5338174541989643,-0.13381745419896438,0.0,14
2026-01-31,B16LHVBC2NE,LHV Boys 16-2 Hunters,LHVBC,16,2,B16NESVC1NE,NE Storm 16 Lightning,B16,False,-17.0,-2.0,-1.4909678969668678,3.4324314548412644,-4.923399351808133,0.4263861411089656,-0.4263861411089656,True,0.2,-10.2,-1.0,0.10911126786284057,0.4948985852735056,-0.29489858527350565,0.0,15
2026-02-01,B16LHVBC2NE,LHV Boys 16-2 Hunters,LHVBC,16,2,B16MVPVA2NE,MVP BOS 16 Blue,B16,True,9.0,1.0,-1.4909678969668678,-16.34371713638192,14.85274923941505,0.7098810791343493,0.2901189208656507,False,0.4,-6.0,-0.4,-3.594771913353463,0.5478750560593888,-0.1478750560593888,0.0,16
2026-02-01,B16LHVBC2NE,LHV Boys 16-2 Hunters,LHVBC,16,2,B16PVJVB1NE,PV Boys 16 1,B16,False,-4.0,-2.0,-1.4909678969668678,-8.842336914611254,7.3513690176443856,0.6089461460982628,-0.6089461460982628,False,0.4,-3.4,-0.4,-8.972432145817288,0.6067727949837401,-0.20677279498374013,0.0,17
2026-02-06,B16LIFRY1GE,LI Fury 16 1,LIFRY,16,1,B16SJVBC1NE,South County Juniors Boys 16's Blue,B16,True,5.0,1.0,7.421158028148346,-3.257592123047605,10.67875015119595,0.6555088096147009,0.3444911903852991,False,1.0,5.0,1.0,-3.257592123047605,0.6555088096147009,0.3444911903852991,,1
2026-02-06,B16LIFRY1GE,LI Fury 16 1,LIFRY,16,1,B16LCVBC1GE,Legacy Boys 16 National,B16,True,0.0,1.0,7.421158028148346,-1.581103602488461,9.002261630636808,0.6323572609816561,0.3676427390183439,False,1.0,2.5,1.0,-2.419347862768033,0.6439330352981785,0.3560669647018215,,2
2026-02-06,B16LIFRY1GE,LI Fury 16 1,LIFRY,16,1,B16NYCVA1GE,NYC VBA 16 Hudson,B16,False,-1.0,-1.0,7.421158028148346,9.769248976932108,-2.348090948783762,0.4646935671095084,-0.4646935671095084,True,0.6666666666666666,1.3333333333333333,0.3333333333333333,1.643517750465347,0.5841865459019552,0.08248012076471152,0.0,3
2026-02-07,B16LIFRY1GE,LI Fury 16 1,LIFRY,16,1,B16MVPVA1NE,MVP BOS 16 Black,B16,True,8.0,2.0,7.421158028148346,6.4550379803343665,0.9661200478139795,0.5145469125375931,0.4854530874624069,True,0.75,3.0,0.75,2.846397807932602,0.5667766375608646,0.18322336243913537,0.5,4
2026-02-07,B16LIFRY1GE,LI Fury 16 1,LIFRY,16,1,B16LHVBC1NE,LHV Boys 16-1 Valiants,B16,True,15.0,1.0,7.421158028148346,2.923606681197808,4.497551346950538,0.567327535030291,0.432672464969709,True,0.8,5.4,0.8,2.861839582585643,0.56688681705475,0.2331131829452501,0.6666666666666666,5
2026-02-07,B16LIFRY1GE,LI Fury 16 1,LIFRY,16,1,B16RRJVB1NE,Boston United Boys 16 National 1,B16,True,5.0,1.0,7.421158028148346,0.8696593071779559,6.55149872097039,0.5974127055111401,0.4025872944888599,False,0.8,5.4,0.8,3.687289868630755,0.5552675962340378,0.24473240376596225,0.6666666666666666,6
2026-02-08,B16LIFRY1GE,LI Fury 16 1,LIFRY,16,1,B16NYCVA1GE,NYC VBA 16 Hudson,B16,False,-10.0,-2.0,7.421158028148346,9.769248976932108,-2.348090948783762,0.4646935671095084,-0.4646935671095084,True,0.6,3.4,0.2,5.957360384514869,0.5217348574596082,0.07826514254039181,0.5,7
2026-02-06,B16LIFRY2GE,LI Fury 16 2,LIFRY,16,2,B16DIGSV1GE,Digs Boys 16 Red,B16,False,-18.0,-2.0,-9.893044074832407,11.574212638274435,-21.467256713106842,0.21529498752744172,-0.21529498752744172,False,0.0,-18.0,-2.0,11.574212638274435,0.21529498752744172,-0.21529498752744172,,1
2026-02-06,B16LIFRY2GE,LI Fury 16 2,LIFRY,16,2,B16SPTMC3GE,Sportime 16 3,B16,False,-19.0,-2.0,-9.893044074832407,3.899415133576216,-13.792459208408623,0.3034486342788948,-0.3034486342788948,False,0.0,-18.5,-2.0,7.736813885925326,0.25937181090316824,-0.25937181090316824,,2
2026-02-06,B16LIFRY2GE,LI Fury 16 2,LIFRY,16,2,B16LCVBC2GE,Legacy Boys 16 Premier,B16,False,-8.0,-2.0,-9.893044074832407,-0.9315945557024364,-8.961449519129971,0.3682145348834031,-0.3682145348834031,False,0.0,-15.0,-2.0,4.847344405382739,0.29565271889657985,-0.29565271889657985,,3
2026-02-07,B16LIFRY2GE,LI Fury 16 2,LIFRY,16,2,B16CAPIT1XL,CSVC 16 WOLFJAW,B16,False,-7.0,-2.0,-9.893044074832407,11.4846186337592,-21.377662708591608,0.21620827699405343,-0.21620827699405343,False,0.0,-13.0,-2.0,6.506662962476854,0.27579160842094824,-0.27579160842094824,,4
2026-02-07,B16LIFRY2GE,LI Fury 16 2,LIFRY,16,2,B161130588XX,NY Strangers 16,B16,False,-26.0,-2.0,-9.893044074832407,16.82439971690086,-26.717443791733267,0.16664454324472008,-0.16664454324472008,False,0.0,-15.6,-2.0,8.570210313361654,0.25396219538570264,-0.25396219538570264,,5
2026-02-07,B16LIFRY2GE,LI Fury 16 2,LIFRY,16,2,B16SPTMC4GE,Sportime 16 4,B16,True,-3.0,1.0,-9.893044074832407,-8.612172422338178,-1.2808716524942287,0.4807179813758513,0.5192820186241487,True,0.2,-12.6,-1.4,4.532933301239131,0.30704679415538455,-0.10704679415538454,1.0,6
2026-02-08,B16LIFRY2GE,LI Fury 16 2,LIFRY,16,2,B16MVPVA2NE,MVP BOS 16 Blue,B16,True,8.0,2.0,-9.893044074832407,-16.34371713638192,6.450673061549512,0.5959509201349827,0.40404907986501726,False,0.4,-7.2,-0.6,0.4843068472475046,0.36554725132660215,0.03445274867339787,1.0,7
2026-02-08,B16LIFRY2GE,LI Fury 16 2,LIFRY,16,2,B16ALLIN1FL,AVA 16 Boys,B16,False,-10.0,-1.0,-9.893044074832407,-3.178067176989841,-6.714976897842566,0.4002208482442689,-0.4002208482442689,False,0.4,-7.6,-0.4,0.03501232299002375,0.3719485139987753,0.028051486001224722,1.0,8
2025-11-22,B16MCJVB1NE,Mill City 16's,MCJVB,16,1,B16BVJVB1NE,Blast 16 Inferno,B16,True,17.0,2.0,9.459366429713532,-5.9092173637141405,15.368583793427671,0.7162393091116716,0.28376069088832845,False,1.0,17.0,2.0,-5.9092173637141405,0.7162393091116716,0.28376069088832845,,1
2025-11-22,B16MCJVB1NE,Mill City 16's,MCJVB,16,1,B16TTVBC1NE,SLAM 16 1 Boys,B16,True,19.0,2.0,9.459366429713532,-3.5169299399193092,12.976296369632841,0.6860591616266069,0.31394083837339315,False,1.0,18.0,2.0,-4.713073651816725,0.7011492353691392,0.2988507646308608,,2
2025-11-22,B16MCJVB1NE,Mill City 16's,MCJVB,16,1,B16SJVBC1NE,South County Juniors Boys 16's Blue,B16,True,6.0,2.0,9.459366429713532,-3.257592123047605,12.716958552761136,0.6826843231312263,0.3173156768687737,False,1.0,14.0,2.0,-4.227913142227018,0.6949942646231682,0.3050057353768318,,3
2025-11-23,B16MCJVB1NE,Mill City 16's,MCJVB,16,1,B16NESVC1NE,NE Storm 16 Lightning,B16,True,13.0,2.0,9.459366429713532,3.4324314548412644,6.026934974872267,0.5897891446469729,0.41021085535302715,False,1.0,13.75,2.0,-2.3128269929599474,0.6686929846291194,0.3313070153708806,,4
2025-11-23,B16MCJVB1NE,Mill City 16's,MCJVB,16,1,B16TACCU1GE,Accuracy 16 Champ,B16,True,22.0,2.0,9.459366429713532,2.3917806098039236,7.067585819909608,0.6048674296311596,0.3951325703688404,False,1.0,15.4,2.0,-1.3719054724071733,0.6559278736295274,0.3440721263704726,,5
2025-12-20,B16MCJVB1NE,Mill City 16's,MCJVB,16,1,B16SAVBC1XL,Sporting Albany Boys 16u,B16,True,16.0,1.0,9.459366429713532,8.945261771940473,0.5141046577730588,0.5077424629816698,0.4922575370183302,True,1.0,15.2,1.8,1.5989903547237494,0.614228504403527,0.38577149559647295,1.0,6
2025-12-20,B16MCJVB1NE,Mill City 16's,MCJVB,16,1,B16NEVBC1NE,NEVBC Boys 16.1,B16,False,2.0,-1.0,9.459366429713532,9.42439749835197,0.03496893136156132,0.500526677196003,-0.500526677196003,True,0.8,11.8,1.2,4.187255842378005,0.5771220075174064,0.2228779924825937,0.5,7
2025-12-20,B16MCJVB1NE,Mill City 16's,MCJVB,16,1,B16SJJVB2NE,SMASH Boys 16's Fire,B16,True,8.0,2.0,9.459366429713532,10.029087728428358,-0.5697212987148266,0.4914201017472355,0.5085798982527645,True,0.8,12.2,1.2,6.844591812673198,0.5388691632406081,0.26113083675939186,0.6666666666666666,8
2025-12-21,B16MCJVB1NE,Mill City 16's,MCJVB,16,1,B16MCJVB2NE,Mill City 16 Royal,B16,True,21.0,2.0,9.459366429713532,-19.066001246371826,28.52536767608536,0.8479375773135023,0.15206242268649772,False,0.8,13.8,1.2,2.34490527243058,0.590498849773914,0.209501150226086,0.6666666666666666,9
2025-12-21,B16MCJVB1NE,Mill City 16's,MCJVB,16,1,B16LEGIO1XL,TeamLVC Boys 16 Black,B16,False,-10.0,-2.0,9.459366429713532,13.632552538073494,-4.173186108359962,0.43747541050073896,-0.43747541050073896,True,0.6,7.4,0.4,4.593059658084494,0.5570204459478298,0.0429795540521701,0.5,10
2026-01-31,B16MCJVB1NE,Mill City 16's,MCJVB,16,1,B16TTVBC1NE,SLAM 16 1 Boys,B16,True,10.0,2.0,9.459366429713532,-3.5169299399193092,12.976296369632841,0.6860591616266069,0.31394083837339315,False,0.6,6.2,0.6,2.1006213157125377,0.5926837856768172,0.00731621432318269,0.3333333333333333,11
2026-01-31,B16MCJVB1NE,Mill City 16's,MCJVB,16,1,B16BVJVB1NE,Blast 16 Inferno,B16,True,12.0,2.0,9.459366429713532,-5.9092173637141405,15.368583793427671,0.7162393091116716,0.28376069088832845,False,0.8,8.2,1.2,-0.9661016567006844,0.6358263120599511,0.164173687940049,0.5,12
2026-01-31,B16MCJVB1NE,Mill City 16's,MCJVB,16,1,B16NYCVA1GE,NYC VBA 16 Hudson,B16,True,6.0,2.0,9.459366429713532,9.769248976932108,-0.3098825472185762,0.49533290309417316,0.5046670969058269,True,0.8,7.8,1.2,-1.0180694069999343,0.6366088723293386,0.16339112767066144,0.5,13
2026-02-01,B16MCJVB1NE,Mill City 16's,MCJVB,16,1,B16HKJVB1NE,Husky 16.1,B16,False,-16.0,-2.0,9.459366429713532,11.791060472694442,-2.33169404298091,0.4649393029158659,-0.4649393029158659,True,0.6,0.4,0.4,5.153342936813319,0.5600092174498112,0.039990782550188717,0.3333333333333333,14
2026-02-01,B16MCJVB1NE,Mill City 16's,MCJVB,16,1,B16NEVBC1NE,NEVBC Boys 16.1,B16,False,-6.0,-1.0,9.459366429713532,9.42439749835197,0.03496893136156132,0.500526677196003,-0.500526677196003,True,0.6,1.2,0.6,4.311711928869014,0.5726194707888641,0.02738052921113592,0.3333333333333333,15
2026-03-14,B16MCJVB1NE,Mill City 16's,MCJVB,16,1,B16SJVBC1NE,South County Juniors Boys 16's Blue,B16,True,7.0,2.0,9.459366429713532,-3.257592123047605,12.716958552761136,0.6826843231312263,0.3173156768687737,False,0.6,0.6,0.6,4.363579492243355,0.5719445030897881,0.02805549691021203,0.3333333333333333,16
2026-03-14,B16MCJVB1NE,Mill City 16's,MCJVB,16,1,B16BVJVB1NE,Blast 16 Inferno,B16,True,2.0,1.0,9.459366429713532,-5.9092173637141405,15.368583793427671,0.7162393091116716,0.28376069088832845,False,0.6,-1.4,0.4,4.363579492243355,0.571944503089788,0.02805549691021203,0.3333333333333333,17
2026-03-14,B16MCJVB1NE,Mill City 16's,MCJVB,16,1,B16SJJVB2NE,SMASH Boys 16's Fire,B16,True,7.0,2.0,9.459366429713532,10.029087728428358,-0.5697212987148266,0.4914201017472355,0.5085798982527645,True,0.6,-1.2,0.4,4.415547242542606,0.5711619428204004,0.02883805717959955,0.3333333333333333,18
2026-03-15,B16MCJVB1NE,Mill City 16's,MCJVB,16,1,B16RRJVB1NE,Boston United Boys 16 National 1,B16,True,13.0,2.0,9.459366429713532,0.8696593071779559,8.589707122535575,0.6265602949746913,0.37343970502530865,False,0.8,4.6,1.2,2.2312670094393083,0.6034861412321655,0.19651385876783448,0.5,19
2026-03-15,B16MCJVB1NE,Mill City 16's,MCJVB,16,1,B16HKJVB1NE,Husky 16.1,B16,False,-11.0,-1.0,9.459366429713532,11.791060472694442,-2.33169404298091,0.4649393029158659,-0.4649393029158659,True,0.8,3.6,1.2,2.704599604307803,0.5963686663761381,0.20363133362386185,0.5,20
2025-11-22,B16MCJVB2NE,Mill City 16 Royal,MCJVB,16,2,B16118971XX,Supreme 16-1,B16,False,-30.0,-2.0,-19.066001246371826,-0.7318998516895773,-18.33410139468225,0.24888997056351408,-0.24888997056351408,False,0.0,-30.0,-2.0,-0.7318998516895773,0.24888997056351408,-0.24888997056351408,,1
2025-11-22,B16MCJVB2NE,Mill City 16 Royal,MCJVB,16,2,B16NEVBC3NE,NEVBC Boys 16 Blue,B16,False,-1.0,-1.0,-19.066001246371826,-16.471125511924935,-2.594875734446891,0.4609972101522545,-0.4609972101522545,True,0.0,-15.5,-1.5,-8.601512681807256,0.35494359035788425,-0.35494359035788425,0.0,2
2025-11-22,B16MCJVB2NE,Mill City 16 Royal,MCJVB,16,2,B16LHVBC1NE,LHV Boys 16-1 Valiants,B16,False,-6.0,-2.0,-19.066001246371826,2.923606681197808,-21.989607927569633,0.21002613504113077,-0.21002613504113077,False,0.0,-12.333333333333334,-1.6666666666666667,-4.759806227472235,0.3066377719189664,-0.3066377719189664,0.0,3
2025-11-23,B16MCJVB2NE,Mill City 16 Royal,MCJVB,16,2,B16NEVBC4NE,NEVBC Boys 16 Orange,B16,False,-13.0,-2.0,-19.066001246371826,-21.966293461363563,2.9002922149917367,0.5435713598396589,-0.5435713598396589,True,0.0,-12.5,-1.75,-9.061428035945067,0.36587116889913956,-0.36587116889913956,0.0,4
2025-11-23,B16MCJVB2NE,Mill City 16 Royal,MCJVB,16,2,B16NEVBC3NE,NEVBC Boys 16 Blue,B16,False,-1.0,-1.0,-19.066001246371826,-16.471125511924935,-2.594875734446891,0.4609972101522545,-0.4609972101522545,True,0.0,-10.2,-1.6,-10.54336753114104,0.38489637714976255,-0.38489637714976255,0.0,5
2025-12-20,B16MCJVB2NE,Mill City 16 Royal,MCJVB,16,2,B16RRJVB1NE,Boston United Boys 16 National 1,B16,False,-29.0,-2.0,-19.066001246371826,0.8696593071779559,-19.93566055354978,0.2312924878939401,-0.2312924878939401,False,0.0,-10.0,-1.6,-10.223055699367533,0.38137688061584774,-0.38137688061584774,0.0,6
2025-12-20,B16MCJVB2NE,Mill City 16 Royal,MCJVB,16,2,B16LEGIO1XL,TeamLVC Boys 16 Black,B16,False,-21.0,-2.0,-19.066001246371826,13.632552538073494,-32.69855378444532,0.12239637805668158,-0.12239637805668158,False,0.0,-14.0,-1.8,-4.202320089367849,0.3136567141967332,-0.3136567141967332,0.0,7
2025-12-20,B16MCJVB2NE,Mill City 16 Royal,MCJVB,16,2,B16CAPIT1XL,CSVC 16 WOLFJAW,B16,False,-11.0,-2.0,-19.066001246371826,11.4846186337592,-30.550619880131023,0.13698890705021063,-0.13698890705021063,False,0.0,-15.0,-1.8,-2.4901176988555696,0.2990492685985492,-0.2990492685985492,0.0,8
2025-12-21,B16MCJVB2NE,Mill City 16 Royal,MCJVB,16,2,B16MCJVB1NE,Mill City 16's,B16,False,-21.0,-2.0,-19.066001246371826,9.459366429713532,-28.52536767608536,0.1520624226864977,-0.1520624226864977,False,0.0,-16.6,-1.8,3.7950142793598487,0.22074748116791693,-0.22074748116791693,0.0,9
2025-12-21,B16MCJVB2NE,Mill City 16 Royal,MCJVB,16,2,B16SAVBC1XL,Sporting Albany Boys 16u,B16,False,-20.0,-2.0,-19.066001246371826,8.945261771940473,-28.0112630183123,0.15609915624808052,-0.15609915624808052,False,0.0,-20.4,-2.0,8.87829173613293,0.15976787038708212,-0.15976787038708212,,10
2026-01-31,B16MCJVB2NE,Mill City 16 Royal,MCJVB,16,2,B16PVJVB2NE,PV Boys 16 2,B16,False,4.0,-1.0,-19.066001246371826,-12.651272613839689,-6.414728632532137,0.40457062102569347,-0.40457062102569347,False,0.0,-13.8,-1.8,6.174105351929401,0.19442349701343278,-0.19442349701343278,,11
2026-01-31,B16MCJVB2NE,Mill City 16 Royal,MCJVB,16,2,B16118971XX,Supreme 16-1,B16,False,-27.0,-2.0,-19.066001246371826,-0.7318998516895773,-18.33410139468225,0.24888997056351408,-0.24888997056351408,False,0.0,-15.0,-1.8,3.301214873976788,0.21972221551479926,-0.21972221551479926,,12
2026-01-31,B16MCJVB2NE,Mill City 16 Royal,MCJVB,16,2,B16NEVBC2NE,NEVBC Boys 16.2,B16,False,-27.0,-2.0,-19.066001246371826,0.8815355192584385,-19.947536765630264,0.23116530186813783,-0.23116530186813783,False,0.0,-18.2,-1.8,1.1805982510766353,0.23855749447838473,-0.23855749447838473,,13
2026-02-01,B16MCJVB2NE,Mill City 16 Royal,MCJVB,16,2,B16MVPVA2NE,MVP BOS 16 Blue,B16,True,-7.0,1.0,-19.066001246371826,-16.34371713638192,-2.722284109989907,0.45909053166915575,0.5409094683308442,True,0.2,-15.4,-1.2,-3.980018462142455,0.29996311627491634,-0.09996311627491634,1.0,14
2026-02-01,B16MCJVB2NE,Mill City 16 Royal,MCJVB,16,2,B16PVJVB2NE,PV Boys 16 2,B16,False,3.0,-1.0,-19.066001246371826,-12.651272613839689,-6.414728632532137,0.40457062102569347,-0.40457062102569347,False,0.2,-10.8,-1.0,-8.299325339298488,0.3496574092304389,-0.14965740923043894,1.0,15
2026-03-14,B16MCJVB2NE,Mill City 16 Royal,MCJVB,16,2,B16NESVC2NE,NE Storm 16 Monsoon,B16,False,-23.0,-2.0,-19.066001246371826,3.744842902750687,-22.810844149122513,0.2019351246277798,-0.2019351246277798,False,0.2,-16.2,-1.2,-5.020102235980413,0.3091303099508562,-0.1091303099508562,1.0,16
2026-03-14,B16MCJVB2NE,Mill City 16 Royal,MCJVB,16,2,B16PVJVB1NE,PV Boys 16 1,B16,False,-13.0,-1.0,-19.066001246371826,-8.842336914611254,-10.223664331760572,0.35070847192566923,-0.35070847192566923,False,0.2,-13.4,-1.0,-6.642189648564747,0.3294940102232872,-0.12949401022328724,1.0,17
2026-03-14,B16MCJVB2NE,Mill City 16 Royal,MCJVB,16,2,B16SAVBC1XL,Sporting Albany Boys 16u,B16,False,-18.0,-2.0,-19.066001246371826,8.945261771940473,-28.0112630183123,0.15609915624808052,-0.15609915624808052,False,0.2,-11.6,-1.0,-5.029444398028341,0.31448078109927574,-0.11448078109927576,1.0,18
2026-03-15,B16MCJVB2NE,Mill City 16 Royal,MCJVB,16,2,B16PVJVB2NE,PV Boys 16 2,B16,False,-11.0,-1.0,-19.066001246371826,-12.651272613839689,-6.414728632532137,0.40457062102569347,-0.40457062102569347,False,0.0,-12.4,-1.4,-4.290955493519894,0.30357679897058326,-0.30357679897058326,,19
2026-03-15,B16MCJVB2NE,Mill City 16 Royal,MCJVB,16,2,B16NEVBC4NE,NEVBC Boys 16 Orange,B16,True,6.0,2.0,-19.066001246371826,-21.966293461363563,2.9002922149917367,0.5435713598396589,0.4564286401603411,True,0.2,-11.8,-0.8,-6.153959663024669,0.33137694673337637,-0.13137694673337638,1.0,20
2026-01-17,B16MVNER1NE,Meraki VB 16 1,MVNER,16,1,B16BVJVB1NE,Blast 16 Inferno,B16,True,9.0,2.0,-10.953719540849232,-5.9092173637141405,-5.044502177135091,0.4246026777748112,0.5753973222251888,True,1.0,9.0,2.0,-5.9092173637141405,0.4246026777748112,0.5753973222251888,1.0,1
2026-01-17,B16MVNER1NE,Meraki VB 16 1,MVNER,16,1,B16NESVC1NE,NE Storm 16 Lightning,B16,False,-23.0,-2.0,-10.953719540849232,3.4324314548412644,-14.386150995690496,0.29594220714374037,-0.29594220714374037,False,0.5,-7.0,0.0,-1.238392954436438,0.3602724424592758,0.13972755754072422,1.0,2
2026-01-17,B16MVNER1NE,Meraki VB 16 1,MVNER,16,1,B16SYRVB1XL,SVC 16 1 Boys,B16,False,-26.0,-2.0,-10.953719540849232,12.369800353996835,-23.323519894846065,0.197003374496147,-0.197003374496147,False,0.3333333333333333,-13.333333333333334,-0.6666666666666666,3.2976714817079866,0.3058494198048995,0.027483913528433813,1.0,3
2026-01-18,B16MVNER1NE,Meraki VB 16 1,MVNER,16,1,B16TTVBC1NE,SLAM 16 1 Boys,B16,False,-18.0,-2.0,-10.953719540849232,-3.5169299399193092,-7.436789600929922,0.3898290800224022,-0.3898290800224022,False,0.25,-14.5,-1.0,1.594021126301162,0.3268443348592752,-0.07684433485927519,1.0,4
2026-01-18,B16MVNER1NE,Meraki VB 16 1,MVNER,16,1,B16PVJVB1NE,PV Boys 16 1,B16,True,11.0,2.0,-10.953719540849232,-8.842336914611254,-2.111382626237978,0.46824265137241716,0.5317573486275828,True,0.4,-9.4,-0.4,-0.4932504818813211,0.35512399816190354,0.04487600183809641,1.0,5
2026-01-18,B16MVNER1NE,Meraki VB 16 1,MVNER,16,1,B16LEGIO1XL,TeamLVC Boys 16 Black,B16,False,-17.0,-2.0,-10.953719540849232,13.632552538073494,-24.586272078922725,0.1852455727989922,-0.1852455727989922,False,0.2,-14.6,-1.2,3.4151034984762054,0.3072525771667398,-0.10725257716673979,1.0,6
2026-01-19,B16MVNER1NE,Meraki VB 16 1,MVNER,16,1,B16PVJVB1NE,PV Boys 16 1,B16,False,-15.0,-2.0,-10.953719540849232,-8.842336914611254,-2.111382626237978,0.46824265137241716,-0.46824265137241716,True,0.2,-13.0,-1.2,0.960149824585702,0.34171266601247513,-0.14171266601247515,0.5,7
2025-11-22,B16MVPVA1NE,MVP BOS 16 Black,MVPVA,16,1,B16TACCU1GE,Accuracy 16 Champ,B16,False,-1.0,-1.0,6.4550379803343665,2.3917806098039236,4.063257370530443,0.5608941413642656,-0.5608941413642656,True,0.0,-1.0,-1.0,2.3917806098039236,0.5608941413642656,-0.5608941413642656,0.0,1
2025-11-22,B16MVPVA1NE,MVP BOS 16 Black,MVPVA,16,1,B16NESVC1NE,NE Storm 16 Lightning,B16,False,-2.0,-1.0,6.4550379803343665,3.4324314548412644,3.022606525493102,0.5453989871967174,-0.5453989871967174,True,0.0,-1.5,-1.0,2.912106032322594,0.5531465642804916,-0.5531465642804916,0.0,2
2025-11-22,B16MVPVA1NE,MVP BOS 16 Black,MVPVA,16,1,B16RRJVB1NE,Boston United Boys 16 National 1,B16,True,9.0,2.0,6.4550379803343665,0.8696593071779559,5.585378673156411,0.5833381717678814,0.4166618282321186,False,0.3333333333333333,2.0,0.0,2.2312904572743815,0.5632104334429547,-0.22987710010962148,0.0,3
2025-11-23,B16MVPVA1NE,MVP BOS 16 Black,MVPVA,16,1,B16TTVBC1NE,SLAM 16 1 Boys,B16,True,17.0,2.0,6.4550379803343665,-3.5169299399193092,9.971967920253675,0.6458308496512721,0.35416915034872787,False,0.5,5.75,0.5,0.7942353579759587,0.5838655374950341,-0.08386553749503414,0.0,4
2025-11-23,B16MVPVA1NE,MVP BOS 16 Black,MVPVA,16,1,B16RRJVB1NE,Boston United Boys 16 National 1,B16,False,-7.0,-2.0,6.4550379803343665,0.8696593071779559,5.585378673156411,0.5833381717678814,-0.5833381717678814,False,0.4,3.2,0.0,0.8093201478163582,0.5837600643496036,-0.1837600643496036,0.0,5
2026-01-31,B16MVPVA1NE,MVP BOS 16 Black,MVPVA,16,1,B16HKJVB1NE,Husky 16.1,B16,False,-5.0,-1.0,6.4550379803343665,11.791060472694442,-5.336022492360075,0.42031762826343344,-0.42031762826343344,True,0.4,2.4,0.0,2.6891761203944617,0.5556447617294371,-0.15564476172943714,0.0,6
2026-01-31,B16MVPVA1NE,MVP BOS 16 Black,MVPVA,16,1,B16LHVBC1NE,LHV Boys 16-1 Valiants,B16,True,4.0,1.0,6.4550379803343665,2.923606681197808,3.5314312991365586,0.5529882107526292,0.44701178924737084,True,0.6,3.6,0.4,2.5874111656657703,0.5571626064406194,0.0428373935593805,0.5,7
2026-01-31,B16MVPVA1NE,MVP BOS 16 Black,MVPVA,16,1,B16SJJVB1NE,SMASH Boys 16-1,B16,False,-9.0,-2.0,6.4550379803343665,14.978260869565045,-8.523222889230677,0.3743773619374386,-0.3743773619374386,False,0.4,0.0,-0.4,5.409131478143188,0.515370444474531,-0.11537044447453093,0.5,8
2026-02-01,B16MVPVA1NE,MVP BOS 16 Black,MVPVA,16,1,B16NYCVA1GE,NYC VBA 16 Hudson,B16,False,-12.0,-2.0,6.4550379803343665,9.769248976932108,-3.3142109965977413,0.4502488632259652,-0.4502488632259652,True,0.2,-5.8,-1.2,8.066367261513472,0.4762540471894695,-0.27625404718946955,0.3333333333333333,9
2026-02-01,B16MVPVA1NE,MVP BOS 16 Black,MVPVA,16,1,B16SJJVB1NE,SMASH Boys 16-1,B16,False,-19.0,-2.0,6.4550379803343665,14.978260869565045,-8.523222889230677,0.3743773619374386,-0.3743773619374386,False,0.2,-8.2,-1.2,10.88808757399089,0.4344618852233809,-0.234461885223381,0.3333333333333333,10
2026-02-06,B16MVPVA1NE,MVP BOS 16 Black,MVPVA,16,1,B16LHVBC1NE,LHV Boys 16-1 Valiants,B16,True,9.0,1.0,6.4550379803343665,2.923606681197808,3.5314312991365586,0.5529882107526292,0.44701178924737084,True,0.4,-5.4,-0.8,9.114596815691563,0.46099600172122013,-0.06099600172122014,0.6666666666666666,11
2026-02-06,B16MVPVA1NE,MVP BOS 16 Black,MVPVA,16,1,B16RRJVB1NE,Boston United Boys 16 National 1,B16,True,10.0,2.0,6.4550379803343665,0.8696593071779559,5.585378673156411,0.5833381717678814,0.4166618282321186,False,0.4,-4.2,-0.6,8.703807340887591,0.46706599392427056,-0.0670659939242706,0.5,12
2026-02-06,B16MVPVA1NE,MVP BOS 16 Black,MVPVA,16,1,B16CORE11GE,CORE Boys 16 Platinum,B16,False,-5.0,-1.0,6.4550379803343665,15.300393022171596,-8.84535504183723,0.3698430925348871,-0.3698430925348871,False,0.4,-3.4,-0.4,8.768233771408902,0.46615914004376025,-0.06615914004376029,0.5,13
2026-02-07,B16MVPVA1NE,MVP BOS 16 Black,MVPVA,16,1,B16LIFRY1GE,LI Fury 16 1,B16,False,-8.0,-2.0,6.4550379803343665,7.421158028148346,-0.9661200478139795,0.48545308746240684,-0.48545308746240684,True,0.4,-2.6,-0.4,8.29861558165215,0.4731999848910486,-0.07319998489104862,0.5,14
2026-02-07,B16MVPVA1NE,MVP BOS 16 Black,MVPVA,16,1,B16LCVBC1GE,Legacy Boys 16 National,B16,True,17.0,2.0,6.4550379803343665,-1.581103602488461,8.036141582822827,0.6187247137123797,0.3812752862876203,False,0.6,4.6,0.4,4.986742687241448,0.5220694552460369,0.07793054475396316,0.5,15
2026-02-07,B16MVPVA1NE,MVP BOS 16 Black,MVPVA,16,1,B16SJVBC1NE,South County Juniors Boys 16's Blue,B16,True,16.0,2.0,6.4550379803343665,-3.257592123047605,9.712630103381972,0.6422490650840947,0.35775093491590526,False,0.6,6.0,0.6,3.750502926392366,0.53992162611233,0.060078373887670046,0.0,16
2026-02-08,B16MVPVA1NE,MVP BOS 16 Black,MVPVA,16,1,B16CORE11GE,CORE Boys 16 Platinum,B16,False,-16.0,-2.0,6.4550379803343665,15.300393022171596,-8.84535504183723,0.3698430925348871,-0.3698430925348871,False,0.4,0.8,-0.2,6.636649669391093,0.4972226102657311,-0.0972226102657311,0.0,17
2025-11-22,B16MVPVA2NE,MVP BOS 16 Blue,MVPVA,16,2,B16BVJVB2NE,Blast 16 Pyro,B16,True,22.0,2.0,-16.34371713638192,-9.686012964198403,-6.657704172183516,0.4010493822631888,0.5989506177368111,False,1.0,22.0,2.0,-9.686012964198403,0.4010493822631888,0.5989506177368111,,1
2025-11-22,B16MVPVA2NE,MVP BOS 16 Blue,MVPVA,16,2,B16NEVBC4NE,NEVBC Boys 16 Orange,B16,False,5.0,-1.0,-16.34371713638192,-21.966293461363563,5.622576324981644,0.5838827504791481,-0.5838827504791481,False,0.5,13.5,0.5,-15.826153212780984,0.4924660663711684,0.007533933628831535,,2
2025-11-22,B16MVPVA2NE,MVP BOS 16 Blue,MVPVA,16,2,B16NESVC2NE,NE Storm 16 Monsoon,B16,False,-11.0,-1.0,-16.34371713638192,3.744842902750687,-20.088560039132606,0.22965878045074062,-0.22965878045074062,False,0.3333333333333333,5.333333333333333,0.0,-9.302487840937093,0.4048636377310258,-0.07153030439769252,,3
2025-11-23,B16MVPVA2NE,MVP BOS 16 Blue,MVPVA,16,2,B16RRJVB3NE,Boston United Boys 16 Select 1,B16,False,-8.0,-2.0,-16.34371713638192,2.175698769699596,-18.519415906081516,0.24680872959453576,-0.24680872959453576,False,0.25,2.0,-0.5,-6.432941188277921,0.3653499106969033,-0.11534991069690333,,4
2025-11-23,B16MVPVA2NE,MVP BOS 16 Blue,MVPVA,16,2,B16LHVBC1NE,LHV Boys 16-1 Valiants,B16,False,-26.0,-2.0,-16.34371713638192,2.923606681197808,-19.267323817579726,0.23852860072562299,-0.23852860072562299,False,0.2,-3.6,-0.8,-4.561631614382775,0.33998564870264725,-0.13998564870264726,,5
2026-01-31,B16MVPVA2NE,MVP BOS 16 Blue,MVPVA,16,2,B16JHEAT1GE,CJ HEAT 16-1 Boys,B16,False,-19.0,-2.0,-16.34371713638192,-6.764820996552616,-9.578896139829304,0.3596042273314891,-0.3596042273314891,False,0.0,-11.8,-1.6,-3.9773932208536182,0.3316966177163073,-0.3316966177163073,,6
2026-01-31,B16MVPVA2NE,MVP BOS 16 Blue,MVPVA,16,2,B16LHVBC2NE,LHV Boys 16-2 Hunters,B16,False,-9.0,-2.0,-16.34371713638192,-1.4909678969668678,-14.85274923941505,0.2901189208656508,-0.2901189208656508,False,0.0,-14.6,-1.8,0.1176718920257211,0.2729438517936079,-0.2729438517936079,,7
2026-01-31,B16MVPVA2NE,MVP BOS 16 Blue,MVPVA,16,2,B16NESVC1NE,NE Storm 16 Lightning,B16,False,-20.0,-2.0,-16.34371713638192,3.4324314548412644,-19.776148591223183,0.23300548948222433,-0.23300548948222433,False,0.0,-16.4,-2.0,0.05518960244383662,0.2736131935999046,-0.2736131935999046,,8
2026-02-01,B16MVPVA2NE,MVP BOS 16 Blue,MVPVA,16,2,B16LHVBC2NE,LHV Boys 16-2 Hunters,B16,False,-9.0,-1.0,-16.34371713638192,-1.4909678969668678,-14.85274923941505,0.2901189208656508,-0.2901189208656508,False,0.0,-16.6,-1.8,-0.6781437308894562,0.2822752318541276,-0.2822752318541276,,9
2026-02-01,B16MVPVA2NE,MVP BOS 16 Blue,MVPVA,16,2,B16MCJVB2NE,Mill City 16 Royal,B16,False,7.0,-1.0,-16.34371713638192,-19.066001246371826,2.722284109989907,0.5409094683308442,-0.5409094683308442,True,0.0,-10.0,-1.6,-5.076065316403382,0.34275140537517185,-0.3427514053751718,0.0,10
2026-02-06,B16MVPVA2NE,MVP BOS 16 Blue,MVPVA,16,2,B16CORE12GE,CORE Boys 16 Titanium,B16,False,-28.0,-2.0,-16.34371713638192,8.268158363541186,-24.611875499923105,0.18501287944270794,-0.18501287944270794,False,0.0,-11.8,-1.6,-2.069469444384622,0.3078331357974156,-0.3078331357974156,0.0,11
2026-02-06,B16MVPVA2NE,MVP BOS 16 Blue,MVPVA,16,2,B16CAPIT1XL,CSVC 16 WOLFJAW,B16,False,-20.0,-2.0,-16.34371713638192,11.4846186337592,-27.828335770141116,0.15755641729068837,-0.15755641729068837,False,0.0,-14.0,-1.6,0.5256478617605911,0.2813206350824231,-0.2813206350824231,0.0,12
2026-02-06,B16MVPVA2NE,MVP BOS 16 Blue,MVPVA,16,2,B16SPTMC4GE,Sportime 16 4,B16,False,-15.0,-2.0,-16.34371713638192,-8.612172422338178,-7.731544714043741,0.38561357906043187,-0.38561357906043187,False,0.0,-13.0,-1.6,-1.8832729136752975,0.3118422529980646,-0.3118422529980646,0.0,13
2026-02-07,B16MVPVA2NE,MVP BOS 16 Blue,MVPVA,16,2,B16NYCIV2GE,NYC Impact 16U Travel,B16,False,-30.0,-2.0,-16.34371713638192,15.768343777596025,-32.11206091397794,0.12624264646688169,-0.12624264646688169,False,0.0,-17.2,-1.8,1.5685894212372813,0.2790669981183108,-0.2790669981183108,0.0,14
2026-02-07,B16MVPVA2NE,MVP BOS 16 Blue,MVPVA,16,2,B16LCVBC2GE,Legacy Boys 16 Premier,B16,False,-11.0,-2.0,-16.34371713638192,-0.9315945557024364,-15.412122580679483,0.2832278929812775,-0.2832278929812775,False,0.0,-20.8,-2.0,5.19547075937116,0.22753068304839746,-0.22753068304839746,,15
2026-02-07,B16MVPVA2NE,MVP BOS 16 Blue,MVPVA,16,2,B16ALLIN1FL,AVA 16 Boys,B16,False,-1.0,-1.0,-16.34371713638192,-3.178067176989841,-13.165649959392077,0.3114890684126671,-0.3114890684126671,False,0.0,-15.4,-1.8,2.906225651264954,0.2528259208423893,-0.2528259208423893,,16
2026-02-08,B16MVPVA2NE,MVP BOS 16 Blue,MVPVA,16,2,B16LIFRY2GE,LI Fury 16 2,B16,False,-8.0,-2.0,-16.34371713638192,-9.893044074832407,-6.450673061549512,0.4040490798650173,-0.4040490798650173,False,0.0,-13.0,-1.8,-1.3693068904533672,0.3021244533572551,-0.3021244533572551,,17
2025-11-22,B16NESVC1NE,NE Storm 16 Lightning,NESVC,16,1,B16RRJVB1NE,Boston United Boys 16 National 1,B16,True,6.0,2.0,3.4324314548412644,0.8696593071779559,2.5627721476633085,0.53852217431784,0.46147782568216,True,1.0,6.0,2.0,0.8696593071779559,0.53852217431784,0.46147782568216,1.0,1
2025-11-22,B16NESVC1NE,NE Storm 16 Lightning,NESVC,16,1,B16MVPVA1NE,MVP BOS 16 Black,B16,True,2.0,1.0,3.4324314548412644,6.4550379803343665,-3.022606525493102,0.4546010128032825,0.5453989871967175,True,1.0,4.0,1.5,3.662348643756161,0.4965615935605613,0.5034384064394388,1.0,2
2025-11-22,B16NESVC1NE,NE Storm 16 Lightning,NESVC,16,1,B16TACCU1GE,Accuracy 16 Champ,B16,False,-4.0,-1.0,3.4324314548412644,2.3917806098039236,1.0406508450373408,0.5156684175560093,-0.5156684175560093,True,0.6666666666666666,1.3333333333333333,0.6666666666666666,3.2388259657720817,0.5029305348923773,0.1637361317742894,0.6666666666666666,3
2025-11-23,B16NESVC1NE,NE Storm 16 Lightning,NESVC,16,1,B16MCJVB1NE,Mill City 16's,B16,False,-13.0,-2.0,3.4324314548412644,9.459366429713532,-6.026934974872267,0.4102108553530271,-0.4102108553530271,False,0.5,-2.25,0.0,4.793961081757445,0.47975061500753974,0.020249384992460276,0.6666666666666666,4
2025-11-23,B16NESVC1NE,NE Storm 16 Lightning,NESVC,16,1,B16SJVBC1NE,South County Juniors Boys 16's Blue,B16,True,12.0,2.0,3.4324314548412644,-3.257592123047605,6.690023577888869,0.5994182352183095,0.4005817647816905,False,0.6,0.6,0.4,3.183650440796435,0.5036841390496937,0.09631586095030632,0.6666666666666666,5
2026-01-17,B16NESVC1NE,NE Storm 16 Lightning,NESVC,16,1,B16PVJVB1NE,PV Boys 16 1,B16,True,9.0,2.0,3.4324314548412644,-8.842336914611254,12.274768369452518,0.6768855544501936,0.3231144455498064,False,0.6,1.2,0.4,1.2412511964385928,0.5313568150761644,0.0686431849238356,0.5,6
2026-01-17,B16NESVC1NE,NE Storm 16 Lightning,NESVC,16,1,B16MVNER1NE,Meraki VB 16 1,B16,True,23.0,2.0,3.4324314548412644,-10.953719540849232,14.386150995690496,0.7040577928562597,0.2959422071437403,False,0.6,5.4,0.6,-2.2405003077981265,0.5812481710867599,0.018751828913240155,0.0,7
2026-01-17,B16NESVC1NE,NE Storm 16 Lightning,NESVC,16,1,B16LEGIO1XL,TeamLVC Boys 16 Black,B16,False,-13.0,-2.0,3.4324314548412644,13.632552538073494,-10.20012108323223,0.35103151957516116,-0.35103151957516116,False,0.6,3.6,0.4,0.007654077855787378,0.5483207914905902,0.05167920850940978,,8
2026-01-17,B16NESVC1NE,NE Storm 16 Lightning,NESVC,16,1,B16TTVBC1NE,SLAM 16 1 Boys,B16,True,5.0,1.0,3.4324314548412644,-3.5169299399193092,6.949361394760574,0.6031638783538901,0.39683612164610993,False,0.8,7.2,1.0,-2.587605196070781,0.5869113960907628,0.21308860390923717,,9
2026-01-18,B16NESVC1NE,NE Storm 16 Lightning,NESVC,16,1,B16BVJVB1NE,Blast 16 Inferno,B16,True,24.0,2.0,3.4324314548412644,-5.9092173637141405,9.341648818555406,0.6370976878159011,0.36290231218409885,False,0.8,9.6,1.0,-3.117930244204088,0.5944472866102812,0.20555271338971887,,10
2026-01-18,B16NESVC1NE,NE Storm 16 Lightning,NESVC,16,1,B16SYRVB1XL,SVC 16 1 Boys,B16,False,-21.0,-2.0,3.4324314548412644,12.369800353996835,-8.93736889915557,0.3685520890641016,-0.3685520890641016,False,0.6,3.6,0.2,1.1244972095175298,0.5327805935330627,0.06721940646693726,,11
2026-01-19,B16NESVC1NE,NE Storm 16 Lightning,NESVC,16,1,B16LEGIO1XL,TeamLVC Boys 16 Black,B16,False,-16.0,-2.0,3.4324314548412644,13.632552538073494,-10.20012108323223,0.35103151957516116,-0.35103151957516116,False,0.4,-4.2,-0.6,6.041751625302075,0.4621753388768431,-0.06217533887684303,,12
2026-01-31,B16NESVC1NE,NE Storm 16 Lightning,NESVC,16,1,B16LHVBC2NE,LHV Boys 16-2 Hunters,B16,True,17.0,2.0,3.4324314548412644,-1.4909678969668678,4.923399351808133,0.5736138588910344,0.42638614110896556,True,0.6,1.8,0.2,3.0170475382940025,0.5066918067400177,0.09330819325998231,1.0,13
2026-01-31,B16NESVC1NE,NE Storm 16 Lightning,NESVC,16,1,B16MVPVA2NE,MVP BOS 16 Blue,B16,True,20.0,2.0,3.4324314548412644,-16.34371713638192,19.776148591223183,0.7669945105177757,0.23300548948222433,False,0.6,4.8,0.4,0.4516900990014804,0.5394579331727949,0.060542066827205185,1.0,14
2026-01-31,B16NESVC1NE,NE Storm 16 Lightning,NESVC,16,1,B16JHEAT1GE,CJ HEAT 16-1 Boys,B16,True,12.0,2.0,3.4324314548412644,-6.764820996552616,10.19725245139388,0.648929109282259,0.351070890717741,False,0.6,2.4,0.4,0.28056937243378555,0.5418242174660663,0.058175782533933615,1.0,15
2026-02-01,B16NESVC1NE,NE Storm 16 Lightning,NESVC,16,1,B16RRJVB3NE,Boston United Boys 16 Select 1,B16,True,16.0,2.0,3.4324314548412644,2.175698769699596,1.2567326851416682,0.5189189850872807,0.48108101491271926,True,0.8,9.8,1.2,-1.7582509444256622,0.5718975966707023,0.22810240332929776,1.0,16
2026-02-01,B16NESVC1NE,NE Storm 16 Lightning,NESVC,16,1,B16SAVBC1XL,Sporting Albany Boys 16u,B16,False,-12.0,-2.0,3.4324314548412644,8.945261771940473,-5.512830317099208,0.4177245302863201,-0.4177245302863201,True,0.8,10.6,1.2,-2.6957090976522666,0.585236198812934,0.214763801187066,0.6666666666666666,17
2026-03-14,B16NESVC1NE,NE Storm 16 Lightning,NESVC,16,1,B16HKJVB1NE,Husky 16.1,B16,False,-4.0,-2.0,3.4324314548412644,11.791060472694442,-8.358629017853177,0.3767027517431156,-0.3767027517431156,False,0.6,6.4,0.4,-0.0393034237200041,0.5458539773833502,0.05414602261664977,0.5,18
2026-03-14,B16NESVC1NE,NE Storm 16 Lightning,NESVC,16,1,B16RRJVB1NE,Boston United Boys 16 National 1,B16,False,-3.0,-1.0,3.4324314548412644,0.8696593071779559,2.5627721476633085,0.53852217431784,-0.53852217431784,True,0.4,1.8,-0.2,3.4033718649919704,0.5001595101433631,-0.1001595101433631,0.3333333333333333,19
2026-03-14,B16NESVC1NE,NE Storm 16 Lightning,NESVC,16,1,B16NEVBC2NE,NEVBC Boys 16.2,B16,True,14.0,2.0,3.4324314548412644,0.8815355192584385,2.550895935582826,0.5383443600399087,0.4616556399600913,True,0.4,2.2,-0.2,4.932643168154181,0.478042560294893,-0.07804256029489305,0.5,20
2026-03-15,B16NESVC1NE,NE Storm 16 Lightning,NESVC,16,1,B16LEGIO1XL,TeamLVC Boys 16 Black,B16,False,-13.0,-2.0,3.4324314548412644,13.632552538073494,-10.20012108323223,0.35103151957516116,-0.35103151957516116,False,0.2,-3.6,-1.0,7.224013921828961,0.44446506719246914,-0.24446506719246913,0.3333333333333333,21
2026-03-15,B16NESVC1NE,NE Storm 16 Lightning,NESVC,16,1,B16SJJVB2NE,SMASH Boys 16's Fire,B16,False,-15.0,-2.0,3.4324314548412644,10.029087728428358,-6.596656273587094,0.4019331527282361,-0.4019331527282361,False,0.2,-4.2,-1.0,7.440779113126538,0.4413067916808523,-0.2413067916808523,0.5,22
2025-11-22,B16NESVC2NE,NE Storm 16 Monsoon,NESVC,16,2,B16LHVBC2NE,LHV Boys 16-2 Hunters,B16,True,17.0,2.0,3.744842902750687,-1.4909678969668678,5.235810799717555,0.5782106826944587,0.42178931730554126,True,1.0,17.0,2.0,-1.4909678969668678,0.5782106826944587,0.42178931730554126,1.0,1
2025-11-22,B16NESVC2NE,NE Storm 16 Monsoon,NESVC,16,2,B16RRJVB3NE,Boston United Boys 16 Select 1,B16,False,-11.0,-2.0,3.744842902750687,2.175698769699596,1.5691441330510907,0.523615758325417,-0.523615758325417,True,0.5,3.0,0.0,0.3423654363663642,0.5509132205099379,-0.05091322050993785,0.5,2
2025-11-22,B16NESVC2NE,NE Storm 16 Monsoon,NESVC,16,2,B16MVPVA2NE,MVP BOS 16 Blue,B16,True,11.0,1.0,3.744842902750687,-16.34371713638192,20.088560039132606,0.7703412195492594,0.22965878045074062,False,0.6666666666666666,5.666666666666667,0.3333333333333333,-5.219662087883063,0.6240558868563784,0.0426107798102883,0.5,3
2025-11-23,B16NESVC2NE,NE Storm 16 Monsoon,NESVC,16,2,B16LHVBC2NE,LHV Boys 16-2 Hunters,B16,True,14.0,2.0,3.744842902750687,-1.4909678969668678,5.235810799717555,0.5782106826944587,0.42178931730554126,True,0.75,7.75,0.75,-4.287488540154015,0.6125945858158984,0.13740541418410154,0.6666666666666666,4
2025-11-23,B16NESVC2NE,NE Storm 16 Monsoon,NESVC,16,2,B16118971XX,Supreme 16-1,B16,False,-6.0,-1.0,3.744842902750687,-0.7318998516895773,4.476742754440264,0.5670197873894948,-0.5670197873894948,True,0.6,5.0,0.4,-3.5763708024611267,0.6034796261306177,-0.003479626130617719,0.5,5
2026-01-17,B16NESVC2NE,NE Storm 16 Monsoon,NESVC,16,2,B15RRJVB2NE,Boston United Boys 15 Select 1,MIXED,True,12.0,2.0,3.744842902750687,-4.747416040919453,8.49225894367014,0.5838919045621369,0.4161080954378631,False,0.6,4.0,0.4,-4.227660431251644,0.6046158705041533,-0.004615870504153352,0.3333333333333333,6
2026-01-17,B16NESVC2NE,NE Storm 16 Monsoon,NESVC,16,2,B15SYRVB1XL,SVC 15 1 Boys,MIXED,False,-8.0,-2.0,3.744842902750687,18.045964247707875,-14.301121344957188,0.3611223139641666,-0.3611223139641666,False,0.6,4.6,0.4,-1.0536073356499884,0.5721171816319033,0.027882818368096716,0.5,7
2026-01-17,B16NESVC2NE,NE Storm 16 Monsoon,NESVC,16,2,B16BVJVB2NE,Blast 16 Pyro,B16,True,7.0,1.0,3.744842902750687,-9.686012964198403,13.43085586694909,0.6919271359962501,0.3080728640037499,False,0.6,3.8,0.4,0.27793349878671486,0.5564343649213014,0.043565635078698574,0.5,8
2026-01-18,B16NESVC2NE,NE Storm 16 Monsoon,NESVC,16,2,B15TTVBC1NE,SLAM 15 1 Boys,MIXED,True,16.0,2.0,3.744842902750687,-12.951819331073589,16.696662233824277,0.6606200398818158,0.33937996011818417,False,0.6,4.2,0.4,-2.014236788034629,0.5729162363587729,0.027083763641227155,0.0,9
2026-01-18,B16NESVC2NE,NE Storm 16 Monsoon,NESVC,16,2,B15CAPIT1XL,CSVC 15 PANTHERS,MIXED,True,12.0,2.0,3.744842902750687,-4.152183809229553,7.8970267119802395,0.5781115652586223,0.4218884347413777,True,0.8,7.8,1.0,-2.698293579542624,0.5751345919325984,0.22486540806740166,1.0,10
2026-01-18,B16NESVC2NE,NE Storm 16 Monsoon,NESVC,16,2,B15LEGIO1XL,TeamLVC Boys 15 Black,MIXED,False,-12.0,-2.0,3.744842902750687,10.228548102310683,-6.483705199559996,0.4356965460987709,-0.4356965460987709,True,0.6,3.0,0.2,0.2968992491034026,0.5454955202399251,0.05450447976007485,0.5,11
2026-01-19,B16NESVC2NE,NE Storm 16 Monsoon,NESVC,16,2,B16RRJVB3NE,Boston United Boys 16 Select 1,B16,True,13.0,1.0,3.744842902750687,2.175698769699596,1.5691441330510907,0.523615758325417,0.47638424167458304,True,0.8,7.2,0.8,-2.8771538464982536,0.5779942091121753,0.2220057908878248,0.6666666666666666,12
2026-01-19,B16NESVC2NE,NE Storm 16 Monsoon,NESVC,16,2,B15SYRVB1XL,SVC 15 1 Boys,MIXED,False,-22.0,-2.0,3.744842902750687,18.045964247707875,-14.301121344957188,0.3611223139641666,-0.3611223139641666,False,0.6,1.4,0.2,2.669241595883003,0.5118332447057585,0.08816675529424149,0.6666666666666666,13
2026-03-14,B16NESVC2NE,NE Storm 16 Monsoon,NESVC,16,2,B16MCJVB2NE,Mill City 16 Royal,B16,True,23.0,2.0,3.744842902750687,-19.066001246371826,22.810844149122513,0.7980648753722203,0.20193512462777974,False,0.6,2.8,0.2,1.4464052128233553,0.5393222118038394,0.0606777881961606,0.6666666666666666,14
2026-03-14,B16NESVC2NE,NE Storm 16 Monsoon,NESVC,16,2,B16SAVBC1XL,Sporting Albany Boys 16u,B16,False,-25.0,-2.0,3.744842902750687,8.945261771940473,-5.200418869189786,0.4223094097093337,-0.4223094097093337,True,0.4,-4.6,-0.6,4.06589432905736,0.5081617806939817,-0.10816178069398168,0.3333333333333333,15
2026-03-14,B16NESVC2NE,NE Storm 16 Monsoon,NESVC,16,2,B16PVJVB1NE,PV Boys 16 1,B16,False,-4.0,-1.0,3.744842902750687,-8.842336914611254,12.58717981736194,0.680988205984845,-0.680988205984845,False,0.4,-3.0,-0.4,0.25171732567297306,0.5572201126711965,-0.1572201126711965,0.5,16
2026-03-15,B16NESVC2NE,NE Storm 16 Monsoon,NESVC,16,2,B16CAPIT1XL,CSVC 16 WOLFJAW,B16,False,-8.0,-2.0,3.744842902750687,11.4846186337592,-7.739775731008512,0.38549610415936636,-0.38549610415936636,False,0.2,-7.2,-1.0,2.1135012984848935,0.5295961818379864,-0.32959618183798634,0.0,17
2026-03-15,B16NESVC2NE,NE Storm 16 Monsoon,NESVC,16,2,B16PVJVB1NE,PV Boys 16 1,B16,True,4.0,1.0,3.744842902750687,-8.842336914611254,12.58717981736194,0.680988205984845,0.319011794015155,False,0.4,-2.0,-0.4,-3.264158933978932,0.5935693602421221,-0.19356936024212207,0.0,18
2025-12-20,B16NEVBC1NE,NEVBC Boys 16.1,NEVBC,16,1,B16SJJVB2NE,SMASH Boys 16's Fire,B16,False,-15.0,-2.0,9.42439749835197,10.029087728428358,-0.6046902300763879,0.49089358915276854,-0.49089358915276854,True,0.0,-15.0,-2.0,10.029087728428358,0.49089358915276854,-0.49089358915276854,0.0,1
2025-12-20,B16NEVBC1NE,NEVBC Boys 16.1,NEVBC,16,1,B16MCJVB1NE,Mill City 16's,B16,True,-2.0,1.0,9.42439749835197,9.459366429713532,-0.03496893136156132,0.49947332280399703,0.500526677196003,True,0.5,-8.5,-0.5,9.744227079070946,0.49518345597838276,0.004816544021617214,0.5,2
2025-12-20,B16NEVBC1NE,NEVBC Boys 16.1,NEVBC,16,1,B16SAVBC1XL,Sporting Albany Boys 16u,B16,True,5.0,1.0,9.42439749835197,8.945261771940473,0.4791357264114975,0.5072159034850967,0.4927840965149033,True,0.6666666666666666,-4.0,0.0,9.477905310027454,0.4991942718139541,0.1674723948527126,0.6666666666666666,3
2025-12-21,B16NEVBC1NE,NEVBC Boys 16.1,NEVBC,16,1,B16CAPIT1XL,CSVC 16 WOLFJAW,B16,False,-5.0,-1.0,9.42439749835197,11.4846186337592,-2.060221135407229,0.46901017567624836,-0.46901017567624836,True,0.5,-4.25,-0.25,9.97958364096039,0.49164824777952765,0.008351752220472339,0.5,4
2025-12-21,B16NEVBC1NE,NEVBC Boys 16.1,NEVBC,16,1,B16RRJVB1NE,Boston United Boys 16 National 1,B16,True,29.0,2.0,9.42439749835197,0.8696593071779559,8.554738191174014,0.6260672305404037,0.3739327694595963,False,0.6,2.4,0.2,8.157598774203903,0.5185320443317029,0.08146795566829713,0.5,5
2026-01-31,B16NEVBC1NE,NEVBC Boys 16.1,NEVBC,16,1,B16LHVBC1NE,LHV Boys 16-1 Valiants,B16,True,7.0,1.0,9.42439749835197,2.923606681197808,6.500790817154162,0.5966777494007618,0.4033222505992382,False,0.8,6.8,0.8,6.736502564757794,0.5396888763813015,0.26031112361869846,0.6666666666666666,6
2026-01-31,B16NEVBC1NE,NEVBC Boys 16.1,NEVBC,16,1,B16SJJVB2NE,SMASH Boys 16's Fire,B16,True,1.0,1.0,9.42439749835197,10.029087728428358,-0.6046902300763879,0.49089358915276854,0.5091064108472314,True,0.8,7.4,0.8,6.850446824500759,0.5379729296510558,0.2620270703489441,0.6666666666666666,7
2026-01-31,B16NEVBC1NE,NEVBC Boys 16.1,NEVBC,16,1,B16SJJVB1NE,SMASH Boys 16-1,B16,False,-16.0,-2.0,9.42439749835197,14.978260869565045,-5.553863371213074,0.4171233758171903,-0.4171233758171903,False,0.6,3.2,0.2,8.057046644025672,0.5199544241174745,0.08004557588252545,0.5,8
2026-02-01,B16NEVBC1NE,NEVBC Boys 16.1,NEVBC,16,1,B16HKJVB1NE,Husky 16.1,B16,False,-3.0,-1.0,9.42439749835197,11.791060472694442,-2.3666629743424714,0.46441525410450923,-0.46441525410450923,True,0.6,3.6,0.2,8.118335011812722,0.5190354398031267,0.08096456019687329,0.5,9
2026-02-01,B16NEVBC1NE,NEVBC Boys 16.1,NEVBC,16,1,B16MCJVB1NE,Mill City 16's,B16,True,6.0,1.0,9.42439749835197,9.459366429713532,-0.03496893136156132,0.49947332280399703,0.500526677196003,True,0.6,-1.0,0.0,9.836276436319837,0.49371665825584543,0.10628334174415462,0.6666666666666666,10
2026-01-31,B16NEVBC2NE,NEVBC Boys 16.2,NEVBC,16,2,B16PVJVB2NE,PV Boys 16 2,B16,True,22.0,2.0,0.8815355192584385,-12.651272613839689,13.532808133098127,0.693234871672822,0.30676512832717795,False,1.0,22.0,2.0,-12.651272613839689,0.693234871672822,0.30676512832717795,,1
2026-01-31,B16NEVBC2NE,NEVBC Boys 16.2,NEVBC,16,2,B16MCJVB2NE,Mill City 16 Royal,B16,True,27.0,2.0,0.8815355192584385,-19.066001246371826,19.947536765630264,0.7688346981318622,0.23116530186813777,False,1.0,24.5,2.0,-15.858636930105757,0.7310347849023422,0.26896521509765786,,2
2026-01-31,B16NEVBC2NE,NEVBC Boys 16.2,NEVBC,16,2,B16RRJVB3NE,Boston United Boys 16 Select 1,B16,True,21.0,2.0,0.8815355192584385,2.175698769699596,-1.2941632504411578,0.4805180935128311,0.519481906487169,True,1.0,23.333333333333332,2.0,-9.847191696837305,0.6475292211058384,0.3524707788941616,1.0,3
2026-02-01,B16NEVBC2NE,NEVBC Boys 16.2,NEVBC,16,2,B16118971XX,Supreme 16-1,B16,True,7.0,1.0,0.8815355192584385,-0.7318998516895773,1.6134353709480158,0.5242813112499904,0.47571868875000956,True,1.0,19.25,1.75,-7.568368735550374,0.6167172436418764,0.3832827563581236,1.0,4
2026-02-01,B16NEVBC2NE,NEVBC Boys 16.2,NEVBC,16,2,B16HKJVB2NE,Husky 16.2,B16,True,16.0,2.0,0.8815355192584385,-10.514891211254358,11.396426730512797,0.6652056502526956,0.3347943497473044,False,1.0,18.6,1.8,-8.15767323069117,0.6264149249640403,0.3735850750359597,1.0,5
2026-02-01,B16NEVBC2NE,NEVBC Boys 16.2,NEVBC,16,2,B16SAVBC1XL,Sporting Albany Boys 16u,B16,False,-13.0,-2.0,0.8815355192584385,8.945261771940473,-8.063726252682034,0.3808833274714735,-0.3808833274714735,False,0.8,11.6,1.0,-3.8383663535351387,0.5639446161237707,0.23605538387622943,1.0,6
2026-03-14,B16NEVBC2NE,NEVBC Boys 16.2,NEVBC,16,2,B16TTVBC1NE,SLAM 16 1 Boys,B16,True,3.0,1.0,0.8815355192584385,-3.5169299399193092,4.398465459177748,0.5658616479318093,0.43413835206819074,True,0.8,6.8,0.8,-0.7285520922446351,0.5233500060837599,0.27664999391624,1.0,7
2026-03-14,B16NEVBC2NE,NEVBC Boys 16.2,NEVBC,16,2,B16LEGIO1XL,TeamLVC Boys 16 Black,B16,False,-18.0,-2.0,0.8815355192584385,13.632552538073494,-12.751017018815055,0.31687135679435363,-0.31687135679435363,False,0.6,-1.0,0.0,1.5628186614301445,0.49062065874006455,0.1093793412599355,1.0,8
2026-03-14,B16NEVBC2NE,NEVBC Boys 16.2,NEVBC,16,2,B16NESVC1NE,NE Storm 16 Lightning,B16,False,-14.0,-2.0,0.8815355192584385,3.4324314548412644,-2.550895935582826,0.46165563996009135,-0.46165563996009135,True,0.4,-5.2,-0.6,2.3956849227363124,0.4780955244820847,-0.07809552448208468,0.5,9
2026-03-15,B16NEVBC2NE,NEVBC Boys 16.2,NEVBC,16,2,B16SJVBC1NE,South County Juniors Boys 16's Blue,B16,True,5.0,2.0,0.8815355192584385,-3.257592123047605,4.139127642306043,0.5620195816639098,0.43798041833609025,True,0.4,-7.4,-0.6,3.847144740377663,0.4574583107643275,-0.0574583107643275,0.6666666666666666,10
2026-03-15,B16NEVBC2NE,NEVBC Boys 16.2,NEVBC,16,2,B16TTVBC1NE,SLAM 16 1 Boys,B16,False,-7.0,-2.0,0.8815355192584385,-3.5169299399193092,4.398465459177748,0.5658616479318093,-0.5658616479318093,True,0.4,-6.2,-0.6,1.3547063980057068,0.49445397485639464,-0.09445397485639465,0.5,11
2025-11-22,B16NEVBC3NE,NEVBC Boys 16 Blue,NEVBC,16,3,B16LHVBC1NE,LHV Boys 16-1 Valiants,B16,False,-25.0,-2.0,-16.471125511924935,2.923606681197808,-19.394732193122742,0.23713723447972807,-0.23713723447972807,False,0.0,-25.0,-2.0,2.923606681197808,0.23713723447972807,-0.23713723447972807,,1
2025-11-22,B16NEVBC3NE,NEVBC Boys 16 Blue,NEVBC,16,3,B16MCJVB2NE,Mill City 16 Royal,B16,True,1.0,1.0,-16.471125511924935,-19.066001246371826,2.594875734446891,0.5390027898477454,0.4609972101522546,True,0.5,-12.0,-0.5,-8.07119728258701,0.3880700121637367,0.11192998783626326,1.0,2
2025-11-22,B16NEVBC3NE,NEVBC Boys 16 Blue,NEVBC,16,3,B16118971XX,Supreme 16-1,B16,False,-24.0,-2.0,-16.471125511924935,-0.7318998516895773,-15.739225660235357,0.27924444823855743,-0.27924444823855743,False,0.3333333333333333,-16.0,-1.0,-5.624764805621198,0.35179482418867697,-0.018461490855343637,1.0,3
2025-11-23,B16NEVBC3NE,NEVBC Boys 16 Blue,NEVBC,16,3,B16BVJVB2NE,Blast 16 Pyro,B16,False,4.0,-1.0,-16.471125511924935,-9.686012964198403,-6.785112547726532,0.3992070103976699,-0.3992070103976699,False,0.25,-11.0,-1.0,-6.6400768452655,0.3636478707409252,-0.11364787074092521,1.0,4
2025-11-23,B16NEVBC3NE,NEVBC Boys 16 Blue,NEVBC,16,3,B16MCJVB2NE,Mill City 16 Royal,B16,True,1.0,1.0,-16.471125511924935,-19.066001246371826,2.594875734446891,0.5390027898477454,0.4609972101522546,True,0.4,-8.6,-0.6,-9.125261725486766,0.3987188545622892,0.0012811454377107511,1.0,5
2026-03-14,B16NEVBC3NE,NEVBC Boys 16 Blue,NEVBC,16,3,B16RRJVB3NE,Boston United Boys 16 Select 1,B16,False,-8.0,-1.0,-16.471125511924935,2.175698769699596,-18.646824281624532,0.24538462873425287,-0.24538462873425287,False,0.4,-5.2,-0.4,-9.274843307786409,0.4003683334131942,-0.00036833341319421066,1.0,6
2026-03-14,B16NEVBC3NE,NEVBC Boys 16 Blue,NEVBC,16,3,B16CAPIT1XL,CSVC 16 WOLFJAW,B16,False,-30.0,-2.0,-16.471125511924935,11.4846186337592,-27.955744145684136,0.15654027381714508,-0.15654027381714508,False,0.2,-11.4,-1.0,-3.1647193317602023,0.32387583020707417,-0.12387583020707416,1.0,7
2026-03-14,B16NEVBC3NE,NEVBC Boys 16 Blue,NEVBC,16,3,B16BVJVB2NE,Blast 16 Pyro,B16,True,17.0,2.0,-16.471125511924935,-9.686012964198403,-6.785112547726532,0.3992070103976699,0.6007929896023301,False,0.4,-3.2,-0.2,-4.955541954261967,0.34786834263889665,0.052131657361103347,1.0,8
2026-03-15,B16NEVBC3NE,NEVBC Boys 16 Blue,NEVBC,16,3,B16SAVBC1XL,Sporting Albany Boys 16u,B16,False,-19.0,-2.0,-16.471125511924935,8.945261771940473,-25.416387283865408,0.17781601176037132,-0.17781601176037132,False,0.4,-7.8,-0.4,-1.2292870070341924,0.30359014291143693,0.09640985708856306,1.0,9
2026-03-15,B16NEVBC3NE,NEVBC Boys 16 Blue,NEVBC,16,3,B16HKJVB2NE,Husky 16.2,B16,True,1.0,1.0,-16.471125511924935,-10.514891211254358,-5.956234300670577,0.41124175230135157,0.5887582476986484,False,0.4,-7.8,-0.4,0.4809349999893012,0.27803793540215815,0.12196206459784183,,10
2025-11-22,B16NEVBC4NE,NEVBC Boys 16 Orange,NEVBC,16,4,B16BVJVB2NE,Blast 16 Pyro,B16,False,-12.0,-2.0,-21.966293461363563,-9.686012964198403,-12.28028049716516,0.3230418202924946,-0.3230418202924946,False,0.0,-12.0,-2.0,-9.686012964198403,0.3230418202924946,-0.3230418202924946,,1
2025-11-22,B16NEVBC4NE,NEVBC Boys 16 Orange,NEVBC,16,4,B16MVPVA2NE,MVP BOS 16 Blue,B16,True,-5.0,1.0,-21.966293461363563,-16.34371713638192,-5.622576324981644,0.416117249520852,0.583882750479148,False,0.5,-8.5,-0.5,-13.014865050290162,0.3695795349066733,0.13042046509332667,,2
2025-11-22,B16NEVBC4NE,NEVBC Boys 16 Orange,NEVBC,16,4,B16LHVBC2NE,LHV Boys 16-2 Hunters,B16,False,-12.0,-1.0,-21.966293461363563,-1.4909678969668678,-20.475325564396694,0.22556250059978733,-0.22556250059978733,False,0.3333333333333333,-9.666666666666666,-0.6666666666666666,-9.173565999182397,0.321573856804378,0.011759476528955334,,3
2025-11-23,B16NEVBC4NE,NEVBC Boys 16 Orange,NEVBC,16,4,B16MCJVB2NE,Mill City 16 Royal,B16,True,13.0,2.0,-21.966293461363563,-19.066001246371826,-2.9002922149917367,0.4564286401603411,0.5435713598396589,True,0.5,-4.0,0.0,-11.646674810979754,0.35528755264336875,0.14471244735663122,1.0,4
2025-11-23,B16NEVBC4NE,NEVBC Boys 16 Orange,NEVBC,16,4,B16BVJVB2NE,Blast 16 Pyro,B16,True,19.0,2.0,-21.966293461363563,-9.686012964198403,-12.28028049716516,0.3230418202924946,0.6769581797075054,False,0.6,0.6,0.4,-11.254542441623483,0.34883840617319395,0.25116159382680603,1.0,5
2026-03-14,B16NEVBC4NE,NEVBC Boys 16 Orange,NEVBC,16,4,B16HKJVB2NE,Husky 16.2,B16,False,-18.0,-2.0,-21.966293461363563,-10.514891211254358,-11.451402250109204,0.3340571456563111,-0.3340571456563111,False,0.6,-0.6,0.4,-11.420318091034675,0.3510414712459572,0.24895852875404278,1.0,6
2026-03-14,B16NEVBC4NE,NEVBC Boys 16 Orange,NEVBC,16,4,B16118971XX,Supreme 16-1,B16,False,-28.0,-2.0,-21.966293461363563,-0.7318998516895773,-21.234393609673987,0.21767453441687595,-0.21767453441687595,False,0.4,-5.2,-0.2,-8.297954634096206,0.31135292822516203,0.08864707177483797,1.0,7
2026-03-14,B16NEVBC4NE,NEVBC Boys 16 Orange,NEVBC,16,4,B16PVJVB2NE,PV Boys 16 2,B16,False,-13.0,-2.0,-21.966293461363563,-12.651272613839689,-9.315020847523874,0.36327329310856743,-0.36327329310856743,False,0.4,-5.4,-0.4,-10.530015577470772,0.33889508672691804,0.06110491327308195,1.0,8
2026-03-15,B16NEVBC4NE,NEVBC Boys 16 Orange,NEVBC,16,4,B16BVJVB2NE,Blast 16 Pyro,B16,False,-4.0,-2.0,-21.966293461363563,-9.686012964198403,-12.28028049716516,0.3230418202924946,-0.3230418202924946,False,0.2,-8.8,-1.2,-8.654017921036086,0.3122177227533488,-0.11221772275334874,,9
2026-03-15,B16NEVBC4NE,NEVBC Boys 16 Orange,NEVBC,16,4,B16MCJVB2NE,Mill City 16 Royal,B16,False,-6.0,-2.0,-21.966293461363563,-19.066001246371826,-2.9002922149917367,0.4564286401603411,-0.4564286401603411,True,0.0,-13.8,-2.0,-10.530015577470772,0.33889508672691804,-0.3388950867269181,0.0,10
2026-02-06,B16NYCIV2GE,NYC Impact 16U Travel,NYCIV,16,2,B16ALLIN1FL,AVA 16 Boys,B16,True,26.0,2.0,15.768343777596025,-3.178067176989841,18.946410954585865,0.7579420805439766,0.2420579194560234,False,1.0,26.0,2.0,-3.178067176989841,0.7579420805439766,0.2420579194560234,,1
2026-02-06,B16NYCIV2GE,NYC Impact 16U Travel,NYCIV,16,2,B16SPTMC6GE,Sportime 16 Lynbrook,B16,True,11.0,2.0,15.768343777596025,5.664079226019568,10.104264551576456,0.6476517820431614,0.35234821795683857,False,1.0,18.5,2.0,1.2430060245148633,0.702796931293569,0.297203068706431,,2
2026-02-06,B16NYCIV2GE,NYC Impact 16U Travel,NYCIV,16,2,B161130588XX,NY Strangers 16,B16,True,4.0,2.0,15.768343777596025,16.82439971690086,-1.0560559393048354,0.48409979300572586,0.5159002069942742,True,1.0,13.666666666666666,2.0,6.436803921976863,0.6298978851976212,0.3701021148023787,1.0,3
2026-02-07,B16NYCIV2GE,NYC Impact 16U Travel,NYCIV,16,2,B16MVPVA2NE,MVP BOS 16 Blue,B16,True,30.0,2.0,15.768343777596025,-16.34371713638192,32.11206091397794,0.8737573535331183,0.12624264646688166,False,1.0,17.75,2.0,0.7416736573871665,0.6908627522814956,0.3091372477185045,1.0,4
2026-02-07,B16NYCIV2GE,NYC Impact 16U Travel,NYCIV,16,2,B16LCVBC2GE,Legacy Boys 16 Premier,B16,True,11.0,2.0,15.768343777596025,-0.9315945557024364,16.699938333298462,0.7322544140648581,0.26774558593514186,False,1.0,16.4,2.0,0.4070200147692459,0.6991410846381682,0.30085891536183196,1.0,5
2026-02-07,B16NYCIV2GE,NYC Impact 16U Travel,NYCIV,16,2,B16SPTMC6GE,Sportime 16 Lynbrook,B16,True,6.0,1.0,15.768343777596025,5.664079226019568,10.104264551576456,0.6476517820431614,0.35234821795683857,False,1.0,12.4,1.8,2.175449295371128,0.677083024938005,0.322916975061995,1.0,6
2026-02-08,B16NYCIV2GE,NYC Impact 16U Travel,NYCIV,16,2,B16CAPIT1XL,CSVC 16 WOLFJAW,B16,True,17.0,2.0,15.768343777596025,11.4846186337592,4.283725143836826,0.5641627284534758,0.4358372715465242,True,1.0,13.6,1.8,3.3395571769190537,0.6603852142200679,0.3396147857799321,1.0,7
2026-02-08,B16NYCIV2GE,NYC Impact 16U Travel,NYCIV,16,2,B161130588XX,NY Strangers 16,B16,False,-4.0,-1.0,15.768343777596025,16.82439971690086,-1.0560559393048354,0.48409979300572586,-0.48409979300572586,True,0.8,12.0,1.2,3.3395571769190537,0.6603852142200679,0.13961478577993208,0.5,8
2026-01-31,B16NYCVA1GE,NYC VBA 16 Hudson,NYCVA,16,1,B16MCJVB1NE,Mill City 16's,B16,False,-6.0,-2.0,9.769248976932108,9.459366429713532,0.3098825472185762,0.5046670969058269,-0.5046670969058269,True,0.0,-6.0,-2.0,9.459366429713532,0.5046670969058269,-0.5046670969058269,0.0,1
2026-01-31,B16NYCVA1GE,NYC VBA 16 Hudson,NYCVA,16,1,B16BVJVB1NE,Blast 16 Inferno,B16,True,24.0,2.0,9.769248976932108,-5.9092173637141405,15.67846634064625,0.7200182278015773,0.2799817721984227,False,0.5,9.0,0.0,1.7750745329996955,0.612342662353702,-0.1123426623537021,0.0,2
2026-01-31,B16NYCVA1GE,NYC VBA 16 Hudson,NYCVA,16,1,B16TTVBC1NE,SLAM 16 1 Boys,B16,True,6.0,2.0,9.769248976932108,-3.5169299399193092,13.286178916851417,0.6900660783497501,0.3099339216502499,False,0.6666666666666666,8.0,0.6666666666666666,0.011073042026693939,0.638250467685718,0.028416198980948566,0.0,3
2026-02-01,B16NYCVA1GE,NYC VBA 16 Hudson,NYCVA,16,1,B16MVPVA1NE,MVP BOS 16 Black,B16,True,12.0,2.0,9.769248976932108,6.4550379803343665,3.3142109965977413,0.5497511367740349,0.45024886322596513,True,0.75,9.0,1.0,1.622064276603612,0.6161256349577973,0.1338743650422027,0.5,4
2026-02-01,B16NYCVA1GE,NYC VBA 16 Hudson,NYCVA,16,1,B16SJJVB1NE,SMASH Boys 16-1,B16,False,-18.0,-2.0,9.769248976932108,14.978260869565045,-5.209011892632937,0.4221831174077205,-0.4221831174077205,True,0.6,3.6,0.4,4.293303595195899,0.5773371314477819,0.022662868552218062,0.3333333333333333,5
2026-02-06,B16NYCVA1GE,NYC VBA 16 Hudson,NYCVA,16,1,B16LCVBC1GE,Legacy Boys 16 National,B16,True,10.0,2.0,9.769248976932108,-1.581103602488461,11.35035257942057,0.6645871888256424,0.3354128111743576,False,0.8,6.8,1.2,2.0852095887554998,0.609321149831745,0.19067885016825498,0.5,6
2026-02-06,B16NYCVA1GE,NYC VBA 16 Hudson,NYCVA,16,1,B16SJVBC1NE,South County Juniors Boys 16's Blue,B16,True,14.0,2.0,9.769248976932108,-3.257592123047605,13.026841099979713,0.6867146443516218,0.3132853556483782,False,0.8,4.8,1.2,2.615534636888807,0.602660433141754,0.19733956685824608,0.5,7
2026-02-06,B16NYCVA1GE,NYC VBA 16 Hudson,NYCVA,16,1,B16LIFRY1GE,LI Fury 16 1,B16,True,1.0,1.0,9.769248976932108,7.421158028148346,2.348090948783762,0.5353064328904916,0.4646935671095084,True,0.8,3.8,1.0,4.803152230502339,0.5717085040499023,0.22829149595009776,0.6666666666666666,8
2026-02-07,B16NYCVA1GE,NYC VBA 16 Hudson,NYCVA,16,1,B16CORE11GE,CORE Boys 16 Platinum,B16,False,-12.0,-2.0,9.769248976932108,15.300393022171596,-5.531144045239488,0.41745619482042623,-0.41745619482042623,True,0.6,-1.0,0.2,6.5722232388697845,0.5452495156591806,0.05475048434081949,0.3333333333333333,9
2026-02-07,B16NYCVA1GE,NYC VBA 16 Hudson,NYCVA,16,1,B16RRJVB1NE,Boston United Boys 16 National 1,B16,True,10.0,1.0,9.769248976932108,0.8696593071779559,8.899589669754151,0.6309180748028638,0.36908192519713623,False,0.8,4.6,0.8,3.750502926392366,0.5869965071382092,0.21300349286179085,0.5,10
2026-02-07,B16NYCVA1GE,NYC VBA 16 Hudson,NYCVA,16,1,B16LHVBC1NE,LHV Boys 16-1 Valiants,B16,True,8.0,2.0,9.769248976932108,2.923606681197808,6.8456422957343,0.6016672767800526,0.3983327232199474,False,0.8,4.2,0.8,4.65144498312962,0.5744125247290912,0.22558747527090878,0.5,11
2026-02-08,B16NYCVA1GE,NYC VBA 16 Hudson,NYCVA,16,1,B16LIFRY1GE,LI Fury 16 1,B16,True,10.0,2.0,9.769248976932108,7.421158028148346,2.348090948783762,0.5353064328904916,0.4646935671095084,True,0.8,3.4,0.8,6.787195013368811,0.5441308824368651,0.2558691175631348,0.6666666666666666,12
2026-02-08,B16NYCVA1GE,NYC VBA 16 Hudson,NYCVA,16,1,B16CORE11GE,CORE Boys 16 Platinum,B16,False,-6.0,-2.0,9.769248976932108,15.300393022171596,-5.531144045239488,0.41745619482042623,-0.41745619482042623,True,0.6,2.0,0.2,8.36304201217346,0.5205608348228521,0.0794391651771479,0.3333333333333333,13
2026-01-17,B16PVJVB1NE,PV Boys 16 1,PVJVB,16,1,B16NESVC1NE,NE Storm 16 Lightning,B16,False,-9.0,-2.0,-8.842336914611254,3.4324314548412644,-12.274768369452518,0.3231144455498064,-0.3231144455498064,False,0.0,-9.0,-2.0,3.4324314548412644,0.3231144455498064,-0.3231144455498064,,1
2026-01-17,B16PVJVB1NE,PV Boys 16 1,PVJVB,16,1,B16SYRVB1XL,SVC 16 1 Boys,B16,False,-19.0,-2.0,-8.842336914611254,12.369800353996835,-21.21213726860809,0.21790295515724897,-0.21790295515724897,False,0.0,-14.0,-2.0,7.90111590441905,0.2705087003535277,-0.2705087003535277,,2
2026-01-17,B16PVJVB1NE,PV Boys 16 1,PVJVB,16,1,B16BVJVB1NE,Blast 16 Inferno,B16,False,-8.0,-2.0,-8.842336914611254,-5.9092173637141405,-2.9331195508971133,0.45593801497756203,-0.45593801497756203,True,0.0,-12.0,-2.0,3.2976714817079866,0.33231847189487246,-0.33231847189487246,0.0,3
2026-01-18,B16PVJVB1NE,PV Boys 16 1,PVJVB,16,1,B16LEGIO1XL,TeamLVC Boys 16 Black,B16,False,-14.0,-2.0,-8.842336914611254,13.632552538073494,-22.47488945268475,0.2052165768627006,-0.2052165768627006,False,0.0,-12.5,-2.0,5.881391745799363,0.3005429981368295,-0.3005429981368295,0.0,4
2026-01-18,B16PVJVB1NE,PV Boys 16 1,PVJVB,16,1,B16MVNER1NE,Meraki VB 16 1,B16,False,-11.0,-2.0,-8.842336914611254,-10.953719540849232,2.111382626237978,0.5317573486275828,-0.5317573486275828,True,0.0,-12.2,-2.0,2.5143694884696446,0.34678586823498014,-0.34678586823498014,0.0,5
2026-01-18,B16PVJVB1NE,PV Boys 16 1,PVJVB,16,1,B16TTVBC1NE,SLAM 16 1 Boys,B16,True,7.0,1.0,-8.842336914611254,-3.5169299399193092,-5.325406974691944,0.4204734590630621,0.5795265409369379,True,0.2,-9.0,-1.4,1.1244972095175296,0.3662576709376313,-0.16625767093763127,0.3333333333333333,6
2026-01-19,B16PVJVB1NE,PV Boys 16 1,PVJVB,16,1,B16BVJVB1NE,Blast 16 Inferno,B16,True,7.0,1.0,-8.842336914611254,-5.9092173637141405,-2.9331195508971133,0.45593801497756203,0.544061985022438,True,0.4,-3.8,-0.8,-2.5313063340246655,0.4138646829016939,-0.013864682901693914,0.5,7
2026-01-19,B16PVJVB1NE,PV Boys 16 1,PVJVB,16,1,B16MVNER1NE,Meraki VB 16 1,B16,True,15.0,2.0,-8.842336914611254,-10.953719540849232,2.111382626237978,0.5317573486275828,0.46824265137241716,True,0.6,0.8,0.0,-3.5402067694516837,0.4290285496316981,0.1709714503683019,0.75,8
2026-01-31,B16PVJVB1NE,PV Boys 16 1,PVJVB,16,1,B16BVJVB2NE,Blast 16 Pyro,B16,True,12.0,1.0,-8.842336914611254,-9.686012964198403,0.8436760495871489,0.5127041189655979,0.48729588103440213,True,0.8,6.0,0.6,-8.203919869906063,0.4905260580522775,0.3094739419477225,0.8,9
2026-01-31,B16PVJVB1NE,PV Boys 16 1,PVJVB,16,1,B16HKJVB2NE,Husky 16.2,B16,False,-13.0,-2.0,-8.842336914611254,-10.514891211254358,1.6725542966431046,0.5251695412020931,-0.5251695412020931,True,0.8,5.6,0.6,-8.116154203987088,0.4892084965671796,0.3107915034328204,0.8,10
2026-01-31,B16PVJVB1NE,PV Boys 16 1,PVJVB,16,1,B16RRJVB3NE,Boston United Boys 16 Select 1,B16,False,-9.0,-2.0,-8.842336914611254,2.175698769699596,-11.01803568431085,0.3398902040032462,-0.3398902040032462,False,0.6,2.4,0.0,-6.977628462063308,0.4730918455552164,0.1269081544447836,0.75,11
2026-02-01,B16PVJVB1NE,PV Boys 16 1,PVJVB,16,1,B16LHVBC2NE,LHV Boys 16-2 Hunters,B16,True,4.0,2.0,-8.842336914611254,-1.4909678969668678,-7.3513690176443856,0.39105385390173714,0.6089461460982628,False,0.6,1.8,0.2,-6.093978568713853,0.46011501334005145,0.13988498665994856,0.6666666666666666,12
2026-02-01,B16PVJVB1NE,PV Boys 16 1,PVJVB,16,1,B16PVJVB2NE,PV Boys 16 2,B16,False,-8.0,-1.0,-8.842336914611254,-12.651272613839689,3.808935699228435,0.5571170917295477,-0.5571170917295477,True,0.4,-2.8,-0.4,-6.433489183311944,0.4651869619604444,-0.06518696196044442,0.3333333333333333,13
2026-03-14,B16PVJVB1NE,PV Boys 16 1,PVJVB,16,1,B16SAVBC1XL,Sporting Albany Boys 16u,B16,False,-15.0,-2.0,-8.842336914611254,8.945261771940473,-17.787598686551725,0.2550956811504691,-0.2550956811504691,False,0.2,-8.2,-1.0,-2.707234236084169,0.4136652743974187,-0.2136652743974187,0.0,14
2026-03-14,B16PVJVB1NE,PV Boys 16 1,PVJVB,16,1,B16MCJVB2NE,Mill City 16 Royal,B16,True,13.0,1.0,-8.842336914611254,-19.066001246371826,10.223664331760572,0.6492915280743308,0.35070847192566923,False,0.4,-3.0,-0.4,-4.4174562431076625,0.43848967177186615,-0.0384896717718662,0.0,15
2026-03-14,B16PVJVB1NE,PV Boys 16 1,PVJVB,16,1,B16NESVC2NE,NE Storm 16 Monsoon,B16,True,4.0,1.0,-8.842336914611254,3.744842902750687,-12.58717981736194,0.31901179401515506,0.6809882059848449,False,0.6,-0.4,0.2,-4.103627416497444,0.43431398977424795,0.16568601022575202,0.0,16
2026-03-15,B16PVJVB1NE,PV Boys 16 1,PVJVB,16,1,B16118971XX,Supreme 16-1,B16,False,-14.0,-2.0,-8.842336914611254,-0.7318998516895773,-8.110437062921676,0.3802199536511439,-0.3802199536511439,False,0.4,-4.0,-0.6,-3.9518138074419857,0.43214720972412934,-0.03214720972412932,0.0,17
2026-03-15,B16PVJVB1NE,PV Boys 16 1,PVJVB,16,1,B16NESVC2NE,NE Storm 16 Monsoon,B16,False,-4.0,-1.0,-8.842336914611254,3.744842902750687,-12.58717981736194,0.31901179401515506,-0.31901179401515506,False,0.4,-3.2,-0.6,-0.672590704123911,0.3845261501812508,0.015473849818749209,,18
2026-01-17,B16PVJVB2NE,PV Boys 16 2,PVJVB,16,2,B15SYRVB1XL,SVC 15 1 Boys,MIXED,False,-29.0,-2.0,-12.651272613839689,18.045964247707875,-30.697236861547566,0.22713400232480307,-0.22713400232480307,False,0.0,-29.0,-2.0,18.045964247707875,0.22713400232480307,-0.22713400232480307,,1
2026-01-17,B16PVJVB2NE,PV Boys 16 2,PVJVB,16,2,B16RRJVB3NE,Boston United Boys 16 Select 1,B16,False,-7.0,-2.0,-12.651272613839689,2.175698769699596,-14.826971383539284,0.29043886359308435,-0.29043886359308435,False,0.0,-18.0,-2.0,10.110831508703736,0.2587864329589437,-0.2587864329589437,,2
2026-01-17,B16PVJVB2NE,PV Boys 16 2,PVJVB,16,2,B16LHVBC2NE,LHV Boys 16-2 Hunters,B16,True,-1.0,1.0,-12.651272613839689,-1.4909678969668678,-11.16030471687282,0.3379698146961223,0.6620301853038777,False,0.3333333333333333,-12.333333333333334,-1.0,6.243565040146868,0.28518089353800324,0.04815243979533009,,3
2026-01-18,B16PVJVB2NE,PV Boys 16 2,PVJVB,16,2,B15RRJVB2NE,Boston United Boys 15 Select 1,MIXED,False,-4.0,-2.0,-12.651272613839689,-4.747416040919453,-7.903856572920236,0.42182198479499733,-0.42182198479499733,True,0.25,-10.25,-1.25,3.4958197698802875,0.31934116635225174,-0.06934116635225177,0.0,4
2026-01-18,B16PVJVB2NE,PV Boys 16 2,PVJVB,16,2,B16CAPIT1XL,CSVC 16 WOLFJAW,B16,False,-20.0,-2.0,-12.651272613839689,11.4846186337592,-24.135891247598888,0.18937580853363667,-0.18937580853363667,False,0.2,-12.2,-1.4,5.09357954265607,0.29334809478852875,-0.09334809478852875,0.0,5
2026-01-18,B16PVJVB2NE,PV Boys 16 2,PVJVB,16,2,B15TTVBC1NE,SLAM 15 1 Boys,MIXED,False,-17.0,-2.0,-12.651272613839689,-12.951819331073589,0.3005467172338996,0.5029972953233103,-0.5029972953233103,True,0.2,-9.8,-1.4,-1.1059771731002228,0.3485207533882302,-0.14852075338823018,0.0,6
2026-01-19,B16PVJVB2NE,PV Boys 16 2,PVJVB,16,2,B15TTVBC1NE,SLAM 15 1 Boys,MIXED,True,12.0,2.0,-12.651272613839689,-12.951819331073589,0.3005467172338996,0.5029972953233103,0.4970027046766897,True,0.4,-6.0,-0.6,-4.13148079325486,0.39103243973427537,0.008967560265724627,0.3333333333333333,7
2026-01-19,B16PVJVB2NE,PV Boys 16 2,PVJVB,16,2,B16BVJVB2NE,Blast 16 Pyro,B16,True,8.0,2.0,-12.651272613839689,-9.686012964198403,-2.965259649641286,0.45545774381348286,0.5445422561865172,True,0.4,-4.2,-0.4,-5.770489806701167,0.41453002555774743,-0.014530025557747472,0.5,8
2026-01-31,B16PVJVB2NE,PV Boys 16 2,PVJVB,16,2,B16BVJVB2NE,Blast 16 Pyro,B16,False,-14.0,-2.0,-12.651272613839689,-9.686012964198403,-2.965259649641286,0.45545774381348286,-0.45545774381348286,True,0.4,-6.2,-0.4,-6.758209191356957,0.4212571773614446,-0.021257177361444578,0.5,9
2026-01-31,B16PVJVB2NE,PV Boys 16 2,PVJVB,16,2,B16MCJVB2NE,Mill City 16 Royal,B16,True,-4.0,1.0,-12.651272613839689,-19.066001246371826,6.414728632532137,0.5954293789743066,0.4045706210256934,False,0.6,-3.0,0.2,-12.868333167383161,0.5024678914495786,0.09753210855042144,0.5,10
2026-01-31,B16PVJVB2NE,PV Boys 16 2,PVJVB,16,2,B16NEVBC2NE,NEVBC Boys 16.2,B16,False,-22.0,-2.0,-12.651272613839689,0.8815355192584385,-13.532808133098127,0.3067651283271779,-0.3067651283271779,False,0.6,-4.0,0.2,-10.101662197316756,0.4632214580503521,0.1367785419496479,0.6666666666666666,11
2026-02-01,B16PVJVB2NE,PV Boys 16 2,PVJVB,16,2,B16PVJVB1NE,PV Boys 16 1,B16,True,8.0,1.0,-12.651272613839689,-8.842336914611254,-3.808935699228435,0.4428829082704523,0.5571170917295477,True,0.6,-4.8,0.0,-9.27976571402429,0.45119858063978047,0.14880141936021954,0.6666666666666666,12
2026-02-01,B16PVJVB2NE,PV Boys 16 2,PVJVB,16,2,B16MCJVB2NE,Mill City 16 Royal,B16,True,-3.0,1.0,-12.651272613839689,-19.066001246371826,6.414728632532137,0.5954293789743066,0.4045706210256934,False,0.6,-7.0,-0.2,-11.155763370458974,0.4791929076719453,0.12080709232805478,0.5,13
2026-03-14,B16PVJVB2NE,PV Boys 16 2,PVJVB,16,2,B16118971XX,Supreme 16-1,B16,False,-20.0,-2.0,-12.651272613839689,-0.7318998516895773,-11.919372762150111,0.32781487180242475,-0.32781487180242475,False,0.6,-8.2,-0.2,-9.36494074795721,0.4536643332697336,0.14633566673026638,1.0,14
2026-03-14,B16PVJVB2NE,PV Boys 16 2,PVJVB,16,2,B16HKJVB2NE,Husky 16.2,B16,False,-13.0,-2.0,-12.651272613839689,-10.514891211254358,-2.1363814025853305,0.46786767433403226,-0.46786767433403226,True,0.4,-10.0,-0.8,-7.654718740933717,0.4281519923416788,-0.028151992341678735,0.5,15
2026-03-14,B16PVJVB2NE,PV Boys 16 2,PVJVB,16,2,B16NEVBC4NE,NEVBC Boys 16 Orange,B16,True,13.0,2.0,-12.651272613839689,-21.966293461363563,9.315020847523874,0.6367267068914325,0.3632732931085675,False,0.6,-3.0,0.0,-12.224284537058118,0.4941443080545297,0.10585569194547033,0.5,16
2026-03-15,B16PVJVB2NE,PV Boys 16 2,PVJVB,16,2,B16MCJVB2NE,Mill City 16 Royal,B16,True,11.0,1.0,-12.651272613839689,-19.066001246371826,6.414728632532137,0.5954293789743066,0.4045706210256934,False,0.6,-2.4,0.0,-14.269017403410231,0.5246536021953006,0.07534639780469948,0.0,17
2026-03-15,B16PVJVB2NE,PV Boys 16 2,PVJVB,16,2,B16BVJVB2NE,Blast 16 Pyro,B16,False,-5.0,-2.0,-12.651272613839689,-9.686012964198403,-2.965259649641286,0.45545774381348286,-0.45545774381348286,True,0.4,-2.8,-0.6,-12.393019746975547,0.49665927516313585,-0.09665927516313577,0.0,18
2025-11-22,B16RRJVB1NE,Boston United Boys 16 National 1,RRJVB,16,1,B16NESVC1NE,NE Storm 16 Lightning,B16,False,-6.0,-2.0,0.8696593071779559,3.4324314548412644,-2.5627721476633085,0.46147782568215995,-0.46147782568215995,True,0.0,-6.0,-2.0,3.4324314548412644,0.46147782568215995,-0.46147782568215995,0.0,1
2025-11-22,B16RRJVB1NE,Boston United Boys 16 National 1,RRJVB,16,1,B16TACCU1GE,Accuracy 16 Champ,B16,True,6.0,1.0,0.8696593071779559,2.3917806098039236,-1.5221213026259677,0.47709093328162117,0.5229090667183789,True,0.5,0.0,-0.5,2.912106032322594,0.46928437948189056,0.03071562051810947,0.5,2
2025-11-22,B16RRJVB1NE,Boston United Boys 16 National 1,RRJVB,16,1,B16MVPVA1NE,MVP BOS 16 Black,B16,False,-9.0,-2.0,0.8696593071779559,6.4550379803343665,-5.585378673156411,0.41666182823211856,-0.41666182823211856,False,0.3333333333333333,-3.0,-1.0,4.093083348326519,0.45174352906529985,-0.11841019573196654,0.5,3
2025-11-23,B16RRJVB1NE,Boston United Boys 16 National 1,RRJVB,16,1,B16BVJVB1NE,Blast 16 Inferno,B16,True,16.0,2.0,0.8696593071779559,-5.9092173637141405,6.778876670892096,0.6007028824446189,0.3992971175553811,False,0.5,1.75,-0.25,1.5925081703163535,0.48898336741012965,0.011016632589870373,0.5,4
2025-11-23,B16RRJVB1NE,Boston United Boys 16 National 1,RRJVB,16,1,B16MVPVA1NE,MVP BOS 16 Black,B16,True,7.0,2.0,0.8696593071779559,6.4550379803343665,-5.585378673156411,0.41666182823211856,0.5833381717678814,False,0.6,2.8,0.2,2.5650141323199565,0.47451905957452745,0.1254809404254726,0.5,5
2025-12-20,B16RRJVB1NE,Boston United Boys 16 National 1,RRJVB,16,1,B16MCJVB2NE,Mill City 16 Royal,B16,True,29.0,2.0,0.8696593071779559,-19.066001246371826,19.93566055354978,0.7687075121060599,0.23129248789394008,False,0.8,9.8,1.0,-1.9346724079226618,0.5359649968593074,0.26403500314069256,1.0,6
2025-12-20,B16RRJVB1NE,Boston United Boys 16 National 1,RRJVB,16,1,B16CAPIT1XL,CSVC 16 WOLFJAW,B16,False,-10.0,-2.0,0.8696593071779559,11.4846186337592,-10.614959326581243,0.34535954330185487,-0.34535954330185487,False,0.6,6.6,0.4,-0.11610480313160672,0.5096187188633541,0.09038128113664584,,7
2025-12-20,B16RRJVB1NE,Boston United Boys 16 National 1,RRJVB,16,1,B16LEGIO1XL,TeamLVC Boys 16 Black,B16,False,-14.0,-2.0,0.8696593071779559,13.632552538073494,-12.762893230895537,0.31671650051843864,-0.31671650051843864,False,0.6,5.6,0.4,1.3193981084162187,0.4896296533206182,0.11037034667938181,,8
2025-12-21,B16RRJVB1NE,Boston United Boys 16 National 1,RRJVB,16,1,B16SJJVB2NE,SMASH Boys 16's Fire,B16,False,-23.0,-2.0,0.8696593071779559,10.029087728428358,-9.159428421250402,0.3654442493813373,-0.3654442493813373,False,0.4,-2.2,-0.4,4.507059126844719,0.4425779267079618,-0.04257792670796186,,9
2025-12-21,B16RRJVB1NE,Boston United Boys 16 National 1,RRJVB,16,1,B16NEVBC1NE,NEVBC Boys 16.1,B16,False,-29.0,-2.0,0.8696593071779559,9.42439749835197,-8.554738191174014,0.3739327694595963,-0.3739327694595963,False,0.2,-9.4,-1.2,5.100931030448239,0.43403211495345734,-0.23403211495345738,,10
2026-02-06,B16RRJVB1NE,Boston United Boys 16 National 1,RRJVB,16,1,B16CORE11GE,CORE Boys 16 Platinum,B16,False,-17.0,-2.0,0.8696593071779559,15.300393022171596,-14.43073371499364,0.29538288005116414,-0.29538288005116414,False,0.0,-18.6,-2.0,11.974209884156924,0.33936718854247827,-0.3393671885424782,,11
2026-02-06,B16RRJVB1NE,Boston United Boys 16 National 1,RRJVB,16,1,B16MVPVA1NE,MVP BOS 16 Black,B16,False,-10.0,-2.0,0.8696593071779559,6.4550379803343665,-5.585378673156411,0.41666182823211856,-0.41666182823211856,False,0.0,-18.6,-2.0,10.968293753471958,0.353627645528531,-0.353627645528531,,12
2026-02-06,B16RRJVB1NE,Boston United Boys 16 National 1,RRJVB,16,1,B16LHVBC1NE,LHV Boys 16-1 Valiants,B16,True,14.0,2.0,0.8696593071779559,2.923606681197808,-2.053947374019852,0.4691043047637533,0.5308956952362467,True,0.2,-13.0,-1.2,8.82650458209682,0.38410520637759393,-0.1841052063775939,1.0,13
2026-02-07,B16RRJVB1NE,Boston United Boys 16 National 1,RRJVB,16,1,B16LCVBC1GE,Legacy Boys 16 National,B16,True,1.0,1.0,0.8696593071779559,-1.581103602488461,2.450762909666417,0.5368447542380653,0.4631552457619347,True,0.4,-8.2,-0.6,6.504466315913456,0.41838530734893953,-0.018385307348939527,1.0,14
2026-02-07,B16RRJVB1NE,Boston United Boys 16 National 1,RRJVB,16,1,B16NYCVA1GE,NYC VBA 16 Hudson,B16,False,-10.0,-1.0,0.8696593071779559,9.769248976932108,-8.899589669754151,0.3690819251971363,-0.3690819251971363,False,0.4,-4.4,-0.4,6.573436611629484,0.41741513849644757,-0.01741513849644751,1.0,15
2026-02-07,B16RRJVB1NE,Boston United Boys 16 National 1,RRJVB,16,1,B16LIFRY1GE,LI Fury 16 1,B16,False,-5.0,-1.0,0.8696593071779559,7.421158028148346,-6.55149872097039,0.40258729448885994,-0.40258729448885994,False,0.4,-2.0,-0.2,4.997589612824833,0.43885602138398666,-0.03885602138398667,1.0,16
2026-02-08,B16RRJVB1NE,Boston United Boys 16 National 1,RRJVB,16,1,B16LCVBC1GE,Legacy Boys 16 National,B16,False,-1.0,-1.0,0.8696593071779559,-1.581103602488461,2.450762909666417,0.5368447542380653,-0.5368447542380653,True,0.4,-0.2,0.0,3.390361296260268,0.46289260658517606,-0.06289260658517602,0.6666666666666666,17
2026-03-14,B16RRJVB1NE,Boston United Boys 16 National 1,RRJVB,16,1,B16NESVC1NE,NE Storm 16 Lightning,B16,True,3.0,1.0,0.8696593071779559,3.4324314548412644,-2.5627721476633085,0.46147782568215995,0.5385221743178401,True,0.4,-2.4,-0.2,3.4921262509889592,0.4613673107688574,-0.061367310768857354,0.6666666666666666,18
2026-03-14,B16RRJVB1NE,Boston United Boys 16 National 1,RRJVB,16,1,B16HKJVB1NE,Husky 16.1,B16,False,-8.0,-1.0,0.8696593071779559,11.791060472694442,-10.921401165516485,0.34119761819935523,-0.34119761819935523,False,0.2,-4.2,-0.6,6.16655906602554,0.42223788356111536,-0.22223788356111535,0.5,19
2026-03-14,B16RRJVB1NE,Boston United Boys 16 National 1,RRJVB,16,1,B16TTVBC1NE,SLAM 16 1 Boys,B16,True,5.0,2.0,0.8696593071779559,-3.5169299399193092,4.386589247097265,0.5656858721205018,0.4343141278794982,True,0.4,-1.2,0.0,3.5093232826552567,0.46155867294578845,-0.06155867294578845,0.6666666666666666,20
2026-03-15,B16RRJVB1NE,Boston United Boys 16 National 1,RRJVB,16,1,B16HKJVB1NE,Husky 16.1,B16,False,-6.0,-1.0,0.8696593071779559,11.791060472694442,-10.921401165516485,0.34119761819935523,-0.34119761819935523,False,0.4,-1.4,0.0,4.383303771564475,0.44928073768788757,-0.0492807376878875,0.6666666666666666,21
2026-03-15,B16RRJVB1NE,Boston United Boys 16 National 1,RRJVB,16,1,B16MCJVB1NE,Mill City 16's,B16,False,-13.0,-2.0,0.8696593071779559,9.459366429713532,-8.589707122535575,0.37343970502530865,-0.37343970502530865,False,0.4,-3.8,-0.2,6.591397778004874,0.4165997278453363,-0.016599727845336164,1.0,22
2025-11-22,B16RRJVB3NE,Boston United Boys 16 Select 1,RRJVB,16,3,B16LHVBC2NE,LHV Boys 16-2 Hunters,B16,False,-15.0,-2.0,2.175698769699596,-1.4909678969668678,3.666666666666464,0.5550012747950662,-0.5550012747950662,True,0.0,-15.0,-2.0,-1.4909678969668678,0.5550012747950662,-0.5550012747950662,0.0,1
2025-11-22,B16RRJVB3NE,Boston United Boys 16 Select 1,RRJVB,16,3,B16NESVC2NE,NE Storm 16 Monsoon,B16,True,11.0,2.0,2.175698769699596,3.744842902750687,-1.5691441330510907,0.47638424167458304,0.523615758325417,True,0.5,-2.0,0.0,1.1269375028919095,0.5156927582348246,-0.015692758234824633,0.5,2
2025-11-22,B16RRJVB3NE,Boston United Boys 16 Select 1,RRJVB,16,3,B16BVJVB2NE,Blast 16 Pyro,B16,True,22.0,2.0,2.175698769699596,-9.686012964198403,11.861711733897998,0.6714192113040114,0.3285807886959886,False,0.6666666666666666,6.0,0.6666666666666666,-2.477379319471528,0.5676015759245535,0.09906509074211312,0.5,3
2025-11-23,B16RRJVB3NE,Boston United Boys 16 Select 1,RRJVB,16,3,B16MVPVA2NE,MVP BOS 16 Blue,B16,True,8.0,2.0,2.175698769699596,-16.34371713638192,18.519415906081516,0.7531912704054643,0.2468087295945357,False,0.75,6.5,1.0,-5.943963773699126,0.6139989995447812,0.13600100045521876,0.5,4
2025-11-23,B16RRJVB3NE,Boston United Boys 16 Select 1,RRJVB,16,3,B16LHVBC1NE,LHV Boys 16-1 Valiants,B16,False,-15.0,-2.0,2.175698769699596,2.923606681197808,-0.7479079114982117,0.48873744369929684,-0.48873744369929684,True,0.6,2.2,0.4,-4.17044968271974,0.5889466883756843,0.011053311624315642,0.3333333333333333,5
2026-01-17,B16RRJVB3NE,Boston United Boys 16 Select 1,RRJVB,16,3,B16PVJVB2NE,PV Boys 16 2,B16,True,7.0,2.0,2.175698769699596,-12.651272613839689,14.826971383539284,0.7095611364069156,0.29043886359308435,False,0.8,6.6,1.2,-6.402510626094303,0.6198586606980543,0.18014133930194576,0.5,6
2026-01-17,B16RRJVB3NE,Boston United Boys 16 Select 1,RRJVB,16,3,B16CAPIT1XL,CSVC 16 WOLFJAW,B16,False,-3.0,-1.0,2.175698769699596,11.4846186337592,-9.308919864059604,0.36335831495102816,-0.36335831495102816,False,0.6,3.8,0.6,-4.854555479892602,0.5972534753533434,0.002746524646656734,0.0,7
2026-01-18,B16RRJVB3NE,Boston United Boys 16 Select 1,RRJVB,16,3,B15LEGIO1XL,TeamLVC Boys 15 Black,MIXED,False,-9.0,-2.0,2.175698769699596,10.228548102310683,-8.052849332611085,0.4203730939742356,-0.4203730939742356,True,0.4,-2.4,-0.2,-0.8716432665907838,0.5470442518873881,-0.1470442518873881,0.0,8
2026-01-18,B16RRJVB3NE,Boston United Boys 16 Select 1,RRJVB,16,3,B15RRJVB2NE,Boston United Boys 15 Select 1,MIXED,True,7.0,2.0,2.175698769699596,-4.747416040919453,6.923114810619049,0.5686082121430152,0.43139178785698484,True,0.4,-2.6,-0.2,1.4476169525017093,0.5101276402348983,-0.1101276402348983,0.3333333333333333,9
2026-01-18,B16RRJVB3NE,Boston United Boys 16 Select 1,RRJVB,16,3,B15SYRVB1XL,SVC 15 1 Boys,MIXED,False,-15.0,-2.0,2.175698769699596,18.045964247707875,-15.870265478008278,0.3468097318351585,-0.3468097318351585,False,0.4,-2.6,-0.2,4.472088465803723,0.4817420978620707,-0.08174209786207062,0.5,10
2026-01-18,B16RRJVB3NE,Boston United Boys 16 Select 1,RRJVB,16,3,B16LHVBC2NE,LHV Boys 16-2 Hunters,B16,True,12.0,2.0,2.175698769699596,-1.4909678969668678,3.666666666666464,0.5550012747950662,0.4449987252049338,True,0.4,-1.6,-0.2,6.704149409178288,0.4508301255397007,-0.05083012553970072,0.6666666666666666,11
2026-01-19,B16RRJVB3NE,Boston United Boys 16 Select 1,RRJVB,16,3,B16NESVC2NE,NE Storm 16 Monsoon,B16,False,-13.0,-1.0,2.175698769699596,3.744842902750687,-1.5691441330510907,0.47638424167458304,-0.47638424167458304,True,0.4,-3.6,-0.2,5.156194262976585,0.4734353108844117,-0.07343531088441171,0.5,12
2026-01-31,B16RRJVB3NE,Boston United Boys 16 Select 1,RRJVB,16,3,B16118971XX,Supreme 16-1,B16,False,-2.0,-1.0,2.175698769699596,-0.7318998516895773,2.9075986213891736,0.543680566027923,-0.543680566027923,True,0.4,-2.2,0.0,2.964104672176533,0.4980968052951492,-0.09809680529514919,0.5,13
2026-01-31,B16RRJVB3NE,Boston United Boys 16 Select 1,RRJVB,16,3,B16NEVBC2NE,NEVBC Boys 16.2,B16,False,-21.0,-2.0,2.175698769699596,0.8815355192584385,1.2941632504411578,0.519481906487169,-0.519481906487169,True,0.2,-7.8,-0.8,4.089894984212111,0.48827154416397994,-0.28827154416397993,0.25,14
2026-01-31,B16RRJVB3NE,Boston United Boys 16 Select 1,RRJVB,16,3,B16PVJVB1NE,PV Boys 16 1,B16,True,9.0,2.0,2.175698769699596,-8.842336914611254,11.01803568431085,0.6601097959967538,0.3398902040032462,False,0.4,-3.0,0.0,-1.2877652482517146,0.5509315569962989,-0.15093155699629898,0.25,15
2026-01-31,B16RRJVB3NE,Boston United Boys 16 Select 1,RRJVB,16,3,B16SAVBC1XL,Sporting Albany Boys 16u,B16,False,-20.0,-2.0,2.175698769699596,8.945261771940473,-6.769563002240877,0.3994317108763966,-0.3994317108763966,False,0.2,-9.4,-0.8,0.7994806855297536,0.519817644212565,-0.3198176442125651,0.0,16
2026-02-01,B16RRJVB3NE,Boston United Boys 16 Select 1,RRJVB,16,3,B16JHEAT1GE,CJ HEAT 16-1 Boys,B16,True,9.0,2.0,2.175698769699596,-6.764820996552616,8.940519766252212,0.6314920860786349,0.36850791392136506,False,0.4,-5.0,-0.2,-1.302452094330907,0.5508392130933755,-0.15083921309337547,0.0,17
2026-02-01,B16RRJVB3NE,Boston United Boys 16 Select 1,RRJVB,16,3,B16NESVC1NE,NE Storm 16 Lightning,B16,False,-16.0,-2.0,2.175698769699596,3.4324314548412644,-1.2567326851416682,0.4810810149127192,-0.4810810149127192,True,0.4,-7.8,-0.4,-0.4695858330247386,0.5383193028703347,-0.13831930287033473,0.0,18
2026-03-14,B16RRJVB3NE,Boston United Boys 16 Select 1,RRJVB,16,3,B16NEVBC3NE,NEVBC Boys 16 Blue,B16,True,8.0,1.0,2.175698769699596,-16.471125511924935,18.646824281624532,0.7546153712657472,0.24538462873425282,False,0.6,-2.0,0.2,-3.9401180392614137,0.5853459958260503,0.014654004173949653,0.0,19
2026-03-14,B16RRJVB3NE,Boston United Boys 16 Select 1,RRJVB,16,3,B16BVJVB2NE,Blast 16 Pyro,B16,True,12.0,2.0,2.175698769699596,-9.686012964198403,11.861711733897998,0.6714192113040114,0.3285807886959886,False,0.6,-1.4,0.2,-4.108853249178843,0.5876078788875019,0.012392121112498133,0.0,20
2026-03-14,B16RRJVB3NE,Boston United Boys 16 Select 1,RRJVB,16,3,B16CAPIT1XL,CSVC 16 WOLFJAW,B16,False,-3.0,-1.0,2.175698769699596,11.4846186337592,-9.308919864059604,0.36335831495102816,-0.36335831495102816,False,0.6,2.0,0.4,-3.600981876815098,0.5803931997024281,0.019606800297571825,0.0,21
2026-03-15,B16RRJVB3NE,Boston United Boys 16 Select 1,RRJVB,16,3,B16HKJVB2NE,Husky 16.2,B16,True,7.0,1.0,2.175698769699596,-10.514891211254358,12.690589980953956,0.6823400950186022,0.31765990498139784,False,0.6,1.6,0.2,-4.350995919755446,0.5905628014904216,0.009437198509578382,0.0,22
2026-03-15,B16RRJVB3NE,Boston United Boys 16 Select 1,RRJVB,16,3,B16SAVBC1XL,Sporting Albany Boys 16u,B16,False,-16.0,-2.0,2.175698769699596,8.945261771940473,-6.769563002240877,0.3994317108763966,-0.3994317108763966,False,0.6,1.6,0.2,-3.248429856335605,0.5742329406831571,0.025767059316842887,,23
2025-12-20,B16SAVBC1XL,Sporting Albany Boys 16u,SAVBC,16,1,B16MCJVB1NE,Mill City 16's,B16,False,-16.0,-1.0,8.945261771940473,9.459366429713532,-0.5141046577730588,0.4922575370183303,-0.4922575370183303,True,0.0,-16.0,-1.0,9.459366429713532,0.4922575370183303,-0.4922575370183303,0.0,1
2025-12-20,B16SAVBC1XL,Sporting Albany Boys 16u,SAVBC,16,1,B16SJJVB2NE,SMASH Boys 16's Fire,B16,False,-3.0,-1.0,8.945261771940473,10.029087728428358,-1.0838259564878854,0.48368197476150765,-0.48368197476150765,True,0.0,-9.5,-1.0,9.744227079070946,0.487969755889919,-0.487969755889919,0.0,2
2025-12-20,B16SAVBC1XL,Sporting Albany Boys 16u,SAVBC,16,1,B16NEVBC1NE,NEVBC Boys 16.1,B16,False,-5.0,-1.0,8.945261771940473,9.42439749835197,-0.4791357264114975,0.49278409651490324,-0.49278409651490324,True,0.0,-8.0,-1.0,9.637617218831286,0.4895745360982471,-0.4895745360982471,0.0,3
2025-12-21,B16SAVBC1XL,Sporting Albany Boys 16u,SAVBC,16,1,B16LEGIO1XL,TeamLVC Boys 16 Black,B16,False,-1.0,-1.0,8.945261771940473,13.632552538073494,-4.687290766133021,0.42986874808180126,-0.42986874808180126,True,0.0,-6.25,-1.0,10.636351048641838,0.4746480890941356,-0.4746480890941356,0.0,4
2025-12-21,B16SAVBC1XL,Sporting Albany Boys 16u,SAVBC,16,1,B16MCJVB2NE,Mill City 16 Royal,B16,True,20.0,2.0,8.945261771940473,-19.066001246371826,28.0112630183123,0.8439008437519194,0.15609915624808057,False,0.2,-1.0,-0.4,4.695880589639105,0.5484986400256924,-0.34849864002569236,0.0,5
2026-01-31,B16SAVBC1XL,Sporting Albany Boys 16u,SAVBC,16,1,B16RRJVB3NE,Boston United Boys 16 Select 1,B16,True,20.0,2.0,8.945261771940473,2.175698769699596,6.769563002240877,0.6005682891236034,0.3994317108763966,False,0.4,6.2,0.2,3.2391470576363184,0.570160790446747,-0.170160790446747,0.0,6
2026-01-31,B16SAVBC1XL,Sporting Albany Boys 16u,SAVBC,16,1,B16118971XX,Supreme 16-1,B16,True,18.0,2.0,8.945261771940473,-0.7318998516895773,9.67716162363005,0.6417579525699453,0.3582420474300547,False,0.6,10.4,0.8,1.0869495416127315,0.6017759860084345,-0.001775986008434516,0.0,7
2026-01-31,B16SAVBC1XL,Sporting Albany Boys 16u,SAVBC,16,1,B16BVJVB2NE,Blast 16 Pyro,B16,True,15.0,2.0,8.945261771940473,-9.686012964198403,18.631274736138877,0.7544418644356795,0.2455581355643205,False,0.8,14.4,1.4,-2.735132550897343,0.6541075395925897,0.14589246040741025,0.0,8
2026-02-01,B16SAVBC1XL,Sporting Albany Boys 16u,SAVBC,16,1,B16JHEAT1GE,CJ HEAT 16-1 Boys,B16,True,22.0,2.0,8.945261771940473,-6.764820996552616,15.710082768493088,0.7204020466157853,0.27959795338421467,False,1.0,19.0,2.0,-6.814607257822566,0.7122141992993866,0.28778580070061344,,9
2026-02-01,B16SAVBC1XL,Sporting Albany Boys 16u,SAVBC,16,1,B16NESVC1NE,NE Storm 16 Lightning,B16,True,12.0,2.0,8.945261771940473,3.4324314548412644,5.512830317099208,0.5822754697136798,0.4177245302863202,True,1.0,17.4,2.0,-2.314920717579947,0.6598891244917386,0.3401108755082613,1.0,10
2026-02-01,B16SAVBC1XL,Sporting Albany Boys 16u,SAVBC,16,1,B16NEVBC2NE,NEVBC Boys 16.2,B16,True,13.0,2.0,8.945261771940473,0.8815355192584385,8.063726252682034,0.6191166725285264,0.3808833274714736,False,1.0,16.0,2.0,-2.5737533676681785,0.6635988011727233,0.3364011988272767,1.0,11
2026-03-14,B16SAVBC1XL,Sporting Albany Boys 16u,SAVBC,16,1,B16PVJVB1NE,PV Boys 16 1,B16,True,15.0,2.0,8.945261771940473,-8.842336914611254,17.787598686551725,0.744904318849531,0.255095681150469,False,1.0,15.4,2.0,-4.195840780252514,0.6842280744286404,0.3157719255713596,1.0,12
2026-03-14,B16SAVBC1XL,Sporting Albany Boys 16u,SAVBC,16,1,B16NESVC2NE,NE Storm 16 Monsoon,B16,True,25.0,2.0,8.945261771940473,3.744842902750687,5.200418869189786,0.5776905902906663,0.4223094097093337,True,1.0,17.4,2.0,-1.5096696068626958,0.6488778195996378,0.35112218040036225,1.0,13
2026-03-14,B16SAVBC1XL,Sporting Albany Boys 16u,SAVBC,16,1,B16MCJVB2NE,Mill City 16 Royal,B16,True,18.0,2.0,8.945261771940473,-19.066001246371826,28.0112630183123,0.8439008437519194,0.15609915624808057,False,1.0,16.6,2.0,-3.969905656826538,0.6735775790268647,0.3264224209731354,1.0,14
2026-03-15,B16SAVBC1XL,Sporting Albany Boys 16u,SAVBC,16,1,B16NEVBC3NE,NEVBC Boys 16 Blue,B16,True,19.0,2.0,8.945261771940473,-16.471125511924935,25.416387283865408,0.8221839882396287,0.17781601176037132,False,1.0,18.0,2.0,-7.950617050179778,0.7215592827320544,0.2784407172679456,1.0,15
2026-03-15,B16SAVBC1XL,Sporting Albany Boys 16u,SAVBC,16,1,B16RRJVB3NE,Boston United Boys 16 Select 1,B16,True,16.0,2.0,8.945261771940473,2.175698769699596,6.769563002240877,0.6005682891236034,0.3994317108763966,False,1.0,18.6,2.0,-7.691784400091547,0.7178496060510697,0.28215039394893027,1.0,16
2026-03-15,B16SAVBC1XL,Sporting Albany Boys 16u,SAVBC,16,1,B16CAPIT1XL,CSVC 16 WOLFJAW,B16,True,27.0,2.0,8.945261771940473,11.4846186337592,-2.5393568618187263,0.46182841584582224,0.5381715841541778,True,1.0,21.0,2.0,-3.626393290417455,0.661234425450328,0.338765574549672,1.0,17
2025-12-20,B16SJJVB1NE,SMASH Boys 16-1,SJJVB,16,1,B17PVJVB1NE,PV Boys 17 1,MIXED,True,15.0,2.0,14.978260869565045,1.4239130434780398,13.554347826087005,0.6319766876602418,0.36802331233975816,False,1.0,15.0,2.0,1.4239130434780398,0.6319766876602418,0.36802331233975816,,1
2025-12-20,B16SJJVB1NE,SMASH Boys 16-1,SJJVB,16,1,B17CAPIT2XL,CSVC 17 SKYLIGHT,MIXED,True,24.0,2.0,14.978260869565045,-11.076086956521994,26.05434782608704,0.7387250893539886,0.2612749106460114,False,1.0,19.5,2.0,-4.826086956521977,0.6853508885071152,0.31464911149288477,,2
2025-12-20,B16SJJVB1NE,SMASH Boys 16-1,SJJVB,16,1,B17SJJVB3NE,SMASH Boys 17's Shock,MIXED,True,15.0,2.0,14.978260869565045,-2.369565217391459,17.347826086956502,0.6664193778643659,0.3335806221356341,False,1.0,18.0,2.0,-4.007246376811804,0.679040384959532,0.3209596150404679,,3
2025-12-21,B16SJJVB1NE,SMASH Boys 16-1,SJJVB,16,1,B18PVJVB3NE,PV Boys 18 3,MIXED,True,9.0,2.0,14.978260869565045,1.2898550724636149,13.68840579710143,0.6332196109510788,0.3667803890489212,False,1.0,15.75,2.0,-2.6829710144929497,0.6675851914574188,0.3324148085425812,,4
2025-12-21,B16SJJVB1NE,SMASH Boys 16-1,SJJVB,16,1,B18SJJVB3NE,SMASH Boys 18's Surge,MIXED,True,9.0,2.0,14.978260869565045,13.62318840579702,1.3550724637680247,0.5135107523821719,0.4864892476178281,True,1.0,14.4,2.0,0.5782608695650442,0.6367703036423694,0.3632296963576306,1.0,5
2026-01-31,B16SJJVB1NE,SMASH Boys 16-1,SJJVB,16,1,B16MVPVA1NE,MVP BOS 16 Black,B16,True,9.0,2.0,14.978260869565045,6.4550379803343665,8.523222889230677,0.6256226380625615,0.37437736193743854,False,1.0,13.2,2.0,1.5844858569363096,0.6354994937228333,0.3645005062771667,1.0,6
2026-01-31,B16SJJVB1NE,SMASH Boys 16-1,SJJVB,16,1,B16HKJVB1NE,Husky 16.1,B16,True,11.0,2.0,14.978260869565045,11.791060472694442,3.187200396870603,0.5478564201100037,0.4521435798899963,True,1.0,10.6,2.0,6.157915342779598,0.5973257598740364,0.40267424012596365,1.0,7
2026-01-31,B16SJJVB1NE,SMASH Boys 16-1,SJJVB,16,1,B16NEVBC1NE,NEVBC Boys 16.1,B16,True,16.0,2.0,14.978260869565045,9.42439749835197,5.553863371213074,0.5828766241828097,0.4171233758171903,False,1.0,10.8,2.0,8.516707885928284,0.5806172091377252,0.4193827908622749,1.0,8
2026-02-01,B16SJJVB1NE,SMASH Boys 16-1,SJJVB,16,1,B16MVPVA1NE,MVP BOS 16 Black,B16,True,19.0,2.0,14.978260869565045,6.4550379803343665,8.523222889230677,0.6256226380625615,0.37437736193743854,False,1.0,12.8,2.0,9.549744467502432,0.5790978145600216,0.42090218543997837,1.0,9
2026-02-01,B16SJJVB1NE,SMASH Boys 16-1,SJJVB,16,1,B16NYCVA1GE,NYC VBA 16 Hudson,B16,True,18.0,2.0,14.978260869565045,9.769248976932108,5.209011892632937,0.5778168825922794,0.42218311740772063,True,1.0,14.6,2.0,8.77895658172945,0.5919590406020432,0.4080409593979568,1.0,10
2026-02-01,B16SJJVB1NE,SMASH Boys 16-1,SJJVB,16,1,B16HKJVB1NE,Husky 16.1,B16,True,10.0,1.0,14.978260869565045,11.791060472694442,3.187200396870603,0.5478564201100037,0.4521435798899963,True,1.0,14.8,1.8,9.846161080201465,0.5764057970115316,0.42359420298846845,1.0,11
2025-12-20,B16SJJVB2NE,SMASH Boys 16's Fire,SJJVB,16,2,B16NEVBC1NE,NEVBC Boys 16.1,B16,True,15.0,2.0,10.029087728428358,9.42439749835197,0.6046902300763879,0.5091064108472314,0.4908935891527686,True,1.0,15.0,2.0,9.42439749835197,0.5091064108472314,0.4908935891527686,1.0,1
2025-12-20,B16SJJVB2NE,SMASH Boys 16's Fire,SJJVB,16,2,B16SAVBC1XL,Sporting Albany Boys 16u,B16,True,3.0,1.0,10.029087728428358,8.945261771940473,1.0838259564878854,0.5163180252384922,0.48368197476150776,True,1.0,9.0,1.5,9.184829635146222,0.5127122180428618,0.4872877819571382,1.0,2
2025-12-20,B16SJJVB2NE,SMASH Boys 16's Fire,SJJVB,16,2,B16MCJVB1NE,Mill City 16's,B16,False,-8.0,-2.0,10.029087728428358,9.459366429713532,0.5697212987148266,0.5085798982527646,-0.5085798982527646,True,0.6666666666666666,3.3333333333333335,0.3333333333333333,9.276341900001992,0.5113347781128295,0.15533188855383726,0.6666666666666666,3
2025-12-21,B16SJJVB2NE,SMASH Boys 16's Fire,SJJVB,16,2,B16RRJVB1NE,Boston United Boys 16 National 1,B16,True,23.0,2.0,10.029087728428358,0.8696593071779559,9.159428421250402,0.6345557506186628,0.36544424938133724,False,0.75,8.25,0.75,7.174671251795982,0.5421400212392877,0.20785997876071224,0.6666666666666666,4
2025-12-21,B16SJJVB2NE,SMASH Boys 16's Fire,SJJVB,16,2,B16CAPIT1XL,CSVC 16 WOLFJAW,B16,True,8.0,2.0,10.029087728428358,11.4846186337592,-1.455530905330841,0.4780918560784832,0.5219081439215167,True,0.8,8.2,1.0,8.036660728188625,0.5293303882071269,0.2706696117928732,0.75,5
2025-12-21,B16SJJVB2NE,SMASH Boys 16's Fire,SJJVB,16,2,B16LEGIO1XL,TeamLVC Boys 16 Black,B16,False,-20.0,-2.0,10.029087728428358,13.632552538073494,-3.6034648096451356,0.4459393043144817,-0.4459393043144817,True,0.6,1.2,0.2,8.878291736132931,0.5166969669005769,0.08330303309942308,0.5,6
2026-01-31,B16SJJVB2NE,SMASH Boys 16's Fire,SJJVB,16,2,B16HKJVB1NE,Husky 16.1,B16,False,-5.0,-2.0,10.029087728428358,11.791060472694442,-1.7619727442660835,0.47348729926158023,-0.47348729926158023,True,0.4,-0.4,-0.4,9.447451476283725,0.5081308217051945,-0.10813082170519453,0.25,7
2026-01-31,B16SJJVB2NE,SMASH Boys 16's Fire,SJJVB,16,2,B16NEVBC1NE,NEVBC Boys 16.1,B16,False,-1.0,-1.0,10.029087728428358,9.42439749835197,0.6046902300763879,0.5091064108472314,-0.5091064108472314,True,0.4,1.0,-0.2,9.44045769001141,0.5082361242240878,-0.10823612422408788,0.25,8
2026-01-31,B16SJJVB2NE,SMASH Boys 16's Fire,SJJVB,16,2,B16LHVBC1NE,LHV Boys 16-1 Valiants,B16,False,2.0,-1.0,10.029087728428358,2.923606681197808,7.10548104723055,0.6054129433791089,-0.6054129433791089,False,0.2,-3.2,-0.8,9.851247164815382,0.5024075627761772,-0.30240756277617714,0.25,9
2026-02-01,B16SJJVB2NE,SMASH Boys 16's Fire,SJJVB,16,2,B16BVJVB1NE,Blast 16 Inferno,B16,True,12.0,2.0,10.029087728428358,-5.9092173637141405,15.9383050921425,0.7231630596059175,0.27683694039408246,False,0.2,-2.4,-0.8,6.372479965320714,0.551421803481664,-0.35142180348166396,0.0,10
2026-02-01,B16SJJVB2NE,SMASH Boys 16's Fire,SJJVB,16,2,B16LHVBC1NE,LHV Boys 16-1 Valiants,B16,True,10.0,2.0,10.029087728428358,2.923606681197808,7.10548104723055,0.6054129433791089,0.3945870566208911,False,0.4,3.6,0.0,4.230690793945578,0.5833165312945894,-0.1833165312945894,0.0,11
2026-03-14,B16SJJVB2NE,SMASH Boys 16's Fire,SJJVB,16,2,B16BVJVB1NE,Blast 16 Inferno,B16,True,18.0,2.0,10.029087728428358,-5.9092173637141405,15.9383050921425,0.7231630596059175,0.27683694039408246,False,0.6,8.2,0.8,0.690635226663861,0.6332516833634568,-0.033251683363456866,0.0,12
2026-03-14,B16SJJVB2NE,SMASH Boys 16's Fire,SJJVB,16,2,B16SJVBC1NE,South County Juniors Boys 16's Blue,B16,True,11.0,2.0,10.029087728428358,-3.257592123047605,13.286679851475963,0.6900725328207943,0.3099274671792057,False,0.8,10.6,1.4,-1.845762697616054,0.6694449077581694,0.13055509224183054,,13
2026-03-14,B16SJJVB2NE,SMASH Boys 16's Fire,SJJVB,16,2,B16MCJVB1NE,Mill City 16's,B16,False,-7.0,-2.0,10.029087728428358,9.459366429713532,0.5697212987148266,0.5085798982527646,-0.5085798982527646,True,0.8,8.8,1.2,-0.5386107479129091,0.6500782987329006,0.14992170126709942,0.0,14
2026-03-15,B16SJJVB2NE,SMASH Boys 16's Fire,SJJVB,16,2,B16NESVC1NE,NE Storm 16 Lightning,B16,True,15.0,2.0,10.029087728428358,3.4324314548412644,6.596656273587094,0.598066847271764,0.40193315272823604,False,0.8,9.4,1.2,1.3297190157981718,0.6250590562660698,0.17494094373393015,0.0,15
2026-03-15,B16SJJVB2NE,SMASH Boys 16's Fire,SJJVB,16,2,B16LEGIO1XL,TeamLVC Boys 16 Black,B16,False,3.0,-1.0,10.029087728428358,13.632552538073494,-3.6034648096451356,0.4459393043144817,-0.4459393043144817,True,0.6,8.0,0.6,3.471508187173309,0.5931643284531444,0.006835671546855581,0.0,16
2025-11-22,B16SJVBC1NE,South County Juniors Boys 16's Blue,SJVBC,16,1,B16TTVBC1NE,SLAM 16 1 Boys,B16,False,-3.0,-1.0,-3.257592123047605,-3.5169299399193092,0.25933781687170443,0.5039058839090902,-0.5039058839090902,True,0.0,-3.0,-1.0,-3.5169299399193092,0.5039058839090902,-0.5039058839090902,0.0,1
2025-11-22,B16SJVBC1NE,South County Juniors Boys 16's Blue,SJVBC,16,1,B16BVJVB1NE,Blast 16 Inferno,B16,True,4.0,1.0,-3.257592123047605,-5.9092173637141405,2.6516252406665357,0.5398521959423814,0.46014780405761857,True,0.5,0.5,0.0,-4.713073651816725,0.5218790399257358,-0.02187903992573581,0.5,2
2025-11-22,B16SJVBC1NE,South County Juniors Boys 16's Blue,SJVBC,16,1,B16MCJVB1NE,Mill City 16's,B16,False,-6.0,-2.0,-3.257592123047605,9.459366429713532,-12.716958552761136,0.31731567686877377,-0.31731567686877377,False,0.3333333333333333,-1.6666666666666667,-0.6666666666666666,0.011073042026693495,0.4536912522400818,-0.12035791890674846,0.5,3
2025-11-23,B16SJVBC1NE,South County Juniors Boys 16's Blue,SJVBC,16,1,B16TACCU1GE,Accuracy 16 Champ,B16,False,-18.0,-2.0,-3.257592123047605,2.3917806098039236,-5.649372732851528,0.4157250732170243,-0.4157250732170243,False,0.25,-5.75,-1.0,0.606249933971001,0.4441997074843174,-0.19419970748431742,0.5,4
2025-11-23,B16SJVBC1NE,South County Juniors Boys 16's Blue,SJVBC,16,1,B16NESVC1NE,NE Storm 16 Lightning,B16,False,-12.0,-2.0,-3.257592123047605,3.4324314548412644,-6.690023577888869,0.4005817647816905,-0.4005817647816905,False,0.2,-7.0,-1.2,1.1714862381450537,0.435476118943792,-0.23547611894379203,0.5,5
2026-02-06,B16SJVBC1NE,South County Juniors Boys 16's Blue,SJVBC,16,1,B16LIFRY1GE,LI Fury 16 1,B16,False,-5.0,-1.0,-3.257592123047605,7.421158028148346,-10.67875015119595,0.3444911903852991,-0.3444911903852991,False,0.2,-7.4,-1.2,3.359103831758585,0.4035931802390338,-0.20359318023903378,1.0,6
2026-02-06,B16SJVBC1NE,South County Juniors Boys 16's Blue,SJVBC,16,1,B16NYCVA1GE,NYC VBA 16 Hudson,B16,False,-14.0,-2.0,-3.257592123047605,9.769248976932108,-13.026841099979713,0.3132853556483783,-0.3132853556483783,False,0.0,-11.0,-1.8,6.494797099887833,0.3582798121802332,-0.3582798121802332,,7
2026-02-06,B16SJVBC1NE,South County Juniors Boys 16's Blue,SJVBC,16,1,B16LCVBC1GE,Legacy Boys 16 National,B16,True,9.0,2.0,-3.257592123047605,-1.581103602488461,-1.6764885205591438,0.47477135479610827,0.5252286452038917,True,0.2,-8.0,-1.0,4.286703093447436,0.3897709477657001,-0.18977094776570008,1.0,8
2026-02-07,B16SJVBC1NE,South County Juniors Boys 16's Blue,SJVBC,16,1,B16LHVBC1NE,LHV Boys 16-1 Valiants,B16,False,-13.0,-2.0,-3.257592123047605,2.923606681197808,-6.181198804245413,0.40796425946202874,-0.40796425946202874,False,0.2,-7.0,-1.0,4.393068307726212,0.388218785014701,-0.18821878501470096,1.0,9
2026-02-07,B16SJVBC1NE,South County Juniors Boys 16's Blue,SJVBC,16,1,B16CORE11GE,CORE Boys 16 Platinum,B16,False,-12.0,-1.0,-3.257592123047605,15.300393022171596,-18.5579851452192,0.2463770380437007,-0.2463770380437007,False,0.2,-7.0,-0.8,6.766660621192278,0.357377839667103,-0.157377839667103,1.0,10
2026-02-07,B16SJVBC1NE,South County Juniors Boys 16's Blue,SJVBC,16,1,B16MVPVA1NE,MVP BOS 16 Black,B16,False,-16.0,-2.0,-3.257592123047605,6.4550379803343665,-9.712630103381972,0.3577509349159053,-0.3577509349159053,False,0.2,-9.2,-1.0,6.573436611629482,0.36002978857322426,-0.16002978857322425,1.0,11
2026-02-08,B16SJVBC1NE,South County Juniors Boys 16's Blue,SJVBC,16,1,B16LHVBC1NE,LHV Boys 16-1 Valiants,B16,False,-9.0,-2.0,-3.257592123047605,2.923606681197808,-6.181198804245413,0.40796425946202874,-0.40796425946202874,False,0.2,-8.2,-1.0,5.204308152482623,0.3789655693359544,-0.17896556933595437,1.0,12
2026-03-14,B16SJVBC1NE,South County Juniors Boys 16's Blue,SJVBC,16,1,B16MCJVB1NE,Mill City 16's,B16,False,-7.0,-2.0,-3.257592123047605,9.459366429713532,-12.716958552761136,0.31731567686877377,-0.31731567686877377,False,0.0,-11.4,-1.8,7.412402158923021,0.3474744337504875,-0.3474744337504874,,13
2026-03-14,B16SJVBC1NE,South County Juniors Boys 16's Blue,SJVBC,16,1,B16SJJVB2NE,SMASH Boys 16's Fire,B16,False,-11.0,-2.0,-3.257592123047605,10.029087728428358,-13.286679851475963,0.3099274671792058,-0.3099274671792058,False,0.0,-11.0,-1.8,8.833498368369131,0.3278670752939229,-0.3278670752939229,,14
2026-03-14,B16SJVBC1NE,South County Juniors Boys 16's Blue,SJVBC,16,1,B16BVJVB1NE,Blast 16 Inferno,B16,False,-6.0,-1.0,-3.257592123047605,-5.9092173637141405,2.6516252406665357,0.5398521959423814,-0.5398521959423814,True,0.0,-9.8,-1.8,4.591576291191985,0.386562106873659,-0.386562106873659,0.0,15
2026-03-15,B16SJVBC1NE,South County Juniors Boys 16's Blue,SJVBC,16,1,B16NEVBC2NE,NEVBC Boys 16.2,B16,False,-5.0,-2.0,-3.257592123047605,0.8815355192584385,-4.139127642306043,0.4379804183360903,-0.4379804183360903,True,0.0,-7.6,-1.8,3.476875798976799,0.40260800355769605,-0.40260800355769605,0.0,16
2026-03-15,B16SJVBC1NE,South County Juniors Boys 16's Blue,SJVBC,16,1,B16BVJVB1NE,Blast 16 Inferno,B16,True,11.0,2.0,-3.257592123047605,-5.9092173637141405,2.6516252406665357,0.5398521959423814,0.46014780405761857,True,0.2,-3.6,-1.0,1.7103109899944091,0.4289855908537666,-0.22898559085376652,0.3333333333333333,17
2026-02-06,B16SPTMC3GE,Sportime 16 3,SPTMC,16,3,B16LCVBC2GE,Legacy Boys 16 Premier,B16,True,3.0,1.0,3.899415133576216,-0.9315945557024364,4.831009689278653,0.5722519587523209,0.42774804124767907,True,1.0,3.0,1.0,-0.9315945557024364,0.5722519587523209,0.42774804124767907,1.0,1
2026-02-06,B16SPTMC3GE,Sportime 16 3,SPTMC,16,3,B16LIFRY2GE,LI Fury 16 2,B16,True,19.0,2.0,3.899415133576216,-9.893044074832407,13.792459208408623,0.6965513657211052,0.3034486342788948,False,1.0,11.0,1.5,-5.412319315267421,0.634401662236713,0.36559833776328693,1.0,2
2026-02-06,B16SPTMC3GE,Sportime 16 3,SPTMC,16,3,B16DIGSV1GE,Digs Boys 16 Red,B16,False,-11.0,-2.0,3.899415133576216,11.574212638274435,-7.674797504698219,0.386423849857612,-0.386423849857612,False,0.6666666666666666,3.6666666666666665,0.3333333333333333,0.24985800257986432,0.5517423914436793,0.11492427522298727,1.0,3
2026-02-07,B16SPTMC3GE,Sportime 16 3,SPTMC,16,3,B16ALLIN1FL,AVA 16 Boys,B16,True,10.0,2.0,3.899415133576216,-3.178067176989841,7.077482310566057,0.605009917991388,0.39499008200861196,False,0.75,5.25,0.75,-0.607123292312562,0.5650592730806066,0.18494072691939345,1.0,4
2026-02-07,B16SPTMC3GE,Sportime 16 3,SPTMC,16,3,B16CORE12GE,CORE Boys 16 Titanium,B16,False,-6.0,-1.0,3.899415133576216,8.268158363541186,-4.36874322996497,0.4345782918177732,-0.4345782918177732,True,0.6,3.0,0.4,1.1679330388581877,0.5389630768280399,0.06103692317196012,0.5,5
2026-02-07,B16SPTMC3GE,Sportime 16 3,SPTMC,16,3,B16CAPIT1XL,CSVC 16 WOLFJAW,B16,False,-8.0,-2.0,3.899415133576216,11.4846186337592,-7.585203500182983,0.3877044068554575,-0.3877044068554575,False,0.4,0.8,-0.2,3.6511756767505146,0.5020535664486672,-0.10205356644866719,0.0,6
2026-02-08,B16SPTMC3GE,Sportime 16 3,SPTMC,16,3,B16LCVBC2GE,Legacy Boys 16 Premier,B16,True,9.0,2.0,3.899415133576216,-0.9315945557024364,4.831009689278653,0.5722519587523209,0.42774804124767907,True,0.4,-1.2,-0.2,5.443465580576509,0.47719368505491033,-0.07719368505491034,0.5,7
2026-02-08,B16SPTMC3GE,Sportime 16 3,SPTMC,16,3,B16SPTMC6GE,Sportime 16 Lynbrook,B16,True,4.0,2.0,3.899415133576216,5.664079226019568,-1.7646640924433514,0.47344687821912085,0.5265531217808792,True,0.6,1.8,0.6,4.261438898125535,0.4945982907272121,0.10540170927278791,0.6666666666666666,8
2026-02-06,B16SPTMC4GE,Sportime 16 4,SPTMC,16,4,B16CAPIT1XL,CSVC 16 WOLFJAW,B16,False,-8.0,-2.0,-8.612172422338178,11.4846186337592,-20.096791056097377,0.22957106345095918,-0.22957106345095918,False,0.0,-8.0,-2.0,11.4846186337592,0.22957106345095918,-0.22957106345095918,,1
2026-02-06,B16SPTMC4GE,Sportime 16 4,SPTMC,16,4,B16CORE12GE,CORE Boys 16 Titanium,B16,False,-19.0,-2.0,-8.612172422338178,8.268158363541186,-16.880330785879366,0.26562025821388574,-0.26562025821388574,False,0.0,-13.5,-2.0,9.876388498650194,0.24759566083242246,-0.24759566083242246,,2
2026-02-06,B16SPTMC4GE,Sportime 16 4,SPTMC,16,4,B16MVPVA2NE,MVP BOS 16 Blue,B16,True,15.0,2.0,-8.612172422338178,-16.34371713638192,7.731544714043741,0.6143864209395682,0.3856135790604318,False,0.3333333333333333,-4.0,-0.6666666666666666,1.1363532869728228,0.36985924753480437,-0.036525914201471034,,3
2026-02-07,B16SPTMC4GE,Sportime 16 4,SPTMC,16,4,B16DIGSV1GE,Digs Boys 16 Red,B16,False,-20.0,-2.0,-8.612172422338178,11.574212638274435,-20.186385060612615,0.22861779225701243,-0.22861779225701243,False,0.25,-8.0,-1.0,3.745818124798226,0.3345488837153564,-0.08454888371535638,,4
2026-02-07,B16SPTMC4GE,Sportime 16 4,SPTMC,16,4,B16SPTMC6GE,Sportime 16 Lynbrook,B16,False,-18.0,-2.0,-8.612172422338178,5.664079226019568,-14.276251648357746,0.2973236031566114,-0.2973236031566114,False,0.2,-10.0,-1.2,4.129470345042494,0.3271038276036074,-0.1271038276036074,,5
2026-02-07,B16SPTMC4GE,Sportime 16 4,SPTMC,16,4,B16LIFRY2GE,LI Fury 16 2,B16,False,3.0,-1.0,-8.612172422338178,-9.893044074832407,1.2808716524942287,0.5192820186241488,-0.5192820186241488,True,0.2,-7.8,-1.0,-0.14606219667582715,0.38504601863824534,-0.1850460186382453,0.0,6
2026-02-08,B16SPTMC4GE,Sportime 16 4,SPTMC,16,4,B16ALLIN1FL,AVA 16 Boys,B16,False,-10.0,-2.0,-8.612172422338178,-3.178067176989841,-5.434105245348337,0.4188785747251269,-0.4188785747251269,True,0.2,-6.0,-1.0,-2.4353073047820324,0.4156976819404935,-0.21569768194049352,0.0,7
2026-02-06,B16SPTMC6GE,Sportime 16 Lynbrook,SPTMC,16,6,B161130588XX,NY Strangers 16,B16,False,-10.0,-2.0,5.664079226019568,16.82439971690086,-11.160320490881293,0.33796960206833776,-0.33796960206833776,False,0.0,-10.0,-2.0,16.82439971690086,0.33796960206833776,-0.33796960206833776,,1
2026-02-06,B16SPTMC6GE,Sportime 16 Lynbrook,SPTMC,16,6,B16NYCIV2GE,NYC Impact 16U Travel,B16,False,-11.0,-2.0,5.664079226019568,15.768343777596025,-10.104264551576456,0.3523482179568386,-0.3523482179568386,False,0.0,-10.5,-2.0,16.296371747248443,0.3451589100125882,-0.3451589100125882,,2
2026-02-06,B16SPTMC6GE,Sportime 16 Lynbrook,SPTMC,16,6,B16ALLIN1FL,AVA 16 Boys,B16,True,5.0,2.0,5.664079226019568,-3.178067176989841,8.842146403009409,0.6301118548215393,0.3698881451784607,False,0.3333333333333333,-5.333333333333333,-0.6666666666666666,9.804892105835682,0.44014322494890523,-0.1068098916155719,,3
2026-02-07,B16SPTMC6GE,Sportime 16 Lynbrook,SPTMC,16,6,B16SPTMC4GE,Sportime 16 4,B16,True,18.0,2.0,5.664079226019568,-8.612172422338178,14.276251648357746,0.7026763968433887,0.2973236031566113,False,0.5,0.5,0.0,5.200625973792216,0.5057765179225261,-0.005776517922526092,,4
2026-02-07,B16SPTMC6GE,Sportime 16 Lynbrook,SPTMC,16,6,B16DIGSV1GE,Digs Boys 16 Red,B16,False,-14.0,-2.0,5.664079226019568,11.574212638274435,-5.910133412254868,0.411914376672871,-0.411914376672871,False,0.4,-2.4,-0.4,6.47534330668866,0.48700408967259506,-0.08700408967259507,,5
2026-02-07,B16SPTMC6GE,Sportime 16 Lynbrook,SPTMC,16,6,B16NYCIV2GE,NYC Impact 16U Travel,B16,False,-6.0,-1.0,5.664079226019568,15.768343777596025,-10.104264551576456,0.3523482179568386,-0.3523482179568386,False,0.4,-1.6,-0.2,6.2641321188276935,0.48987981285029525,-0.08987981285029525,,6
2026-02-08,B16SPTMC6GE,Sportime 16 Lynbrook,SPTMC,16,6,B16CORE12GE,CORE Boys 16 Titanium,B16,True,7.0,2.0,5.664079226019568,8.268158363541186,-2.6040791375216186,0.46085944142180907,0.539140558578191,True,0.6,2.0,0.6,4.764095036016725,0.5115820575432893,0.08841794245671067,1.0,7
2026-02-08,B16SPTMC6GE,Sportime 16 Lynbrook,SPTMC,16,6,B16SPTMC3GE,Sportime 16 3,B16,False,-4.0,-2.0,5.664079226019568,3.899415133576216,1.7646640924433514,0.5265531217808791,-0.5265531217808791,True,0.4,0.2,-0.2,6.179591498129937,0.4908703109351573,-0.09087031093515728,0.5,8
2026-01-17,B16SYRVB1XL,SVC 16 1 Boys,SYRVB,16,1,B16TTVBC1NE,SLAM 16 1 Boys,B16,True,10.0,2.0,12.369800353996835,-3.5169299399193092,15.886730293916145,0.7225405858994494,0.27745941410055064,False,1.0,10.0,2.0,-3.5169299399193092,0.7225405858994494,0.27745941410055064,,1
2026-01-17,B16SYRVB1XL,SVC 16 1 Boys,SYRVB,16,1,B16PVJVB1NE,PV Boys 16 1,B16,True,19.0,2.0,12.369800353996835,-8.842336914611254,21.21213726860809,0.782097044842751,0.217902955157249,False,1.0,14.5,2.0,-6.179633427265282,0.7523188153711002,0.24768118462889982,,2
2026-01-17,B16SYRVB1XL,SVC 16 1 Boys,SYRVB,16,1,B16MVNER1NE,Meraki VB 16 1,B16,True,26.0,2.0,12.369800353996835,-10.953719540849232,23.323519894846065,0.802996625503853,0.19700337449614702,False,1.0,18.333333333333332,2.0,-7.770995465126599,0.7692114187486845,0.23078858125131554,,3
2026-01-18,B16SYRVB1XL,SVC 16 1 Boys,SYRVB,16,1,B16BVJVB1NE,Blast 16 Inferno,B16,True,20.0,2.0,12.369800353996835,-5.9092173637141405,18.279017717710975,0.7504891348941285,0.2495108651058715,False,1.0,18.75,2.0,-7.305550939773484,0.7645308477850454,0.23546915221495454,,4
2026-01-18,B16SYRVB1XL,SVC 16 1 Boys,SYRVB,16,1,B16LEGIO1XL,TeamLVC Boys 16 Black,B16,True,9.0,1.0,12.369800353996835,13.632552538073494,-1.2627521840766587,0.48099048388675375,0.5190095161132462,True,1.0,16.8,1.8,-3.1179302442040884,0.7078227750053872,0.29217722499461285,1.0,5
2026-01-18,B16SYRVB1XL,SVC 16 1 Boys,SYRVB,16,1,B16NESVC1NE,NE Storm 16 Lightning,B16,True,21.0,2.0,12.369800353996835,3.4324314548412644,8.93736889915557,0.6314479109358984,0.36855208906410164,False,1.0,19.0,1.8,-1.7280579652519736,0.6896042400126768,0.31039575998732305,1.0,6
2026-01-19,B16SYRVB1XL,SVC 16 1 Boys,SYRVB,16,1,B16TTVBC1NE,SLAM 16 1 Boys,B16,True,5.0,2.0,12.369800353996835,-3.5169299399193092,15.886730293916145,0.7225405858994494,0.27745941410055064,False,1.0,16.2,1.8,-0.6629765703135848,0.6776929482240165,0.3223070517759834,1.0,7
2026-01-19,B16SYRVB1XL,SVC 16 1 Boys,SYRVB,16,1,B16LEGIO1XL,TeamLVC Boys 16 Black,B16,False,-9.0,-2.0,12.369800353996835,13.632552538073494,-1.2627521840766587,0.48099048388675375,-0.48099048388675375,True,0.8,9.2,1.0,4.254277845470961,0.6132917199005967,0.18670828009940327,0.5,8
2025-11-22,B16TACCU1GE,Accuracy 16 Champ,TACCU,16,1,B16MVPVA1NE,MVP BOS 16 Black,B16,True,1.0,1.0,2.3917806098039236,6.4550379803343665,-4.063257370530443,0.4391058586357343,0.5608941413642656,True,1.0,1.0,1.0,6.4550379803343665,0.4391058586357343,0.5608941413642656,1.0,1
2025-11-22,B16TACCU1GE,Accuracy 16 Champ,TACCU,16,1,B16RRJVB1NE,Boston United Boys 16 National 1,B16,False,-6.0,-1.0,2.3917806098039236,0.8696593071779559,1.5221213026259677,0.5229090667183789,-0.5229090667183789,True,0.5,-2.5,0.0,3.662348643756161,0.48100746267705663,0.01899253732294337,0.5,2
2025-11-22,B16TACCU1GE,Accuracy 16 Champ,TACCU,16,1,B16NESVC1NE,NE Storm 16 Lightning,B16,True,4.0,1.0,2.3917806098039236,3.4324314548412644,-1.0406508450373408,0.4843315824439907,0.5156684175560093,True,0.6666666666666666,-0.3333333333333333,0.3333333333333333,3.585709580784529,0.482115502599368,0.18455116406729868,0.6666666666666666,3
2025-11-23,B16TACCU1GE,Accuracy 16 Champ,TACCU,16,1,B16SJVBC1NE,South County Juniors Boys 16's Blue,B16,True,18.0,2.0,2.3917806098039236,-3.257592123047605,5.649372732851528,0.5842749267829757,0.41572507321702434,False,0.75,4.25,0.75,1.8748841548264954,0.5076553586452699,0.2423446413547301,0.6666666666666666,4
2025-11-23,B16TACCU1GE,Accuracy 16 Champ,TACCU,16,1,B16MCJVB1NE,Mill City 16's,B16,False,-22.0,-2.0,2.3917806098039236,9.459366429713532,-7.067585819909608,0.39513257036884053,-0.39513257036884053,False,0.6,-1.0,0.2,3.3917806098039023,0.485150800989984,0.11484919901001597,0.6666666666666666,5
2025-11-22,B16TTVBC1NE,SLAM 16 1 Boys,TTVBC,16,1,B16SJVBC1NE,South County Juniors Boys 16's Blue,B16,True,3.0,1.0,-3.5169299399193092,-3.257592123047605,-0.25933781687170443,0.49609411609090986,0.5039058839090902,True,1.0,3.0,1.0,-3.257592123047605,0.49609411609090986,0.5039058839090902,1.0,1
2025-11-22,B16TTVBC1NE,SLAM 16 1 Boys,TTVBC,16,1,B16MCJVB1NE,Mill City 16's,B16,False,-19.0,-2.0,-3.5169299399193092,9.459366429713532,-12.976296369632841,0.31394083837339315,-0.31394083837339315,False,0.5,-8.0,-0.5,3.1008871533329634,0.40501747723215153,0.09498252276784852,1.0,2
2025-11-22,B16TTVBC1NE,SLAM 16 1 Boys,TTVBC,16,1,B16BVJVB1NE,Blast 16 Inferno,B16,False,-5.0,-1.0,-3.5169299399193092,-5.9092173637141405,2.3922874237948313,0.5359687073087797,-0.5359687073087797,True,0.3333333333333333,-7.0,-0.6666666666666666,0.09751898098392875,0.4486678872576942,-0.11533455392436087,0.5,3
2025-11-23,B16TTVBC1NE,SLAM 16 1 Boys,TTVBC,16,1,B16MVPVA1NE,MVP BOS 16 Black,B16,False,-17.0,-2.0,-3.5169299399193092,6.4550379803343665,-9.971967920253675,0.35416915034872787,-0.35416915034872787,False,0.25,-9.5,-1.0,1.6868987308215382,0.4250432030304526,-0.17504320303045262,0.5,4
2025-11-23,B16TTVBC1NE,SLAM 16 1 Boys,TTVBC,16,1,B16BVJVB1NE,Blast 16 Inferno,B16,True,11.0,1.0,-3.5169299399193092,-5.9092173637141405,2.3922874237948313,0.5359687073087797,0.46403129269122034,True,0.4,-5.4,-0.6,0.16767551191440244,0.447228303886118,-0.047228303886118025,0.6666666666666666,5
2026-01-17,B16TTVBC1NE,SLAM 16 1 Boys,TTVBC,16,1,B16SYRVB1XL,SVC 16 1 Boys,B16,False,-10.0,-2.0,-3.5169299399193092,12.369800353996835,-15.886730293916145,0.2774594141005506,-0.2774594141005506,False,0.2,-8.0,-1.2,3.2931540073232903,0.4035013634880462,-0.20350136348804618,0.5,6
2026-01-17,B16TTVBC1NE,SLAM 16 1 Boys,TTVBC,16,1,B16LEGIO1XL,TeamLVC Boys 16 Black,B16,False,-18.0,-2.0,-3.5169299399193092,13.632552538073494,-17.1494824779928,0.26246928710803913,-0.26246928710803913,False,0.2,-7.8,-1.2,4.127791228995283,0.39320705323497535,-0.1932070532349754,0.5,7
2026-01-17,B16TTVBC1NE,SLAM 16 1 Boys,TTVBC,16,1,B16NESVC1NE,NE Storm 16 Lightning,B16,False,-5.0,-1.0,-3.5169299399193092,3.4324314548412644,-6.949361394760574,0.39683612164610993,-0.39683612164610993,False,0.2,-7.8,-1.2,5.996120992706365,0.3653805361024414,-0.16538053610244144,1.0,8
2026-01-18,B16TTVBC1NE,SLAM 16 1 Boys,TTVBC,16,1,B16MVNER1NE,Meraki VB 16 1,B16,True,18.0,2.0,-3.5169299399193092,-10.953719540849232,7.436789600929922,0.6101709199775979,0.38982908002240213,False,0.4,-0.8,-0.4,2.5143694884696446,0.41658089002821547,-0.016580890028215434,1.0,9
2026-01-18,B16TTVBC1NE,SLAM 16 1 Boys,TTVBC,16,1,B16BVJVB1NE,Blast 16 Inferno,B16,True,-3.0,1.0,-3.5169299399193092,-5.9092173637141405,2.3922874237948313,0.5359687073087797,0.46403129269122034,True,0.4,-3.6,-0.4,2.5143694884696446,0.41658089002821547,-0.016580890028215434,1.0,10
2026-01-18,B16TTVBC1NE,SLAM 16 1 Boys,TTVBC,16,1,B16PVJVB1NE,PV Boys 16 1,B16,False,-7.0,-1.0,-3.5169299399193092,-8.842336914611254,5.325406974691944,0.5795265409369379,-0.5795265409369379,True,0.4,-3.0,-0.2,-1.7280579652519734,0.4769943153954929,-0.0769943153954929,0.5,11
2026-01-19,B16TTVBC1NE,SLAM 16 1 Boys,TTVBC,16,1,B16SYRVB1XL,SVC 16 1 Boys,B16,False,-5.0,-2.0,-3.5169299399193092,12.369800353996835,-15.886730293916145,0.2774594141005506,-0.2774594141005506,False,0.4,-0.4,-0.2,-1.9806084020673052,0.47999234079399516,-0.07999234079399518,0.5,12
2026-01-31,B16TTVBC1NE,SLAM 16 1 Boys,TTVBC,16,1,B16MCJVB1NE,Mill City 16's,B16,False,-10.0,-2.0,-3.5169299399193092,9.459366429713532,-12.976296369632841,0.31394083837339315,-0.31394083837339315,False,0.4,-1.4,-0.4,-0.7752214070928517,0.4634132841394519,-0.06341328413945183,0.5,13
2026-01-31,B16TTVBC1NE,SLAM 16 1 Boys,TTVBC,16,1,B16NYCVA1GE,NYC VBA 16 Hudson,B16,False,-6.0,-2.0,-3.5169299399193092,9.769248976932108,-13.286178916851417,0.30993392165024997,-0.30993392165024997,False,0.2,-6.2,-1.2,3.3693722964634163,0.4033658844739822,-0.20336588447398224,0.5,14
2026-01-31,B16TTVBC1NE,SLAM 16 1 Boys,TTVBC,16,1,B16BVJVB1NE,Blast 16 Inferno,B16,False,-8.0,-2.0,-3.5169299399193092,-5.9092173637141405,2.3922874237948313,0.5359687073087797,-0.5359687073087797,True,0.0,-7.2,-1.8,3.3693722964634163,0.4033658844739823,-0.4033658844739822,0.0,15
2026-02-01,B16TTVBC1NE,SLAM 16 1 Boys,TTVBC,16,1,B16BVJVB1NE,Blast 16 Inferno,B16,False,-6.0,-1.0,-3.5169299399193092,-5.9092173637141405,2.3922874237948313,0.5359687073087797,-0.5359687073087797,True,0.0,-7.0,-1.8,3.9559962066428382,0.39465431774835064,-0.39465431774835064,0.0,16
2026-02-01,B16TTVBC1NE,SLAM 16 1 Boys,TTVBC,16,1,B16LHVBC1NE,LHV Boys 16-1 Valiants,B16,False,-8.0,-1.0,-3.5169299399193092,2.923606681197808,-6.440536621117117,0.40419613419945327,-0.40419613419945327,False,0.0,-7.6,-1.6,2.066757472083033,0.42000166176813114,-0.42000166176813114,0.0,17
2026-03-14,B16TTVBC1NE,SLAM 16 1 Boys,TTVBC,16,1,B16LEGIO1XL,TeamLVC Boys 16 Black,B16,False,-20.0,-2.0,-3.5169299399193092,13.632552538073494,-17.1494824779928,0.26246928710803913,-0.26246928710803913,False,0.0,-9.6,-1.6,2.9013946937550257,0.4097073515150603,-0.4097073515150603,0.0,18
2026-03-14,B16TTVBC1NE,SLAM 16 1 Boys,TTVBC,16,1,B16NEVBC2NE,NEVBC Boys 16.2,B16,False,-3.0,-1.0,-3.5169299399193092,0.8815355192584385,-4.398465459177748,0.43413835206819074,-0.43413835206819074,True,0.0,-9.0,-1.4,1.1238520022202916,0.4345482375986485,-0.4345482375986485,0.0,19
2026-03-14,B16TTVBC1NE,SLAM 16 1 Boys,TTVBC,16,1,B16RRJVB1NE,Boston United Boys 16 National 1,B16,False,-5.0,-2.0,-3.5169299399193092,0.8696593071779559,-4.386589247097265,0.43431412787949825,-0.43431412787949825,True,0.0,-8.4,-1.4,2.479627336398711,0.41421732171279224,-0.41421732171279224,0.0,20
2026-03-15,B16TTVBC1NE,SLAM 16 1 Boys,TTVBC,16,1,B16BVJVB1NE,Blast 16 Inferno,B16,True,1.0,1.0,-3.5169299399193092,-5.9092173637141405,2.3922874237948313,0.5359687073087797,0.46403129269122034,True,0.2,-7.0,-1.0,2.4796273363987114,0.41421732171279224,-0.21421732171279223,0.3333333333333333,21
2026-03-15,B16TTVBC1NE,SLAM 16 1 Boys,TTVBC,16,1,B16NEVBC2NE,NEVBC Boys 16.2,B16,True,7.0,2.0,-3.5169299399193092,0.8815355192584385,-4.398465459177748,0.43413835206819074,0.5658616479318093,True,0.4,-4.0,-0.4,2.071213104010837,0.42020576528653975,-0.020205765286539723,0.5,22
2026-02-06,B17117902XX,Torrimar 17 2,11790,17,2,B17SPTMC6GE,Sportime 17 Lynbrook 2,B17,True,7.0,2.0,2.8986813753206606,-7.908271585640657,10.806952960961318,0.6652542112655129,0.3347457887344871,False,1.0,7.0,2.0,-7.908271585640657,0.6652542112655129,0.3347457887344871,,1
2026-02-06,B17117902XX,Torrimar 17 2,11790,17,2,B17RIVAL1GE,Rival 17’s,B17,True,16.0,2.0,2.8986813753206606,-8.083672179554975,10.982353554875637,0.667731951150081,0.332268048849919,False,1.0,11.5,2.0,-7.995971882597816,0.6664930812077969,0.33350691879220307,,2
2026-02-06,B17117902XX,Torrimar 17 2,11790,17,2,B17MVPVA2NE,MVP BOS 17 Blue,B17,True,8.0,2.0,2.8986813753206606,-9.147307757863627,12.045989133184289,0.6825554076629824,0.3174445923370176,False,1.0,10.333333333333334,2.0,-8.379750507686419,0.6718471900261921,0.3281528099738079,,3
2026-02-07,B17117902XX,Torrimar 17 2,11790,17,2,B17LCVBC2GE,Legacy Boys 17 Premier,B17,True,20.0,2.0,2.8986813753206606,-5.4624626032818675,8.361143978602527,0.6298009678499334,0.37019903215006655,False,1.0,12.75,2.0,-7.650428531585282,0.6613356344821274,0.3386643655178726,,4
2026-02-07,B17117902XX,Torrimar 17 2,11790,17,2,B17XTREM1GE,Xtreme 17 National Braulio,B17,True,4.0,2.0,2.8986813753206606,-7.311976960362236,10.210658335682897,0.6567630854287232,0.3432369145712768,False,1.0,11.0,2.0,-7.582738217340673,0.6604211246714466,0.3395788753285534,,5
2026-02-07,B17117902XX,Torrimar 17 2,11790,17,2,B17LCVBC2GE,Legacy Boys 17 Premier,B17,False,-7.0,-2.0,2.8986813753206606,-5.4624626032818675,8.361143978602527,0.6298009678499334,-0.6298009678499334,False,0.8,8.2,1.2,-7.093576420868915,0.6533304759883307,0.1466695240116693,,6
2026-02-08,B17117902XX,Torrimar 17 2,11790,17,2,B17LIFRY1GE,LI Fury 17 1,B17,True,2.0,1.0,2.8986813753206606,4.151513773943261,-1.2528323986226004,0.4801056707364638,0.5198943292635362,True,0.8,5.4,1.0,-4.646539230169267,0.6158052199056072,0.18419478009439275,1.0,7
2026-02-08,B17117902XX,Torrimar 17 2,11790,17,2,B17ROYAL1NO,Infinity Royals 17N,B17,True,9.0,2.0,2.8986813753206606,-0.5833724901928343,3.482053865513495,0.5550977601857762,0.44490223981422383,True,0.8,5.6,1.0,-2.933752176635109,0.590313690410166,0.20968630958983397,1.0,8
2026-02-08,B17117902XX,Torrimar 17 2,11790,17,2,B17SPTMC3GE,Sportime 17 3,B17,True,0.0,1.0,2.8986813753206606,1.8961447841210222,1.0025365911996384,0.5159227846686887,0.4840772153313113,True,0.8,1.6,0.8,-1.4620306991545309,0.5675380537739171,0.23246194622608293,1.0,9
2026-02-06,B17ALLIN1FL,AVA 17 Boys,ALLIN,17,1,B17CAPIT1XL,CSVC 17 BIG SLIDE,B17,False,-12.0,-2.0,14.569140556144442,13.536074295314258,1.033066260830184,0.5164073290461134,-0.5164073290461134,True,0.0,-12.0,-2.0,13.536074295314258,0.5164073290461134,-0.5164073290461134,0.0,1
2026-02-06,B17ALLIN1FL,AVA 17 Boys,ALLIN,17,1,B17MVPVA1NE,MVP BOS 17 Black,B17,True,19.0,1.0,14.569140556144442,3.0609262950644527,11.508214261079988,0.6751045278001663,0.3248954721998337,False,0.5,3.5,-0.5,8.298500295189355,0.5957559284231398,-0.09575592842313985,0.0,2
2026-02-06,B17ALLIN1FL,AVA 17 Boys,ALLIN,17,1,B17SPTMC5GE,Sportime 17 Lynbrook,B17,True,24.0,2.0,14.569140556144442,1.7391244132409445,12.830016142903498,0.6932518906909242,0.3067481093090758,False,0.6666666666666666,10.333333333333334,0.3333333333333333,6.112041667873219,0.6282545825124013,0.03841208415426537,0.0,3
2026-02-07,B17ALLIN1FL,AVA 17 Boys,ALLIN,17,1,B17DIGSV1GE,Digs Boys 17 Red,B17,True,16.0,2.0,14.569140556144442,-2.569385161113874,17.138525717258315,0.7482270234264229,0.2517729765735771,False,0.75,11.75,0.75,3.9416849606264455,0.6582476927409067,0.09175230725909331,0.0,4
2026-02-07,B17ALLIN1FL,AVA 17 Boys,ALLIN,17,1,B17RRJVB1NE,Boston United Boys 17 National 1,B17,True,12.0,2.0,14.569140556144442,0.2608695652172601,14.30827099092718,0.7128593095060147,0.2871406904939853,False,0.8,11.8,1.0,3.205521881544608,0.6691700160939283,0.1308299839060717,0.0,5
2026-02-07,B17ALLIN1FL,AVA 17 Boys,ALLIN,17,1,B17MVPVA1NE,MVP BOS 17 Black,B17,True,-2.0,1.0,14.569140556144442,3.0609262950644527,11.508214261079988,0.6751045278001663,0.3248954721998337,False,1.0,13.8,1.6,1.1104922814946474,0.7009094558447388,0.2990905441552611,,6
2026-02-08,B17ALLIN1FL,AVA 17 Boys,ALLIN,17,1,B17NYCIV1GE,NYC Impact 17U National,B17,True,4.0,2.0,14.569140556144442,13.464773086375576,1.1043674697688655,0.5175388474656019,0.48246115253439814,True,1.0,10.8,1.8,3.191261639756872,0.669396319777826,0.330603680222174,1.0,7
2026-02-08,B17ALLIN1FL,AVA 17 Boys,ALLIN,17,1,B17CAPIT1XL,CSVC 17 BIG SLIDE,B17,False,-6.0,-1.0,14.569140556144442,13.536074295314258,1.033066260830184,0.5164073290461134,-0.5164073290461134,True,0.8,4.8,1.2,5.5506516161715345,0.6340274074488639,0.1659725925511362,0.5,8
2025-11-22,B17BVJVB1NE,Blast 17 Ignite,BVJVB,17,1,B17SJVBC1NE,South County Juniors Boys 17 1,B17,False,-10.0,-1.0,2.42210539887769,6.47483411747475,-4.05272871859706,0.435964370597582,-0.435964370597582,True,0.0,-10.0,-1.0,6.47483411747475,0.435964370597582,-0.435964370597582,0.0,1
2025-11-22,B17BVJVB1NE,Blast 17 Ignite,BVJVB,17,1,B17TTVBC1NE,SLAM 17 1 Boys,B17,False,-12.0,-2.0,2.42210539887769,6.90661666404597,-4.48451126516828,0.42922904465279,-0.42922904465279,True,0.0,-11.0,-1.5,6.69072539076036,0.432596707625186,-0.432596707625186,0.0,2
2025-11-22,B17BVJVB1NE,Blast 17 Ignite,BVJVB,17,1,B17NESVC1NE,NE Storm 17 Tsunami,B17,False,-10.0,-2.0,2.42210539887769,5.657609235304984,-3.235503836427294,0.4487750925234405,-0.4487750925234405,True,0.0,-10.666666666666666,-1.6666666666666667,6.346353338941902,0.4379895025912708,-0.4379895025912708,0.0,3
2025-11-23,B17BVJVB1NE,Blast 17 Ignite,BVJVB,17,1,B17RRJVB1NE,Boston United Boys 17 National 1,B17,False,-9.0,-2.0,2.42210539887769,0.2608695652172601,2.16123583366043,0.5342835534991507,-0.5342835534991507,True,0.0,-10.25,-1.75,4.824982395510741,0.4620630153182408,-0.4620630153182408,0.0,4
2025-11-23,B17BVJVB1NE,Blast 17 Ignite,BVJVB,17,1,B17TTVBC2NE,SLAM 17 2 Boys,B17,True,10.0,2.0,2.42210539887769,-3.9278272583952063,6.3499326572728965,0.5995397116495692,0.4004602883504308,False,0.2,-6.2,-1.0,3.0744204647295517,0.48955835458450647,-0.28955835458450646,0.0,5
2026-01-17,B17BVJVB1NE,Blast 17 Ignite,BVJVB,17,1,B17PVJVB2NE,PV Boys 17 2,B17,True,13.0,2.0,2.42210539887769,-9.324725275514181,11.746830674391871,0.6784217966466032,0.3215782033533968,False,0.4,-1.6,-0.4,-0.08549141386823464,0.5380498397943108,-0.1380498397943107,0.0,6
2026-01-17,B17BVJVB1NE,Blast 17 Ignite,BVJVB,17,1,B17LHVBC2NE,LHV Boys 17-2 Boom,B17,True,20.0,2.0,2.42210539887769,-18.684867505579003,21.106972904456693,0.7927166801473459,0.20728331985265414,False,0.6,4.8,0.4,-5.203788247793229,0.6107473668932218,-0.010747366893221888,0.0,7
2026-01-17,B17BVJVB1NE,Blast 17 Ignite,BVJVB,17,1,B17CAPIT2XL,CSVC 17 SKYLIGHT,B17,True,11.0,2.0,2.42210539887769,-11.076086956521994,13.498192355399684,0.7022070961440849,0.29779290385591506,False,0.8,9.0,1.2,-8.550527486158625,0.6614337676173508,0.13856623238264923,0.0,8
2026-01-18,B17BVJVB1NE,Blast 17 Ignite,BVJVB,17,1,B17PVJVB1NE,PV Boys 17 1,B17,True,7.0,2.0,2.42210539887769,1.4239130434780398,0.9981923553996503,0.5158538337109047,0.48414616628909535,True,1.0,12.2,2.0,-8.31791879050647,0.6577478236597016,0.3422521763402984,1.0,9
2026-01-18,B17BVJVB1NE,Blast 17 Ignite,BVJVB,17,1,B17TTVBC1NE,SLAM 17 1 Boys,B17,True,3.0,1.0,2.42210539887769,6.90661666404597,-4.48451126516828,0.42922904465279,0.57077095534721,True,1.0,10.8,1.8,-6.1510300060182335,0.6236856902603457,0.3763143097396543,1.0,10
2026-01-18,B17BVJVB1NE,Blast 17 Ignite,BVJVB,17,1,B17NESVC1NE,NE Storm 17 Tsunami,B17,False,-11.0,-1.0,2.42210539887769,5.657609235304984,-3.235503836427294,0.4487750925234405,-0.4487750925234405,True,0.8,6.0,1.2,-3.154563103854401,0.5777563494357132,0.2222436505642868,0.6666666666666666,11
2026-01-19,B17BVJVB1NE,Blast 17 Ignite,BVJVB,17,1,B17SYRVB1XL,SVC 17 1 Boys,B17,False,-17.0,-2.0,2.42210539887769,19.054499331905404,-16.632393933027714,0.2578806456079185,-0.2578806456079185,False,0.6,-1.4,0.4,4.393310263642481,0.4707891425278278,0.12921085747217229,0.6666666666666666,12
2026-01-31,B17BVJVB1NE,Blast 17 Ignite,BVJVB,17,1,B17LHVBC1NE,LHV Boys 17-1 Ubuntu,B17,True,9.0,1.0,2.42210539887769,4.793922273324947,-2.3718168744472568,0.4623880687137909,0.5376119312862091,True,0.6,-1.8,0.2,7.567312109611869,0.4228253370417689,0.1771746629582311,0.75,13
2026-01-31,B17BVJVB1NE,Blast 17 Ignite,BVJVB,17,1,B17MVPVA1NE,MVP BOS 17 Black,B17,True,10.0,2.0,2.42210539887769,3.0609262950644527,-0.6388208961867625,0.48985189073123836,0.5101481092687616,True,0.6,-1.2,0.2,7.894714759929151,0.41762494844583564,0.18237505155416436,0.75,14
2026-01-31,B17BVJVB1NE,Blast 17 Ignite,BVJVB,17,1,B17SJJVB1NE,SMASH Boys 17-1,B17,False,-17.0,-2.0,2.42210539887769,24.240906272986322,-21.818800874108632,0.1999483749134291,-0.1999483749134291,False,0.4,-5.2,-0.4,11.361572681717222,0.3717688144979635,0.028231185502036536,0.6666666666666666,15
2026-02-01,B17BVJVB1NE,Blast 17 Ignite,BVJVB,17,1,B17PVJVB1NE,PV Boys 17 1,B17,False,-7.0,-2.0,2.42210539887769,1.4239130434780398,0.9981923553996503,0.5158538337109047,-0.5158538337109047,True,0.4,-4.4,-0.6,10.514833443351833,0.3851845627354563,0.014815437264543707,0.6666666666666666,16
2026-02-01,B17BVJVB1NE,Blast 17 Ignite,BVJVB,17,1,B17SJJVB3NE,SMASH Boys 17's Shock,B17,False,-18.0,-2.0,2.42210539887769,-2.369565217391459,4.791670616269149,0.5755465454028031,-0.5755465454028031,True,0.4,-4.6,-0.6,6.2300205334924605,0.4487177426944332,-0.04871774269443322,0.5,17
2026-03-14,B17BVJVB1NE,Blast 17 Ignite,BVJVB,17,1,B17CAPIT1XL,CSVC 17 BIG SLIDE,B17,False,-14.0,-2.0,2.42210539887769,13.536074295314258,-11.113968896436567,0.3304148948635446,-0.3304148948635446,False,0.2,-9.2,-1.2,7.978450937890322,0.42232310792438393,-0.22232310792438398,0.3333333333333333,18
2026-03-14,B17BVJVB1NE,Blast 17 Ignite,BVJVB,17,1,B17NESVC1NE,NE Storm 17 Tsunami,B17,True,4.0,1.0,2.42210539887769,5.657609235304984,-3.235503836427294,0.4487750925234405,0.5512249074765595,True,0.2,-10.4,-1.4,8.49778752593843,0.41410774828282443,-0.21410774828282442,0.3333333333333333,19
2026-03-14,B17BVJVB1NE,Blast 17 Ignite,BVJVB,17,1,B17TTVBC2NE,SLAM 17 2 Boys,B17,True,10.0,1.0,2.42210539887769,-3.9278272583952063,6.3499326572728965,0.5995397116495692,0.4004602883504308,False,0.4,-5.0,-0.8,2.864040819662123,0.4940260156300524,-0.09402601563005242,0.3333333333333333,20
2026-03-15,B17BVJVB1NE,Blast 17 Ignite,BVJVB,17,1,B17RRJVB1NE,Boston United Boys 17 National 1,B17,False,-17.0,-2.0,2.42210539887769,0.2608695652172601,2.16123583366043,0.5342835534991507,-0.5342835534991507,True,0.4,-7.0,-0.8,2.6314321240099674,0.49771195958770165,-0.09771195958770162,0.3333333333333333,21
2026-03-15,B17BVJVB1NE,Blast 17 Ignite,BVJVB,17,1,B17NESVC1NE,NE Storm 17 Tsunami,B17,False,-5.0,-2.0,2.42210539887769,5.657609235304984,-3.235503836427294,0.4487750925234405,-0.4487750925234405,True,0.4,-4.4,-0.8,4.236867014549256,0.4723576690118291,-0.07235766901182909,0.3333333333333333,22
2025-11-22,B17CAMYV1NE,CYVB 17 1,CAMYV,17,1,B17NESVC2NE,NE Storm 17 Landslide,B17,True,6.0,2.0,-3.423912133051875,-5.3693656322920225,1.9454534992401475,0.5308697985463326,0.46913020145366735,True,1.0,6.0,2.0,-5.3693656322920225,0.5308697985463326,0.46913020145366735,1.0,1
2025-11-22,B17CAMYV1NE,CYVB 17 1,CAMYV,17,1,B17RRJVB2NE,Boston United Boys 17 Northeast,B17,True,13.0,2.0,-3.423912133051875,-5.5618029944589,2.1378908614070253,0.5339143766911457,0.4660856233088543,True,1.0,9.5,2.0,-5.465584313375461,0.5323920876187391,0.4676079123812608,1.0,2
2025-11-22,B17CAMYV1NE,CYVB 17 1,CAMYV,17,1,B17LHVBC1NE,LHV Boys 17-1 Ubuntu,B17,False,-12.0,-1.0,-3.423912133051875,4.793922273324947,-8.217834406376822,0.3723249680515466,-0.3723249680515466,False,0.6666666666666666,2.3333333333333335,1.0,-2.0457487844753253,0.47903638109634167,0.18763028557032502,1.0,3
2025-11-23,B17CAMYV1NE,CYVB 17 1,CAMYV,17,1,B17LHVBC2NE,LHV Boys 17-2 Boom,B17,True,8.0,2.0,-3.423912133051875,-18.684867505579003,15.260955372527128,0.7250908491031184,0.2749091508968816,False,0.75,3.75,1.25,-6.205528464751245,0.5405499980980358,0.20945000190196417,1.0,4
2025-11-23,B17CAMYV1NE,CYVB 17 1,CAMYV,17,1,B17MMVBC1NE,Mayhem 17 1,B17,True,13.0,2.0,-3.423912133051875,-10.49910066577871,7.075188532726836,0.6105533258590528,0.38944667414094725,False,0.8,5.6,1.4,-7.064242904956738,0.5545506636502392,0.2454493363497608,1.0,5
2025-11-23,B17CAMYV1NE,CYVB 17 1,CAMYV,17,1,B17LHVBC1NE,LHV Boys 17-1 Ubuntu,B17,False,-9.0,-2.0,-3.423912133051875,4.793922273324947,-8.217834406376822,0.3723249680515466,-0.3723249680515466,False,0.6,2.6,0.6,-5.031585323833344,0.522841697551282,0.07715830244871799,1.0,6
2026-01-17,B17CAMYV1NE,CYVB 17 1,CAMYV,17,1,B17PVJVB3NE,PV Boys 17 3,B17,True,7.0,2.0,-3.423912133051875,-13.784423886316176,10.360511753264301,0.6589066860416307,0.3410933139583693,False,0.6,1.4,0.6,-6.6761095022048,0.547840159421379,0.052159840578621,,7
2026-01-17,B17CAMYV1NE,CYVB 17 1,CAMYV,17,1,B17RRJVB3NE,Boston United Boys 17 Select 1,B17,True,19.0,2.0,-3.423912133051875,-17.6226109399729,14.198698806921026,0.7114318395054693,0.2885681604945307,False,0.8,7.6,1.2,-11.15941614486437,0.6156615337121635,0.18433846628783646,,8
2026-01-17,B17CAMYV1NE,CYVB 17 1,CAMYV,17,1,B17NESVC1NE,NE Storm 17 Tsunami,B17,False,-15.0,-2.0,-3.423912133051875,5.657609235304984,-9.08152136835686,0.3595899988500673,-0.3595899988500673,False,0.6,3.0,0.4,-6.290920796687571,0.5425613636615533,0.05743863633844667,,9
2026-01-18,B17CAMYV1NE,CYVB 17 1,CAMYV,17,1,B17SYRVB1XL,SVC 17 1 Boys,B17,False,-12.0,-2.0,-3.423912133051875,19.054499331905404,-22.47841146495728,0.19332685164491678,-0.19332685164491678,False,0.4,-2.0,-0.4,-0.38020079715074784,0.45911606881872624,-0.05911606881872613,,10
2026-01-18,B17CAMYV1NE,CYVB 17 1,CAMYV,17,1,B17TTVBC2NE,SLAM 17 2 Boys,B17,False,-18.0,-2.0,-3.423912133051875,-3.9278272583952063,0.5039151253433314,0.5080054536127993,-0.5080054536127993,True,0.4,-3.8,-0.4,-2.124550703494779,0.4862521659309767,-0.08625216593097666,0.0,11
2026-01-18,B17CAMYV1NE,CYVB 17 1,CAMYV,17,1,B17CAPIT2XL,CSVC 17 SKYLIGHT,B17,True,3.0,1.0,-3.423912133051875,-11.076086956521994,7.652174823470119,0.619236076006136,0.38076392399386405,False,0.4,-4.6,-0.6,-1.5828833175359425,0.4783180439238778,-0.07831804392387771,0.0,12
2026-01-19,B17CAMYV1NE,CYVB 17 1,CAMYV,17,1,B17TTVBC1NE,SLAM 17 1 Boys,B17,False,-8.0,-2.0,-3.423912133051875,6.90661666404597,-10.330528797097845,0.3415216933961437,-0.3415216933961437,False,0.2,-10.0,-1.4,3.3229622032678323,0.4043360147020126,-0.20433601470201257,0.0,13
2025-12-20,B17CAPIT1XL,CSVC 17 BIG SLIDE,CAPIT,17,1,B18PVJVB2NE,PV Boys 18 2,MIXED,True,23.0,2.0,13.536074295314258,-2.963925704685832,16.50000000000009,0.6588589277279359,0.34114107227206414,False,1.0,23.0,2.0,-2.963925704685832,0.6588589277279359,0.34114107227206414,,1
2025-12-20,B17CAPIT1XL,CSVC 17 BIG SLIDE,CAPIT,17,1,B18LEGIO1XL,TeamLVC Boys 18 Black,MIXED,True,6.0,1.0,13.536074295314258,4.22806608176198,9.308008213552277,0.5917760719397298,0.4082239280602702,False,1.0,14.5,1.5,0.6320701885380742,0.6253174998338329,0.37468250016616717,,2
2025-12-20,B17CAPIT1XL,CSVC 17 BIG SLIDE,CAPIT,17,1,B18SJJVB2NE,SMASH Boys 18's Force,MIXED,True,10.0,2.0,13.536074295314258,6.0740619749855815,7.462012320328676,0.5738734397003729,0.42612656029962714,True,1.0,13.0,1.6666666666666667,2.4460674506872433,0.6081694797893462,0.3918305202106538,1.0,3
2025-12-20,B17CAPIT1XL,CSVC 17 BIG SLIDE,CAPIT,17,1,B18PVJVB1NE,PV Boys 18 1,MIXED,True,-2.0,1.0,13.536074295314258,18.868723165950637,-5.33264887063638,0.44701752137371675,0.5529824786262832,True,1.0,9.25,1.5,6.551731379503092,0.5678814901854388,0.4321185098145612,1.0,4
2025-12-21,B17CAPIT1XL,CSVC 17 BIG SLIDE,CAPIT,17,1,B17SJJVB2NE,SMASH Boys 17 Chaos,B17,True,5.0,1.0,13.536074295314258,7.201372036587237,6.33470225872702,0.5993073009349642,0.4006926990650358,False,1.0,8.4,1.4,6.6816595109199195,0.5741666523353439,0.4258333476646561,1.0,5
2025-12-21,B17CAPIT1XL,CSVC 17 BIG SLIDE,CAPIT,17,1,B17NEVBC1NE,NEVBC Boys 17.1,B17,True,10.0,2.0,13.536074295314258,10.612049654657195,2.9240246406570627,0.5463232982964649,0.45367670170353513,True,1.0,5.8,1.4,9.396854582788526,0.5516595264490498,0.44834047355095025,1.0,6
2025-12-21,B17CAPIT1XL,CSVC 17 BIG SLIDE,CAPIT,17,1,B18LEGIO1XL,TeamLVC Boys 18 Black,MIXED,True,14.0,2.0,13.536074295314258,4.22806608176198,9.308008213552277,0.5917760719397298,0.4082239280602702,False,1.0,7.4,1.6,9.396854582788526,0.5516595264490497,0.4483404735509503,1.0,7
2026-01-17,B17CAPIT1XL,CSVC 17 BIG SLIDE,CAPIT,17,1,B18PVJVB2NE,PV Boys 18 2,MIXED,True,10.0,2.0,13.536074295314258,-2.963925704685832,16.50000000000009,0.6588589277279359,0.34114107227206414,False,1.0,7.4,1.6,7.589257046854243,0.5686566240545623,0.43134337594543776,1.0,8
2026-01-17,B17CAPIT1XL,CSVC 17 BIG SLIDE,CAPIT,17,1,B18BVJVB2NE,Blast 18 Blaze,MIXED,True,28.0,2.0,13.536074295314258,-18.71443905170827,32.250513347022526,0.783559002809488,0.21644099719051202,False,1.0,13.4,1.8,0.07262460332246193,0.6359649203417165,0.36403507965828347,1.0,9
2026-01-17,B17CAPIT1XL,CSVC 17 BIG SLIDE,CAPIT,17,1,B18118281XX,PWVolleyball 18 1,MIXED,True,8.0,2.0,13.536074295314258,5.536074295314347,7.99999999999991,0.5791131245424523,0.42088687545754766,True,1.0,14.0,2.0,-0.26043494493211605,0.6319260850632141,0.3680739149367859,1.0,10
2026-01-18,B17CAPIT1XL,CSVC 17 BIG SLIDE,CAPIT,17,1,B18LHVBC2NE,LHV Boys 18-2 Blitz,MIXED,True,22.0,2.0,13.536074295314258,-8.463925704685732,21.99999999999999,0.7063283270577979,0.2936716729422021,False,1.0,16.4,2.0,-4.075630016800702,0.6639270908154808,0.3360729091845192,1.0,11
2026-01-18,B17CAPIT1XL,CSVC 17 BIG SLIDE,CAPIT,17,1,B18BVJVB1NE,Blast 18 Fire,MIXED,True,10.0,2.0,13.536074295314258,3.536074295314291,9.999999999999966,0.5984274733332265,0.40157252666677345,False,1.0,15.6,2.0,-4.21402837409024,0.6652573710941801,0.33474262890581985,1.0,12
2026-01-18,B17CAPIT1XL,CSVC 17 BIG SLIDE,CAPIT,17,1,B18CAPIT1XL,CSVC 18 HAYSTACK,MIXED,True,12.0,1.0,13.536074295314258,2.5340209072239004,11.002053388090356,0.6079947016929994,0.3920052983070006,False,1.0,16.0,1.8,-3.114439051708293,0.6550845258871929,0.3449154741128072,1.0,13
2026-01-19,B17CAPIT1XL,CSVC 17 BIG SLIDE,CAPIT,17,1,B18NESVC1NE,NE Storm 18 Thunder,MIXED,True,17.0,2.0,13.536074295314258,-3.463925704685793,17.00000000000005,0.6633277277229961,0.3366722722770039,False,1.0,13.8,1.8,-0.06433638230379808,0.6310382708698945,0.36896172913010555,1.0,14
2026-01-19,B17CAPIT1XL,CSVC 17 BIG SLIDE,CAPIT,17,1,B18CAPIT1XL,CSVC 18 HAYSTACK,MIXED,True,7.0,2.0,13.536074295314258,2.5340209072239004,11.002053388090356,0.6079947016929994,0.3920052983070006,False,1.0,13.6,1.8,-0.6647470599218875,0.6368145863000039,0.36318541369999613,,15
2026-02-06,B17CAPIT1XL,CSVC 17 BIG SLIDE,CAPIT,17,1,B17ALLIN1FL,AVA 17 Boys,B17,True,12.0,2.0,13.536074295314258,14.569140556144442,-1.033066260830184,0.4835926709538865,0.5164073290461135,True,1.0,11.6,1.8,3.9418661922441474,0.5922674550792216,0.4077325449207784,1.0,16
2026-02-06,B17CAPIT1XL,CSVC 17 BIG SLIDE,CAPIT,17,1,B17SPTMC5GE,Sportime 17 Lynbrook,B17,True,14.0,2.0,13.536074295314258,1.7391244132409445,11.796949882073314,0.6791162916802574,0.32088370831974256,False,1.0,12.4,1.8,3.582476215829478,0.6084052187486277,0.3915947812513722,1.0,17
2026-02-06,B17CAPIT1XL,CSVC 17 BIG SLIDE,CAPIT,17,1,B17MVPVA1NE,MVP BOS 17 Black,B17,True,17.0,2.0,13.536074295314258,3.0609262950644527,10.475148000249805,0.6605421475760554,0.33945785242394455,False,1.0,13.4,2.0,3.687857293397588,0.618914707925239,0.38108529207476105,1.0,18
2026-02-07,B17CAPIT1XL,CSVC 17 BIG SLIDE,CAPIT,17,1,B17NYCVA1GE,NYC VBA 17 Downtown,B17,True,22.0,2.0,13.536074295314258,-0.9722110322083073,14.508285327522565,0.7154541223210126,0.2845458776789874,False,1.0,14.4,2.0,4.186200227893085,0.6293399868448424,0.37066001315515773,1.0,19
2026-02-07,B17CAPIT1XL,CSVC 17 BIG SLIDE,CAPIT,17,1,B17SJVBC1NE,South County Juniors Boys 17 1,B17,True,17.0,2.0,13.536074295314258,6.47483411747475,7.061240177839507,0.6103425296578298,0.38965747034217024,False,1.0,16.4,2.0,4.9743628699432545,0.6298095524378085,0.37019044756219166,1.0,20
2026-02-07,B17CAPIT1XL,CSVC 17 BIG SLIDE,CAPIT,17,1,B17SPTMC5GE,Sportime 17 Lynbrook,B17,True,14.0,2.0,13.536074295314258,1.7391244132409445,11.796949882073314,0.6791162916802574,0.32088370831974256,False,1.0,16.8,2.0,2.408359641362556,0.6689142765830826,0.33108572341691744,,21
2026-02-08,B17CAPIT1XL,CSVC 17 BIG SLIDE,CAPIT,17,1,B17CORE11GE,CORE Boys 17 Platinum,B17,True,8.0,2.0,13.536074295314258,13.02206980461216,0.5140044907020975,0.5081657102130975,0.49183428978690247,True,1.0,15.6,2.0,4.664948719636799,0.6347241602896505,0.36527583971034944,1.0,22
2026-02-08,B17CAPIT1XL,CSVC 17 BIG SLIDE,CAPIT,17,1,B17ALLIN1FL,AVA 17 Boys,B17,True,6.0,1.0,13.536074295314258,14.569140556144442,-1.033066260830184,0.4835926709538865,0.5164073290461135,True,1.0,13.4,1.8,6.966591571852797,0.5993342649652168,0.4006657350347832,1.0,23
2026-03-14,B17CAPIT1XL,CSVC 17 BIG SLIDE,CAPIT,17,1,B17BVJVB1NE,Blast 17 Ignite,B17,True,14.0,2.0,13.536074295314258,2.42210539887769,11.113968896436567,0.6695851051364554,0.3304148948635446,False,1.0,11.8,1.8,7.645454858069996,0.5901604615283053,0.40983953847169474,1.0,24
2026-03-14,B17CAPIT1XL,CSVC 17 BIG SLIDE,CAPIT,17,1,B17TTVBC2NE,SLAM 17 2 Boys,B17,True,11.0,2.0,13.536074295314258,-3.9278272583952063,17.463901553709462,0.7521024060585436,0.24789759394145638,False,1.0,10.6,1.8,5.5649225828960045,0.6185124368084481,0.3814875631915519,1.0,25
2026-03-14,B17CAPIT1XL,CSVC 17 BIG SLIDE,CAPIT,17,1,B17NESVC1NE,NE Storm 17 Tsunami,B17,True,12.0,2.0,13.536074295314258,5.657609235304984,7.878465060009273,0.6226210238338399,0.3773789761661601,False,1.0,10.2,1.8,6.348619547308813,0.6072133832391645,0.3927866167608354,1.0,26
2026-03-15,B17CAPIT1XL,CSVC 17 BIG SLIDE,CAPIT,17,1,B17CSJVB1NE,MEVBC/CT STARS 17 1,B17,True,20.0,2.0,13.536074295314258,-2.417165663978395,15.953239959292652,0.7337733114070317,0.2662266885929683,False,1.0,12.6,1.8,3.2607724535907017,0.6523349034779514,0.3476650965220486,1.0,27
2026-03-15,B17CAPIT1XL,CSVC 17 BIG SLIDE,CAPIT,17,1,B17SJVBC1NE,South County Juniors Boys 17 1,B17,True,8.0,2.0,13.536074295314258,6.47483411747475,7.061240177839507,0.6103425296578298,0.38965747034217024,False,1.0,13.0,2.0,1.6419111658567638,0.6776848752187401,0.32231512478125995,,28
2026-03-15,B17CAPIT1XL,CSVC 17 BIG SLIDE,CAPIT,17,1,B17HKJVB1NE,Husky 17.1,B17,False,-15.0,-1.0,13.536074295314258,16.040982892489453,-2.504908597175195,0.4602861714079637,-0.4602861714079637,True,0.8,7.2,1.4,4.365686664579116,0.6358250884730416,0.16417491152695823,0.0,29
2025-12-20,B17CAPIT2XL,CSVC 17 SKYLIGHT,CAPIT,17,2,B17SJJVB3NE,SMASH Boys 17's Shock,B17,False,-12.0,-2.0,-11.076086956521994,-2.369565217391459,-8.706521739130535,0.36509626581585364,-0.36509626581585364,False,0.0,-12.0,-2.0,-2.369565217391459,0.36509626581585364,-0.36509626581585364,,1
2025-12-20,B17CAPIT2XL,CSVC 17 SKYLIGHT,CAPIT,17,2,B16SJJVB1NE,SMASH Boys 16-1,MIXED,False,-24.0,-2.0,-11.076086956521994,14.978260869565045,-26.05434782608704,0.2612749106460114,-0.2612749106460114,False,0.0,-18.0,-2.0,6.304347826086793,0.3131855882309325,-0.3131855882309325,,2
2025-12-20,B17CAPIT2XL,CSVC 17 SKYLIGHT,CAPIT,17,2,B17PVJVB1NE,PV Boys 17 1,B17,False,-8.0,-2.0,-11.076086956521994,1.4239130434780398,-12.500000000000034,0.3112260838427386,-0.3112260838427386,False,0.0,-14.666666666666666,-2.0,4.677536231883875,0.31253242010153454,-0.31253242010153454,,3
2025-12-21,B17CAPIT2XL,CSVC 17 SKYLIGHT,CAPIT,17,2,B17RRJVB1NE,Boston United Boys 17 National 1,B17,False,-18.0,-2.0,-11.076086956521994,0.2608695652172601,-11.336956521739253,0.32728721628566826,-0.32728721628566826,False,0.0,-15.5,-2.0,3.5733695652172215,0.31622111914756795,-0.31622111914756795,,4
2025-12-21,B17CAPIT2XL,CSVC 17 SKYLIGHT,CAPIT,17,2,B18SAVBC1XL,Sporting Albany Boys 18u,MIXED,True,0.0,1.0,-11.076086956521994,-18.130434782608912,7.054347826086918,0.5698918836470487,0.4301081163529513,True,0.2,-12.4,-1.4,-0.7673913043480052,0.36695527204746414,-0.16695527204746413,1.0,5
2026-01-17,B17CAPIT2XL,CSVC 17 SKYLIGHT,CAPIT,17,2,B17LHVBC2NE,LHV Boys 17-2 Boom,B17,True,17.0,2.0,-11.076086956521994,-18.684867505579003,7.608780549057009,0.6185856278497351,0.38141437215026486,False,0.4,-6.6,-0.6,-4.030451761985514,0.41765314445424045,-0.01765314445424041,1.0,6
2026-01-17,B17CAPIT2XL,CSVC 17 SKYLIGHT,CAPIT,17,2,B17PVJVB2NE,PV Boys 17 2,B17,True,10.0,2.0,-11.076086956521994,-9.324725275514181,-1.751361681007813,0.4722032837292416,0.5277967162707584,True,0.6,0.2,0.2,-8.891048991001359,0.4598388190708865,0.14016118092911353,1.0,7
2026-01-17,B17CAPIT2XL,CSVC 17 SKYLIGHT,CAPIT,17,2,B17BVJVB1NE,Blast 17 Ignite,B17,False,-11.0,-2.0,-11.076086956521994,2.42210539887769,-13.498192355399684,0.29779290385591506,-0.29779290385591506,False,0.6,-0.4,0.2,-8.69141051992143,0.45715218307352173,0.14284781692647824,1.0,8
2026-01-18,B17CAPIT2XL,CSVC 17 SKYLIGHT,CAPIT,17,2,B17TTVBC2NE,SLAM 17 2 Boys,B17,True,-4.0,1.0,-11.076086956521994,-3.9278272583952063,-7.148259698126788,0.38834305402407576,0.6116569459759242,False,0.8,2.4,0.8,-9.529149884643923,0.46936335062120327,0.3306366493787968,1.0,9
2026-01-18,B17CAPIT2XL,CSVC 17 SKYLIGHT,CAPIT,17,2,B17SYRVB1XL,SVC 17 1 Boys,B17,False,-17.0,-2.0,-11.076086956521994,19.054499331905404,-30.1305862884274,0.12843770978060787,-0.12843770978060787,False,0.6,-1.0,0.2,-2.092163061741059,0.38107251584791507,0.21892748415208488,1.0,10
2026-01-18,B17CAPIT2XL,CSVC 17 SKYLIGHT,CAPIT,17,2,B17CAMYV1NE,CYVB 17 1,B17,False,-3.0,-1.0,-11.076086956521994,-3.423912133051875,-7.652174823470119,0.380763923993864,-0.380763923993864,False,0.4,-5.0,-0.4,0.9600280127643664,0.3335081750767409,0.06649182492325914,1.0,11
2026-01-19,B17CAPIT2XL,CSVC 17 SKYLIGHT,CAPIT,17,2,B17PVJVB1NE,PV Boys 17 1,B17,True,4.0,2.0,-11.076086956521994,1.4239130434780398,-12.500000000000034,0.3112260838427386,0.6887739161572615,False,0.4,-6.2,-0.4,3.1097556765628105,0.30131273509944023,0.09868726490055976,,12
2026-01-19,B17CAPIT2XL,CSVC 17 SKYLIGHT,CAPIT,17,2,B17TTVBC1NE,SLAM 17 1 Boys,B17,False,-30.0,-2.0,-11.076086956521994,6.90661666404597,-17.982703620567964,0.24180162560031793,-0.24180162560031793,False,0.4,-10.0,-0.4,4.006657929596466,0.29011447944832086,0.10988552055167919,,13
2026-02-06,B17CAPIT2XL,CSVC 17 SKYLIGHT,CAPIT,17,2,B17SPTMC3GE,Sportime 17 3,B17,False,-0.0,-1.0,-11.076086956521994,1.8961447841210222,-12.972231740643016,0.3048295067850822,-0.3048295067850822,False,0.2,-9.2,-0.8,5.171452338099713,0.27341177000052214,-0.0734117700005221,,14
2026-02-06,B17CAPIT2XL,CSVC 17 SKYLIGHT,CAPIT,17,2,B17NESVC1NE,NE Storm 17 Tsunami,B17,False,-15.0,-2.0,-11.076086956521994,5.657609235304984,-16.73369619182698,0.25665049193026424,-0.25665049193026424,False,0.2,-8.8,-0.8,2.492074318779628,0.2990543264304534,-0.09905432643045337,,15
2026-02-06,B17CAPIT2XL,CSVC 17 SKYLIGHT,CAPIT,17,2,B17ROYAL1NO,Infinity Royals 17N,B17,False,-15.0,-2.0,-11.076086956521994,-0.5833724901928343,-10.49271446632916,0.33920757678592545,-0.33920757678592545,False,0.2,-11.2,-1.0,3.060182247351437,0.2907430569888657,-0.09074305698886566,,16
2026-02-07,B17CAPIT2XL,CSVC 17 SKYLIGHT,CAPIT,17,2,B17LIFRY1GE,LI Fury 17 1,B17,False,-4.0,-2.0,-11.076086956521994,4.151513773943261,-15.227600730465255,0.2753318882903113,-0.2753318882903113,False,0.0,-12.8,-1.8,3.6057023934444805,0.2835642178783802,-0.2835642178783802,,17
2026-02-07,B17CAPIT2XL,CSVC 17 SKYLIGHT,CAPIT,17,2,B17SPTMC4GE,Sportime 17 4,B17,True,19.0,2.0,-11.076086956521994,-13.979234867704784,2.9031479111827903,0.5459944383758273,0.4540055616241727,True,0.2,-3.0,-1.0,-0.5714679129056698,0.3444027804334821,-0.14440278043348206,1.0,18
2026-02-07,B17CAPIT2XL,CSVC 17 SKYLIGHT,CAPIT,17,2,B17RRJVB2NE,Boston United Boys 17 Northeast,B17,True,4.0,1.0,-11.076086956521994,-5.5618029944589,-5.514283962063094,0.4132755087282398,0.5867244912717602,False,0.4,-2.2,-0.6,-2.063057468621654,0.3660919808221136,0.033908019177886405,1.0,19
2026-02-08,B17CAPIT2XL,CSVC 17 SKYLIGHT,CAPIT,17,2,B17MVPVA2NE,MVP BOS 17 Blue,B17,False,4.0,-1.0,-11.076086956521994,-9.147307757863627,-1.9287791986583667,0.46939411936212866,-0.46939411936212866,True,0.4,1.6,-0.4,-5.024040867255377,0.4086407063084865,-0.00864070630848648,0.5,20
2026-03-14,B17CAPIT2XL,CSVC 17 SKYLIGHT,CAPIT,17,2,B17MVNER2NE,Meraki VB 17 2,B17,True,7.0,2.0,-11.076086956521994,-22.87107829300199,11.794991336479995,0.679089167236433,0.320910832763567,False,0.6,6.0,0.4,-9.481582027817208,0.476617024398588,0.12338297560141202,0.5,21
2026-03-14,B17CAPIT2XL,CSVC 17 SKYLIGHT,CAPIT,17,2,B17RRJVB3NE,Boston United Boys 17 Select 1,B17,True,28.0,2.0,-11.076086956521994,-17.6226109399729,6.546523983450907,0.6025355751206064,0.3974644248793936,False,0.8,12.4,1.2,-13.836406970600441,0.5420577617646469,0.257942238235353,0.5,22
2026-03-14,B17CAPIT2XL,CSVC 17 SKYLIGHT,CAPIT,17,2,B17PVJVB2NE,PV Boys 17 2,B17,False,-7.0,-2.0,-11.076086956521994,-9.324725275514181,-1.751361681007813,0.4722032837292416,-0.4722032837292416,True,0.6,7.2,0.4,-12.90550505216232,0.5272995308353299,0.07270046916467013,0.0,23
2026-03-15,B17CAPIT2XL,CSVC 17 SKYLIGHT,CAPIT,17,2,B17RRJVB2NE,Boston United Boys 17 Northeast,B17,False,-5.0,-1.0,-11.076086956521994,-5.5618029944589,-5.514283962063094,0.4132755087282398,-0.4132755087282398,False,0.4,5.4,0.0,-12.90550505216232,0.5272995308353299,-0.12729953083532988,0.0,24
2026-03-15,B17CAPIT2XL,CSVC 17 SKYLIGHT,CAPIT,17,2,B17NESVC3NE,NE Storm 17 Wildfire,B17,False,7.0,-1.0,-11.076086956521994,-12.143759467665873,1.0676725111438792,0.5169565365512823,-0.5169565365512823,True,0.4,6.0,0.0,-13.50479539412277,0.5368120142731606,-0.1368120142731606,0.0,25
2026-02-06,B17CORE11GE,CORE Boys 17 Platinum,CORE1,17,1,B17RRJVB1NE,Boston United Boys 17 National 1,B17,False,2.0,-1.0,13.02206980461216,0.2608695652172601,12.7612002393949,0.6923210959075536,-0.6923210959075536,False,0.0,2.0,-1.0,0.2608695652172601,0.6923210959075536,-0.6923210959075536,,1
2026-02-06,B17CORE11GE,CORE Boys 17 Platinum,CORE1,17,1,B17RAPTO1GE,NYC Raptors 17 Black,B17,True,22.0,2.0,13.02206980461216,-7.710301495314071,20.732371299926232,0.7887776075293573,0.21122239247064267,False,0.5,12.0,0.5,-3.7247159650484054,0.7405493517184555,-0.24054935171845548,,2
2026-02-06,B17CORE11GE,CORE Boys 17 Platinum,CORE1,17,1,B17NYCVA1GE,NYC VBA 17 Downtown,B17,True,12.0,2.0,13.02206980461216,-0.9722110322083073,13.994280836820467,0.7087575104607293,0.2912424895392707,False,0.6666666666666666,12.0,1.0,-2.8072143207683724,0.7299520712992135,-0.06328540463254677,,3
2026-02-07,B17CORE11GE,CORE Boys 17 Platinum,CORE1,17,1,B17MVPVA1NE,MVP BOS 17 Black,B17,True,13.0,2.0,13.02206980461216,3.0609262950644527,9.961143509547707,0.6531796752174521,0.3468203247825479,False,0.75,12.25,1.25,-1.3401791668101664,0.710758972278773,0.039241027721226895,,4
2026-02-07,B17CORE11GE,CORE Boys 17 Platinum,CORE1,17,1,B17LCVBC1GE,Legacy Boys 17 National,B17,True,9.0,2.0,13.02206980461216,8.275165056722106,4.746904747890055,0.5748513990437314,0.4251486009562686,True,0.8,11.6,1.4,0.582889677896288,0.6835774576317648,0.11642254236823524,1.0,5
2026-02-07,B17CORE11GE,CORE Boys 17 Platinum,CORE1,17,1,B17RRJVB1NE,Boston United Boys 17 National 1,B17,True,5.0,1.0,13.02206980461216,0.2608695652172601,12.7612002393949,0.6923210959075536,0.30767890409244636,False,1.0,12.2,1.8,0.582889677896288,0.6835774576317648,0.31642254236823525,1.0,6
2026-02-08,B17CORE11GE,CORE Boys 17 Platinum,CORE1,17,1,B17CAPIT1XL,CSVC 17 BIG SLIDE,B17,False,-8.0,-2.0,13.02206980461216,13.536074295314258,-0.5140044907020975,0.49183428978690247,-0.49183428978690247,True,0.8,6.2,1.0,4.8321648360219545,0.6241887940832738,0.17581120591672622,0.5,7
2026-01-31,B17CSJVB1NE,MEVBC/CT STARS 17 1,CSJVB,17,1,B17HKJVB1NE,Husky 17.1,B17,False,-17.0,-2.0,-2.417165663978395,16.040982892489453,-18.458148556467847,0.23630545563860336,-0.23630545563860336,False,0.0,-17.0,-2.0,16.040982892489453,0.23630545563860336,-0.23630545563860336,,1
2026-01-31,B17CSJVB1NE,MEVBC/CT STARS 17 1,CSJVB,17,1,B17SJJVB3NE,SMASH Boys 17's Shock,B17,False,-0.0,-1.0,-2.417165663978395,-2.369565217391459,-0.04760044658693596,0.49924373089025803,-0.49924373089025803,True,0.0,-8.5,-1.5,6.835708837548997,0.3677745932644307,-0.3677745932644307,0.0,2
2026-01-31,B17CSJVB1NE,MEVBC/CT STARS 17 1,CSJVB,17,1,B17TTVBC1NE,SLAM 17 1 Boys,B17,False,-5.0,-1.0,-2.417165663978395,6.90661666404597,-9.323782328024365,0.3560522384714681,-0.3560522384714681,False,0.0,-7.333333333333333,-1.3333333333333333,6.859344779714654,0.3638671416667765,-0.3638671416667765,0.0,3
2026-02-01,B17CSJVB1NE,MEVBC/CT STARS 17 1,CSJVB,17,1,B17TTVBC1NE,SLAM 17 1 Boys,B17,False,-12.0,-2.0,-2.417165663978395,6.90661666404597,-9.323782328024365,0.3560522384714681,-0.3560522384714681,False,0.0,-8.5,-1.5,6.871162750797483,0.3619134158679494,-0.3619134158679494,0.0,4
2026-02-01,B17CSJVB1NE,MEVBC/CT STARS 17 1,CSJVB,17,1,B17TTVBC2NE,SLAM 17 2 Boys,B17,False,4.0,-1.0,-2.417165663978395,-3.9278272583952063,1.5106615944168111,0.523982776587802,-0.523982776587802,True,0.0,-6.0,-1.4,4.711364748958945,0.3943272880119199,-0.3943272880119199,0.0,5
2026-03-14,B17CSJVB1NE,MEVBC/CT STARS 17 1,CSJVB,17,1,B17SJVBC1NE,South County Juniors Boys 17 1,B17,False,-13.0,-2.0,-2.417165663978395,6.47483411747475,-8.891999781453146,0.3623683035357002,-0.3623683035357002,False,0.0,-5.2,-1.4,2.7981349939560047,0.4195398575913393,-0.4195398575913393,0.0,6
2026-03-14,B17CSJVB1NE,MEVBC/CT STARS 17 1,CSJVB,17,1,B17RRJVB1NE,Boston United Boys 17 National 1,B17,False,-15.0,-2.0,-2.417165663978395,0.2608695652172601,-2.6780352291956553,0.45755413232370273,-0.45755413232370273,True,0.0,-8.2,-1.6,3.3242219504777495,0.4112019378780283,-0.4112019378780283,0.0,7
2026-03-14,B17CSJVB1NE,MEVBC/CT STARS 17 1,CSJVB,17,1,B17MVNER1NE,Meraki VB 17 1,B17,True,7.0,1.0,-2.417165663978395,-1.6503657534424887,-0.7667999105359065,0.4878195933838284,0.5121804066161716,True,0.2,-5.8,-1.2,1.6128254669800568,0.43755540886050037,-0.2375554088605003,0.3333333333333333,8
2026-03-15,B17CSJVB1NE,MEVBC/CT STARS 17 1,CSJVB,17,1,B17CAPIT1XL,CSVC 17 BIG SLIDE,B17,False,-20.0,-2.0,-2.417165663978395,13.536074295314258,-15.953239959292652,0.2662266885929683,-0.2662266885929683,False,0.2,-7.4,-1.2,2.9387169932337143,0.41959029888480026,-0.21959029888480033,0.3333333333333333,9
2026-03-15,B17CSJVB1NE,MEVBC/CT STARS 17 1,CSJVB,17,1,B17TTVBC1NE,SLAM 17 1 Boys,B17,False,-22.0,-2.0,-2.417165663978395,6.90661666404597,-9.323782328024365,0.3560522384714681,-0.3560522384714681,False,0.2,-12.6,-1.4,5.10560577772195,0.38600419126153357,-0.18600419126153356,0.5,10
2026-02-06,B17DIGSV1GE,Digs Boys 17 Red,DIGSV,17,1,B17LCVBC1GE,Legacy Boys 17 National,B17,False,-9.0,-2.0,-2.569385161113874,8.275165056722106,-10.84455021783598,0.33421390964529124,-0.33421390964529124,False,0.0,-9.0,-2.0,8.275165056722106,0.33421390964529124,-0.33421390964529124,,1
2026-02-06,B17DIGSV1GE,Digs Boys 17 Red,DIGSV,17,1,B17NYCIV1GE,NYC Impact 17U National,B17,False,-18.0,-2.0,-2.569385161113874,13.464773086375576,-16.03415824748945,0.265223313985783,-0.265223313985783,False,0.0,-13.5,-2.0,10.86996907154884,0.29971861181553716,-0.29971861181553716,,2
2026-02-06,B17DIGSV1GE,Digs Boys 17 Red,DIGSV,17,1,B17SJVBC1NE,South County Juniors Boys 17 1,B17,False,-18.0,-2.0,-2.569385161113874,6.47483411747475,-9.044219278588624,0.3601360947402092,-0.3601360947402092,False,0.0,-15.0,-2.0,9.404924086857477,0.3198577727904278,-0.3198577727904278,,3
2026-02-07,B17DIGSV1GE,Digs Boys 17 Red,DIGSV,17,1,B17RRJVB1NE,Boston United Boys 17 National 1,B17,False,-9.0,-2.0,-2.569385161113874,0.2608695652172601,-2.830254726331134,0.45515412176866515,-0.45515412176866515,True,0.0,-13.5,-2.0,7.1189104564474235,0.35368186003498714,-0.35368186003498714,0.0,4
2026-02-07,B17DIGSV1GE,Digs Boys 17 Red,DIGSV,17,1,B17ALLIN1FL,AVA 17 Boys,B17,False,-16.0,-2.0,-2.569385161113874,14.569140556144442,-17.138525717258315,0.25177297657357717,-0.25177297657357717,False,0.0,-14.0,-2.0,8.608956476386826,0.33330008334270517,-0.33330008334270517,0.0,5
2026-02-07,B17DIGSV1GE,Digs Boys 17 Red,DIGSV,17,1,B17RAPTO1GE,NYC Raptors 17 Black,B17,True,10.0,2.0,-2.569385161113874,-7.710301495314071,5.140916334200197,0.5809593440801375,0.4190406559198625,True,0.2,-10.2,-1.2,5.411863165979591,0.38264917022967443,-0.18264917022967442,0.5,6
2026-02-08,B17DIGSV1GE,Digs Boys 17 Red,DIGSV,17,1,B17NYCVA1GE,NYC VBA 17 Downtown,B17,True,7.0,2.0,-2.569385161113874,-0.9722110322083073,-1.5971741289055665,0.4746460701032477,0.5253539298967522,True,0.4,-5.2,-0.4,2.524466342262815,0.42453372145316737,-0.024533721453167345,0.6666666666666666,7
2026-02-08,B17DIGSV1GE,Digs Boys 17 Red,DIGSV,17,1,B17LCVBC1GE,Legacy Boys 17 National,B17,False,-18.0,-2.0,-2.569385161113874,8.275165056722106,-10.84455021783598,0.33421390964529124,-0.33421390964529124,False,0.4,-5.2,-0.4,2.8845325301122857,0.41934928443418373,-0.019349284434183767,0.6666666666666666,8
2026-01-31,B17HKJVB1NE,Husky 17.1,HKJVB,17,1,B17CSJVB1NE,MEVBC/CT STARS 17 1,B17,True,17.0,2.0,16.040982892489453,-2.417165663978395,18.458148556467847,0.7636945443613966,0.2363054556386034,False,1.0,17.0,2.0,-2.417165663978395,0.7636945443613966,0.2363054556386034,,1
2026-01-31,B17HKJVB1NE,Husky 17.1,HKJVB,17,1,B17SJJVB3NE,SMASH Boys 17's Shock,B17,False,2.0,-1.0,16.040982892489453,-2.369565217391459,18.410548109880914,0.7631481875485923,-0.7631481875485923,False,0.5,9.5,0.5,-2.393365440684927,0.7634213659549944,-0.26342136595499444,,2
2026-01-31,B17HKJVB1NE,Husky 17.1,HKJVB,17,1,B17TTVBC1NE,SLAM 17 1 Boys,B17,True,13.0,2.0,16.040982892489453,6.90661666404597,9.134366228443483,0.6411830180141288,0.3588169819858712,False,0.6666666666666666,10.666666666666666,1.0,0.7066285942253719,0.7226752499747059,-0.05600858330803923,,3
2026-02-01,B17HKJVB1NE,Husky 17.1,HKJVB,17,1,B17LHVBC1NE,LHV Boys 17-1 Ubuntu,B17,True,17.0,1.0,16.040982892489453,4.793922273324947,11.247060619164506,0.6714537080509551,0.32854629194904494,False,0.75,12.25,1.0,1.7284520140002657,0.7098698644937682,0.04013013550623182,,4
2026-02-01,B17HKJVB1NE,Husky 17.1,HKJVB,17,1,B17NEVBC1NE,NEVBC Boys 17.1,B17,False,-5.0,-2.0,16.040982892489453,10.612049654657195,5.428933237832258,0.5854086302207883,-0.5854086302207883,False,0.6,8.8,0.4,3.5051715421316514,0.6849776176391722,-0.08497761763917219,,5
2026-03-14,B17HKJVB1NE,Husky 17.1,HKJVB,17,1,B17NEVBC2NE,NEVBC Boys 17.2,B17,True,1.0,1.0,16.040982892489453,4.854720631336346,11.186262261153107,0.6706007701472952,0.32939922985270476,False,0.6,5.6,0.2,4.959548801194599,0.6663588627963519,-0.06635886279635192,,6
2026-03-14,B17HKJVB1NE,Husky 17.1,HKJVB,17,1,B17NESVC2NE,NE Storm 17 Landslide,B17,True,19.0,2.0,16.040982892489453,-5.3693656322920225,21.410348524781476,0.795866830111527,0.20413316988847297,False,0.8,9.0,0.8,4.3595887182144875,0.6729025913089389,0.12709740869106112,,7
2026-03-14,B17HKJVB1NE,Husky 17.1,HKJVB,17,1,B17TTVBC1NE,SLAM 17 1 Boys,B17,True,8.0,2.0,16.040982892489453,6.90661666404597,9.134366228443483,0.6411830180141288,0.3588169819858712,False,0.8,8.0,0.8,4.3595887182144875,0.6729025913089389,0.12709740869106112,,8
2026-03-15,B17HKJVB1NE,Husky 17.1,HKJVB,17,1,B17NESVC1NE,NE Storm 17 Tsunami,B17,True,11.0,1.0,16.040982892489453,5.657609235304984,10.383373657184467,0.659233149697622,0.34076685030237797,False,0.8,6.8,0.8,4.532326110610494,0.6704584796382722,0.12954152036172772,,9
2026-03-15,B17HKJVB1NE,Husky 17.1,HKJVB,17,1,B17RRJVB1NE,Boston United Boys 17 National 1,B17,True,13.0,1.0,16.040982892489453,0.2608695652172601,15.780113327272193,0.7316184609999534,0.2683815390000466,False,1.0,10.4,1.4,2.462090092722508,0.6997004457941053,0.3002995542058947,,10
2026-03-15,B17HKJVB1NE,Husky 17.1,HKJVB,17,1,B17CAPIT1XL,CSVC 17 BIG SLIDE,B17,True,15.0,1.0,16.040982892489453,13.536074295314258,2.504908597175195,0.5397138285920363,0.4602861714079637,True,1.0,13.2,1.4,4.1983608255180895,0.6735230574830535,0.32647694251694653,1.0,11
2026-01-31,B17HKJVB2NE,Husky 17.2,HKJVB,17,2,B17RRJVB3NE,Boston United Boys 17 Select 1,B17,True,15.0,2.0,-1.2154657457532938,-17.6226109399729,16.40714519421961,0.7393703152030339,0.26062968479696613,False,1.0,15.0,2.0,-17.6226109399729,0.7393703152030339,0.26062968479696613,,1
2026-01-31,B17HKJVB2NE,Husky 17.2,HKJVB,17,2,B17PVJVB2NE,PV Boys 17 2,B17,False,-8.0,-1.0,-1.2154657457532938,-9.324725275514181,8.109259529760887,0.6260610708597096,-0.6260610708597096,False,0.5,3.5,0.5,-13.473668107743542,0.6827156930313718,-0.18271569303137175,,2
2026-01-31,B17HKJVB2NE,Husky 17.2,HKJVB,17,2,B17HKJVB3NE,Husky 17.3,B17,True,12.0,1.0,-1.2154657457532938,-7.964952398730692,6.7494866529773985,0.6056204870128783,0.3943795129871217,False,0.6666666666666666,6.333333333333333,0.6666666666666666,-11.63742953807259,0.6570172910252072,0.009649375641459401,,3
2026-02-01,B17HKJVB2NE,Husky 17.2,HKJVB,17,2,B17NEVBC2NE,NEVBC Boys 17.2,B17,False,-10.0,-2.0,-1.2154657457532938,4.854720631336346,-6.07018637708964,0.40473616489085257,-0.40473616489085257,False,0.5,2.25,0.0,-7.5143919957203575,0.5939470094916186,-0.09394700949161859,,4
2026-02-01,B17HKJVB2NE,Husky 17.2,HKJVB,17,2,B17NESVC2NE,NE Storm 17 Landslide,B17,True,22.0,2.0,-1.2154657457532938,-5.3693656322920225,4.153899886538729,0.5656160027240993,0.4343839972759007,True,0.6,6.2,0.4,-7.0853867230346905,0.5882808081381148,0.01171919186188527,1.0,5
2026-03-14,B17HKJVB2NE,Husky 17.2,HKJVB,17,2,B18CAPIT1XL,CSVC 18 HAYSTACK,MIXED,False,-8.0,-2.0,-1.2154657457532938,2.5340209072239004,-3.749486652977194,0.46267619266816623,-0.46267619266816623,True,0.4,1.6,-0.4,-3.0540603535953297,0.5329419836311412,-0.1329419836311412,0.5,6
2026-03-14,B17HKJVB2NE,Husky 17.2,HKJVB,17,2,B18NEVBC3NE,NEVBC Boys 18 Blue,MIXED,True,13.0,2.0,-1.2154657457532938,-14.215465745753205,12.999999999999911,0.6268185482296362,0.37318145177036377,False,0.6,5.8,0.2,-4.032208447643134,0.5330934791051265,0.06690652089487348,0.5,7
2026-03-14,B17HKJVB2NE,Husky 17.2,HKJVB,17,2,B18TTVBC1NE,SLAM 18 1 Boys,MIXED,True,13.0,2.0,-1.2154657457532938,-14.215465745753223,12.999999999999929,0.6268185482296363,0.37318145177036366,False,0.6,6.0,0.4,-5.282311117047641,0.5373330913484782,0.06266690865152187,0.5,8
2026-03-15,B17HKJVB2NE,Husky 17.2,HKJVB,17,2,B18PVJVB4NE,PV Boys 18 4,MIXED,True,4.0,1.0,-1.2154657457532938,-0.09020907224197838,-1.1252566735113154,0.48877977848056886,0.5112202215194311,True,0.8,8.8,1.0,-6.271297057763306,0.5541418140664214,0.2458581859335786,0.6666666666666666,9
2026-03-15,B17HKJVB2NE,Husky 17.2,HKJVB,17,2,B18315VB1XL,315VB 18 USA,MIXED,False,-14.0,-2.0,-1.2154657457532938,11.909790927758058,-13.125256673511352,0.3720133801119373,-0.3720133801119373,False,0.6,1.6,0.2,-2.815465745753289,0.515421289543989,0.084578710456011,0.5,10
2026-01-31,B17HKJVB3NE,Husky 17.3,HKJVB,17,3,B17HKJVB2NE,Husky 17.2,B17,False,-12.0,-1.0,-7.964952398730692,-1.2154657457532938,-6.7494866529773985,0.39437951298712176,-0.39437951298712176,False,0.0,-12.0,-1.0,-1.2154657457532938,0.39437951298712176,-0.39437951298712176,,1
2026-01-31,B17HKJVB3NE,Husky 17.3,HKJVB,17,3,B17PVJVB3NE,PV Boys 17 3,B17,True,14.0,2.0,-7.964952398730692,-13.784423886316176,5.819471487585484,0.5914193534403178,0.4085806465596822,False,0.5,1.0,0.5,-7.499944816034735,0.49289943321371976,0.00710056678628021,,2
2026-01-31,B17HKJVB3NE,Husky 17.3,HKJVB,17,3,B17NESVC2NE,NE Storm 17 Landslide,B17,False,-11.0,-2.0,-7.964952398730692,-5.3693656322920225,-2.59558676643867,0.4588549089147561,-0.4588549089147561,True,0.3333333333333333,-3.0,-0.3333333333333333,-6.789751754787164,0.4815512584473985,-0.14821792511406523,0.0,3
2026-01-31,B17HKJVB3NE,Husky 17.3,HKJVB,17,3,B17NYCVA1GE,NYC VBA 17 Downtown,B17,False,-12.0,-2.0,-7.964952398730692,-0.9722110322083073,-6.9927413665223845,0.3906932641407896,-0.3906932641407896,False,0.25,-5.25,-0.75,-5.33536657414245,0.4588367598707463,-0.20883675987074632,0.0,4
2026-02-01,B17HKJVB3NE,Husky 17.3,HKJVB,17,3,B17NESVC2NE,NE Storm 17 Landslide,B17,True,8.0,2.0,-7.964952398730692,-5.3693656322920225,-2.59558676643867,0.4588549089147561,0.5411450910852439,True,0.4,-2.6,-0.2,-5.342166385772364,0.45884038967954827,-0.05884038967954828,0.5,5
2026-02-01,B17HKJVB3NE,Husky 17.3,HKJVB,17,3,B17NEVBC2NE,NEVBC Boys 17.2,B17,True,-6.0,1.0,-7.964952398730692,4.854720631336346,-12.819673030067039,0.306887908620522,0.6931120913794779,False,0.6,-1.4,0.2,-4.128129110354437,0.4413420688062283,0.15865793119377164,0.5,6
2026-02-01,B17HKJVB3NE,Husky 17.3,HKJVB,17,3,B17NYCVA1GE,NYC VBA 17 Downtown,B17,False,-7.0,-2.0,-7.964952398730692,-0.9722110322083073,-6.9927413665223845,0.3906932641407896,-0.3906932641407896,False,0.4,-5.6,-0.6,-1.5656865395328627,0.4011968509463227,-0.0011968509463227029,0.5,7
2026-03-14,B17HKJVB3NE,Husky 17.3,HKJVB,17,3,B18MVNER2NE,Meraki VB 18 2,MIXED,False,4.0,-1.0,-7.964952398730692,-11.96495239873067,3.999999999999978,0.539807290813646,-0.539807290813646,True,0.4,-2.6,-0.4,-2.8848038928205924,0.41738732732610073,-0.017387327326100675,0.5,8
2026-03-14,B17HKJVB3NE,Husky 17.3,HKJVB,17,3,B18NESVC2NE,NE Storm 18 Squall,MIXED,True,1.0,1.0,-7.964952398730692,-8.964952398730674,0.9999999999999813,0.5099716071905545,0.49002839280944555,True,0.6,0.0,0.2,-4.483352166125066,0.44124299593605365,0.15875700406394636,0.6666666666666666,9
2026-03-14,B17HKJVB3NE,Husky 17.3,HKJVB,17,3,B18BVJVB2NE,Blast 18 Blaze,MIXED,True,15.0,2.0,-7.964952398730692,-18.71443905170827,10.749486652977577,0.6055907831364846,0.3944092168635154,False,0.6,1.4,0.2,-7.152366850008315,0.47059017078039933,0.12940982921960065,0.5,10
2026-03-15,B17HKJVB3NE,Husky 17.3,HKJVB,17,3,B18315VB1XL,315VB 18 USA,MIXED,False,-19.0,-2.0,-7.964952398730692,11.909790927758058,-19.87474332648875,0.31155969437071507,-0.31155969437071507,False,0.4,-1.2,-0.4,-5.7413527907239725,0.4715245279304379,-0.07152452793043795,0.5,11
2026-03-15,B17HKJVB3NE,Husky 17.3,HKJVB,17,3,B18PVJVB4NE,PV Boys 18 4,MIXED,False,-13.0,-1.0,-7.964952398730692,-0.09020907224197838,-7.874743326488714,0.4221052567283024,-0.4221052567283024,True,0.4,-2.4,-0.2,-5.564952398730706,0.4778069264479405,-0.07780692644794052,0.3333333333333333,12
2026-01-31,B17HKJVB4NE,Husky 17.4,HKJVB,17,4,B17MMVBC1NE,Mayhem 17 1,B17,True,9.0,1.0,-13.278249403447527,-10.49910066577871,-2.779148737668816,0.45595967172818697,0.544040328271813,True,1.0,9.0,1.0,-10.49910066577871,0.45595967172818697,0.544040328271813,1.0,1
2026-01-31,B17HKJVB4NE,Husky 17.4,HKJVB,17,4,B17MVNER2NE,Meraki VB 17 2,B17,True,11.0,1.0,-13.278249403447527,-22.87107829300199,9.592828889554463,0.6478583247126374,0.3521416752873626,False,1.0,10.0,1.0,-16.68508947939035,0.5519089982204122,0.4480910017795878,1.0,2
2026-01-31,B17HKJVB4NE,Husky 17.4,HKJVB,17,4,B17MVPVA2NE,MVP BOS 17 Blue,B17,False,-9.0,-2.0,-13.278249403447527,-9.147307757863627,-4.130941645583899,0.43474250727650043,-0.43474250727650043,True,0.6666666666666666,3.6666666666666665,0.0,-14.172495572214777,0.5128535012391082,0.1538131654275584,0.5,3
2026-02-01,B17HKJVB4NE,Husky 17.4,HKJVB,17,4,B17MVPVA2NE,MVP BOS 17 Blue,B17,True,8.0,2.0,-13.278249403447527,-9.147307757863627,-4.130941645583899,0.43474250727650043,0.5652574927234996,True,0.75,4.75,0.5,-12.91619861862699,0.4933257527484563,0.2566742472515437,0.6666666666666666,4
2026-02-01,B17HKJVB4NE,Husky 17.4,HKJVB,17,4,B17NYCVA1GE,NYC VBA 17 Downtown,B17,False,-18.0,-2.0,-13.278249403447527,-0.9722110322083073,-12.30603837123922,0.31387458641106897,-0.31387458641106897,False,0.6,0.2,0.0,-10.527401101343253,0.4574355194809788,0.14256448051902115,0.6666666666666666,5
2026-03-14,B17HKJVB4NE,Husky 17.4,HKJVB,17,4,B17PVJVB3NE,PV Boys 17 3,B17,True,5.0,2.0,-13.278249403447527,-13.784423886316176,0.5061744828686496,0.5080413407471367,0.4919586592528633,True,0.6,-0.6,0.2,-11.184465745450746,0.4678518532847688,0.13214814671523123,0.6666666666666666,6
2026-03-14,B17HKJVB4NE,Husky 17.4,HKJVB,17,4,B17RRJVB2NE,Boston United Boys 17 Northeast,B17,False,-18.0,-2.0,-13.278249403447527,-5.5618029944589,-7.716446408988626,0.37980132667081407,-0.37980132667081407,False,0.4,-6.4,-0.4,-7.722610685742128,0.4142404536764041,-0.014240453676404119,0.6666666666666666,7
2026-03-14,B17HKJVB4NE,Husky 17.4,HKJVB,17,4,B17NESVC3NE,NE Storm 17 Wildfire,B17,False,-16.0,-2.0,-13.278249403447527,-12.143759467665873,-1.1344899357816534,0.48198317578602706,-0.48198317578602706,True,0.4,-7.8,-0.4,-8.321901027702577,0.4236885873783095,-0.023688587378309443,0.6666666666666666,8
2026-03-15,B17HKJVB4NE,Husky 17.4,HKJVB,17,4,B17MVNER2NE,Meraki VB 17 2,B17,True,20.0,2.0,-13.278249403447527,-22.87107829300199,9.592828889554463,0.6478583247126374,0.3521416752873626,False,0.4,-5.4,-0.4,-11.066655134730249,0.46631175086553683,-0.06631175086553684,0.5,9
2026-03-15,B17HKJVB4NE,Husky 17.4,HKJVB,17,4,B17PVJVB3NE,PV Boys 17 3,B17,False,-4.0,-2.0,-13.278249403447527,-13.784423886316176,0.5061744828686496,0.5080413407471367,-0.5080413407471367,True,0.4,-2.6,-0.4,-13.629097705551823,0.5051451017327504,-0.10514510173275035,0.3333333333333333,10
2026-02-06,B17LCVBC1GE,Legacy Boys 17 National,LCVBC,17,1,B17DIGSV1GE,Digs Boys 17 Red,B17,True,9.0,2.0,8.275165056722106,-2.569385161113874,10.84455021783598,0.6657860903547088,0.3342139096452912,False,1.0,9.0,2.0,-2.569385161113874,0.6657860903547088,0.3342139096452912,,1
2026-02-06,B17LCVBC1GE,Legacy Boys 17 National,LCVBC,17,1,B17SJVBC1NE,South County Juniors Boys 17 1,B17,True,0.0,1.0,8.275165056722106,6.47483411747475,1.8003309392473552,0.528572261180491,0.47142773881950895,True,1.0,4.5,1.5,1.9527244781804383,0.5971791757675999,0.40282082423240007,1.0,2
2026-02-06,B17LCVBC1GE,Legacy Boys 17 National,LCVBC,17,1,B17NYCIV1GE,NYC Impact 17U National,B17,False,-3.0,-1.0,8.275165056722106,13.464773086375576,-5.189608029653471,0.41828752006708586,-0.41828752006708586,True,0.6666666666666666,2.0,0.6666666666666666,5.790074014245484,0.5375486238674286,0.12911804279923808,0.5,3
2026-02-07,B17LCVBC1GE,Legacy Boys 17 National,LCVBC,17,1,B17MVPVA1NE,MVP BOS 17 Black,B17,False,0.0,-1.0,8.275165056722106,3.0609262950644527,5.214238761657652,0.5820933094747388,-0.5820933094747388,True,0.5,1.5,0.25,5.1077870844502264,0.5486847952692562,-0.048684795269256134,0.3333333333333333,4
2026-02-07,B17LCVBC1GE,Legacy Boys 17 National,LCVBC,17,1,B17CORE11GE,CORE Boys 17 Platinum,B17,False,-9.0,-2.0,8.275165056722106,13.02206980461216,-4.746904747890055,0.4251486009562687,-0.4251486009562687,True,0.4,-0.6,-0.2,6.690643628482613,0.5239775564066587,-0.12397755640665867,0.25,5
2026-02-07,B17LCVBC1GE,Legacy Boys 17 National,LCVBC,17,1,B17NYCVA1GE,NYC VBA 17 Downtown,B17,True,13.0,1.0,8.275165056722106,-0.9722110322083073,9.247376088930412,0.6428336680036694,0.35716633199633063,False,0.4,0.2,-0.4,7.010078454263725,0.5193870719364508,-0.11938707193645075,0.25,6
2026-02-08,B17LCVBC1GE,Legacy Boys 17 National,LCVBC,17,1,B17RAPTO1GE,NYC Raptors 17 Black,B17,True,16.0,2.0,8.275165056722106,-7.710301495314071,15.985466552036176,0.7341732059859658,0.2658267940140342,False,0.4,3.4,-0.2,4.173051331705961,0.5605072608975457,-0.1605072608975457,0.0,7
2026-02-08,B17LCVBC1GE,Legacy Boys 17 National,LCVBC,17,1,B17DIGSV1GE,Digs Boys 17 Red,B17,True,18.0,2.0,8.275165056722106,-2.569385161113874,10.84455021783598,0.6657860903547088,0.3342139096452912,False,0.6,7.6,0.4,0.9662196822080722,0.6100069749550704,-0.010006974955070302,0.0,8
2026-02-06,B17LCVBC2GE,Legacy Boys 17 Premier,LCVBC,17,2,B17MVPVA2NE,MVP BOS 17 Blue,B17,True,3.0,1.0,-5.4624626032818675,-9.147307757863627,3.68484515458176,0.5582782553359711,0.4417217446640289,True,1.0,3.0,1.0,-9.147307757863627,0.5582782553359711,0.4417217446640289,1.0,1
2026-02-06,B17LCVBC2GE,Legacy Boys 17 Premier,LCVBC,17,2,B17XTREM1GE,Xtreme 17 National Braulio,B17,False,-4.0,-1.0,-5.4624626032818675,-7.311976960362236,1.849514357080369,0.5293510589975863,-0.5293510589975863,True,0.5,-0.5,0.0,-8.229642359112932,0.5438146571667787,-0.04381465716677868,0.5,2
2026-02-06,B17LCVBC2GE,Legacy Boys 17 Premier,LCVBC,17,2,B17RIVAL1GE,Rival 17’s,B17,True,1.0,1.0,-5.4624626032818675,-8.083672179554975,2.621209576273108,0.5415493990746042,0.4584506009253958,True,0.6666666666666666,0.0,0.3333333333333333,-8.180985632593613,0.5430595711360539,0.12360709553061282,0.6666666666666666,3
2026-02-07,B17LCVBC2GE,Legacy Boys 17 Premier,LCVBC,17,2,B17117902XX,Torrimar 17 2,B17,False,-20.0,-2.0,-5.4624626032818675,2.8986813753206606,-8.361143978602527,0.3701990321500665,-0.3701990321500665,False,0.5,-5.0,-0.25,-5.411068880615045,0.499844436389557,0.00015556361044298528,0.6666666666666666,4
2026-02-07,B17LCVBC2GE,Legacy Boys 17 Premier,LCVBC,17,2,B17SPTMC6GE,Sportime 17 Lynbrook 2,B17,True,9.0,2.0,-5.4624626032818675,-7.908271585640657,2.4458089823587894,0.5387806472348734,0.4612193527651266,True,0.6,-2.2,0.2,-5.9105094216201675,0.5076316785586202,0.09236832144137971,0.75,5
2026-02-07,B17LCVBC2GE,Legacy Boys 17 Premier,LCVBC,17,2,B17117902XX,Torrimar 17 2,B17,True,7.0,2.0,-5.4624626032818675,2.8986813753206606,-8.361143978602527,0.3701990321500665,0.6298009678499334,False,0.6,-1.4,0.4,-3.50131159498331,0.47001583392143936,0.12998416607856061,0.6666666666666666,6
2026-02-08,B17LCVBC2GE,Legacy Boys 17 Premier,LCVBC,17,2,B17ROYAL1NO,Infinity Royals 17N,B17,False,-7.0,-2.0,-5.4624626032818675,-0.5833724901928343,-4.879090113089033,0.4230968254997154,-0.4230968254997154,True,0.6,-2.0,0.2,-2.1555907009494293,0.4487649872218652,0.15123501277813478,0.6666666666666666,7
2025-11-22,B17LHVBC1NE,LHV Boys 17-1 Ubuntu,LHVBC,17,1,B17RRJVB2NE,Boston United Boys 17 Northeast,B17,True,16.0,2.0,4.793922273324947,-5.5618029944589,10.355725267783846,0.6588383168391905,0.3411616831608095,False,1.0,16.0,2.0,-5.5618029944589,0.6588383168391905,0.3411616831608095,,1
2025-11-22,B17LHVBC1NE,LHV Boys 17-1 Ubuntu,LHVBC,17,1,B17NESVC2NE,NE Storm 17 Landslide,B17,True,12.0,2.0,4.793922273324947,-5.3693656322920225,10.163287905616968,0.6560841313762046,0.3439158686237954,False,1.0,14.0,2.0,-5.465584313375461,0.6574612241076976,0.34253877589230247,,2
2025-11-22,B17LHVBC1NE,LHV Boys 17-1 Ubuntu,LHVBC,17,1,B17CAMYV1NE,CYVB 17 1,B17,True,12.0,1.0,4.793922273324947,-3.423912133051875,8.217834406376822,0.6276750319484533,0.3723249680515467,False,1.0,13.333333333333334,1.6666666666666667,-4.785026919934266,0.6475324933879495,0.35246750661205056,,3
2025-11-23,B17LHVBC1NE,LHV Boys 17-1 Ubuntu,LHVBC,17,1,B17RRJVB3NE,Boston United Boys 17 Select 1,B17,True,26.0,2.0,4.793922273324947,-17.6226109399729,22.416533213297846,0.8060591361893813,0.1939408638106187,False,1.0,16.5,1.75,-7.994422924943924,0.6871641540883074,0.31283584591169256,,4
2025-11-23,B17LHVBC1NE,LHV Boys 17-1 Ubuntu,LHVBC,17,1,B17MVNER2NE,Meraki VB 17 2,B17,True,27.0,2.0,4.793922273324947,-22.87107829300199,27.66500056632694,0.85297802023222,0.14702197976777998,False,1.0,18.6,1.8,-10.969753998555538,0.72032692731709,0.2796730726829101,,5
2025-11-23,B17LHVBC1NE,LHV Boys 17-1 Ubuntu,LHVBC,17,1,B17CAMYV1NE,CYVB 17 1,B17,True,9.0,2.0,4.793922273324947,-3.423912133051875,8.217834406376822,0.6276750319484533,0.3723249680515467,False,1.0,17.2,1.8,-10.542175826274132,0.7140942703389425,0.28590572966105754,,6
2026-01-31,B17LHVBC1NE,LHV Boys 17-1 Ubuntu,LHVBC,17,1,B17BVJVB1NE,Blast 17 Ignite,B17,False,-9.0,-1.0,4.793922273324947,2.42210539887769,2.3718168744472568,0.5376119312862092,-0.5376119312862092,True,0.8,13.0,1.2,-8.98388162004019,0.6903998303209434,0.10960016967905654,0.0,7
2026-01-31,B17LHVBC1NE,LHV Boys 17-1 Ubuntu,LHVBC,17,1,B17MVPVA1NE,MVP BOS 17 Black,B17,True,9.0,1.0,4.793922273324947,3.0609262950644527,1.7329959782604942,0.5275058167970356,0.47249418320296444,True,0.8,12.4,1.2,-7.686913934416924,0.6703659872906599,0.1296340127093401,0.5,8
2026-01-31,B17LHVBC1NE,LHV Boys 17-1 Ubuntu,LHVBC,17,1,B17SJJVB1NE,SMASH Boys 17-1,B17,False,-15.0,-2.0,4.793922273324947,24.240906272986322,-19.446983999661377,0.22515314632855174,-0.22515314632855174,False,0.6,4.2,0.4,0.6857895081749199,0.5541847893184939,0.04581521068150603,0.5,9
2026-02-01,B17LHVBC1NE,LHV Boys 17-1 Ubuntu,LHVBC,17,1,B17HKJVB1NE,Husky 17.1,B17,False,-17.0,-1.0,4.793922273324947,16.040982892489453,-11.247060619164506,0.32854629194904494,-0.32854629194904494,False,0.4,-4.6,-0.2,8.468201745273209,0.449298443661859,-0.049298443661858954,0.5,10
2026-02-01,B17LHVBC1NE,LHV Boys 17-1 Ubuntu,LHVBC,17,1,B17SJJVB1NE,SMASH Boys 17-1,B17,False,-29.0,-2.0,4.793922273324947,24.240906272986322,-19.446983999661377,0.22515314632855174,-0.22515314632855174,False,0.2,-12.2,-1.0,14.001165426480847,0.36879406653787866,-0.16879406653787865,0.5,11
2025-11-22,B17LHVBC2NE,LHV Boys 17-2 Boom,LHVBC,17,2,B17MMVBC1NE,Mayhem 17 1,B17,False,-2.0,-1.0,-18.684867505579003,-10.49910066577871,-8.185766839800293,0.3728013568504468,-0.3728013568504468,False,0.0,-2.0,-1.0,-10.49910066577871,0.3728013568504468,-0.3728013568504468,,1
2025-11-22,B17LHVBC2NE,LHV Boys 17-2 Boom,LHVBC,17,2,B17RRJVB3NE,Boston United Boys 17 Select 1,B17,True,9.0,1.0,-18.684867505579003,-17.6226109399729,-1.062256565606102,0.4831294128224364,0.5168705871775636,True,0.5,3.5,0.0,-14.060855802875807,0.4279653848364416,0.07203461516355841,1.0,2
2025-11-22,B17LHVBC2NE,LHV Boys 17-2 Boom,LHVBC,17,2,B17MVPVA2NE,MVP BOS 17 Blue,B17,True,-2.0,1.0,-18.684867505579003,-9.147307757863627,-9.537559747715376,0.35294341059072465,0.6470565894092754,False,0.6666666666666666,1.6666666666666667,0.3333333333333333,-12.423006454538415,0.4029580600878693,0.2637086065787974,1.0,3
2025-11-23,B17LHVBC2NE,LHV Boys 17-2 Boom,LHVBC,17,2,B17MMVBC1NE,Mayhem 17 1,B17,False,-18.0,-2.0,-18.684867505579003,-10.49910066577871,-8.185766839800293,0.3728013568504468,-0.3728013568504468,False,0.5,-3.25,-0.25,-11.942030007348489,0.3954188842785137,0.10458111572148635,1.0,4
2025-11-23,B17LHVBC2NE,LHV Boys 17-2 Boom,LHVBC,17,2,B17CAMYV1NE,CYVB 17 1,B17,False,-8.0,-2.0,-18.684867505579003,-3.423912133051875,-15.260955372527128,0.27490915089688167,-0.27490915089688167,False,0.4,-4.2,-0.6,-10.238406432489166,0.37131693760218726,0.028683062397812743,1.0,5
2026-01-17,B17LHVBC2NE,LHV Boys 17-2 Boom,LHVBC,17,2,B17CAPIT2XL,CSVC 17 SKYLIGHT,B17,False,-17.0,-2.0,-18.684867505579003,-11.076086956521994,-7.608780549057009,0.3814143721502649,-0.3814143721502649,False,0.4,-7.2,-0.8,-10.353803690637822,0.3730395406621509,0.02696045933784911,1.0,6
2026-01-17,B17LHVBC2NE,LHV Boys 17-2 Boom,LHVBC,17,2,B17BVJVB1NE,Blast 17 Ignite,B17,False,-20.0,-2.0,-18.684867505579003,2.42210539887769,-21.106972904456693,0.2072833198526541,-0.2072833198526541,False,0.2,-13.0,-1.4,-6.344860422867703,0.31787032206819443,-0.11787032206819444,,7
2026-01-17,B17LHVBC2NE,LHV Boys 17-2 Boom,LHVBC,17,2,B17PVJVB2NE,PV Boys 17 2,B17,False,-10.0,-2.0,-18.684867505579003,-9.324725275514181,-9.360142230064822,0.3555226139385656,-0.3555226139385656,False,0.0,-14.6,-2.0,-6.380343926397815,0.3183861627377626,-0.3183861627377626,,8
2026-01-18,B17LHVBC2NE,LHV Boys 17-2 Boom,LHVBC,17,2,B17MVNER1NE,Meraki VB 17 1,B17,False,-19.0,-2.0,-18.684867505579003,-1.6503657534424887,-17.034501752136514,0.25302039812285465,-0.25302039812285465,False,0.0,-14.8,-2.0,-4.610596943930569,0.2944299709922442,-0.2944299709922442,,9
2026-01-18,B17LHVBC2NE,LHV Boys 17-2 Boom,LHVBC,17,2,B17RRJVB2NE,Boston United Boys 17 Northeast,B17,False,-8.0,-1.0,-18.684867505579003,-5.5618029944589,-13.123064511120102,0.3028020358126088,-0.3028020358126088,False,0.0,-14.8,-1.8,-5.038175116211975,0.3000085479753896,-0.3000085479753896,,10
2026-01-18,B17LHVBC2NE,LHV Boys 17-2 Boom,LHVBC,17,2,B17RRJVB3NE,Boston United Boys 17 Select 1,B17,True,19.0,2.0,-18.684867505579003,-17.6226109399729,-1.062256565606102,0.4831294128224364,0.5168705871775636,True,0.2,-7.6,-1.0,-6.347479912902156,0.3203515561098239,-0.12035155610982388,1.0,11
2026-01-19,B17LHVBC2NE,LHV Boys 17-2 Boom,LHVBC,17,2,B17PVJVB3NE,PV Boys 17 3,B17,False,-7.0,-2.0,-18.684867505579003,-13.784423886316176,-4.900443619262827,0.42276562410293617,-0.42276562410293617,True,0.2,-5.0,-1.0,-9.58878576994093,0.3634480169598803,-0.16344801695988032,0.5,12
2026-01-31,B17LHVBC2NE,LHV Boys 17-2 Boom,LHVBC,17,2,B17PVJVB3NE,PV Boys 17 3,B17,False,0.0,-1.0,-18.684867505579003,-13.784423886316176,-4.900443619262827,0.42276562410293617,-0.42276562410293617,True,0.2,-3.0,-0.8,-10.480725492101328,0.3768966189927544,-0.17689661899275444,0.3333333333333333,13
2026-01-31,B17LHVBC2NE,LHV Boys 17-2 Boom,LHVBC,17,2,B17PVJVB2NE,PV Boys 17 2,B17,False,-17.0,-2.0,-18.684867505579003,-9.324725275514181,-9.360142230064822,0.3555226139385656,-0.3555226139385656,False,0.2,-2.6,-0.8,-12.015597396515668,0.3973970621558966,-0.19739706215589664,0.3333333333333333,14
2026-01-31,B17LHVBC2NE,LHV Boys 17-2 Boom,LHVBC,17,2,B17NEVBC2NE,NEVBC Boys 17.2,B17,False,-30.0,-2.0,-18.684867505579003,4.854720631336346,-23.53958813691535,0.18302651256659644,-0.18302651256659644,False,0.2,-7.0,-1.0,-9.932292671356617,0.3734419575066942,-0.17344195750669417,0.3333333333333333,15
2026-02-01,B17LHVBC2NE,LHV Boys 17-2 Boom,LHVBC,17,2,B17RRJVB3NE,Boston United Boys 17 Select 1,B17,False,-25.0,-2.0,-18.684867505579003,-17.6226109399729,-1.062256565606102,0.4831294128224364,-0.4831294128224364,True,0.0,-15.8,-1.8,-9.932292671356617,0.3734419575066942,-0.3734419575066942,0.0,16
2026-02-01,B17LHVBC2NE,LHV Boys 17-2 Boom,LHVBC,17,2,B17PVJVB3NE,PV Boys 17 3,B17,False,-6.0,-1.0,-18.684867505579003,-13.784423886316176,-4.900443619262827,0.42276562410293617,-0.42276562410293617,True,0.0,-15.6,-1.6,-9.932292671356617,0.3734419575066942,-0.3734419575066942,0.0,17
2026-02-06,B17LIFRY1GE,LI Fury 17 1,LIFRY,17,1,B17RRJVB2NE,Boston United Boys 17 Northeast,B17,True,19.0,2.0,4.151513773943261,-5.5618029944589,9.713316768402162,0.649603234365913,0.35039676563408695,False,1.0,19.0,2.0,-5.5618029944589,0.649603234365913,0.35039676563408695,,1
2026-02-06,B17LIFRY1GE,LI Fury 17 1,LIFRY,17,1,B17ROYAL1NO,Infinity Royals 17N,B17,False,-4.0,-1.0,4.151513773943261,-0.5833724901928343,4.734886264136096,0.5746647196020772,-0.5746647196020772,True,0.5,7.5,0.5,-3.0725877423258674,0.6121339769839951,-0.11213397698399513,0.0,2
2026-02-06,B17LIFRY1GE,LI Fury 17 1,LIFRY,17,1,B17SPTMC4GE,Sportime 17 4,B17,True,14.0,2.0,4.151513773943261,-13.979234867704784,18.130748641648047,0.759919072186644,0.240080927813356,False,0.6666666666666666,9.666666666666666,1.0,-6.70813678411884,0.6613956753848781,0.005270991281788577,0.0,3
2026-02-07,B17LIFRY1GE,LI Fury 17 1,LIFRY,17,1,B17CAPIT2XL,CSVC 17 SKYLIGHT,B17,True,4.0,2.0,4.151513773943261,-11.076086956521994,15.227600730465255,0.7246681117096888,0.2753318882903112,False,0.75,8.25,1.25,-7.800124327219628,0.6772137844660808,0.07278621553391923,0.0,4
2026-02-07,B17LIFRY1GE,LI Fury 17 1,LIFRY,17,1,B17SPTMC3GE,Sportime 17 3,B17,False,-4.0,-1.0,4.151513773943261,1.8961447841210222,2.255368989822239,0.535771787768805,-0.535771787768805,True,0.6,5.8,0.8,-5.860870504951498,0.6489253851266257,-0.04892538512662561,0.0,5
2026-02-07,B17LIFRY1GE,LI Fury 17 1,LIFRY,17,1,B17NESVC1NE,NE Storm 17 Tsunami,B17,True,17.0,2.0,4.151513773943261,5.657609235304984,-1.5060954613617232,0.4760896031353349,0.5239103968646651,True,0.6,5.4,0.8,-3.6169880589987207,0.61422265888051,-0.014222658880509975,0.3333333333333333,6
2026-02-08,B17LIFRY1GE,LI Fury 17 1,LIFRY,17,1,B17117902XX,Torrimar 17 2,B17,False,-2.0,-1.0,4.151513773943261,2.8986813753206606,1.2528323986226004,0.5198943292635362,-0.5198943292635362,True,0.6,5.8,0.8,-2.920577285896022,0.6032685808128018,-0.003268580812801769,0.3333333333333333,7
2025-11-22,B17MMVBC1NE,Mayhem 17 1,MMVBC,17,1,B17LHVBC2NE,LHV Boys 17-2 Boom,B17,True,2.0,1.0,-10.49910066577871,-18.684867505579003,8.185766839800293,0.6271986431495532,0.3728013568504468,False,1.0,2.0,1.0,-18.684867505579003,0.6271986431495532,0.3728013568504468,,1
2025-11-22,B17MMVBC1NE,Mayhem 17 1,MMVBC,17,1,B17RRJVB3NE,Boston United Boys 17 Select 1,B17,True,7.0,2.0,-10.49910066577871,-17.6226109399729,7.1235102741941905,0.6112832741159584,0.3887167258840416,False,1.0,4.5,1.5,-18.153739222775954,0.6192409586327559,0.3807590413672442,,2
2025-11-22,B17MMVBC1NE,Mayhem 17 1,MMVBC,17,1,B17MVNER2NE,Meraki VB 17 2,B17,True,19.0,2.0,-10.49910066577871,-22.87107829300199,12.371977627223279,0.6870271718317809,0.31297282816821914,False,1.0,9.333333333333334,1.6666666666666667,-19.726185579517963,0.6418363630324309,0.35816363696756914,,3
2025-11-23,B17MMVBC1NE,Mayhem 17 1,MMVBC,17,1,B17LHVBC2NE,LHV Boys 17-2 Boom,B17,True,18.0,2.0,-10.49910066577871,-18.684867505579003,8.185766839800293,0.6271986431495532,0.3728013568504468,False,1.0,11.5,1.75,-19.465856061033225,0.6381769330617114,0.3618230669382886,,4
2025-11-23,B17MMVBC1NE,Mayhem 17 1,MMVBC,17,1,B17CAMYV1NE,CYVB 17 1,B17,False,-13.0,-2.0,-10.49910066577871,-3.423912133051875,-7.075188532726836,0.3894466741409473,-0.3894466741409473,False,0.8,6.6,1.0,-16.257467275436955,0.5884308812775586,0.2115691187224414,,5
2026-01-31,B17MMVBC1NE,Mayhem 17 1,MMVBC,17,1,B17MVNER2NE,Meraki VB 17 2,B17,True,13.0,2.0,-10.49910066577871,-22.87107829300199,12.371977627223279,0.6870271718317809,0.31297282816821914,False,0.8,8.8,1.2,-17.09470943292155,0.6003965870140041,0.19960341298599588,,6
2026-01-31,B17MMVBC1NE,Mayhem 17 1,MMVBC,17,1,B17HKJVB4NE,Husky 17.4,B17,False,-9.0,-1.0,-10.49910066577871,-13.278249403447527,2.779148737668816,0.5440403282718131,-0.5440403282718131,True,0.6,5.6,0.6,-16.225837125616476,0.586947997845175,0.013052002154824915,0.0,7
2026-01-31,B17MMVBC1NE,Mayhem 17 1,MMVBC,17,1,B17MVPVA2NE,MVP BOS 17 Blue,B17,False,-14.0,-1.0,-10.49910066577871,-9.147307757863627,-1.3517929079150832,0.4785360897499576,-0.4785360897499576,True,0.4,-1.0,0.0,-13.481083018588805,0.5452497814288104,-0.14524978142881043,0.0,8
2026-02-01,B17MMVBC1NE,Mayhem 17 1,MMVBC,17,1,B17PVJVB3NE,PV Boys 17 3,B17,True,15.0,2.0,-10.49910066577871,-13.784423886316176,3.2853232205374656,0.5520079958886488,0.4479920041113512,True,0.4,-1.6,0.0,-12.50099429473624,0.5302116519766296,-0.1302116519766295,0.3333333333333333,9
2026-02-01,B17MMVBC1NE,Mayhem 17 1,MMVBC,17,1,B17RRJVB3NE,Boston United Boys 17 Select 1,B17,True,15.0,1.0,-10.49910066577871,-17.6226109399729,7.1235102741941905,0.6112832741159584,0.3887167258840416,False,0.6,4.0,0.6,-15.340734056120445,0.5745789719716317,0.02542102802836823,0.3333333333333333,10
2025-11-22,B17MVNER1NE,Meraki VB 17 1,MVNER,17,1,B17MVPVA1NE,MVP BOS 17 Black,B17,False,-13.0,-2.0,-1.6503657534424887,3.0609262950644527,-4.711292048506941,0.4257018240370482,-0.4257018240370482,True,0.0,-13.0,-2.0,3.0609262950644527,0.4257018240370482,-0.4257018240370482,0.0,1
2025-11-22,B17MVNER1NE,Meraki VB 17 1,MVNER,17,1,B17RRJVB1NE,Boston United Boys 17 National 1,B17,True,-0.0,1.0,-1.6503657534424887,0.2608695652172601,-1.9112353186597488,0.4696718193004844,0.5303281806995156,True,0.5,-6.5,-0.5,1.6608979301408564,0.4476868216687663,0.052313178331233695,0.5,2
2025-11-22,B17MVNER1NE,Meraki VB 17 1,MVNER,17,1,B17TTVBC2NE,SLAM 17 2 Boys,B17,True,13.0,2.0,-1.6503657534424887,-3.9278272583952063,2.2774615049527176,0.536120976569516,0.46387902343048404,True,0.6666666666666666,0.0,0.3333333333333333,-0.20201046603783115,0.4771648733023495,0.18950179336431713,0.6666666666666666,3
2025-11-23,B17MVNER1NE,Meraki VB 17 1,MVNER,17,1,B17NESVC1NE,NE Storm 17 Tsunami,B17,False,-12.0,-2.0,-1.6503657534424887,5.657609235304984,-7.307974988747473,0.38593481294423776,-0.38593481294423776,False,0.5,-3.0,-0.25,1.2628944592978728,0.4543573582128216,0.04564264178717842,0.6666666666666666,4
2025-11-23,B17MVNER1NE,Meraki VB 17 1,MVNER,17,1,B17MVPVA1NE,MVP BOS 17 Black,B17,True,1.0,1.0,-1.6503657534424887,3.0609262950644527,-4.711292048506941,0.4257018240370482,0.5742981759629517,True,0.6,-2.2,0.0,1.6225008264511884,0.44862625137766693,0.15137374862233308,0.75,5
2026-01-17,B17MVNER1NE,Meraki VB 17 1,MVNER,17,1,B17TTVBC2NE,SLAM 17 2 Boys,B17,True,5.0,1.0,-1.6503657534424887,-3.9278272583952063,2.2774615049527176,0.536120976569516,0.46387902343048404,True,0.8,1.4,0.6,0.2247501157592567,0.47071008188416047,0.3292899181158395,1.0,6
2026-01-17,B17MVNER1NE,Meraki VB 17 1,MVNER,17,1,B17NESVC3NE,NE Storm 17 Wildfire,B17,True,12.0,1.0,-1.6503657534424887,-12.143759467665873,10.493393714223384,0.6608020988950898,0.3391979011049102,False,0.8,3.8,0.6,-2.25617569081737,0.5089361378030816,0.29106386219691843,1.0,7
2026-01-17,B17MVNER1NE,Meraki VB 17 1,MVNER,17,1,B17PVJVB1NE,PV Boys 17 1,B17,False,4.0,-1.0,-1.6503657534424887,1.4239130434780398,-3.0742787969205283,0.4513110380908186,-0.4513110380908186,True,0.6,2.0,0.0,-1.1858276304427207,0.491974150107342,0.10802584989265793,0.6666666666666666,8
2026-01-18,B17MVNER1NE,Meraki VB 17 1,MVNER,17,1,B17LHVBC2NE,LHV Boys 17-2 Boom,B17,True,19.0,2.0,-1.6503657534424887,-18.684867505579003,17.034501752136514,0.7469796018771454,0.2530203981228546,False,0.8,8.2,0.8,-6.054322978619519,0.5641831078939236,0.23581689210607637,0.6666666666666666,9
2026-01-18,B17MVNER1NE,Meraki VB 17 1,MVNER,17,1,B17RRJVB3NE,Boston United Boys 17 Select 1,B17,True,4.0,2.0,-1.6503657534424887,-17.6226109399729,15.972245186530412,0.7340091905631831,0.26599080943681686,False,0.8,8.8,1.0,-10.19103042562699,0.6258445811991505,0.1741554188008494,0.5,10
2026-01-18,B17MVNER1NE,Meraki VB 17 1,MVNER,17,1,B17RRJVB2NE,Boston United Boys 17 Northeast,B17,True,20.0,2.0,-1.6503657534424887,-5.5618029944589,3.9114372410164115,0.5618263734735289,0.43817362652647107,True,0.8,11.8,1.2,-10.517825572839728,0.6309856605799531,0.16901433942004682,0.5,11
2026-01-19,B17MVNER1NE,Meraki VB 17 1,MVNER,17,1,B17NESVC3NE,NE Storm 17 Wildfire,B17,False,-11.0,-1.0,-1.6503657534424887,-12.143759467665873,10.493393714223384,0.6608020988950898,-0.6608020988950898,False,0.6,7.2,0.8,-10.517825572839728,0.6309856605799531,-0.030985660579953177,0.5,12
2026-03-14,B17MVNER1NE,Meraki VB 17 1,MVNER,17,1,B17RRJVB1NE,Boston United Boys 17 National 1,B17,False,-12.0,-2.0,-1.6503657534424887,0.2608695652172601,-1.9112353186597488,0.4696718193004844,-0.4696718193004844,True,0.6,4.0,0.6,-10.750434268491883,0.6346578168218863,-0.034657816821886345,0.5,13
2026-03-14,B17MVNER1NE,Meraki VB 17 1,MVNER,17,1,B17SJVBC1NE,South County Juniors Boys 17 1,B17,False,-3.0,-1.0,-1.6503657534424887,6.47483411747475,-8.125199870917239,0.3737017998759517,-0.3737017998759517,False,0.4,-0.4,0.0,-5.718493943881133,0.5600022564216476,-0.16000225642164762,0.5,14
2026-03-14,B17MVNER1NE,Meraki VB 17 1,MVNER,17,1,B17CSJVB1NE,MEVBC/CT STARS 17 1,B17,False,-7.0,-1.0,-1.6503657534424887,-2.417165663978395,0.7667999105359065,0.5121804066161717,-0.5121804066161717,True,0.2,-2.6,-0.6,-2.677404888682232,0.5156364996322453,-0.31563649963224527,0.3333333333333333,15
2026-03-15,B17MVNER1NE,Meraki VB 17 1,MVNER,17,1,B17NEVBC2NE,NEVBC Boys 17.2,B17,False,-18.0,-2.0,-1.6503657534424887,4.854720631336346,-6.505086384778835,0.39809526343175955,-0.39809526343175955,False,0.0,-10.2,-1.4,-0.5941001635231826,0.4828902776238914,-0.4828902776238914,0.0,16
2026-03-15,B17MVNER1NE,Meraki VB 17 1,MVNER,17,1,B17TTVBC2NE,SLAM 17 2 Boys,B17,True,3.0,1.0,-1.6503657534424887,-3.9278272583952063,2.2774615049527176,0.536120976569516,0.46387902343048404,True,0.2,-7.4,-1.0,1.0490862783309507,0.45795405315877663,-0.2579540531587766,0.3333333333333333,17
2025-11-22,B17MVNER2NE,Meraki VB 17 2,MVNER,17,2,B17MVPVA2NE,MVP BOS 17 Blue,B17,False,-4.0,-1.0,-22.87107829300199,-9.147307757863627,-13.723770535138362,0.294803822243687,-0.294803822243687,False,0.0,-4.0,-1.0,-9.147307757863627,0.294803822243687,-0.294803822243687,,1
2025-11-22,B17MVNER2NE,Meraki VB 17 2,MVNER,17,2,B17NESVC3NE,NE Storm 17 Wildfire,B17,True,8.0,1.0,-22.87107829300199,-12.143759467665873,-10.727318825336116,0.33587373943821075,0.6641262605617893,False,0.5,2.0,0.0,-10.645533612764751,0.3153387808409489,0.18466121915905112,,2
2025-11-22,B17MVNER2NE,Meraki VB 17 2,MVNER,17,2,B17MMVBC1NE,Mayhem 17 1,B17,False,-19.0,-2.0,-22.87107829300199,-10.49910066577871,-12.371977627223279,0.3129728281682192,-0.3129728281682192,False,0.3333333333333333,-5.0,-0.6666666666666666,-10.596722630436071,0.314550129950039,0.01878320338329435,,3
2025-11-23,B17MVNER2NE,Meraki VB 17 2,MVNER,17,2,B17RRJVB3NE,Boston United Boys 17 Select 1,B17,False,-12.0,-1.0,-22.87107829300199,-17.6226109399729,-5.248467353029088,0.41737762569014786,-0.41737762569014786,False,0.25,-6.75,-0.75,-12.353194707820279,0.3402570038850662,-0.0902570038850662,,4
2025-11-23,B17MVNER2NE,Meraki VB 17 2,MVNER,17,2,B17LHVBC1NE,LHV Boys 17-1 Ubuntu,B17,False,-27.0,-2.0,-22.87107829300199,4.793922273324947,-27.66500056632694,0.14702197976777998,-0.14702197976777998,False,0.2,-10.8,-1.0,-8.923771311591233,0.30160999906160896,-0.10160999906160897,,5
2026-01-31,B17MVNER2NE,Meraki VB 17 2,MVNER,17,2,B17MMVBC1NE,Mayhem 17 1,B17,False,-13.0,-2.0,-22.87107829300199,-10.49910066577871,-12.371977627223279,0.3129728281682192,-0.3129728281682192,False,0.2,-12.6,-1.2,-9.19412989317425,0.3052438002465154,-0.10524380024651539,,6
2026-01-31,B17MVNER2NE,Meraki VB 17 2,MVNER,17,2,B17HKJVB4NE,Husky 17.4,B17,False,-11.0,-1.0,-22.87107829300199,-13.278249403447527,-9.592828889554463,0.3521416752873626,-0.3521416752873626,False,0.0,-16.4,-1.6,-9.42102788033058,0.3084973874163458,-0.3084973874163458,,7
2026-01-31,B17MVNER2NE,Meraki VB 17 2,MVNER,17,2,B17MVPVA2NE,MVP BOS 17 Blue,B17,False,-26.0,-2.0,-22.87107829300199,-9.147307757863627,-13.723770535138362,0.294803822243687,-0.294803822243687,False,0.0,-17.8,-1.6,-9.150669298747564,0.30486358623143933,-0.30486358623143933,,8
2026-02-01,B17MVNER2NE,Meraki VB 17 2,MVNER,17,2,B17RRJVB3NE,Boston United Boys 17 Select 1,B17,False,-12.0,-2.0,-22.87107829300199,-17.6226109399729,-5.248467353029088,0.41737762569014786,-0.41737762569014786,False,0.0,-17.8,-1.8,-9.150669298747564,0.30486358623143933,-0.3048635862314394,,9
2026-02-01,B17MVNER2NE,Meraki VB 17 2,MVNER,17,2,B17PVJVB3NE,PV Boys 17 3,B17,False,-8.0,-2.0,-22.87107829300199,-13.784423886316176,-9.086654406685813,0.35951488051068936,-0.35951488051068936,False,0.0,-14.0,-1.8,-12.866338530675787,0.34736216638002115,-0.3473621663800212,,10
2026-03-14,B17MVNER2NE,Meraki VB 17 2,MVNER,17,2,B17CAPIT2XL,CSVC 17 SKYLIGHT,B17,False,-7.0,-2.0,-22.87107829300199,-11.076086956521994,-11.794991336479995,0.3209108327635671,-0.3209108327635671,False,0.0,-12.8,-1.8,-12.981735788824443,0.3489497672990908,-0.3489497672990908,,11
2026-03-14,B17MVNER2NE,Meraki VB 17 2,MVNER,17,2,B17PVJVB2NE,PV Boys 17 2,B17,False,-14.0,-1.0,-22.87107829300199,-9.324725275514181,-13.546353017487808,0.29715327414664666,-0.29715327414664666,False,0.0,-13.4,-1.8,-12.191030963237775,0.33795208707094754,-0.3379520870709476,,12
2026-03-14,B17MVNER2NE,Meraki VB 17 2,MVNER,17,2,B17RRJVB3NE,Boston United Boys 17 Select 1,B17,True,10.0,2.0,-22.87107829300199,-17.6226109399729,-5.248467353029088,0.41737762569014786,0.5826223743098522,False,0.2,-6.2,-1.0,-13.88609159965963,0.3624668477602398,-0.16246684776023973,,13
2026-03-15,B17MVNER2NE,Meraki VB 17 2,MVNER,17,2,B17HKJVB4NE,Husky 17.4,B17,False,-20.0,-2.0,-22.87107829300199,-13.278249403447527,-9.592828889554463,0.3521416752873626,-0.3521416752873626,False,0.2,-7.8,-1.0,-13.017219292354557,0.3494196576796827,-0.14941965767968274,,14
2026-03-15,B17MVNER2NE,Meraki VB 17 2,MVNER,17,2,B17RRJVB3NE,Boston United Boys 17 Select 1,B17,False,-16.0,-2.0,-22.87107829300199,-17.6226109399729,-5.248467353029088,0.41737762569014786,-0.41737762569014786,False,0.2,-9.4,-1.0,-13.784856703085898,0.3609922067155744,-0.1609922067155744,,15
2025-11-22,B17MVPVA1NE,MVP BOS 17 Black,MVPVA,17,1,B17MVNER1NE,Meraki VB 17 1,B17,True,13.0,2.0,3.0609262950644527,-1.6503657534424887,4.711292048506941,0.5742981759629519,0.42570182403704815,True,1.0,13.0,2.0,-1.6503657534424887,0.5742981759629519,0.42570182403704815,1.0,1
2025-11-22,B17MVPVA1NE,MVP BOS 17 Black,MVPVA,17,1,B17TTVBC2NE,SLAM 17 2 Boys,B17,True,9.0,1.0,3.0609262950644527,-3.9278272583952063,6.988753553459659,0.6092464043235104,0.3907535956764896,False,1.0,11.0,1.5,-2.7890965059188475,0.5917722901432312,0.40822770985676887,1.0,2
2025-11-22,B17MVPVA1NE,MVP BOS 17 Black,MVPVA,17,1,B17RRJVB1NE,Boston United Boys 17 National 1,B17,True,-2.0,1.0,3.0609262950644527,0.2608695652172601,2.8000567298471926,0.5443699152427819,0.4556300847572181,True,1.0,6.666666666666667,1.3333333333333333,-1.7724411488734784,0.575971498509748,0.424028501490252,1.0,3
2025-11-23,B17MVPVA1NE,MVP BOS 17 Black,MVPVA,17,1,B17SJVBC1NE,South County Juniors Boys 17 1,B17,False,-9.0,-2.0,3.0609262950644527,6.47483411747475,-3.4139078224102977,0.44597204163053095,-0.44597204163053095,True,0.75,2.75,0.5,0.28937766771357887,0.5434716342899437,0.20652836571005623,0.6666666666666666,4
2025-11-23,B17MVPVA1NE,MVP BOS 17 Black,MVPVA,17,1,B17MVNER1NE,Meraki VB 17 1,B17,False,-1.0,-1.0,3.0609262950644527,-1.6503657534424887,4.711292048506941,0.5742981759629519,-0.5742981759629519,True,0.6,2.0,0.2,-0.09857101651763464,0.5496369426245453,0.050363057375454615,0.5,5
2026-01-31,B17MVPVA1NE,MVP BOS 17 Black,MVPVA,17,1,B17BVJVB1NE,Blast 17 Ignite,B17,False,-10.0,-2.0,3.0609262950644527,2.42210539887769,0.6388208961867625,0.5101481092687616,-0.5101481092687616,True,0.4,-2.6,-0.6,0.7159232139464011,0.5368069292857073,-0.13680692928570734,0.25,6
2026-01-31,B17MVPVA1NE,MVP BOS 17 Black,MVPVA,17,1,B17LHVBC1NE,LHV Boys 17-1 Ubuntu,B17,False,-9.0,-1.0,3.0609262950644527,4.793922273324947,-1.7329959782604942,0.4724941832029645,-0.4724941832029645,True,0.2,-6.2,-1.0,2.4602731202904318,0.5094564850615981,-0.3094564850615982,0.2,7
2026-01-31,B17MVPVA1NE,MVP BOS 17 Black,MVPVA,17,1,B17SJJVB1NE,SMASH Boys 17-1,B17,False,-13.0,-2.0,3.0609262950644527,24.240906272986322,-21.17997997792187,0.20652197266589492,-0.20652197266589492,False,0.0,-8.4,-1.6,7.256280461844244,0.44188689654622076,-0.44188689654622076,0.0,8
2026-02-01,B17MVPVA1NE,MVP BOS 17 Black,MVPVA,17,1,B17TTVBC2NE,SLAM 17 2 Boys,B17,True,9.0,2.0,3.0609262950644527,-3.9278272583952063,6.988753553459659,0.6092464043235104,0.3907535956764896,False,0.2,-4.8,-0.8,5.175748186670253,0.4745417690848167,-0.2745417690848167,0.0,9
2026-02-01,B17MVPVA1NE,MVP BOS 17 Black,MVPVA,17,1,B17TTVBC1NE,SLAM 17 1 Boys,B17,True,2.0,1.0,3.0609262950644527,6.90661666404597,-3.845690368981517,0.43920249694915936,0.5607975030508406,True,0.4,-4.2,-0.4,6.887144670167944,0.4475226332820581,-0.04752263328205817,0.3333333333333333,10
2026-02-06,B17MVPVA1NE,MVP BOS 17 Black,MVPVA,17,1,B17SPTMC5GE,Sportime 17 Lynbrook,B17,False,-3.0,-1.0,3.0609262950644527,1.7391244132409445,1.3218018818235082,0.5209882755065832,-0.5209882755065832,True,0.4,-2.8,-0.2,6.750548473040595,0.4496906665296224,-0.049690666529622486,0.3333333333333333,11
2026-02-06,B17MVPVA1NE,MVP BOS 17 Black,MVPVA,17,1,B17ALLIN1FL,AVA 17 Boys,B17,False,-19.0,-1.0,3.0609262950644527,14.569140556144442,-11.508214261079988,0.3248954721998337,-0.3248954721998337,False,0.4,-4.8,-0.2,8.705592129604494,0.42017092432899633,-0.02017092432899633,0.5,12
2026-02-06,B17MVPVA1NE,MVP BOS 17 Black,MVPVA,17,1,B17CAPIT1XL,CSVC 17 BIG SLIDE,B17,False,-17.0,-2.0,3.0609262950644527,13.536074295314258,-10.475148000249805,0.33945785242394444,-0.33945785242394444,False,0.4,-5.6,-0.2,6.5646257340700815,0.4467581002806062,-0.046758100280606237,0.5,13
2026-02-07,B17MVPVA1NE,MVP BOS 17 Black,MVPVA,17,1,B17CORE11GE,CORE Boys 17 Platinum,B17,False,-13.0,-2.0,3.0609262950644527,13.02206980461216,-9.961143509547707,0.3468203247825479,-0.3468203247825479,False,0.2,-10.0,-1.0,9.954605146671554,0.39427288437241376,-0.19427288437241372,0.5,14
2026-02-07,B17MVPVA1NE,MVP BOS 17 Black,MVPVA,17,1,B17LCVBC1GE,Legacy Boys 17 National,B17,True,-0.0,1.0,3.0609262950644527,8.275165056722106,-5.214238761657652,0.4179066905252612,0.5820933094747388,True,0.2,-10.4,-1.0,10.228314825206782,0.3900137230876341,-0.1900137230876341,0.5,15
2026-02-07,B17MVPVA1NE,MVP BOS 17 Black,MVPVA,17,1,B17ALLIN1FL,AVA 17 Boys,B17,False,2.0,-1.0,3.0609262950644527,14.569140556144442,-11.508214261079988,0.3248954721998337,-0.3248954721998337,False,0.2,-9.4,-1.0,12.794318053787482,0.35079516242628417,-0.15079516242628418,1.0,16
2026-02-08,B17MVPVA1NE,MVP BOS 17 Black,MVPVA,17,1,B17SPTMC5GE,Sportime 17 Lynbrook,B17,True,9.0,2.0,3.0609262950644527,1.7391244132409445,1.3218018818235082,0.5209882755065832,0.4790117244934168,True,0.4,-3.8,-0.4,10.228314825206782,0.3900137230876341,0.00998627691236591,1.0,17
2026-02-08,B17MVPVA1NE,MVP BOS 17 Black,MVPVA,17,1,B17RRJVB1NE,Boston United Boys 17 National 1,B17,False,-19.0,-2.0,3.0609262950644527,0.2608695652172601,2.8000567298471926,0.5443699152427819,-0.5443699152427819,True,0.4,-4.2,-0.4,7.573273879187383,0.4309961356514016,-0.03099613565140158,0.6666666666666666,18
2025-11-22,B17MVPVA2NE,MVP BOS 17 Blue,MVPVA,17,2,B17MVNER2NE,Meraki VB 17 2,B17,True,4.0,1.0,-9.147307757863627,-22.87107829300199,13.723770535138362,0.705196177756313,0.29480382224368695,False,1.0,4.0,1.0,-22.87107829300199,0.705196177756313,0.29480382224368695,,1
2025-11-22,B17MVPVA2NE,MVP BOS 17 Blue,MVPVA,17,2,B17NESVC3NE,NE Storm 17 Wildfire,B17,False,-6.0,-1.0,-9.147307757863627,-12.143759467665873,2.996451709802246,0.547463887904086,-0.547463887904086,True,0.5,-1.0,0.0,-17.50741888033393,0.6263300328301995,-0.1263300328301995,0.0,2
2025-11-22,B17MVPVA2NE,MVP BOS 17 Blue,MVPVA,17,2,B17LHVBC2NE,LHV Boys 17-2 Boom,B17,False,2.0,-1.0,-9.147307757863627,-18.684867505579003,9.537559747715376,0.6470565894092754,-0.6470565894092754,False,0.3333333333333333,0.0,-0.3333333333333333,-17.899901755415623,0.6332388850232248,-0.29990555168989147,0.0,3
2025-11-23,B17MVPVA2NE,MVP BOS 17 Blue,MVPVA,17,2,B17NESVC2NE,NE Storm 17 Landslide,B17,False,0.0,-1.0,-9.147307757863627,-5.3693656322920225,-3.777942125571605,0.4402632336472508,-0.4402632336472508,True,0.25,0.0,-0.5,-14.767267724634722,0.5849949721792312,-0.3349949721792313,0.0,4
2025-11-23,B17MVPVA2NE,MVP BOS 17 Blue,MVPVA,17,2,B17NESVC3NE,NE Storm 17 Wildfire,B17,False,-4.0,-2.0,-9.147307757863627,-12.143759467665873,2.996451709802246,0.547463887904086,-0.547463887904086,True,0.2,-0.8,-0.8,-14.242566073240955,0.5774887553242023,-0.37748875532420223,0.0,5
2026-01-31,B17MVPVA2NE,MVP BOS 17 Blue,MVPVA,17,2,B17MMVBC1NE,Mayhem 17 1,B17,True,14.0,1.0,-9.147307757863627,-10.49910066577871,1.3517929079150832,0.5214639102500425,0.47853608974995754,True,0.2,1.2,-0.8,-11.768170547796299,0.540742301822948,-0.3407423018229481,0.25,6
2026-01-31,B17MVPVA2NE,MVP BOS 17 Blue,MVPVA,17,2,B17HKJVB4NE,Husky 17.4,B17,True,9.0,2.0,-9.147307757863627,-13.278249403447527,4.130941645583899,0.5652574927234996,0.43474250727650043,True,0.4,4.2,-0.2,-11.995068534952626,0.5443010227868308,-0.14430102278683082,0.5,7
2026-01-31,B17MVPVA2NE,MVP BOS 17 Blue,MVPVA,17,2,B17MVNER2NE,Meraki VB 17 2,B17,True,26.0,2.0,-9.147307757863627,-22.87107829300199,13.723770535138362,0.705196177756313,0.29480382224368695,False,0.6,9.0,0.4,-12.832310692437224,0.5559289404562383,0.04407105954376165,0.5,8
2026-02-01,B17MVPVA2NE,MVP BOS 17 Blue,MVPVA,17,2,B17HKJVB4NE,Husky 17.4,B17,False,-8.0,-2.0,-9.147307757863627,-13.278249403447527,4.130941645583899,0.5652574927234996,-0.5652574927234996,True,0.6,7.4,0.2,-14.414087446668324,0.5809277922714882,0.019072207728511904,0.5,9
2026-02-01,B17MVPVA2NE,MVP BOS 17 Blue,MVPVA,17,2,B17PVJVB2NE,PV Boys 17 2,B17,False,-8.0,-1.0,-9.147307757863627,-9.324725275514181,0.1774175176505537,0.502818756516391,-0.502818756516391,True,0.6,6.6,0.4,-13.850280608237986,0.5719987659939492,0.02800123400605088,0.5,10
2026-02-06,B17MVPVA2NE,MVP BOS 17 Blue,MVPVA,17,2,B17LCVBC2GE,Legacy Boys 17 Premier,B17,False,-3.0,-1.0,-9.147307757863627,-5.4624626032818675,-3.68484515458176,0.44172174466402897,-0.44172174466402897,True,0.4,3.2,0.0,-12.842952995738619,0.5560503328767464,-0.1560503328767464,0.25,11
2026-02-06,B17MVPVA2NE,MVP BOS 17 Blue,MVPVA,17,2,B17SPTMC6GE,Sportime 17 Lynbrook 2,B17,False,-12.0,-2.0,-9.147307757863627,-7.908271585640657,-1.2390361722229706,0.48032452017320487,-0.48032452017320487,True,0.2,-1.0,-0.8,-11.768957432177244,0.5390637383666874,-0.3390637383666875,0.0,12
2026-02-06,B17MVPVA2NE,MVP BOS 17 Blue,MVPVA,17,2,B17117902XX,Torrimar 17 2,B17,False,-8.0,-2.0,-9.147307757863627,2.8986813753206606,-12.045989133184289,0.3174445923370176,-0.3174445923370176,False,0.0,-7.8,-1.6,-6.615005498512714,0.4615134212828284,-0.4615134212828284,0.0,13
2026-02-07,B17MVPVA2NE,MVP BOS 17 Blue,MVPVA,17,2,B17XTREM1GE,Xtreme 17 National Braulio,B17,True,4.0,2.0,-9.147307757863627,-7.311976960362236,-1.835330797501391,0.4708735169428794,0.5291264830571206,True,0.2,-5.4,-0.8,-5.421751009895656,0.44263662612670435,-0.24263662612670434,0.25,14
2026-02-07,B17MVPVA2NE,MVP BOS 17 Blue,MVPVA,17,2,B17RIVAL1GE,Rival 17’s,B17,True,13.0,2.0,-9.147307757863627,-8.083672179554975,-1.0636355783086522,0.483107528224188,0.516892471775812,True,0.4,-1.2,-0.2,-5.173540390703815,0.43869438046826376,-0.03869438046826377,0.5,15
2026-02-07,B17MVPVA2NE,MVP BOS 17 Blue,MVPVA,17,2,B17SPTMC6GE,Sportime 17 Lynbrook 2,B17,False,-7.0,-1.0,-9.147307757863627,-7.908271585640657,-1.2390361722229706,0.48032452017320487,-0.48032452017320487,True,0.4,-2.0,-0.2,-5.662702187175573,0.4464149355700989,-0.046414935570098945,0.5,16
2026-02-08,B17MVPVA2NE,MVP BOS 17 Blue,MVPVA,17,2,B17SPTMC4GE,Sportime 17 4,B17,True,12.0,1.0,-9.147307757863627,-13.979234867704784,4.831927109841157,0.5761714129331107,0.4238285870668893,True,0.6,2.8,0.4,-6.876894843588398,0.4655843141220801,0.13441568587791988,0.75,17
2026-02-08,B17MVPVA2NE,MVP BOS 17 Blue,MVPVA,17,2,B17CAPIT2XL,CSVC 17 SKYLIGHT,B17,True,-4.0,1.0,-9.147307757863627,-11.076086956521994,1.9287791986583667,0.5306058806378713,0.4693941193621287,True,0.8,3.6,1.0,-9.671848509956929,0.5082165717822509,0.29178342821774916,0.8,18
2026-02-08,B17MVPVA2NE,MVP BOS 17 Blue,MVPVA,17,2,B17XTREM1GE,Xtreme 17 National Braulio,B17,True,8.0,1.0,-9.147307757863627,-7.311976960362236,-1.835330797501391,0.4708735169428794,0.5291264830571206,True,0.8,4.4,0.8,-9.671848509956929,0.5082165717822509,0.2917834282177491,0.8,19
2025-11-22,B17NESVC1NE,NE Storm 17 Tsunami,NESVC,17,1,B17TTVBC1NE,SLAM 17 1 Boys,B17,True,1.0,1.0,5.657609235304984,6.90661666404597,-1.2490074287409856,0.4801663454439012,0.5198336545560989,True,1.0,1.0,1.0,6.90661666404597,0.4801663454439012,0.5198336545560989,1.0,1
2025-11-22,B17NESVC1NE,NE Storm 17 Tsunami,NESVC,17,1,B17SJVBC1NE,South County Juniors Boys 17 1,B17,True,8.0,1.0,5.657609235304984,6.47483411747475,-0.8172248821697661,0.4870189553874949,0.5129810446125052,True,1.0,4.5,1.0,6.69072539076036,0.48359265041569804,0.516407349584302,1.0,2
2025-11-22,B17NESVC1NE,NE Storm 17 Tsunami,NESVC,17,1,B17BVJVB1NE,Blast 17 Ignite,B17,True,10.0,2.0,5.657609235304984,2.42210539887769,3.235503836427294,0.5512249074765594,0.4487750925234406,True,1.0,6.333333333333333,1.3333333333333333,5.267852060132803,0.5061367361026519,0.4938632638973482,1.0,3
2025-11-23,B17NESVC1NE,NE Storm 17 Tsunami,NESVC,17,1,B17MVNER1NE,Meraki VB 17 1,B17,True,12.0,2.0,5.657609235304984,-1.6503657534424887,7.307974988747473,0.6140651870557622,0.3859348129442378,False,1.0,7.75,1.5,3.5382976067389804,0.5331188488409294,0.4668811511590706,1.0,4
2025-11-23,B17NESVC1NE,NE Storm 17 Tsunami,NESVC,17,1,B17SJVBC1NE,South County Juniors Boys 17 1,B17,True,-6.0,1.0,5.657609235304984,6.47483411747475,-0.8172248821697661,0.4870189553874949,0.5129810446125052,True,1.0,5.0,1.4,4.125604908886134,0.5238988701502425,0.4761011298497575,1.0,5
2026-01-17,B17NESVC1NE,NE Storm 17 Tsunami,NESVC,17,1,B17RRJVB3NE,Boston United Boys 17 Select 1,B17,True,20.0,2.0,5.657609235304984,-17.6226109399729,23.280220175277886,0.8144958994018613,0.1855041005981387,False,1.0,8.8,1.6,-0.7802406119176396,0.5907647809418346,0.4092352190581655,1.0,6
2026-01-17,B17NESVC1NE,NE Storm 17 Tsunami,NESVC,17,1,B17PVJVB3NE,PV Boys 17 3,B17,True,15.0,2.0,5.657609235304984,-13.784423886316176,19.44203312162116,0.7747919578442632,0.22520804215573675,False,1.0,10.2,1.8,-4.832092212675825,0.6483193814331882,0.3516806185668118,1.0,7
2026-01-17,B17NESVC1NE,NE Storm 17 Tsunami,NESVC,17,1,B17CAMYV1NE,CYVB 17 1,B17,True,15.0,2.0,5.657609235304984,-3.423912133051875,9.08152136835686,0.6404100011499326,0.35958999885006737,False,1.0,11.2,1.8,-6.001295719061738,0.6661564001678628,0.3338435998321372,1.0,8
2026-01-18,B17NESVC1NE,NE Storm 17 Tsunami,NESVC,17,1,B17TTVBC1NE,SLAM 17 1 Boys,B17,True,7.0,1.0,5.657609235304984,6.90661666404597,-1.2490074287409856,0.4801663454439012,0.5198336545560989,True,1.0,10.2,1.6,-4.289899235564046,0.6393766318454907,0.36062336815450935,1.0,9
2026-01-18,B17NESVC1NE,NE Storm 17 Tsunami,NESVC,17,1,B17PVJVB1NE,PV Boys 17 1,B17,False,-4.0,-2.0,5.657609235304984,1.4239130434780398,4.233696191826945,0.5668615451581385,-0.5668615451581385,True,0.8,10.6,1.0,-5.300083450363388,0.6553451497996194,0.14465485020038063,0.5,10
2026-01-18,B17NESVC1NE,NE Storm 17 Tsunami,NESVC,17,1,B17BVJVB1NE,Blast 17 Ignite,B17,True,11.0,1.0,5.657609235304984,2.42210539887769,3.235503836427294,0.5512249074765594,0.4487750925234406,True,0.8,8.8,0.8,-1.2911401825932702,0.602690951414559,0.19730904858544102,0.6666666666666666,11
2026-01-19,B17NESVC1NE,NE Storm 17 Tsunami,NESVC,17,1,B17TTVBC2NE,SLAM 17 2 Boys,B17,True,12.0,2.0,5.657609235304984,-3.9278272583952063,9.58543649370019,0.647751138604529,0.35224886139547096,False,0.8,8.2,0.8,0.6801791429909236,0.5772827875666122,0.22271721243338788,0.6666666666666666,12
2026-01-19,B17NESVC1NE,NE Storm 17 Tsunami,NESVC,17,1,B17SYRVB1XL,SVC 17 1 Boys,B17,False,-21.0,-2.0,5.657609235304984,19.054499331905404,-13.39689009660042,0.2991408997571097,-0.2991408997571097,False,0.6,1.0,0.0,5.175861435982379,0.5090289672880476,0.09097103271195245,0.6666666666666666,13
2026-02-06,B17NESVC1NE,NE Storm 17 Tsunami,NESVC,17,1,B17SPTMC4GE,Sportime 17 4,B17,True,16.0,2.0,5.657609235304984,-13.979234867704784,19.636844103009768,0.7769448762458248,0.22305512375417524,False,0.6,2.8,0.2,0.9986911296322287,0.5683846734484324,0.03161532655156772,0.5,14
2026-02-06,B17NESVC1NE,NE Storm 17 Tsunami,NESVC,17,1,B17CAPIT2XL,CSVC 17 SKYLIGHT,B17,True,15.0,2.0,5.657609235304984,-11.076086956521994,16.73369619182698,0.7433495080697357,0.25665049193026435,False,0.8,6.6,1.0,-1.5013088703677782,0.6036822660307518,0.1963177339692483,1.0,15
2026-02-06,B17NESVC1NE,NE Storm 17 Tsunami,NESVC,17,1,B17RRJVB2NE,Boston United Boys 17 Northeast,B17,True,9.0,2.0,5.657609235304984,-5.5618029944589,11.219412229763885,0.6710659695876785,0.3289340304123215,False,0.8,6.2,1.2,-3.0980905490350965,0.6276504784529755,0.1723495215470245,,16
2026-02-06,B17NESVC1NE,NE Storm 17 Tsunami,NESVC,17,1,B17SPTMC3GE,Sportime 17 3,B17,True,14.0,1.0,5.657609235304984,1.8961447841210222,3.7614644511839623,0.5594786919353024,0.4405213080646976,True,0.8,6.6,1.0,-1.9332961405318503,0.6099959891191302,0.1900040108808698,1.0,17
2026-02-07,B17NESVC1NE,NE Storm 17 Tsunami,NESVC,17,1,B17ROYAL1NO,Infinity Royals 17N,B17,True,11.0,2.0,5.657609235304984,-0.5833724901928343,6.240981725497819,0.5978761775628728,0.4021238224371272,False,1.0,13.0,1.8,-5.860870504951498,0.6697430446802828,0.33025695531971716,1.0,18
2026-02-07,B17NESVC1NE,NE Storm 17 Tsunami,NESVC,17,1,B17LIFRY1GE,LI Fury 17 1,B17,False,-17.0,-2.0,5.657609235304984,4.151513773943261,1.5060954613617232,0.523910396864665,-0.523910396864665,True,0.8,6.4,1.0,-2.234720776621889,0.6191361488040509,0.1808638511959491,0.5,19
2026-02-08,B17NESVC1NE,NE Storm 17 Tsunami,NESVC,17,1,B17RIVAL1GE,Rival 17’s,B17,True,14.0,2.0,5.657609235304984,-8.083672179554975,13.741281414859959,0.705427478738319,0.294572521261681,False,0.8,6.2,1.0,-1.636237821228485,0.6115517429377676,0.18844825706223248,0.5,20
2026-02-08,B17NESVC1NE,NE Storm 17 Tsunami,NESVC,17,1,B17SPTMC3GE,Sportime 17 3,B17,False,-10.0,-1.0,5.657609235304984,1.8961447841210222,3.7614644511839623,0.5594786919353024,-0.5594786919353024,True,0.6,2.4,0.4,-0.1446482655125004,0.5892342874072923,0.010765712592707666,0.3333333333333333,21
2026-03-14,B17NESVC1NE,NE Storm 17 Tsunami,NESVC,17,1,B17TTVBC2NE,SLAM 17 2 Boys,B17,True,15.0,2.0,5.657609235304984,-3.9278272583952063,9.58543649370019,0.647751138604529,0.35224886139547096,False,0.6,2.6,0.6,-1.309442674015746,0.6068887767411377,-0.006888776741137648,0.0,22
2026-03-14,B17NESVC1NE,NE Storm 17 Tsunami,NESVC,17,1,B17BVJVB1NE,Blast 17 Ignite,B17,False,-4.0,-1.0,5.657609235304984,2.42210539887769,3.235503836427294,0.5512249074765594,-0.5512249074765594,True,0.4,-0.4,0.0,-0.7083470962016412,0.5975585227238749,-0.19755852272387497,0.0,23
2026-03-14,B17NESVC1NE,NE Storm 17 Tsunami,NESVC,17,1,B17CAPIT1XL,CSVC 17 BIG SLIDE,B17,False,-12.0,-2.0,5.657609235304984,13.536074295314258,-7.878465060009273,0.3773789761661601,-0.3773789761661601,False,0.4,0.6,0.0,1.1685650080725583,0.568252238584174,-0.16825223858417399,0.0,24
2026-03-15,B17NESVC1NE,NE Storm 17 Tsunami,NESVC,17,1,B17HKJVB1NE,Husky 17.1,B17,False,-11.0,-1.0,5.657609235304984,16.040982892489453,-10.383373657184467,0.3407668503023781,-0.3407668503023781,False,0.2,-4.4,-0.6,5.993496022481444,0.4953201128969858,-0.2953201128969858,0.0,25
2026-03-15,B17NESVC1NE,NE Storm 17 Tsunami,NESVC,17,1,B17BVJVB1NE,Blast 17 Ignite,B17,True,5.0,2.0,5.657609235304984,2.42210539887769,3.235503836427294,0.5512249074765594,0.4487750925234406,True,0.4,-1.4,0.0,6.098688145432777,0.49366935600523726,-0.09366935600523721,0.5,26
2025-11-22,B17NESVC2NE,NE Storm 17 Landslide,NESVC,17,2,B17CAMYV1NE,CYVB 17 1,B17,False,-6.0,-2.0,-5.3693656322920225,-3.423912133051875,-1.9454534992401475,0.4691302014536674,-0.4691302014536674,True,0.0,-6.0,-2.0,-3.423912133051875,0.4691302014536674,-0.4691302014536674,0.0,1
2025-11-22,B17NESVC2NE,NE Storm 17 Landslide,NESVC,17,2,B17LHVBC1NE,LHV Boys 17-1 Ubuntu,B17,False,-12.0,-2.0,-5.3693656322920225,4.793922273324947,-10.163287905616968,0.3439158686237955,-0.3439158686237955,False,0.0,-9.0,-2.0,0.685005070136536,0.40652303503873144,-0.40652303503873144,0.0,2
2025-11-22,B17NESVC2NE,NE Storm 17 Landslide,NESVC,17,2,B17RRJVB2NE,Boston United Boys 17 Northeast,B17,False,-7.0,-1.0,-5.3693656322920225,-5.5618029944589,0.1924373621668778,0.5030573816026078,-0.5030573816026078,True,0.0,-8.333333333333334,-1.6666666666666667,-1.3972642847286094,0.43870115056002357,-0.43870115056002357,0.0,3
2025-11-23,B17NESVC2NE,NE Storm 17 Landslide,NESVC,17,2,B17MVPVA2NE,MVP BOS 17 Blue,B17,True,-0.0,1.0,-5.3693656322920225,-9.147307757863627,3.777942125571605,0.5597367663527493,0.44026323364725073,True,0.25,-6.25,-1.0,-3.334775153012364,0.468960054508205,-0.218960054508205,0.3333333333333333,4
2025-11-23,B17NESVC2NE,NE Storm 17 Landslide,NESVC,17,2,B17RRJVB2NE,Boston United Boys 17 Northeast,B17,True,4.0,2.0,-5.3693656322920225,-5.5618029944589,0.1924373621668778,0.5030573816026078,0.4969426183973922,True,0.4,-4.2,-0.4,-3.780180721301671,0.47577951992708556,-0.07577951992708556,0.5,5
2026-01-17,B17NESVC2NE,NE Storm 17 Landslide,NESVC,17,2,B17SYRVB1XL,SVC 17 1 Boys,B17,False,-28.0,-2.0,-5.3693656322920225,19.054499331905404,-24.423864964197428,0.17477268096190318,-0.17477268096190318,False,0.4,-8.6,-0.4,0.715501571689785,0.4169080158287327,-0.016908015828732713,0.6666666666666666,6
2026-01-17,B17NESVC2NE,NE Storm 17 Landslide,NESVC,17,2,B17TTVBC1NE,SLAM 17 1 Boys,B17,False,-5.0,-2.0,-5.3693656322920225,6.90661666404597,-12.275982296337993,0.31428608834057187,-0.31428608834057187,False,0.4,-7.2,-0.4,1.1380404498339896,0.410982059772088,-0.010982059772087993,0.6666666666666666,7
2026-01-17,B17NESVC2NE,NE Storm 17 Landslide,NESVC,17,2,B17RRJVB2NE,Boston United Boys 17 Northeast,B17,False,-16.0,-1.0,-5.3693656322920225,-5.5618029944589,0.1924373621668778,0.5030573816026078,-0.5030573816026078,True,0.4,-9.0,-0.4,1.1380404498339893,0.410982059772088,-0.010982059772087993,0.6666666666666666,8
2026-01-18,B17NESVC2NE,NE Storm 17 Landslide,NESVC,17,2,B17PVJVB3NE,PV Boys 17 3,B17,True,14.0,2.0,-5.3693656322920225,-13.784423886316176,8.415058254024153,0.6305994670808612,0.36940053291913877,False,0.4,-6.2,-0.2,0.21061722414347983,0.4251545999177104,-0.025154599917710387,0.5,9
2026-01-18,B17NESVC2NE,NE Storm 17 Landslide,NESVC,17,2,B17PVJVB2NE,PV Boys 17 2,B17,True,10.0,2.0,-5.3693656322920225,-9.324725275514181,3.9553596432221587,0.5625134179818225,0.4374865820181775,True,0.4,-5.0,-0.2,-0.5419672320675764,0.43704580719355335,-0.037045807193553326,0.5,10
2026-01-18,B17NESVC2NE,NE Storm 17 Landslide,NESVC,17,2,B17NESVC3NE,NE Storm 17 Wildfire,B17,True,-3.0,1.0,-5.3693656322920225,-12.143759467665873,6.774393835373851,0.6059984875964101,0.39400151240358994,False,0.6,0.0,0.4,-6.781618991981833,0.5232909685204546,0.0767090314795453,0.5,11
2026-01-19,B17NESVC2NE,NE Storm 17 Landslide,NESVC,17,2,B17RRJVB2NE,Boston United Boys 17 Northeast,B17,True,6.0,2.0,-5.3693656322920225,-5.5618029944589,0.1924373621668778,0.5030573816026078,0.4969426183973922,True,0.8,2.2,1.2,-9.275302923682805,0.5610452271728619,0.23895477282713812,0.6666666666666666,12
2026-01-19,B17NESVC2NE,NE Storm 17 Landslide,NESVC,17,2,B17NESVC3NE,NE Storm 17 Wildfire,B17,True,12.0,2.0,-5.3693656322920225,-12.143759467665873,6.774393835373851,0.6059984875964101,0.39400151240358994,False,1.0,7.8,1.8,-10.591694218324202,0.5816334483716223,0.4183665516283776,1.0,13
2026-01-31,B17NESVC2NE,NE Storm 17 Landslide,NESVC,17,2,B17HKJVB3NE,Husky 17.3,B17,True,11.0,2.0,-5.3693656322920225,-7.964952398730692,2.59558676643867,0.5411450910852439,0.4588549089147561,True,1.0,7.2,1.8,-9.427799920807104,0.5637425731724989,0.4362574268275011,1.0,14
2026-01-31,B17NESVC2NE,NE Storm 17 Landslide,NESVC,17,2,B17PVJVB2NE,PV Boys 17 2,B17,True,4.0,2.0,-5.3693656322920225,-9.324725275514181,3.9553596432221587,0.5625134179818225,0.4374865820181775,True,1.0,6.0,1.8,-9.427799920807104,0.5637425731724989,0.4362574268275011,1.0,15
2026-01-31,B17NESVC2NE,NE Storm 17 Landslide,NESVC,17,2,B17NYCVA1GE,NYC VBA 17 Downtown,B17,True,-6.0,1.0,-5.3693656322920225,-0.9722110322083073,-4.397154600083715,0.4305896814749898,0.5694103185250101,True,1.0,5.4,1.8,-7.193490233715591,0.5286608119482149,0.4713391880517851,1.0,16
2026-02-01,B17NESVC2NE,NE Storm 17 Landslide,NESVC,17,2,B17HKJVB2NE,Husky 17.2,B17,False,-22.0,-2.0,-5.3693656322920225,-1.2154657457532938,-4.153899886538729,0.43438399727590077,-0.43438399727590077,True,0.8,-0.2,1.0,-6.32422278397447,0.5149261350828734,0.28507386491712655,0.75,17
2026-02-01,B17NESVC2NE,NE Storm 17 Landslide,NESVC,17,2,B17HKJVB3NE,Husky 17.3,B17,False,-8.0,-2.0,-5.3693656322920225,-7.964952398730692,2.59558676643867,0.5411450910852439,-0.5411450910852439,True,0.6,-4.2,0.2,-5.488461370187434,0.5019554557806402,0.09804454421935982,0.6,18
2026-03-14,B17NESVC2NE,NE Storm 17 Landslide,NESVC,17,2,B17TTVBC1NE,SLAM 17 1 Boys,B17,False,-8.0,-2.0,-5.3693656322920225,6.90661666404597,-12.275982296337993,0.31428608834057187,-0.31428608834057187,False,0.4,-8.0,-0.6,-2.5141475576321013,0.4565836552317058,-0.056583655231705776,0.5,19
2026-03-14,B17NESVC2NE,NE Storm 17 Landslide,NESVC,17,2,B17HKJVB1NE,Husky 17.1,B17,False,-19.0,-2.0,-5.3693656322920225,16.040982892489453,-21.410348524781476,0.20413316988847294,-0.20413316988847294,False,0.2,-12.6,-1.4,2.558994075968626,0.38490760561303583,-0.18490760561303587,0.3333333333333333,20
2026-03-14,B17NESVC2NE,NE Storm 17 Landslide,NESVC,17,2,B17NEVBC2NE,NEVBC Boys 17.2,B17,True,-5.0,1.0,-5.3693656322920225,4.854720631336346,-10.224086263628369,0.3430445702971929,0.6569554297028071,False,0.2,-12.4,-1.4,3.7243804086775563,0.3673985833774765,-0.16739858337747648,0.0,21
2026-03-15,B17NESVC2NE,NE Storm 17 Landslide,NESVC,17,2,B17TTVBC2NE,SLAM 17 2 Boys,B17,True,8.0,1.0,-5.3693656322920225,-3.9278272583952063,-1.4415383738968162,0.4771130311384262,0.5228869688615738,True,0.4,-6.4,-0.8,3.1819081061491743,0.37594439014998154,0.024055609850018433,0.5,22
2026-03-15,B17NESVC2NE,NE Storm 17 Landslide,NESVC,17,2,B17NEVBC2NE,NEVBC Boys 17.2,B17,False,-5.0,-1.0,-5.3693656322920225,4.854720631336346,-10.224086263628369,0.3430445702971929,-0.3430445702971929,False,0.4,-5.8,-0.6,5.745842712162582,0.33632428599237135,0.06367571400762864,1.0,23
2025-11-22,B17NESVC3NE,NE Storm 17 Wildfire,NESVC,17,3,B17MVNER2NE,Meraki VB 17 2,B17,False,-8.0,-1.0,-12.143759467665873,-22.87107829300199,10.727318825336116,0.6641262605617893,-0.6641262605617893,False,0.0,-8.0,-1.0,-22.87107829300199,0.6641262605617893,-0.6641262605617893,,1
2025-11-22,B17NESVC3NE,NE Storm 17 Wildfire,NESVC,17,3,B17MVPVA2NE,MVP BOS 17 Blue,B17,True,6.0,1.0,-12.143759467665873,-9.147307757863627,-2.996451709802246,0.452536112095914,0.5474638879040861,True,0.5,-1.0,0.0,-16.009193025432808,0.5583311863288516,-0.05833118632885159,1.0,2
2025-11-22,B17NESVC3NE,NE Storm 17 Wildfire,NESVC,17,3,B17RRJVB3NE,Boston United Boys 17 Select 1,B17,False,-9.0,-1.0,-12.143759467665873,-17.6226109399729,5.478851472307028,0.5861783740786313,-0.5861783740786313,False,0.3333333333333333,-3.6666666666666665,-0.3333333333333333,-16.546998996946172,0.5676135822454448,-0.2342802489121115,1.0,3
2025-11-23,B17NESVC3NE,NE Storm 17 Wildfire,NESVC,17,3,B17RRJVB2NE,Boston United Boys 17 Northeast,B17,False,-4.0,-2.0,-12.143759467665873,-5.5618029944589,-6.581956473206973,0.3969252770777658,-0.3969252770777658,False,0.25,-3.75,-0.75,-13.800699996324354,0.5249415059535251,-0.27494150595352507,1.0,4
2025-11-23,B17NESVC3NE,NE Storm 17 Wildfire,NESVC,17,3,B17MVPVA2NE,MVP BOS 17 Blue,B17,True,4.0,2.0,-12.143759467665873,-9.147307757863627,-2.996451709802246,0.452536112095914,0.5474638879040861,True,0.4,-2.2,-0.2,-12.87002154863221,0.5104604271820029,-0.11046042718200284,1.0,5
2026-01-17,B17NESVC3NE,NE Storm 17 Wildfire,NESVC,17,3,B17PVJVB1NE,PV Boys 17 1,B17,False,-23.0,-2.0,-12.143759467665873,1.4239130434780398,-13.567672511143913,0.2968703797927148,-0.2968703797927148,False,0.4,-5.2,-0.4,-8.011023281336204,0.43700925102818794,-0.03700925102818795,1.0,6
2026-01-17,B17NESVC3NE,NE Storm 17 Wildfire,NESVC,17,3,B17MVNER1NE,Meraki VB 17 1,B17,False,-12.0,-1.0,-12.143759467665873,-1.6503657534424887,-10.493393714223384,0.3391979011049102,-0.3391979011049102,False,0.2,-8.8,-0.8,-6.511634880451976,0.4143416088299873,-0.2143416088299872,1.0,7
2026-01-17,B17NESVC3NE,NE Storm 17 Wildfire,NESVC,17,3,B17TTVBC2NE,SLAM 17 2 Boys,B17,False,-17.0,-2.0,-12.143759467665873,-3.9278272583952063,-8.215932209270667,0.37235321977135727,-0.37235321977135727,False,0.2,-10.4,-1.0,-3.7726781441364365,0.3715765779685324,-0.1715765779685324,1.0,8
2026-01-18,B17NESVC3NE,NE Storm 17 Wildfire,NESVC,17,3,B17PVJVB2NE,PV Boys 17 2,B17,True,5.0,1.0,-12.143759467665873,-9.324725275514181,-2.819034192151692,0.4553309636838978,0.5446690363161022,True,0.4,-8.6,-0.4,-4.525262600347492,0.3832577152897588,0.016742284710241195,1.0,9
2026-01-18,B17NESVC3NE,NE Storm 17 Wildfire,NESVC,17,3,B17PVJVB3NE,PV Boys 17 3,B17,True,6.0,2.0,-12.143759467665873,-13.784423886316176,1.640664418650303,0.5260430725398516,0.4739569274601484,True,0.4,-8.2,-0.4,-5.452685826038002,0.39795910737854634,0.0020408926214536605,1.0,10
2026-01-18,B17NESVC3NE,NE Storm 17 Wildfire,NESVC,17,3,B17NESVC2NE,NE Storm 17 Landslide,B17,False,3.0,-1.0,-12.143759467665873,-5.3693656322920225,-6.774393835373851,0.39400151240358994,-0.39400151240358994,False,0.4,-3.0,-0.2,-6.811341561192014,0.41738533390072136,-0.01738533390072137,1.0,11
2026-01-19,B17NESVC3NE,NE Storm 17 Wildfire,NESVC,17,3,B17MVNER1NE,Meraki VB 17 1,B17,True,11.0,1.0,-12.143759467665873,-1.6503657534424887,-10.493393714223384,0.3391979011049102,0.6608020988950898,False,0.6,1.6,0.2,-6.811341561192014,0.41738533390072136,0.18261466609927862,1.0,12
2026-01-19,B17NESVC3NE,NE Storm 17 Wildfire,NESVC,17,3,B17NESVC2NE,NE Storm 17 Landslide,B17,False,-12.0,-2.0,-12.143759467665873,-5.3693656322920225,-6.774393835373851,0.39400151240358994,-0.39400151240358994,False,0.6,2.6,0.2,-7.099649235971379,0.42171499242716787,0.1782850075728321,1.0,13
2026-03-14,B17NESVC3NE,NE Storm 17 Wildfire,NESVC,17,3,B17RRJVB2NE,Boston United Boys 17 Northeast,B17,False,-12.0,-2.0,-12.143759467665873,-5.5618029944589,-6.581956473206973,0.3969252770777658,-0.3969252770777658,False,0.4,-0.8,-0.4,-6.347064779760322,0.4100338551059416,-0.010033855105941503,1.0,14
2026-03-14,B17NESVC3NE,NE Storm 17 Wildfire,NESVC,17,3,B17PVJVB3NE,PV Boys 17 3,B17,False,-11.0,-2.0,-12.143759467665873,-13.784423886316176,1.640664418650303,0.5260430725398516,-0.5260430725398516,True,0.2,-4.2,-1.2,-6.347064779760322,0.4100338551059415,-0.21003385510594147,0.0,15
2026-03-14,B17NESVC3NE,NE Storm 17 Wildfire,NESVC,17,3,B17HKJVB4NE,Husky 17.4,B17,True,16.0,2.0,-12.143759467665873,-13.278249403447527,1.1344899357816534,0.5180168242139729,0.4819831757860271,True,0.4,-1.6,-0.6,-7.928841533991422,0.43483691746801806,-0.03483691746801809,0.5,16
2026-03-15,B17NESVC3NE,NE Storm 17 Wildfire,NESVC,17,3,B17PVJVB2NE,PV Boys 17 2,B17,False,-5.0,-1.0,-12.143759467665873,-9.324725275514181,-2.819034192151692,0.4553309636838978,-0.4553309636838978,True,0.2,-4.8,-1.0,-9.463713438405762,0.4580635299838156,-0.2580635299838156,0.3333333333333333,17
2026-03-15,B17NESVC3NE,NE Storm 17 Wildfire,NESVC,17,3,B17CAPIT2XL,CSVC 17 SKYLIGHT,B17,True,-7.0,1.0,-12.143759467665873,-11.076086956521994,-1.0676725111438792,0.48304346344871774,0.5169565365512823,True,0.4,-3.8,-0.4,-10.605057703251756,0.4758719201928412,-0.07587192019284117,0.5,18
2025-12-20,B17NEVBC1NE,NEVBC Boys 17.1,NEVBC,17,1,B18SJJVB2NE,SMASH Boys 18's Force,MIXED,False,2.0,-1.0,10.612049654657195,6.0740619749855815,4.537987679671613,0.5451338410926724,-0.5451338410926724,True,0.0,2.0,-1.0,6.0740619749855815,0.5451338410926724,-0.5451338410926724,0.0,1
2025-12-20,B17NEVBC1NE,NEVBC Boys 17.1,NEVBC,17,1,B18CAPIT1XL,CSVC 18 HAYSTACK,MIXED,True,12.0,2.0,10.612049654657195,2.5340209072239004,8.078028747433294,0.5798716303011923,0.42012836969880774,True,0.5,7.0,0.5,4.304041441104741,0.5625027356969323,-0.06250273569693232,0.5,2
2025-12-20,B17NEVBC1NE,NEVBC Boys 17.1,NEVBC,17,1,B18LEGIO1XL,TeamLVC Boys 18 Black,MIXED,True,5.0,2.0,10.612049654657195,4.22806608176198,6.383983572895215,0.5633251372260872,0.43667486277391276,True,0.6666666666666666,6.333333333333333,1.0,4.278716321323821,0.562776869539984,0.10388979712668271,0.6666666666666666,3
2025-12-21,B17NEVBC1NE,NEVBC Boys 17.1,NEVBC,17,1,B17SJJVB2NE,SMASH Boys 17 Chaos,B17,False,-8.0,-2.0,10.612049654657195,7.201372036587237,3.4106776180699576,0.5539772359707843,-0.5539772359707843,True,0.5,2.75,0.25,5.0093802501396745,0.5605769611476841,-0.060576961147684044,0.5,4
2025-12-21,B17NEVBC1NE,NEVBC Boys 17.1,NEVBC,17,1,B17CAPIT1XL,CSVC 17 BIG SLIDE,B17,False,-10.0,-2.0,10.612049654657195,13.536074295314258,-2.9240246406570627,0.4536767017035352,-0.4536767017035352,True,0.4,0.2,-0.2,6.714719059174591,0.5391969092588542,-0.13919690925885425,0.4,5
2026-01-31,B17NEVBC1NE,NEVBC Boys 17.1,NEVBC,17,1,B17SJJVB2NE,SMASH Boys 17 Chaos,B17,False,-15.0,-2.0,10.612049654657195,7.201372036587237,3.4106776180699576,0.5539772359707843,-0.5539772359707843,True,0.4,-3.2,-0.4,6.940181071494922,0.5409655882344767,-0.14096558823447666,0.4,6
2026-01-31,B17NEVBC1NE,NEVBC Boys 17.1,NEVBC,17,1,B17TTVBC2NE,SLAM 17 2 Boys,B17,True,14.0,2.0,10.612049654657195,-3.9278272583952063,14.539876913052401,0.7158626704279701,0.28413732957202986,False,0.4,-2.8,-0.4,5.647811438371102,0.5681637962598323,-0.16816379625983224,0.25,7
2026-01-31,B17NEVBC1NE,NEVBC Boys 17.1,NEVBC,17,1,B17PVJVB1NE,PV Boys 17 1,B17,True,7.0,1.0,10.612049654657195,1.4239130434780398,9.188136611179155,0.6419688213866868,0.35803117861331324,False,0.4,-2.4,-0.6,5.086980830714314,0.5838925330919522,-0.18389253309195214,0.0,8
2026-02-01,B17NEVBC1NE,NEVBC Boys 17.1,NEVBC,17,1,B17HKJVB1NE,Husky 17.1,B17,True,5.0,2.0,10.612049654657195,16.040982892489453,-5.428933237832258,0.4145913697792118,0.5854086302207882,False,0.6,0.2,0.2,6.8549030018947565,0.5560153598536377,0.043984640146362344,0.0,9
2026-02-01,B17NEVBC1NE,NEVBC Boys 17.1,NEVBC,17,1,B17SJJVB1NE,SMASH Boys 17-1,B17,False,-27.0,-2.0,10.612049654657195,24.240906272986322,-13.628856618329127,0.2960593755757955,-0.2960593755757955,False,0.6,-3.2,0.2,8.99586939742917,0.5244918946280898,0.0755081053719103,0.0,10
2026-01-31,B17NEVBC2NE,NEVBC Boys 17.2,NEVBC,17,2,B17PVJVB3NE,PV Boys 17 3,B17,True,13.0,2.0,4.854720631336346,-13.784423886316176,18.63914451765252,0.7657640561829656,0.2342359438170344,False,1.0,13.0,2.0,-13.784423886316176,0.7657640561829656,0.2342359438170344,,1
2026-01-31,B17NEVBC2NE,NEVBC Boys 17.2,NEVBC,17,2,B17LHVBC2NE,LHV Boys 17-2 Boom,B17,True,30.0,2.0,4.854720631336346,-18.684867505579003,23.53958813691535,0.8169734874334035,0.18302651256659652,False,1.0,21.5,2.0,-16.23464569594759,0.7913687718081845,0.20863122819181545,,2
2026-01-31,B17NEVBC2NE,NEVBC Boys 17.2,NEVBC,17,2,B17NYCVA1GE,NYC VBA 17 Downtown,B17,False,-4.0,-1.0,4.854720631336346,-0.9722110322083073,5.826931663544654,0.5915339124420267,-0.5915339124420267,False,0.6666666666666666,13.0,1.0,-11.147167474701163,0.7247571520194652,-0.05809048535279859,,3
2026-02-01,B17NEVBC2NE,NEVBC Boys 17.2,NEVBC,17,2,B17HKJVB2NE,Husky 17.2,B17,True,10.0,2.0,4.854720631336346,-1.2154657457532938,6.07018637708964,0.5952638351091474,0.4047361648908526,False,0.75,12.25,1.25,-8.664242042464195,0.6923838227918858,0.05761617720811421,,4
2026-02-01,B17NEVBC2NE,NEVBC Boys 17.2,NEVBC,17,2,B17HKJVB3NE,Husky 17.3,B17,False,6.0,-1.0,4.854720631336346,-7.964952398730692,12.819673030067039,0.693112091379478,-0.693112091379478,False,0.6,11.0,0.8,-8.524384113717494,0.6925294765094042,-0.09252947650940424,,5
2026-03-14,B17NEVBC2NE,NEVBC Boys 17.2,NEVBC,17,2,B17HKJVB1NE,Husky 17.1,B17,False,-1.0,-1.0,4.854720631336346,16.040982892489453,-11.186262261153107,0.32939922985270476,-0.32939922985270476,False,0.4,8.2,0.2,-2.559302757956369,0.6052565112433521,-0.20525651124335206,,6
2026-03-14,B17NEVBC2NE,NEVBC Boys 17.2,NEVBC,17,2,B17TTVBC1NE,SLAM 17 1 Boys,B17,False,-3.0,-1.0,4.854720631336346,6.90661666404597,-2.0518960327096236,0.4674458607844182,-0.4674458607844182,True,0.2,1.6,-0.4,2.558994075968626,0.535350985913555,-0.335350985913555,0.0,7
2026-03-14,B17NEVBC2NE,NEVBC Boys 17.2,NEVBC,17,2,B17NESVC2NE,NE Storm 17 Landslide,B17,False,5.0,-1.0,4.854720631336346,-5.3693656322920225,10.224086263628369,0.6569554297028071,-0.6569554297028071,False,0.2,3.4,-0.4,1.6795631559518824,0.5484352893657112,-0.34843528936571105,0.0,8
2026-03-15,B17NEVBC2NE,NEVBC Boys 17.2,NEVBC,17,2,B17MVNER1NE,Meraki VB 17 1,B17,True,18.0,2.0,4.854720631336346,-1.6503657534424887,6.505086384778835,0.6019047365682404,0.3980952634317596,False,0.2,5.0,-0.4,1.5925831544140436,0.5497634696575296,-0.3497634696575297,0.0,9
2026-03-15,B17NEVBC2NE,NEVBC Boys 17.2,NEVBC,17,2,B17NESVC2NE,NE Storm 17 Landslide,B17,True,5.0,1.0,4.854720631336346,-5.3693656322920225,10.224086263628369,0.6569554297028071,0.34304457029719293,False,0.4,4.8,0.0,2.111700507701778,0.5425321373221955,-0.14253213732219552,0.0,10
2026-02-06,B17NYCIV1GE,NYC Impact 17U National,NYCIV,17,1,B17SJVBC1NE,South County Juniors Boys 17 1,B17,True,14.0,2.0,13.464773086375576,6.47483411747475,6.989938968900826,0.6092643387965417,0.39073566120345826,False,1.0,14.0,2.0,6.47483411747475,0.6092643387965417,0.39073566120345826,,1
2026-02-06,B17NYCIV1GE,NYC Impact 17U National,NYCIV,17,1,B17DIGSV1GE,Digs Boys 17 Red,B17,True,18.0,2.0,13.464773086375576,-2.569385161113874,16.03415824748945,0.734776686014217,0.265223313985783,False,1.0,16.0,2.0,1.9527244781804383,0.6720205124053793,0.32797948759462064,,2
2026-02-06,B17NYCIV1GE,NYC Impact 17U National,NYCIV,17,1,B17LCVBC1GE,Legacy Boys 17 National,B17,True,3.0,1.0,13.464773086375576,8.275165056722106,5.189608029653471,0.5817124799329141,0.4182875200670859,True,1.0,11.666666666666666,1.6666666666666667,4.060204671027661,0.6419178349145577,0.3580821650854424,1.0,3
2026-02-07,B17NYCIV1GE,NYC Impact 17U National,NYCIV,17,1,B17RAPTO1GE,NYC Raptors 17 Black,B17,True,18.0,2.0,13.464773086375576,-7.710301495314071,21.175074581689646,0.7934269367754127,0.20657306322458735,False,1.0,13.25,1.75,1.1175781294422278,0.6797951103797714,0.32020488962022864,1.0,4
2026-02-07,B17NYCIV1GE,NYC Impact 17U National,NYCIV,17,1,B17SPTMC5GE,Sportime 17 Lynbrook,B17,True,8.0,2.0,13.464773086375576,1.7391244132409445,11.725648673134632,0.6781280429771805,0.32187195702281945,False,1.0,12.2,1.8,1.2418873862019713,0.6794616968992532,0.3205383031007468,1.0,5
2026-02-07,B17NYCIV1GE,NYC Impact 17U National,NYCIV,17,1,B17SJVBC1NE,South County Juniors Boys 17 1,B17,True,10.0,1.0,13.464773086375576,6.47483411747475,6.989938968900826,0.6092643387965417,0.39073566120345826,False,1.0,11.4,1.6,1.241887386201971,0.6794616968992532,0.3205383031007468,1.0,6
2026-02-08,B17NYCIV1GE,NYC Impact 17U National,NYCIV,17,1,B17ALLIN1FL,AVA 17 Boys,B17,False,-4.0,-2.0,13.464773086375576,14.569140556144442,-1.1043674697688655,0.48246115253439814,-0.48246115253439814,True,0.8,7.0,0.8,4.6695925296536345,0.6289985902032894,0.17100140979671058,0.5,7
2026-01-31,B17NYCVA1GE,NYC VBA 17 Downtown,NYCVA,17,1,B17NEVBC2NE,NEVBC Boys 17.2,B17,True,4.0,1.0,-0.9722110322083073,4.854720631336346,-5.826931663544654,0.40846608755797326,0.5915339124420267,False,1.0,4.0,1.0,4.854720631336346,0.40846608755797326,0.5915339124420267,,1
2026-01-31,B17NYCVA1GE,NYC VBA 17 Downtown,NYCVA,17,1,B17HKJVB3NE,Husky 17.3,B17,True,12.0,2.0,-0.9722110322083073,-7.964952398730692,6.9927413665223845,0.6093067358592105,0.39069326414078953,False,1.0,8.0,1.5,-1.555115883697173,0.5088864117085918,0.4911135882914081,,2
2026-01-31,B17NYCVA1GE,NYC VBA 17 Downtown,NYCVA,17,1,B17NESVC2NE,NE Storm 17 Landslide,B17,False,6.0,-1.0,-0.9722110322083073,-5.3693656322920225,4.397154600083715,0.5694103185250102,-0.5694103185250102,True,0.6666666666666666,7.333333333333333,0.6666666666666666,-2.826532466562123,0.5290610473140647,0.137605619352602,0.0,3
2026-01-31,B17NYCVA1GE,NYC VBA 17 Downtown,NYCVA,17,1,B17RRJVB3NE,Boston United Boys 17 Select 1,B17,True,14.0,2.0,-0.9722110322083073,-17.6226109399729,16.650399907764594,0.7423382890135138,0.25766171098648616,False,0.75,9.0,1.0,-6.525552084914818,0.5823803577389269,0.16761964226107304,0.0,4
2026-02-01,B17NYCVA1GE,NYC VBA 17 Downtown,NYCVA,17,1,B17HKJVB4NE,Husky 17.4,B17,True,18.0,2.0,-0.9722110322083073,-13.278249403447527,12.30603837123922,0.686125413588931,0.313874586411069,False,0.8,10.8,1.2,-7.876091548621359,0.6031293689089278,0.19687063109107222,0.0,5
2026-02-01,B17NYCVA1GE,NYC VBA 17 Downtown,NYCVA,17,1,B17PVJVB2NE,PV Boys 17 2,B17,True,11.0,2.0,-0.9722110322083073,-9.324725275514181,8.352514243305874,0.6296730907905971,0.3703269092094029,False,0.8,12.2,1.4,-10.711980729991465,0.6473707695554525,0.1526292304445475,0.0,6
2026-02-01,B17NYCVA1GE,NYC VBA 17 Downtown,NYCVA,17,1,B17HKJVB3NE,Husky 17.3,B17,True,7.0,2.0,-0.9722110322083073,-7.964952398730692,6.9927413665223845,0.6093067358592105,0.39069326414078953,False,0.8,11.2,1.4,-10.711980729991465,0.6473707695554525,0.1526292304445475,0.0,7
2026-02-06,B17NYCVA1GE,NYC VBA 17 Downtown,NYCVA,17,1,B17RAPTO1GE,NYC Raptors 17 Black,B17,True,2.0,1.0,-0.9722110322083073,-7.710301495314071,6.738090463105763,0.6054474920565198,0.3945525079434802,False,1.0,10.4,1.8,-11.180167902595874,0.6545782042617544,0.3454217957382456,,8
2026-02-06,B17NYCVA1GE,NYC VBA 17 Downtown,NYCVA,17,1,B17RRJVB1NE,Boston United Boys 17 National 1,B17,False,-9.0,-2.0,-0.9722110322083073,0.2608695652172601,-1.2330805974255674,0.4804189957501297,-0.4804189957501297,True,0.8,5.8,1.0,-7.603471801557842,0.6021943456090776,0.1978056543909224,0.0,9
2026-02-06,B17NYCVA1GE,NYC VBA 17 Downtown,NYCVA,17,1,B17CORE11GE,CORE Boys 17 Platinum,B17,False,-12.0,-2.0,-0.9722110322083073,13.02206980461216,-13.994280836820467,0.2912424895392707,-0.2912424895392707,False,0.6,-0.2,0.2,-2.3434079599459054,0.5232177607991456,0.07678223920085445,0.0,10
2026-02-07,B17NYCVA1GE,NYC VBA 17 Downtown,NYCVA,17,1,B17CAPIT1XL,CSVC 17 BIG SLIDE,B17,False,-22.0,-2.0,-0.9722110322083073,13.536074295314258,-14.508285327522565,0.28454587767898737,-0.28454587767898737,False,0.4,-6.8,-0.6,2.2287519542197827,0.45419231817682365,-0.05419231817682361,0.0,11
2026-02-07,B17NYCVA1GE,NYC VBA 17 Downtown,NYCVA,17,1,B17SJVBC1NE,South County Juniors Boys 17 1,B17,False,-13.0,-2.0,-0.9722110322083073,6.47483411747475,-7.447045149683058,0.3838423989233149,-0.3838423989233149,False,0.2,-10.8,-1.4,5.116709257460871,0.4090994507896445,-0.20909945078964448,0.0,12
2026-02-07,B17NYCVA1GE,NYC VBA 17 Downtown,NYCVA,17,1,B17LCVBC1GE,Legacy Boys 17 National,B17,False,-13.0,-1.0,-0.9722110322083073,8.275165056722106,-9.247376088930412,0.35716633199633063,-0.35716633199633063,False,0.0,-13.8,-1.8,8.313802567868105,0.3594432187776067,-0.35944321877760665,0.0,13
2026-02-08,B17NYCVA1GE,NYC VBA 17 Downtown,NYCVA,17,1,B17DIGSV1GE,Digs Boys 17 Red,B17,False,-7.0,-2.0,-0.9722110322083073,-2.569385161113874,1.5971741289055665,0.5253539298967523,-0.5253539298967523,True,0.0,-13.4,-1.8,7.747751622601879,0.3684302056069312,-0.3684302056069312,0.0,14
2025-12-20,B17PVJVB1NE,PV Boys 17 1,PVJVB,17,1,B16SJJVB1NE,SMASH Boys 16-1,MIXED,False,-15.0,-2.0,1.4239130434780398,14.978260869565045,-13.554347826087005,0.36802331233975816,-0.36802331233975816,False,0.0,-15.0,-2.0,14.978260869565045,0.36802331233975816,-0.36802331233975816,,1
2025-12-20,B17PVJVB1NE,PV Boys 17 1,PVJVB,17,1,B17SJJVB3NE,SMASH Boys 17's Shock,B17,False,-7.0,-2.0,1.4239130434780398,-2.369565217391459,3.793478260869499,0.5599800647543144,-0.5599800647543144,True,0.0,-11.0,-2.0,6.304347826086793,0.4640016885470363,-0.4640016885470363,0.0,2
2025-12-20,B17PVJVB1NE,PV Boys 17 1,PVJVB,17,1,B17CAPIT2XL,CSVC 17 SKYLIGHT,B17,True,8.0,2.0,1.4239130434780398,-11.076086956521994,12.500000000000034,0.6887739161572614,0.31122608384273864,False,0.3333333333333333,-4.666666666666667,-0.6666666666666666,0.5108695652171971,0.5389257644171113,-0.20559243108377798,0.0,3
2025-12-21,B17PVJVB1NE,PV Boys 17 1,PVJVB,17,1,B18SAVBC1XL,Sporting Albany Boys 18u,MIXED,True,21.0,2.0,1.4239130434780398,-18.130434782608912,19.554347826086953,0.685692297382228,0.31430770261777197,False,0.5,1.75,0.0,-4.14945652173933,0.5756173976583905,-0.07561739765839048,0.0,4
2025-12-21,B17PVJVB1NE,PV Boys 17 1,PVJVB,17,1,B17RRJVB1NE,Boston United Boys 17 National 1,B17,True,3.0,1.0,1.4239130434780398,0.2608695652172601,1.1630434782607797,0.518469875199785,0.48153012480021495,True,0.6,2.0,0.2,-3.2673913043480125,0.5641878931666694,0.0358121068333306,0.5,5
2026-01-17,B17PVJVB1NE,PV Boys 17 1,PVJVB,17,1,B17NESVC3NE,NE Storm 17 Wildfire,B17,True,23.0,2.0,1.4239130434780398,-12.143759467665873,13.567672511143913,0.7031296202072851,0.2968703797927149,False,0.8,9.6,1.0,-8.691795371794196,0.6312091547401748,0.1687908452598252,0.5,6
2026-01-17,B17PVJVB1NE,PV Boys 17 1,PVJVB,17,1,B17TTVBC2NE,SLAM 17 2 Boys,B17,False,-2.0,-1.0,1.4239130434780398,-3.9278272583952063,5.351740301873246,0.5842174877040371,-0.5842174877040371,False,0.8,10.6,1.2,-9.003447779994946,0.6360566393301194,0.16394336066988066,1.0,7
2026-01-17,B17PVJVB1NE,PV Boys 17 1,PVJVB,17,1,B17MVNER1NE,Meraki VB 17 1,B17,True,-4.0,1.0,1.4239130434780398,-1.6503657534424887,3.0742787969205283,0.5486889619091815,0.4513110380908185,True,0.8,8.2,1.0,-7.118303539379045,0.6080396484805034,0.19196035151949664,1.0,8
2026-01-18,B17PVJVB1NE,PV Boys 17 1,PVJVB,17,1,B17BVJVB1NE,Blast 17 Ignite,B17,False,-7.0,-2.0,1.4239130434780398,2.42210539887769,-0.9981923553996503,0.4841461662890953,-0.4841461662890953,True,0.6,2.6,0.2,-3.0077955030817236,0.5677304222618769,0.03226957773812319,0.6666666666666666,9
2026-01-18,B17PVJVB1NE,PV Boys 17 1,PVJVB,17,1,B17NESVC1NE,NE Storm 17 Tsunami,B17,True,4.0,2.0,1.4239130434780398,5.657609235304984,-4.233696191826945,0.4331384548418615,0.5668615451581385,True,0.6,2.8,0.4,-1.9284475690641787,0.5506641381902921,0.04933586180970789,0.6666666666666666,10
2026-01-18,B17PVJVB1NE,PV Boys 17 1,PVJVB,17,1,B17TTVBC1NE,SLAM 17 1 Boys,B17,False,-7.0,-2.0,1.4239130434780398,6.90661666404597,-5.48270362056793,0.4137622428766821,-0.4137622428766821,False,0.4,-3.2,-0.4,1.8816276572781898,0.49279066272417155,-0.09279066272417151,0.6666666666666666,11
2026-01-19,B17PVJVB1NE,PV Boys 17 1,PVJVB,17,1,B17CAPIT2XL,CSVC 17 SKYLIGHT,B17,False,-4.0,-2.0,1.4239130434780398,-11.076086956521994,12.500000000000034,0.6887739161572614,-0.6887739161572614,False,0.4,-3.6,-0.6,0.4519757176528323,0.5137019484148164,-0.11370194841481636,0.6666666666666666,12
2026-01-31,B17PVJVB1NE,PV Boys 17 1,PVJVB,17,1,B17NEVBC1NE,NEVBC Boys 17.1,B17,False,-7.0,-1.0,1.4239130434780398,10.612049654657195,-9.188136611179155,0.35803117861331324,-0.35803117861331324,False,0.2,-4.2,-1.0,2.9044587992727693,0.4755703917556427,-0.27557039175564274,0.5,13
2026-01-31,B17PVJVB1NE,PV Boys 17 1,PVJVB,17,1,B17TTVBC2NE,SLAM 17 2 Boys,B17,True,15.0,2.0,1.4239130434780398,-3.9278272583952063,5.351740301873246,0.5842174877040371,0.41578251229596286,False,0.4,0.2,-0.2,1.63447226781819,0.4955846560386311,-0.09558465603863109,1.0,14
2026-01-31,B17PVJVB1NE,PV Boys 17 1,PVJVB,17,1,B17SJJVB2NE,SMASH Boys 17 Chaos,B17,False,-13.0,-2.0,1.4239130434780398,7.201372036587237,-5.777458993109198,0.4092259785713282,-0.4092259785713282,False,0.2,-3.2,-1.0,1.9432248280746407,0.49080216078452443,-0.2908021607845244,,15
2026-02-01,B17PVJVB1NE,PV Boys 17 1,PVJVB,17,1,B17BVJVB1NE,Blast 17 Ignite,B17,True,7.0,2.0,1.4239130434780398,2.42210539887769,-0.9981923553996503,0.4841461662890953,0.5158538337109047,True,0.4,-0.4,-0.2,1.0463225750409846,0.504878945467007,-0.10487894546700707,1.0,16
2026-02-01,B17PVJVB1NE,PV Boys 17 1,PVJVB,17,1,B17SJJVB2NE,SMASH Boys 17 Chaos,B17,False,-8.0,-2.0,1.4239130434780398,7.201372036587237,-5.777458993109198,0.4092259785713282,-0.4092259785713282,False,0.4,-1.2,-0.2,4.701814373662831,0.4489693579498204,-0.048969357949820415,1.0,17
2026-01-17,B17PVJVB2NE,PV Boys 17 2,PVJVB,17,2,B17BVJVB1NE,Blast 17 Ignite,B17,False,-13.0,-2.0,-9.324725275514181,2.42210539887769,-11.746830674391871,0.3215782033533969,-0.3215782033533969,False,0.0,-13.0,-2.0,2.42210539887769,0.3215782033533969,-0.3215782033533969,,1
2026-01-17,B17PVJVB2NE,PV Boys 17 2,PVJVB,17,2,B17CAPIT2XL,CSVC 17 SKYLIGHT,B17,False,-10.0,-2.0,-9.324725275514181,-11.076086956521994,1.751361681007813,0.5277967162707584,-0.5277967162707584,True,0.0,-11.5,-2.0,-4.326990778822152,0.4246874598120777,-0.4246874598120777,0.0,2
2026-01-17,B17PVJVB2NE,PV Boys 17 2,PVJVB,17,2,B17LHVBC2NE,LHV Boys 17-2 Boom,B17,True,10.0,2.0,-9.324725275514181,-18.684867505579003,9.360142230064822,0.6444773860614345,0.35552261393856555,False,0.3333333333333333,-4.333333333333333,-0.6666666666666666,-9.112949687741102,0.4979507685618632,-0.16461743522852992,0.0,3
2026-01-18,B17PVJVB2NE,PV Boys 17 2,PVJVB,17,2,B17NESVC3NE,NE Storm 17 Wildfire,B17,False,-5.0,-1.0,-9.324725275514181,-12.143759467665873,2.819034192151692,0.5446690363161022,-0.5446690363161022,True,0.25,-4.5,-0.75,-9.870652132722295,0.509630335500423,-0.259630335500423,0.0,4
2026-01-18,B17PVJVB2NE,PV Boys 17 2,PVJVB,17,2,B17NESVC2NE,NE Storm 17 Landslide,B17,False,-10.0,-2.0,-9.324725275514181,-5.3693656322920225,-3.9553596432221587,0.4374865820181776,-0.4374865820181776,True,0.2,-5.6,-1.0,-8.970394832636241,0.4952015848039739,-0.2952015848039739,0.0,5
2026-01-18,B17PVJVB2NE,PV Boys 17 2,PVJVB,17,2,B17PVJVB3NE,PV Boys 17 3,B17,True,12.0,2.0,-9.324725275514181,-13.784423886316176,4.459698610801995,0.570384589946002,0.42961541005399795,True,0.4,-0.6,-0.2,-12.211700689675014,0.5449628621224949,-0.14496286212249493,0.25,6
2026-01-19,B17PVJVB2NE,PV Boys 17 2,PVJVB,17,2,B17RRJVB3NE,Boston United Boys 17 Select 1,B17,True,1.0,1.0,-9.324725275514181,-17.6226109399729,8.29788566445872,0.6288631727243844,0.3711368272756156,False,0.6,1.6,0.4,-13.521005486365194,0.5651761534132201,0.03482384658677986,0.3333333333333333,7
2026-01-19,B17PVJVB2NE,PV Boys 17 2,PVJVB,17,2,B17PVJVB3NE,PV Boys 17 3,B17,True,-4.0,1.0,-9.324725275514181,-13.784423886316176,4.459698610801995,0.570384589946002,0.42961541005399795,True,0.6,-1.2,0.2,-12.54091676251263,0.5503575941901337,0.04964240580986634,0.5,8
2026-01-31,B17PVJVB2NE,PV Boys 17 2,PVJVB,17,2,B17HKJVB2NE,Husky 17.2,B17,True,8.0,1.0,-9.324725275514181,-1.2154657457532938,-8.109259529760887,0.37393892914029037,0.6260610708597096,False,0.8,1.4,0.6,-10.355258018130113,0.5162115727549713,0.28378842724502873,0.6666666666666666,9
2026-01-31,B17PVJVB2NE,PV Boys 17 2,PVJVB,17,2,B17LHVBC2NE,LHV Boys 17-2 Boom,B17,True,17.0,2.0,-9.324725275514181,-18.684867505579003,9.360142230064822,0.6444773860614345,0.35552261393856555,False,1.0,6.8,1.4,-13.01835839278751,0.5576097335636228,0.4423902664363773,1.0,10
2026-01-31,B17PVJVB2NE,PV Boys 17 2,PVJVB,17,2,B17NESVC2NE,NE Storm 17 Landslide,B17,False,-4.0,-2.0,-9.324725275514181,-5.3693656322920225,-3.9553596432221587,0.4374865820181776,-0.4374865820181776,True,0.8,3.6,0.6,-11.33534674198268,0.5310301319780578,0.2689698680219422,0.5,11
2026-01-31,B17PVJVB2NE,PV Boys 17 2,PVJVB,17,2,B17RRJVB3NE,Boston United Boys 17 Select 1,B17,False,-2.0,-1.0,-9.324725275514181,-17.6226109399729,8.29788566445872,0.6288631727243844,-0.6288631727243844,False,0.6,3.0,0.2,-11.33534674198268,0.5310301319780578,0.06896986802194223,0.5,12
2026-02-01,B17PVJVB2NE,PV Boys 17 2,PVJVB,17,2,B17NYCVA1GE,NYC VBA 17 Downtown,B17,False,-11.0,-2.0,-9.324725275514181,-0.9722110322083073,-8.352514243305874,0.370326909209403,-0.370326909209403,False,0.4,1.6,-0.4,-8.772904171161105,0.4910185958307379,-0.09101859583073796,0.0,13
2026-02-01,B17PVJVB2NE,PV Boys 17 2,PVJVB,17,2,B17MVPVA2NE,MVP BOS 17 Blue,B17,True,8.0,1.0,-9.324725275514181,-9.147307757863627,-0.1774175176505537,0.4971812434836089,0.5028187565163911,True,0.4,1.6,-0.4,-10.359272573583173,0.5156670586994017,-0.11566705869940166,0.5,14
2026-03-14,B17PVJVB2NE,PV Boys 17 2,PVJVB,17,2,B17RRJVB3NE,Boston United Boys 17 Select 1,B17,True,13.0,2.0,-9.324725275514181,-17.6226109399729,8.29788566445872,0.6288631727243844,0.3711368272756156,False,0.4,0.8,-0.4,-10.146821260461952,0.5125442160319917,-0.11254421603199165,0.5,15
2026-03-14,B17PVJVB2NE,PV Boys 17 2,PVJVB,17,2,B17MVNER2NE,Meraki VB 17 2,B17,True,14.0,1.0,-9.324725275514181,-22.87107829300199,13.546353017487808,0.7028467258533533,0.2971532741466467,False,0.6,4.4,0.2,-13.647163792603944,0.5656162447990268,0.03438375520097321,1.0,16
2026-03-14,B17PVJVB2NE,PV Boys 17 2,PVJVB,17,2,B17CAPIT2XL,CSVC 17 SKYLIGHT,B17,True,7.0,2.0,-9.324725275514181,-11.076086956521994,1.751361681007813,0.5277967162707584,0.4722032837292416,True,0.8,6.2,0.8,-12.337858995913765,0.5454029535083016,0.2545970464916984,1.0,17
2026-03-15,B17PVJVB2NE,PV Boys 17 2,PVJVB,17,2,B17NESVC3NE,NE Storm 17 Wildfire,B17,True,5.0,1.0,-9.324725275514181,-12.143759467665873,2.819034192151692,0.5446690363161022,0.4553309636838978,True,1.0,9.4,1.4,-14.572168683005277,0.5802713789296414,0.41972862107035863,1.0,18
2026-03-15,B17PVJVB2NE,PV Boys 17 2,PVJVB,17,2,B17RRJVB2NE,Boston United Boys 17 Northeast,B17,False,-13.0,-2.0,-9.324725275514181,-5.5618029944589,-3.762922281055281,0.44049847413922555,-0.44049847413922555,True,0.8,5.2,0.8,-13.85506773032433,0.5689348250607648,0.23106517493923526,0.6666666666666666,19
2026-01-17,B17PVJVB3NE,PV Boys 17 3,PVJVB,17,3,B17CAMYV1NE,CYVB 17 1,B17,False,-7.0,-2.0,-13.784423886316176,-3.423912133051875,-10.360511753264301,0.34109331395836934,-0.34109331395836934,False,0.0,-7.0,-2.0,-3.423912133051875,0.34109331395836934,-0.34109331395836934,,1
2026-01-17,B17PVJVB3NE,PV Boys 17 3,PVJVB,17,3,B17NESVC1NE,NE Storm 17 Tsunami,B17,False,-15.0,-2.0,-13.784423886316176,5.657609235304984,-19.44203312162116,0.22520804215573678,-0.22520804215573678,False,0.0,-11.0,-2.0,1.1168485511265547,0.2831506780570531,-0.2831506780570531,,2
2026-01-17,B17PVJVB3NE,PV Boys 17 3,PVJVB,17,3,B17RRJVB3NE,Boston United Boys 17 Select 1,B17,True,10.0,2.0,-13.784423886316176,-17.6226109399729,3.838187053656725,0.5606800505389282,0.4393199494610718,True,0.3333333333333333,-4.0,-0.6666666666666666,-5.129637945906597,0.3756604688843448,-0.042327135551011454,1.0,3
2026-01-18,B17PVJVB3NE,PV Boys 17 3,PVJVB,17,3,B17NESVC2NE,NE Storm 17 Landslide,B17,False,-14.0,-2.0,-13.784423886316176,-5.3693656322920225,-8.415058254024153,0.36940053291913866,-0.36940053291913866,False,0.25,-6.5,-1.0,-5.189569867502954,0.37409548489304323,-0.12409548489304326,1.0,4
2026-01-18,B17PVJVB3NE,PV Boys 17 3,PVJVB,17,3,B17NESVC3NE,NE Storm 17 Wildfire,B17,False,-6.0,-2.0,-13.784423886316176,-12.143759467665873,-1.640664418650303,0.4739569274601484,-0.4739569274601484,True,0.2,-6.4,-1.2,-6.580407787535537,0.39406777340646426,-0.19406777340646428,0.5,5
2026-01-18,B17PVJVB3NE,PV Boys 17 3,PVJVB,17,3,B17PVJVB2NE,PV Boys 17 2,B17,False,-12.0,-2.0,-13.784423886316176,-9.324725275514181,-4.459698610801995,0.429615410053998,-0.429615410053998,True,0.2,-7.4,-1.2,-7.760570416027998,0.41177219262559,-0.21177219262559,0.3333333333333333,6
2026-01-19,B17PVJVB3NE,PV Boys 17 3,PVJVB,17,3,B17LHVBC2NE,LHV Boys 17-2 Boom,B17,True,7.0,2.0,-13.784423886316176,-18.684867505579003,4.900443619262827,0.5772343758970638,0.42276562410293617,True,0.4,-3.0,-0.4,-12.629065764204796,0.4821774593738555,-0.08217745937385543,0.5,7
2026-01-19,B17PVJVB3NE,PV Boys 17 3,PVJVB,17,3,B17PVJVB2NE,PV Boys 17 2,B17,False,4.0,-1.0,-13.784423886316176,-9.324725275514181,-4.459698610801995,0.429615410053998,-0.429615410053998,True,0.2,-4.2,-1.0,-10.969488631313052,0.4559645312768694,-0.25596453127686936,0.25,8
2026-01-31,B17PVJVB3NE,PV Boys 17 3,PVJVB,17,3,B17HKJVB3NE,Husky 17.3,B17,False,-14.0,-2.0,-13.784423886316176,-7.964952398730692,-5.819471487585484,0.40858064655968224,-0.40858064655968224,False,0.2,-4.2,-1.0,-11.488605984600786,0.46380055400497805,-0.26380055400497804,0.25,9
2026-01-31,B17PVJVB3NE,PV Boys 17 3,PVJVB,17,3,B17LHVBC2NE,LHV Boys 17-2 Boom,B17,True,-0.0,1.0,-13.784423886316176,-18.684867505579003,4.900443619262827,0.5772343758970638,0.42276562410293617,True,0.4,-3.0,-0.4,-12.796827592183414,0.48445604369236117,-0.08445604369236119,0.5,10
2026-01-31,B17PVJVB3NE,PV Boys 17 3,PVJVB,17,3,B17NEVBC2NE,NEVBC Boys 17.2,B17,False,-13.0,-2.0,-13.784423886316176,4.854720631336346,-18.63914451765252,0.23423594381703444,-0.23423594381703444,False,0.4,-3.2,-0.4,-9.960938410813307,0.4453801504449685,-0.04538015044496847,0.6666666666666666,11
2026-02-01,B17PVJVB3NE,PV Boys 17 3,PVJVB,17,3,B17LHVBC2NE,LHV Boys 17-2 Boom,B17,True,6.0,1.0,-13.784423886316176,-18.684867505579003,4.900443619262827,0.5772343758970638,0.42276562410293617,True,0.4,-3.4,-0.6,-9.960938410813307,0.4453801504449684,-0.04538015044496848,0.6666666666666666,12
2026-02-01,B17PVJVB3NE,PV Boys 17 3,PVJVB,17,3,B17MMVBC1NE,Mayhem 17 1,B17,False,-15.0,-2.0,-13.784423886316176,-10.49910066577871,-3.2853232205374656,0.4479920041113511,-0.4479920041113511,True,0.4,-7.2,-0.8,-10.195813488866213,0.44905546925643913,-0.04905546925643909,0.6666666666666666,13
2026-02-01,B17PVJVB3NE,PV Boys 17 3,PVJVB,17,3,B17MVNER2NE,Meraki VB 17 2,B17,True,8.0,2.0,-13.784423886316176,-22.87107829300199,9.086654406685813,0.6404851194893106,0.35951488051068936,False,0.6,-2.8,0.0,-13.177038667720472,0.4954363638423647,0.10456363615763524,0.6666666666666666,14
2026-03-14,B17PVJVB3NE,PV Boys 17 3,PVJVB,17,3,B17HKJVB4NE,Husky 17.4,B17,False,-5.0,-2.0,-13.784423886316176,-13.278249403447527,-0.5061744828686496,0.49195865925286325,-0.49195865925286325,True,0.4,-3.8,-0.6,-12.095715047294176,0.47838122051352466,-0.07838122051352465,0.3333333333333333,15
2026-03-14,B17PVJVB3NE,PV Boys 17 3,PVJVB,17,3,B17NESVC3NE,NE Storm 17 Wildfire,B17,True,11.0,2.0,-13.784423886316176,-12.143759467665873,-1.640664418650303,0.4739569274601484,0.5260430725398516,True,0.6,1.0,0.2,-15.495411067094619,0.5263254172421474,0.07367458275785256,0.5,16
2026-03-14,B17PVJVB3NE,PV Boys 17 3,PVJVB,17,3,B17RRJVB2NE,Boston United Boys 17 Northeast,B17,False,-19.0,-2.0,-13.784423886316176,-5.5618029944589,-8.222620891857275,0.3722538823019721,-0.3722538823019721,False,0.4,-4.0,-0.4,-12.870798164870601,0.48532931852312905,-0.0853293185231291,0.3333333333333333,17
2026-03-15,B17PVJVB3NE,PV Boys 17 3,PVJVB,17,3,B17RRJVB3NE,Boston United Boys 17 Select 1,B17,True,8.0,1.0,-13.784423886316176,-17.6226109399729,3.838187053656725,0.5606800505389282,0.4393199494610718,True,0.6,0.6,0.2,-14.295500219709435,0.5078669278086446,0.09213307219135548,0.6666666666666666,18
2026-03-15,B17PVJVB3NE,PV Boys 17 3,PVJVB,17,3,B17HKJVB4NE,Husky 17.4,B17,True,4.0,2.0,-13.784423886316176,-13.278249403447527,-0.5061744828686496,0.49195865925286325,0.5080413407471367,True,0.6,-0.2,0.2,-12.376934441798545,0.478161635761355,0.12183836423864496,0.75,19
2026-02-06,B17RAPTO1GE,NYC Raptors 17 Black,RAPTO,17,1,B17NYCVA1GE,NYC VBA 17 Downtown,B17,False,-2.0,-1.0,-7.710301495314071,-0.9722110322083073,-6.738090463105763,0.3945525079434801,-0.3945525079434801,False,0.0,-2.0,-1.0,-0.9722110322083073,0.3945525079434801,-0.3945525079434801,,1
2026-02-06,B17RAPTO1GE,NYC Raptors 17 Black,RAPTO,17,1,B17CORE11GE,CORE Boys 17 Platinum,B17,False,-22.0,-2.0,-7.710301495314071,13.02206980461216,-20.732371299926232,0.21122239247064253,-0.21122239247064253,False,0.0,-12.0,-1.5,6.024929386201927,0.3028874502070613,-0.3028874502070613,,2
2026-02-06,B17RAPTO1GE,NYC Raptors 17 Black,RAPTO,17,1,B17RRJVB1NE,Boston United Boys 17 National 1,B17,False,-10.0,-2.0,-7.710301495314071,0.2608695652172601,-7.971171060531331,0.3759956643261367,-0.3759956643261367,False,0.0,-11.333333333333334,-1.6666666666666667,4.103576112540371,0.32725685491341977,-0.32725685491341977,,3
2026-02-07,B17RAPTO1GE,NYC Raptors 17 Black,RAPTO,17,1,B17NYCIV1GE,NYC Impact 17U National,B17,False,-18.0,-2.0,-7.710301495314071,13.464773086375576,-21.175074581689646,0.20657306322458727,-0.20657306322458727,False,0.0,-13.0,-1.75,6.443875355999173,0.2970859069912117,-0.2970859069912117,,4
2026-02-07,B17RAPTO1GE,NYC Raptors 17 Black,RAPTO,17,1,B17SPTMC5GE,Sportime 17 Lynbrook,B17,False,-17.0,-2.0,-7.710301495314071,1.7391244132409445,-9.449425908555016,0.354223594646958,-0.354223594646958,False,0.0,-13.8,-1.8,5.502925167447527,0.3085134445223609,-0.3085134445223609,,5
2026-02-07,B17RAPTO1GE,NYC Raptors 17 Black,RAPTO,17,1,B17DIGSV1GE,Digs Boys 17 Red,B17,False,-10.0,-2.0,-7.710301495314071,-2.569385161113874,-5.140916334200197,0.41904065591986256,-0.41904065591986256,True,0.0,-15.4,-2.0,5.183490341666413,0.3134110741176374,-0.3134110741176374,0.0,6
2026-02-08,B17RAPTO1GE,NYC Raptors 17 Black,RAPTO,17,1,B17LCVBC1GE,Legacy Boys 17 National,B17,False,-16.0,-2.0,-7.710301495314071,8.275165056722106,-15.985466552036176,0.26582679401403414,-0.26582679401403414,False,0.0,-14.2,-2.0,4.234109392088403,0.3243319544263158,-0.3243319544263158,0.0,7
2026-02-06,B17RIVAL1GE,Rival 17’s,RIVAL,17,1,B17XTREM1GE,Xtreme 17 National Braulio,B17,True,5.0,1.0,-8.083672179554975,-7.311976960362236,-0.7716952191927389,0.48774186380971785,0.5122581361902822,True,1.0,5.0,1.0,-7.311976960362236,0.48774186380971785,0.5122581361902822,1.0,1
2026-02-06,B17RIVAL1GE,Rival 17’s,RIVAL,17,1,B17117902XX,Torrimar 17 2,B17,False,-16.0,-2.0,-8.083672179554975,2.8986813753206606,-10.982353554875637,0.332268048849919,-0.332268048849919,False,0.5,-5.5,-0.5,-2.206647792520788,0.4100049563298184,0.08999504367018157,1.0,2
2026-02-06,B17RIVAL1GE,Rival 17’s,RIVAL,17,1,B17LCVBC2GE,Legacy Boys 17 Premier,B17,False,-1.0,-1.0,-8.083672179554975,-5.4624626032818675,-2.621209576273108,0.45845060092539586,-0.45845060092539586,True,0.3333333333333333,-4.0,-0.6666666666666666,-3.2919193961078146,0.4261535045283442,-0.0928201711950109,0.5,3
2026-02-07,B17RIVAL1GE,Rival 17’s,RIVAL,17,1,B17SPTMC6GE,Sportime 17 Lynbrook 2,B17,True,4.0,1.0,-8.083672179554975,-7.908271585640657,-0.1754005939143184,0.4972132870979526,0.5027867129020474,True,0.5,-2.0,-0.25,-4.446007443491025,0.4439184501707463,0.05608154982925366,0.6666666666666666,4
2026-02-07,B17RIVAL1GE,Rival 17’s,RIVAL,17,1,B17MVPVA2NE,MVP BOS 17 Blue,B17,False,-13.0,-2.0,-8.083672179554975,-9.147307757863627,1.0636355783086522,0.5168924717758119,-0.5168924717758119,True,0.4,-4.2,-0.6,-5.386267506365546,0.45851325449175945,-0.058513254491759446,0.5,5
2026-02-07,B17RIVAL1GE,Rival 17’s,RIVAL,17,1,B17XTREM1GE,Xtreme 17 National Braulio,B17,True,7.0,1.0,-8.083672179554975,-7.311976960362236,-0.7716952191927389,0.48774186380971785,0.5122581361902822,True,0.4,-3.8,-0.6,-5.386267506365545,0.45851325449175945,-0.05851325449175946,0.5,6
2026-02-08,B17RIVAL1GE,Rival 17’s,RIVAL,17,1,B17NESVC1NE,NE Storm 17 Tsunami,B17,False,-14.0,-2.0,-8.083672179554975,5.657609235304984,-13.741281414859959,0.29457252126168104,-0.29457252126168104,False,0.4,-3.4,-0.6,-4.8344819343686805,0.4509741489741118,-0.050974148974111844,0.5,7
2026-02-06,B17ROYAL1NO,Infinity Royals 17N,ROYAL,17,1,B17SPTMC4GE,Sportime 17 4,B17,False,3.0,-1.0,-0.5833724901928343,-13.979234867704784,13.39586237751195,0.700845406811516,-0.700845406811516,False,0.0,3.0,-1.0,-13.979234867704784,0.700845406811516,-0.700845406811516,,1
2026-02-06,B17ROYAL1NO,Infinity Royals 17N,ROYAL,17,1,B17LIFRY1GE,LI Fury 17 1,B17,True,4.0,1.0,-0.5833724901928343,4.151513773943261,-4.734886264136096,0.4253352803979229,0.5746647196020771,True,0.5,3.5,0.0,-4.913860546880762,0.5630903436047194,-0.06309034360471943,1.0,2
2026-02-06,B17ROYAL1NO,Infinity Royals 17N,ROYAL,17,1,B17CAPIT2XL,CSVC 17 SKYLIGHT,B17,True,15.0,2.0,-0.5833724901928343,-11.076086956521994,10.49271446632916,0.6607924232140745,0.3392075767859255,False,0.6666666666666666,7.333333333333333,0.6666666666666666,-6.967936016761172,0.5956577034745044,0.07100896319216221,1.0,3
2026-02-07,B17ROYAL1NO,Infinity Royals 17N,ROYAL,17,1,B17SPTMC3GE,Sportime 17 3,B17,False,-8.0,-2.0,-0.5833724901928343,1.8961447841210222,-2.4795172743138565,0.4606870659983814,-0.4606870659983814,True,0.5,3.5,0.0,-4.751915816540624,0.5619150441054737,-0.06191504410547369,0.5,4
2026-02-07,B17ROYAL1NO,Infinity Royals 17N,ROYAL,17,1,B17NESVC1NE,NE Storm 17 Tsunami,B17,False,-11.0,-2.0,-0.5833724901928343,5.657609235304984,-6.240981725497819,0.40212382243712713,-0.40212382243712713,False,0.4,0.6,-0.4,-2.670010806171502,0.5299567997718044,-0.12995679977180438,0.5,5
2026-02-07,B17ROYAL1NO,Infinity Royals 17N,ROYAL,17,1,B17RRJVB2NE,Boston United Boys 17 Northeast,B17,True,10.0,2.0,-0.5833724901928343,-5.5618029944589,4.978430504266066,0.5784433917202654,0.4215566082797346,True,0.6,2.0,0.2,-0.9865244315223254,0.5054763967535543,0.09452360324644574,0.6666666666666666,6
2026-02-08,B17ROYAL1NO,Infinity Royals 17N,ROYAL,17,1,B17LCVBC2GE,Legacy Boys 17 Premier,B17,True,7.0,2.0,-0.5833724901928343,-5.4624626032818675,4.879090113089033,0.5769031745002845,0.4230968254997155,True,0.6,2.6,0.4,-2.9093197069673513,0.5357899755740265,0.06421002442597343,0.6666666666666666,7
2026-02-08,B17ROYAL1NO,Infinity Royals 17N,ROYAL,17,1,B17117902XX,Torrimar 17 2,B17,False,-9.0,-2.0,-0.5833724901928343,2.8986813753206606,-3.482053865513495,0.4449022398142239,-0.4449022398142239,True,0.4,-2.2,-0.4,-0.11436604059882019,0.4926119388940565,-0.09261193889405646,0.5,8
2025-11-22,B17RRJVB1NE,Boston United Boys 17 National 1,RRJVB,17,1,B17TTVBC2NE,SLAM 17 2 Boys,B17,True,14.0,1.0,0.2608695652172601,-3.9278272583952063,4.188696823612466,0.5661592517930094,0.4338407482069906,True,1.0,14.0,1.0,-3.9278272583952063,0.5661592517930094,0.4338407482069906,1.0,1
2025-11-22,B17RRJVB1NE,Boston United Boys 17 National 1,RRJVB,17,1,B17MVNER1NE,Meraki VB 17 1,B17,False,0.0,-1.0,0.2608695652172601,-1.6503657534424887,1.9112353186597488,0.5303281806995157,-0.5303281806995157,True,0.5,7.0,0.0,-2.7890965059188475,0.5482437162462626,-0.04824371624626256,0.5,2
2025-11-22,B17RRJVB1NE,Boston United Boys 17 National 1,RRJVB,17,1,B17MVPVA1NE,MVP BOS 17 Black,B17,False,2.0,-1.0,0.2608695652172601,3.0609262950644527,-2.8000567298471926,0.45563008475721817,-0.45563008475721817,True,0.3333333333333333,5.333333333333333,-0.3333333333333333,-0.8390889055910807,0.5173725057499144,-0.18403917241658108,0.3333333333333333,3
2025-11-23,B17RRJVB1NE,Boston United Boys 17 National 1,RRJVB,17,1,B17BVJVB1NE,Blast 17 Ignite,B17,True,9.0,2.0,0.2608695652172601,2.42210539887769,-2.16123583366043,0.46571644650084937,0.5342835534991506,True,0.5,6.25,0.25,-0.02379032947388804,0.5044584909376482,-0.004458490937648163,0.5,4
2025-11-23,B17RRJVB1NE,Boston United Boys 17 National 1,RRJVB,17,1,B17TTVBC1NE,SLAM 17 1 Boys,B17,False,-9.0,-2.0,0.2608695652172601,6.90661666404597,-6.64574709882871,0.39595525779297197,-0.39595525779297197,False,0.4,3.2,-0.2,1.3622910692300834,0.48275784430871294,-0.08275784430871293,0.5,5
2025-12-20,B17RRJVB1NE,Boston United Boys 17 National 1,RRJVB,17,1,B18SAVBC1XL,Sporting Albany Boys 18u,MIXED,True,19.0,2.0,0.2608695652172601,-18.130434782608912,18.39130434782617,0.6756080794683265,0.32439192053167354,False,0.4,4.2,0.0,-1.4782304356126577,0.5046476098437763,-0.10464760984377633,0.3333333333333333,6
2025-12-20,B17RRJVB1NE,Boston United Boys 17 National 1,RRJVB,17,1,B18SJJVB3NE,SMASH Boys 18's Surge,MIXED,False,-13.0,-2.0,0.2608695652172601,13.62318840579702,-13.36231884057976,0.36980677113571,-0.36980677113571,False,0.4,1.6,-0.2,1.576480396235244,0.47254332793101517,-0.07254332793101517,0.5,7
2025-12-20,B17RRJVB1NE,Boston United Boys 17 National 1,RRJVB,17,1,B18PVJVB3NE,PV Boys 18 3,MIXED,False,-2.0,-1.0,0.2608695652172601,1.2898550724636149,-1.0289855072463547,0.4897394407250401,-0.4897394407250401,True,0.4,0.8,-0.2,1.2222661517150766,0.47936519912457964,-0.07936519912457957,0.5,8
2025-12-21,B17RRJVB1NE,Boston United Boys 17 National 1,RRJVB,17,1,B17CAPIT2XL,CSVC 17 SKYLIGHT,B17,True,18.0,2.0,0.2608695652172601,-11.076086956521994,11.336956521739253,0.6727127837143317,0.32728721628566826,False,0.4,2.6,-0.2,-1.4773723193648602,0.520764466567276,-0.12076446656727605,0.0,9
2025-12-21,B17RRJVB1NE,Boston United Boys 17 National 1,RRJVB,17,1,B17PVJVB1NE,PV Boys 17 1,B17,False,-3.0,-1.0,0.2608695652172601,1.4239130434780398,-1.1630434782607797,0.4815301248002149,-0.4815301248002149,True,0.4,3.8,0.0,-2.5739130434784463,0.5378794399687246,-0.13787943996872462,0.0,10
2026-02-06,B17RRJVB1NE,Boston United Boys 17 National 1,RRJVB,17,1,B17CORE11GE,CORE Boys 17 Platinum,B17,True,-2.0,1.0,0.2608695652172601,13.02206980461216,-12.7612002393949,0.3076789040924463,0.6923210959075536,False,0.4,-0.4,-0.2,3.656587873965768,0.46429360489354854,-0.0642936048935486,0.0,11
2026-02-06,B17RRJVB1NE,Boston United Boys 17 National 1,RRJVB,17,1,B17NYCVA1GE,NYC VBA 17 Downtown,B17,True,9.0,2.0,0.2608695652172601,-0.9722110322083073,1.2330805974255674,0.5195810042498704,0.4804189957501296,True,0.6,4.0,0.6,0.7375079863647026,0.4942484515163807,0.1057515484836193,0.3333333333333333,12
2026-02-06,B17RRJVB1NE,Boston United Boys 17 National 1,RRJVB,17,1,B17RAPTO1GE,NYC Raptors 17 Black,B17,True,10.0,2.0,0.2608695652172601,-7.710301495314071,7.971171060531331,0.6240043356738633,0.37599566432613674,False,0.8,6.4,1.2,-1.0625233271908345,0.5211014305061453,0.2788985694938547,0.5,13
2026-02-07,B17RRJVB1NE,Boston United Boys 17 National 1,RRJVB,17,1,B17DIGSV1GE,Digs Boys 17 Red,B17,True,9.0,2.0,0.2608695652172601,-2.569385161113874,2.830254726331134,0.5448458782313349,0.4551541217686651,True,0.8,4.6,1.2,0.6388170318907896,0.495528049409546,0.304471950590454,0.6666666666666666,14
2026-02-07,B17RRJVB1NE,Boston United Boys 17 National 1,RRJVB,17,1,B17ALLIN1FL,AVA 17 Boys,B17,False,-12.0,-2.0,0.2608695652172601,14.569140556144442,-14.30827099092718,0.2871406904939853,-0.2871406904939853,False,0.8,2.8,1.0,3.26786253442407,0.45665016254830004,0.34334983745169995,1.0,15
2026-02-07,B17RRJVB1NE,Boston United Boys 17 National 1,RRJVB,17,1,B17CORE11GE,CORE Boys 17 Platinum,B17,False,-5.0,-1.0,0.2608695652172601,13.02206980461216,-12.7612002393949,0.3076789040924463,-0.3076789040924463,False,0.6,2.2,0.6,3.26786253442407,0.45665016254830004,0.1433498374517,1.0,16
2026-02-08,B17RRJVB1NE,Boston United Boys 17 National 1,RRJVB,17,1,B17SJVBC1NE,South County Juniors Boys 17 1,B17,True,-0.0,1.0,0.2608695652172601,6.47483411747475,-6.21396455225749,0.40253668879796645,0.5974633112020336,False,0.6,0.4,0.4,4.757271564360681,0.4332412994579193,0.16675870054208078,1.0,17
2026-02-08,B17RRJVB1NE,Boston United Boys 17 National 1,RRJVB,17,1,B17MVPVA1NE,MVP BOS 17 Black,B17,True,19.0,2.0,0.2608695652172601,3.0609262950644527,-2.8000567298471926,0.45563008475721817,0.5443699152427819,True,0.6,2.2,0.4,6.911517122436386,0.39956644927459023,0.2004335507254098,1.0,18
2026-03-14,B17RRJVB1NE,Boston United Boys 17 National 1,RRJVB,17,1,B17MVNER1NE,Meraki VB 17 1,B17,True,12.0,2.0,0.2608695652172601,-1.6503657534424887,1.9112353186597488,0.5303281806995157,0.4696718193004843,True,0.6,2.8,0.4,7.095321003970663,0.39666290976822643,0.20333709023177365,1.0,19
2026-03-14,B17RRJVB1NE,Boston United Boys 17 National 1,RRJVB,17,1,B17CSJVB1NE,MEVBC/CT STARS 17 1,B17,True,15.0,2.0,0.2608695652172601,-2.417165663978395,2.6780352291956553,0.5424458676762972,0.4575541323237028,True,0.8,8.2,1.2,3.6980597599460965,0.4477239452046888,0.35227605479531127,1.0,20
2026-03-14,B17RRJVB1NE,Boston United Boys 17 National 1,RRJVB,17,1,B17SJVBC1NE,South County Juniors Boys 17 1,B17,True,7.0,2.0,0.2608695652172601,6.47483411747475,-6.21396455225749,0.40253668879796645,0.5974633112020336,False,1.0,10.6,1.8,2.388612622518614,0.46669550214579286,0.5333044978542072,1.0,21
2026-03-15,B17RRJVB1NE,Boston United Boys 17 National 1,RRJVB,17,1,B17BVJVB1NE,Blast 17 Ignite,B17,True,17.0,2.0,0.2608695652172601,2.42210539887769,-2.16123583366043,0.46571644650084937,0.5342835534991506,True,1.0,14.0,2.0,1.5780668787992023,0.47933145368636937,0.5206685463136307,1.0,22
2026-03-15,B17RRJVB1NE,Boston United Boys 17 National 1,RRJVB,17,1,B17HKJVB1NE,Husky 17.1,B17,False,-13.0,-1.0,0.2608695652172601,16.040982892489453,-15.780113327272193,0.2683815390000465,-0.2683815390000465,False,0.8,7.6,1.4,4.174078198284202,0.441881744534935,0.358118255465065,1.0,23
2025-11-22,B17RRJVB2NE,Boston United Boys 17 Northeast,RRJVB,17,2,B17LHVBC1NE,LHV Boys 17-1 Ubuntu,B17,False,-16.0,-2.0,-5.5618029944589,4.793922273324947,-10.355725267783846,0.3411616831608096,-0.3411616831608096,False,0.0,-16.0,-2.0,4.793922273324947,0.3411616831608096,-0.3411616831608096,,1
2025-11-22,B17RRJVB2NE,Boston United Boys 17 Northeast,RRJVB,17,2,B17CAMYV1NE,CYVB 17 1,B17,False,-13.0,-2.0,-5.5618029944589,-3.423912133051875,-2.1378908614070253,0.4660856233088543,-0.4660856233088543,True,0.0,-14.5,-2.0,0.685005070136536,0.40362365323483196,-0.40362365323483196,0.0,2
2025-11-22,B17RRJVB2NE,Boston United Boys 17 Northeast,RRJVB,17,2,B17NESVC2NE,NE Storm 17 Landslide,B17,True,7.0,1.0,-5.5618029944589,-5.3693656322920225,-0.1924373621668778,0.4969426183973921,0.5030573816026078,True,0.3333333333333333,-7.333333333333333,-1.0,-1.3331184973396502,0.43472997495568527,-0.10139664162235203,0.5,3
2025-11-23,B17RRJVB2NE,Boston United Boys 17 Northeast,RRJVB,17,2,B17NESVC3NE,NE Storm 17 Wildfire,B17,True,4.0,2.0,-5.5618029944589,-12.143759467665873,6.581956473206973,0.6030747229222341,0.3969252770777659,False,0.5,-4.5,-0.25,-4.035778739921206,0.4768161619473225,0.023183838052677458,0.5,4
2025-11-23,B17RRJVB2NE,Boston United Boys 17 Northeast,RRJVB,17,2,B17NESVC2NE,NE Storm 17 Landslide,B17,False,-4.0,-2.0,-5.5618029944589,-5.3693656322920225,-0.1924373621668778,0.4969426183973921,-0.4969426183973921,True,0.4,-4.4,-0.6,-4.30249611839537,0.4808414532373364,-0.08084145323733646,0.3333333333333333,5
2026-01-17,B17RRJVB2NE,Boston United Boys 17 Northeast,RRJVB,17,2,B17TTVBC1NE,SLAM 17 1 Boys,B17,False,-19.0,-2.0,-5.5618029944589,6.90661666404597,-12.468419658504871,0.31165647127729434,-0.31165647127729434,False,0.4,-5.0,-0.6,-3.8799572402511644,0.4749404108606334,-0.07494041086063341,0.3333333333333333,6
2026-01-17,B17RRJVB2NE,Boston United Boys 17 Northeast,RRJVB,17,2,B17SYRVB1XL,SVC 17 1 Boys,B17,False,-27.0,-2.0,-5.5618029944589,19.054499331905404,-24.616302326364305,0.1730158383448766,-0.1730158383448766,False,0.4,-7.8,-0.6,0.6157250527402912,0.41632645386783784,-0.016326453867837876,0.5,7
2026-01-17,B17RRJVB2NE,Boston United Boys 17 Northeast,RRJVB,17,2,B17NESVC2NE,NE Storm 17 Landslide,B17,True,16.0,1.0,-5.5618029944589,-5.3693656322920225,-0.1924373621668778,0.4969426183973921,0.5030573816026078,True,0.4,-6.0,-0.6,0.615725052740291,0.41632645386783784,-0.016326453867837865,0.5,8
2026-01-18,B17RRJVB2NE,Boston United Boys 17 Northeast,RRJVB,17,2,B17RRJVB3NE,Boston United Boys 17 Select 1,B17,True,20.0,2.0,-5.5618029944589,-17.6226109399729,12.060807945514,0.6827594264725679,0.31724057352743207,False,0.4,-2.8,-0.6,-0.48004524172111473,0.4322633945779046,-0.032263394577904635,0.5,9
2026-01-18,B17RRJVB2NE,Boston United Boys 17 Northeast,RRJVB,17,2,B17LHVBC2NE,LHV Boys 17-2 Boom,B17,True,8.0,1.0,-5.5618029944589,-18.684867505579003,13.123064511120102,0.6971979641873912,0.3028020358126088,False,0.6,-0.4,0.0,-3.1431456163785105,0.4723144637359044,0.12768553626409554,1.0,10
2026-01-18,B17RRJVB2NE,Boston United Boys 17 Northeast,RRJVB,17,2,B17MVNER1NE,Meraki VB 17 1,B17,False,-20.0,-2.0,-5.5618029944589,-1.6503657534424887,-3.9114372410164115,0.4381736265264711,-0.4381736265264711,True,0.6,-0.6,0.0,-4.854542099876203,0.4976178947857398,0.1023821052142602,0.5,11
2026-01-19,B17RRJVB2NE,Boston United Boys 17 Northeast,RRJVB,17,2,B17NESVC2NE,NE Storm 17 Landslide,B17,False,-6.0,-2.0,-5.5618029944589,-5.3693656322920225,-0.1924373621668778,0.4969426183973921,-0.4969426183973921,True,0.6,3.6,0.0,-9.739315092715689,0.5624032507962429,0.03759674920375709,0.3333333333333333,12
2026-02-06,B17RRJVB2NE,Boston United Boys 17 Northeast,RRJVB,17,2,B17LIFRY1GE,LI Fury 17 1,B17,False,-19.0,-2.0,-5.5618029944589,4.151513773943261,-9.713316768402162,0.3503967656340869,-0.3503967656340869,False,0.4,-3.4,-0.6,-7.835139211468631,0.533094080243582,-0.13309408024358185,0.0,13
2026-02-06,B17RRJVB2NE,Boston United Boys 17 Northeast,RRJVB,17,2,B17SPTMC3GE,Sportime 17 3,B17,False,-3.0,-1.0,-5.5618029944589,1.8961447841210222,-7.457947778579922,0.3836785412918981,-0.3836785412918981,False,0.2,-8.0,-1.2,-3.931388066649846,0.4732779032074479,-0.2732779032074479,0.0,14
2026-02-06,B17RRJVB2NE,Boston United Boys 17 Northeast,RRJVB,17,2,B17NESVC1NE,NE Storm 17 Tsunami,B17,False,-9.0,-2.0,-5.5618029944589,5.657609235304984,-11.219412229763885,0.3289340304123215,-0.3289340304123215,False,0.0,-11.4,-1.8,0.9371072815269512,0.3996251164524339,-0.3996251164524339,0.0,15
2026-02-07,B17RRJVB2NE,Boston United Boys 17 Northeast,RRJVB,17,2,B17SPTMC4GE,Sportime 17 4,B17,True,14.0,2.0,-5.5618029944589,-13.979234867704784,8.417431873245885,0.6306346052612227,0.3693653947387773,False,0.2,-4.6,-1.0,-1.5286665413255078,0.4381173121993843,-0.23811731219938426,0.0,16
2026-02-07,B17RRJVB2NE,Boston United Boys 17 Northeast,RRJVB,17,2,B17CAPIT2XL,CSVC 17 SKYLIGHT,B17,False,-4.0,-1.0,-5.5618029944589,-11.076086956521994,5.514283962063094,0.5867244912717603,-0.5867244912717603,False,0.2,-4.2,-0.8,-2.670010806171502,0.45607368677425786,-0.25607368677425785,,17
2026-02-07,B17RRJVB2NE,Boston United Boys 17 Northeast,RRJVB,17,2,B17ROYAL1NO,Infinity Royals 17N,B17,False,-10.0,-2.0,-5.5618029944589,-0.5833724901928343,-4.978430504266066,0.42155660827973473,-0.42155660827973473,True,0.2,-2.4,-0.8,-3.6169880589987207,0.47030565530338747,-0.27030565530338746,0.0,18
2026-02-08,B17RRJVB2NE,Boston United Boys 17 Northeast,RRJVB,17,2,B17XTREM1GE,Xtreme 17 National Braulio,B17,False,-6.0,-2.0,-5.5618029944589,-7.311976960362236,1.7501739659033362,0.5277779042896357,-0.5277779042896357,True,0.2,-3.0,-1.0,-5.458612407895373,0.49912552790293496,-0.29912552790293495,0.0,19
2026-03-14,B17RRJVB2NE,Boston United Boys 17 Northeast,RRJVB,17,2,B17NESVC3NE,NE Storm 17 Wildfire,B17,True,12.0,2.0,-5.5618029944589,-12.143759467665873,6.581956473206973,0.6030747229222341,0.3969252770777659,False,0.4,1.2,-0.2,-9.018886148489544,0.5539536664049175,-0.1539536664049175,0.0,20
2026-03-14,B17RRJVB2NE,Boston United Boys 17 Northeast,RRJVB,17,2,B17HKJVB4NE,Husky 17.4,B17,True,18.0,2.0,-5.5618029944589,-13.278249403447527,7.716446408988626,0.6201986733291859,0.3798013266708141,False,0.4,2.0,-0.2,-8.878689055638093,0.55186648001851,-0.15186648001851014,0.0,21
2026-03-14,B17RRJVB2NE,Boston United Boys 17 Northeast,RRJVB,17,2,B17PVJVB3NE,PV Boys 17 3,B17,True,19.0,2.0,-5.5618029944589,-13.784423886316176,8.222620891857275,0.6277461176980279,0.3722538823019721,False,0.6,6.6,0.4,-9.420356441596928,0.5600708053037636,0.03992919469623637,0.0,22
2026-03-15,B17RRJVB2NE,Boston United Boys 17 Northeast,RRJVB,17,2,B17CAPIT2XL,CSVC 17 SKYLIGHT,B17,True,5.0,1.0,-5.5618029944589,-11.076086956521994,5.514283962063094,0.5867244912717603,0.4132755087282397,False,0.8,9.6,1.0,-11.518899334862763,0.5931043819021687,0.20689561809783125,0.0,23
2026-03-15,B17RRJVB2NE,Boston United Boys 17 Northeast,RRJVB,17,2,B17PVJVB2NE,PV Boys 17 2,B17,True,13.0,2.0,-5.5618029944589,-9.324725275514181,3.762922281055281,0.5595015258607745,0.4404984741392255,True,1.0,13.4,1.8,-11.921448997893151,0.5994491062163966,0.4005508937836034,1.0,24
2025-11-22,B17RRJVB3NE,Boston United Boys 17 Select 1,RRJVB,17,3,B17LHVBC2NE,LHV Boys 17-2 Boom,B17,False,-9.0,-1.0,-17.6226109399729,-18.684867505579003,1.062256565606102,0.5168705871775636,-0.5168705871775636,True,0.0,-9.0,-1.0,-18.684867505579003,0.5168705871775636,-0.5168705871775636,0.0,1
2025-11-22,B17RRJVB3NE,Boston United Boys 17 Select 1,RRJVB,17,3,B17MMVBC1NE,Mayhem 17 1,B17,False,-7.0,-2.0,-17.6226109399729,-10.49910066577871,-7.1235102741941905,0.38871672588404155,-0.38871672588404155,False,0.0,-8.0,-1.5,-14.591984085678856,0.4527936565308026,-0.4527936565308026,0.0,2
2025-11-22,B17RRJVB3NE,Boston United Boys 17 Select 1,RRJVB,17,3,B17NESVC3NE,NE Storm 17 Wildfire,B17,True,9.0,1.0,-17.6226109399729,-12.143759467665873,-5.478851472307028,0.4138216259213687,0.5861783740786313,False,0.3333333333333333,-2.3333333333333335,-0.6666666666666666,-13.775909213007862,0.43980297966099124,-0.10646964632765799,0.0,3
2025-11-23,B17RRJVB3NE,Boston United Boys 17 Select 1,RRJVB,17,3,B17MVNER2NE,Meraki VB 17 2,B17,True,12.0,1.0,-17.6226109399729,-22.87107829300199,5.248467353029088,0.5826223743098521,0.4173776256901479,False,0.5,1.25,-0.25,-16.049701483006395,0.4755078283232065,0.02449217167679349,0.0,4
2025-11-23,B17RRJVB3NE,Boston United Boys 17 Select 1,RRJVB,17,3,B17LHVBC1NE,LHV Boys 17-1 Ubuntu,B17,False,-26.0,-2.0,-17.6226109399729,4.793922273324947,-22.416533213297846,0.19394086381061867,-0.19394086381061867,False,0.4,-4.2,-0.6,-11.880976731740127,0.4191944354206889,-0.019194435420688945,0.0,5
2026-01-17,B17RRJVB3NE,Boston United Boys 17 Select 1,RRJVB,17,3,B17NESVC1NE,NE Storm 17 Tsunami,B17,False,-20.0,-2.0,-17.6226109399729,5.657609235304984,-23.280220175277886,0.18550410059813868,-0.18550410059813868,False,0.4,-6.4,-0.8,-7.012481383563329,0.35292113810480397,0.04707886189519604,,6
2026-01-17,B17RRJVB3NE,Boston United Boys 17 Select 1,RRJVB,17,3,B17CAMYV1NE,CYVB 17 1,B17,False,-19.0,-2.0,-17.6226109399729,-3.423912133051875,-14.198698806921026,0.2885681604945307,-0.2885681604945307,False,0.4,-8.8,-0.8,-5.597443677017962,0.3328914250269018,0.06710857497309822,,7
2026-01-17,B17RRJVB3NE,Boston United Boys 17 Select 1,RRJVB,17,3,B17PVJVB3NE,PV Boys 17 3,B17,False,-10.0,-2.0,-17.6226109399729,-13.784423886316176,-3.838187053656725,0.4393199494610718,-0.4393199494610718,True,0.2,-12.6,-1.4,-5.925576560748023,0.3379910897348424,-0.1379910897348424,0.0,8
2026-01-18,B17RRJVB3NE,Boston United Boys 17 Select 1,RRJVB,17,3,B17RRJVB2NE,Boston United Boys 17 Northeast,B17,False,-20.0,-2.0,-17.6226109399729,-5.5618029944589,-12.060807945514,0.3172405735274322,-0.3172405735274322,False,0.0,-19.0,-2.0,-2.4637215010394042,0.2849147295783584,-0.2849147295783584,0.0,9
2026-01-18,B17RRJVB3NE,Boston United Boys 17 Select 1,RRJVB,17,3,B17MVNER1NE,Meraki VB 17 1,B17,False,-4.0,-2.0,-17.6226109399729,-1.6503657534424887,-15.972245186530412,0.2659908094368169,-0.2659908094368169,False,0.0,-14.6,-2.0,-3.7525791063928913,0.29932471870359806,-0.29932471870359806,0.0,10
2026-01-18,B17RRJVB3NE,Boston United Boys 17 Select 1,RRJVB,17,3,B17LHVBC2NE,LHV Boys 17-2 Boom,B17,False,-19.0,-2.0,-17.6226109399729,-18.684867505579003,1.062256565606102,0.5168705871775636,-0.5168705871775636,True,0.0,-14.4,-2.0,-8.621074454569689,0.36559801601948305,-0.36559801601948305,0.0,11
2026-01-19,B17RRJVB3NE,Boston United Boys 17 Select 1,RRJVB,17,3,B17PVJVB2NE,PV Boys 17 2,B17,False,-1.0,-1.0,-17.6226109399729,-9.324725275514181,-8.29788566445872,0.3711368272756157,-0.3711368272756157,False,0.0,-10.8,-1.8,-9.801237083062151,0.3821117493757,-0.3821117493757,0.0,12
2026-01-31,B17RRJVB3NE,Boston United Boys 17 Select 1,RRJVB,17,3,B17HKJVB2NE,Husky 17.2,B17,False,-15.0,-2.0,-17.6226109399729,-1.2154657457532938,-16.40714519421961,0.26062968479696613,-0.26062968479696613,False,0.0,-11.8,-1.8,-7.287445454949574,0.3463736964428789,-0.3463736964428789,0.0,13
2026-01-31,B17RRJVB3NE,Boston United Boys 17 Select 1,RRJVB,17,3,B17PVJVB2NE,PV Boys 17 2,B17,True,2.0,1.0,-17.6226109399729,-9.324725275514181,-8.29788566445872,0.3711368272756157,0.6288631727243843,False,0.2,-7.4,-1.2,-8.04002991116063,0.35715294719251556,-0.1571529471925156,0.0,14
2026-01-31,B17RRJVB3NE,Boston United Boys 17 Select 1,RRJVB,17,3,B17NYCVA1GE,NYC VBA 17 Downtown,B17,False,-14.0,-2.0,-17.6226109399729,-0.9722110322083073,-16.650399907764594,0.25766171098648627,-0.25766171098648627,False,0.2,-9.4,-1.2,-7.904398966913794,0.3554871275024495,-0.15548712750244947,0.0,15
2026-02-01,B17RRJVB3NE,Boston United Boys 17 Select 1,RRJVB,17,3,B17LHVBC2NE,LHV Boys 17-2 Boom,B17,True,25.0,2.0,-17.6226109399729,-18.684867505579003,1.062256565606102,0.5168705871775636,0.4831294128224364,True,0.4,-0.6,-0.4,-7.904398966913794,0.3554871275024495,0.04451287249755052,1.0,16
2026-02-01,B17RRJVB3NE,Boston United Boys 17 Select 1,RRJVB,17,3,B17MVNER2NE,Meraki VB 17 2,B17,True,12.0,2.0,-17.6226109399729,-22.87107829300199,5.248467353029088,0.5826223743098521,0.4173776256901479,False,0.6,2.0,0.2,-10.613669570411355,0.39778423690929676,0.20221576309070324,1.0,17
2026-02-01,B17RRJVB3NE,Boston United Boys 17 Select 1,RRJVB,17,3,B17MMVBC1NE,Mayhem 17 1,B17,False,-15.0,-1.0,-17.6226109399729,-10.49910066577871,-7.1235102741941905,0.38871672588404155,-0.38871672588404155,False,0.6,2.0,0.4,-12.470396554416439,0.42340164512671186,0.17659835487328812,1.0,18
2026-03-14,B17RRJVB3NE,Boston United Boys 17 Select 1,RRJVB,17,3,B17PVJVB2NE,PV Boys 17 2,B17,False,-13.0,-2.0,-17.6226109399729,-9.324725275514181,-8.29788566445872,0.3711368272756157,-0.3711368272756157,False,0.4,-1.0,-0.2,-12.470396554416439,0.42340164512671186,-0.023401645126711845,1.0,19
2026-03-14,B17RRJVB3NE,Boston United Boys 17 Select 1,RRJVB,17,3,B17CAPIT2XL,CSVC 17 SKYLIGHT,B17,False,-28.0,-2.0,-17.6226109399729,-11.076086956521994,-6.546523983450907,0.3974644248793936,-0.3974644248793936,False,0.4,-3.8,-0.2,-14.491171739279176,0.4513621879052933,-0.05136218790529331,1.0,20
2026-03-14,B17RRJVB3NE,Boston United Boys 17 Select 1,RRJVB,17,3,B17MVNER2NE,Meraki VB 17 2,B17,False,-10.0,-2.0,-17.6226109399729,-22.87107829300199,5.248467353029088,0.5826223743098521,-0.5826223743098521,False,0.2,-10.8,-1.0,-15.328413896763772,0.464512545331751,-0.264512545331751,,21
2026-03-15,B17RRJVB3NE,Boston United Boys 17 Select 1,RRJVB,17,3,B17PVJVB3NE,PV Boys 17 3,B17,False,-8.0,-1.0,-17.6226109399729,-13.784423886316176,-3.838187053656725,0.4393199494610718,-0.4393199494610718,True,0.0,-14.8,-1.6,-13.51108301542661,0.4358520603619949,-0.4358520603619949,0.0,22
2026-03-15,B17RRJVB3NE,Boston United Boys 17 Select 1,RRJVB,17,3,B17MVNER2NE,Meraki VB 17 2,B17,True,16.0,2.0,-17.6226109399729,-22.87107829300199,5.248467353029088,0.5826223743098521,0.4173776256901479,False,0.2,-8.6,-1.0,-15.985478540871265,0.4746331900471571,-0.2746331900471571,0.0,23
2026-01-31,B17SJJVB1NE,SMASH Boys 17-1,SJJVB,17,1,B17LHVBC1NE,LHV Boys 17-1 Ubuntu,B17,True,15.0,2.0,24.240906272986322,4.793922273324947,19.446983999661377,0.7748468536714483,0.22515314632855166,False,1.0,15.0,2.0,4.793922273324947,0.7748468536714483,0.22515314632855166,,1
2026-01-31,B17SJJVB1NE,SMASH Boys 17-1,SJJVB,17,1,B17BVJVB1NE,Blast 17 Ignite,B17,True,17.0,2.0,24.240906272986322,2.42210539887769,21.818800874108632,0.8000516250865709,0.1999483749134291,False,1.0,16.0,2.0,3.6080138361013185,0.7874492393790096,0.21255076062099038,,2
2026-01-31,B17SJJVB1NE,SMASH Boys 17-1,SJJVB,17,1,B17MVPVA1NE,MVP BOS 17 Black,B17,True,13.0,2.0,24.240906272986322,3.0609262950644527,21.17997997792187,0.7934780273341051,0.2065219726658949,False,1.0,15.0,2.0,3.4256513224223633,0.7894588353640414,0.21054116463595854,,3
2026-02-01,B17SJJVB1NE,SMASH Boys 17-1,SJJVB,17,1,B17LHVBC1NE,LHV Boys 17-1 Ubuntu,B17,True,29.0,2.0,24.240906272986322,4.793922273324947,19.446983999661377,0.7748468536714483,0.22515314632855166,False,1.0,18.5,2.0,3.7677190601480093,0.7858058399408931,0.21419416005910683,,4
2026-02-01,B17SJJVB1NE,SMASH Boys 17-1,SJJVB,17,1,B17NEVBC1NE,NEVBC Boys 17.1,B17,True,27.0,2.0,24.240906272986322,10.612049654657195,13.628856618329127,0.7039406244242046,0.2960593755757954,False,1.0,20.2,2.0,5.136585179049847,0.7694327968375554,0.23056720316244456,,5
2026-02-01,B17SJJVB1NE,SMASH Boys 17-1,SJJVB,17,1,B17SJJVB2NE,SMASH Boys 17 Chaos,B17,True,0.0,1.0,24.240906272986322,7.201372036587237,17.039534236399085,0.7470400437694414,0.25295995623055856,False,1.0,17.2,1.8,5.618075131702305,0.763871434857154,0.23612856514284591,,6
2025-12-20,B17SJJVB2NE,SMASH Boys 17 Chaos,SJJVB,17,2,B18MCJVB1NE,Mill City 18's,MIXED,False,-1.0,-1.0,7.201372036587237,8.201372036587305,-1.0000000000000675,0.4900283928094447,-0.4900283928094447,True,0.0,-1.0,-1.0,8.201372036587305,0.4900283928094447,-0.4900283928094447,0.0,1
2025-12-20,B17SJJVB2NE,SMASH Boys 17 Chaos,SJJVB,17,2,B18PVJVB1NE,PV Boys 18 1,MIXED,False,-15.0,-2.0,7.201372036587237,18.868723165950637,-11.6673511293634,0.38569830857019105,-0.38569830857019105,False,0.0,-8.0,-1.5,13.535047601268971,0.43786335068981785,-0.43786335068981785,0.0,2
2025-12-20,B17SJJVB2NE,SMASH Boys 17 Chaos,SJJVB,17,2,B18CAPIT1XL,CSVC 18 HAYSTACK,MIXED,True,8.0,2.0,7.201372036587237,2.5340209072239004,4.667351129363337,0.5464131605185447,0.4535868394814553,True,0.3333333333333333,-2.6666666666666665,-0.3333333333333333,9.868038703253948,0.4740466206327268,-0.1407132872993935,0.5,3
2025-12-21,B17SJJVB2NE,SMASH Boys 17 Chaos,SJJVB,17,2,B17CAPIT1XL,CSVC 17 BIG SLIDE,B17,False,-5.0,-1.0,7.201372036587237,13.536074295314258,-6.33470225872702,0.40069269906503585,-0.40069269906503585,False,0.25,-3.25,-0.5,10.785047601269024,0.4557081402408041,-0.20570814024080408,0.5,4
2025-12-21,B17SJJVB2NE,SMASH Boys 17 Chaos,SJJVB,17,2,B17NEVBC1NE,NEVBC Boys 17.1,B17,True,8.0,2.0,7.201372036587237,10.612049654657195,-3.4106776180699576,0.4460227640292156,0.5539772359707844,True,0.4,-1.0,0.0,10.75044801194666,0.4537710649984864,-0.053771064998486384,0.6666666666666666,5
2026-01-31,B17SJJVB2NE,SMASH Boys 17 Chaos,SJJVB,17,2,B17NEVBC1NE,NEVBC Boys 17.1,B17,True,15.0,2.0,7.201372036587237,10.612049654657195,-3.4106776180699576,0.4460227640292156,0.5539772359707844,True,0.6,2.2,0.6,11.23258353556064,0.44496993924244055,0.15503006075755943,1.0,6
2026-01-31,B17SJJVB2NE,SMASH Boys 17 Chaos,SJJVB,17,2,B17PVJVB1NE,PV Boys 17 1,B17,True,13.0,2.0,7.201372036587237,1.4239130434780398,5.777458993109198,0.5907740214286719,0.40922597857132814,False,0.8,7.8,1.4,7.743621511066118,0.4859850818141368,0.31401491818586325,1.0,7
2026-01-31,B17SJJVB2NE,SMASH Boys 17 Chaos,SJJVB,17,2,B17TTVBC2NE,SLAM 17 2 Boys,B17,True,14.0,2.0,7.201372036587237,-3.9278272583952063,11.129199294982444,0.6697992122078725,0.33020078779212747,False,0.8,9.0,1.4,6.451251877942298,0.5106622921520023,0.2893377078479977,1.0,8
2026-02-01,B17SJJVB2NE,SMASH Boys 17 Chaos,SJJVB,17,2,B17PVJVB1NE,PV Boys 17 1,B17,True,8.0,2.0,7.201372036587237,1.4239130434780398,5.777458993109198,0.5907740214286719,0.40922597857132814,False,1.0,11.6,2.0,4.028819627575053,0.5486785566247294,0.4513214433752705,1.0,9
2026-02-01,B17SJJVB2NE,SMASH Boys 17 Chaos,SJJVB,17,2,B17SJJVB1NE,SMASH Boys 17-1,B17,False,-0.0,-1.0,7.201372036587237,24.240906272986322,-17.039534236399085,0.25295995623055856,-0.25295995623055856,False,0.8,10.0,1.4,6.754590951240878,0.5100659950649981,0.28993400493500193,1.0,10
2026-02-01,B17SJJVB2NE,SMASH Boys 17 Chaos,SJJVB,17,2,B17SJJVB3NE,SMASH Boys 17's Shock,B17,True,13.0,2.0,7.201372036587237,-2.369565217391459,9.570937253978697,0.6475408635420945,0.3524591364579055,False,0.8,9.6,1.4,4.158267976831148,0.5503696149675739,0.24963038503242613,,11
2025-12-20,B17SJJVB3NE,SMASH Boys 17's Shock,SJJVB,17,3,B17CAPIT2XL,CSVC 17 SKYLIGHT,B17,True,12.0,2.0,-2.369565217391459,-11.076086956521994,8.706521739130535,0.6349037341841463,0.36509626581585375,False,1.0,12.0,2.0,-11.076086956521994,0.6349037341841463,0.36509626581585375,,1
2025-12-20,B17SJJVB3NE,SMASH Boys 17's Shock,SJJVB,17,3,B17PVJVB1NE,PV Boys 17 1,B17,True,7.0,2.0,-2.369565217391459,1.4239130434780398,-3.793478260869499,0.44001993524568556,0.5599800647543145,True,1.0,9.5,2.0,-4.826086956521977,0.5374618347149159,0.4625381652850841,1.0,2
2025-12-20,B17SJJVB3NE,SMASH Boys 17's Shock,SJJVB,17,3,B16SJJVB1NE,SMASH Boys 16-1,MIXED,False,-15.0,-2.0,-2.369565217391459,14.978260869565045,-17.347826086956502,0.33358062213563416,-0.33358062213563416,False,0.6666666666666666,1.3333333333333333,0.6666666666666666,1.7753623188403633,0.46950143052182197,0.19716523614484469,1.0,3
2025-12-21,B17SJJVB3NE,SMASH Boys 17's Shock,SJJVB,17,3,B18SJJVB3NE,SMASH Boys 18's Surge,MIXED,False,-24.0,-2.0,-2.369565217391459,13.62318840579702,-15.992753623188479,0.34570366350580517,-0.34570366350580517,False,0.5,-5.0,0.0,4.737318840579528,0.43855198876781776,0.06144801123218223,1.0,4
2025-12-21,B17SJJVB3NE,SMASH Boys 17's Shock,SJJVB,17,3,B18PVJVB3NE,PV Boys 18 3,MIXED,True,2.0,1.0,-2.369565217391459,1.2898550724636149,-3.659420289855074,0.46356953184399,0.5364304681560099,True,0.6,-3.6,0.2,4.047826086956345,0.4435554973830523,0.15644450261694778,1.0,5
2026-01-31,B17SJJVB3NE,SMASH Boys 17's Shock,SJJVB,17,3,B17HKJVB1NE,Husky 17.1,B17,True,-2.0,1.0,-2.369565217391459,16.040982892489453,-18.410548109880914,0.2368518124514078,0.7631481875485921,False,0.6,-6.4,0.0,9.471240056758635,0.3639451130365045,0.23605488696349547,1.0,6
2026-01-31,B17SJJVB3NE,SMASH Boys 17's Shock,SJJVB,17,3,B17CSJVB1NE,MEVBC/CT STARS 17 1,B17,True,0.0,1.0,-2.369565217391459,-2.417165663978395,0.04760044658693596,0.500756269109742,0.499243730890258,True,0.6,-7.8,-0.2,8.703024315267347,0.3760923798093158,0.22390762019068414,1.0,7
2026-01-31,B17SJJVB3NE,SMASH Boys 17's Shock,SJJVB,17,3,B17TTVBC1NE,SLAM 17 1 Boys,B17,True,11.0,1.0,-2.369565217391459,6.90661666404597,-9.276181881437429,0.35674612725516286,0.6432538727448371,False,0.8,-2.6,0.4,7.088695474163532,0.38072548083322155,0.41927451916677844,1.0,8
2026-02-01,B17SJJVB3NE,SMASH Boys 17's Shock,SJJVB,17,3,B17BVJVB1NE,Blast 17 Ignite,B17,True,18.0,2.0,-2.369565217391459,2.42210539887769,-4.791670616269149,0.42445345459719686,0.5755465454028031,True,1.0,5.8,1.2,4.848478872779667,0.3964754390514999,0.6035245609485,1.0,9
2026-02-01,B17SJJVB3NE,SMASH Boys 17's Shock,SJJVB,17,3,B17SJJVB2NE,SMASH Boys 17 Chaos,B17,False,-13.0,-2.0,-2.369565217391459,7.201372036587237,-9.570937253978697,0.35245913645790544,-0.35245913645790544,False,0.8,2.8,0.6,6.030782265604391,0.374253359974283,0.42574664002571694,1.0,10
2025-11-22,B17SJVBC1NE,South County Juniors Boys 17 1,SJVBC,17,1,B17BVJVB1NE,Blast 17 Ignite,B17,True,10.0,1.0,6.47483411747475,2.42210539887769,4.05272871859706,0.564035629402418,0.435964370597582,True,1.0,10.0,1.0,2.42210539887769,0.564035629402418,0.435964370597582,1.0,1
2025-11-22,B17SJVBC1NE,South County Juniors Boys 17 1,SJVBC,17,1,B17NESVC1NE,NE Storm 17 Tsunami,B17,False,-8.0,-1.0,6.47483411747475,5.657609235304984,0.8172248821697661,0.512981044612505,-0.512981044612505,True,0.5,1.0,0.0,4.039857317091338,0.5385083370074615,-0.038508337007461535,0.5,2
2025-11-22,B17SJVBC1NE,South County Juniors Boys 17 1,SJVBC,17,1,B17TTVBC1NE,SLAM 17 1 Boys,B17,True,0.0,1.0,6.47483411747475,6.90661666404597,-0.4317825465712195,0.4931403256467134,0.5068596743532866,True,0.6666666666666666,0.6666666666666666,0.3333333333333333,4.995443766076215,0.5233856665538789,0.14328100011278785,0.6666666666666666,3
2025-11-23,B17SJVBC1NE,South County Juniors Boys 17 1,SJVBC,17,1,B17MVPVA1NE,MVP BOS 17 Black,B17,True,9.0,2.0,6.47483411747475,3.0609262950644527,3.4139078224102977,0.554027958369469,0.44597204163053095,True,0.75,2.75,0.75,4.511814398323274,0.5310462395077764,0.21895376049222362,0.75,4
2025-11-23,B17SJVBC1NE,South County Juniors Boys 17 1,SJVBC,17,1,B17NESVC1NE,NE Storm 17 Tsunami,B17,False,6.0,-1.0,6.47483411747475,5.657609235304984,0.8172248821697661,0.512981044612505,-0.512981044612505,True,0.6,3.4,0.4,4.740973365719617,0.5274332005287221,0.07256679947127789,0.6,5
2026-02-06,B17SJVBC1NE,South County Juniors Boys 17 1,SJVBC,17,1,B17NYCIV1GE,NYC Impact 17U National,B17,False,-14.0,-2.0,6.47483411747475,13.464773086375576,-6.989938968900826,0.39073566120345826,-0.39073566120345826,False,0.4,-1.4,-0.2,6.949506903219193,0.4927732068889302,-0.09277320688893016,0.5,6
2026-02-06,B17SJVBC1NE,South County Juniors Boys 17 1,SJVBC,17,1,B17LCVBC1GE,Legacy Boys 17 National,B17,False,-0.0,-1.0,6.47483411747475,8.275165056722106,-1.8003309392473552,0.47142773881950906,-0.47142773881950906,True,0.4,0.2,-0.2,7.473018067502617,0.484462545730331,-0.08446254573033096,0.5,7
2026-02-06,B17SJVBC1NE,South County Juniors Boys 17 1,SJVBC,17,1,B17DIGSV1GE,Digs Boys 17 Red,B17,True,18.0,2.0,6.47483411747475,-2.569385161113874,9.044219278588624,0.6398639052597908,0.36013609474020924,False,0.4,3.8,0.0,5.577817702470648,0.5138072616529464,-0.11380726165294644,0.3333333333333333,8
2026-02-07,B17SJVBC1NE,South County Juniors Boys 17 1,SJVBC,17,1,B17NYCVA1GE,NYC VBA 17 Downtown,B17,True,13.0,2.0,6.47483411747475,-0.9722110322083073,7.447045149683058,0.6161576010766852,0.38384239892331484,False,0.4,4.6,0.0,4.771190237016097,0.5262331901943896,-0.12623319019438967,0.0,9
2026-02-07,B17SJVBC1NE,South County Juniors Boys 17 1,SJVBC,17,1,B17CAPIT1XL,CSVC 17 BIG SLIDE,B17,False,-17.0,-2.0,6.47483411747475,13.536074295314258,-7.061240177839507,0.3896574703421702,-0.3896574703421702,False,0.4,0.0,-0.2,6.346883249017951,0.5015684753403227,-0.10156847534032268,0.0,10
2026-02-07,B17SJVBC1NE,South County Juniors Boys 17 1,SJVBC,17,1,B17NYCIV1GE,NYC Impact 17U National,B17,False,-10.0,-1.0,6.47483411747475,13.464773086375576,-6.989938968900826,0.39073566120345826,-0.39073566120345826,False,0.4,0.8,0.0,6.346883249017951,0.5015684753403227,-0.10156847534032268,0.0,11
2026-02-08,B17SJVBC1NE,South County Juniors Boys 17 1,SJVBC,17,1,B17RRJVB1NE,Boston United Boys 17 National 1,B17,False,0.0,-1.0,6.47483411747475,0.2608695652172601,6.21396455225749,0.5974633112020336,-0.5974633112020336,False,0.4,0.8,0.0,4.7440241507169825,0.5267755898168276,-0.12677558981682757,,12
2026-03-14,B17SJVBC1NE,South County Juniors Boys 17 1,SJVBC,17,1,B17CSJVB1NE,MEVBC/CT STARS 17 1,B17,True,13.0,2.0,6.47483411747475,-2.417165663978395,8.891999781453146,0.6376316964642998,0.36236830353570015,False,0.4,-0.2,0.0,4.774468050144078,0.5263291480577295,-0.12632914805772938,,13
2026-03-14,B17SJVBC1NE,South County Juniors Boys 17 1,SJVBC,17,1,B17MVNER1NE,Meraki VB 17 1,B17,True,3.0,1.0,6.47483411747475,-1.6503657534424887,8.125199870917239,0.6262982001240484,0.37370179987595165,False,0.4,-2.2,-0.2,4.638837105897242,0.528357267867202,-0.12835726786720206,,14
2026-03-14,B17SJVBC1NE,South County Juniors Boys 17 1,SJVBC,17,1,B17RRJVB1NE,Boston United Boys 17 National 1,B17,False,-7.0,-2.0,6.47483411747475,0.2608695652172601,6.21396455225749,0.5974633112020336,-0.5974633112020336,False,0.4,-0.2,-0.2,1.9837961598778424,0.5699184360391747,-0.1699184360391747,,15
2026-03-15,B17SJVBC1NE,South County Juniors Boys 17 1,SJVBC,17,1,B17TTVBC1NE,SLAM 17 1 Boys,B17,True,-2.0,1.0,6.47483411747475,6.90661666404597,-0.4317825465712195,0.4931403256467134,0.5068596743532866,True,0.6,1.4,0.2,0.6721648754119212,0.5903993689278257,0.009600631072174282,1.0,16
2026-03-15,B17SJVBC1NE,South County Juniors Boys 17 1,SJVBC,17,1,B17CAPIT1XL,CSVC 17 BIG SLIDE,B17,False,-8.0,-2.0,6.47483411747475,13.536074295314258,-7.061240177839507,0.3896574703421702,-0.3896574703421702,False,0.6,-0.2,0.0,3.3272058214313205,0.548838200755853,0.051161799244146954,1.0,17
2026-02-06,B17SPTMC3GE,Sportime 17 3,SPTMC,17,3,B17CAPIT2XL,CSVC 17 SKYLIGHT,B17,True,0.0,1.0,1.8961447841210222,-11.076086956521994,12.972231740643016,0.6951704932149179,0.30482950678508214,False,1.0,0.0,1.0,-11.076086956521994,0.6951704932149179,0.30482950678508214,,1
2026-02-06,B17SPTMC3GE,Sportime 17 3,SPTMC,17,3,B17RRJVB2NE,Boston United Boys 17 Northeast,B17,True,3.0,1.0,1.8961447841210222,-5.5618029944589,7.457947778579922,0.6163214587081018,0.38367854129189816,False,1.0,1.5,1.0,-8.318944975490448,0.6557459759615099,0.34425402403849015,,2
2026-02-06,B17SPTMC3GE,Sportime 17 3,SPTMC,17,3,B17SPTMC4GE,Sportime 17 4,B17,True,11.0,1.0,1.8961447841210222,-13.979234867704784,15.875379651825806,0.7328055750801663,0.2671944249198337,False,1.0,4.666666666666667,1.0,-10.205708272895226,0.6814325090010621,0.318567490998938,,3
2026-02-06,B17SPTMC3GE,Sportime 17 3,SPTMC,17,3,B17NESVC1NE,NE Storm 17 Tsunami,B17,False,-14.0,-1.0,1.8961447841210222,5.657609235304984,-3.7614644511839623,0.44052130806469764,-0.44052130806469764,True,0.75,0.0,0.5,-6.239878895845173,0.6212047087669709,0.12879529123302907,0.0,4
2026-02-07,B17SPTMC3GE,Sportime 17 3,SPTMC,17,3,B17ROYAL1NO,Infinity Royals 17N,B17,True,8.0,2.0,1.8961447841210222,-0.5833724901928343,2.4795172743138565,0.5393129340016186,0.4606870659983814,True,0.8,1.6,0.8,-5.108577614714706,0.6048263538139004,0.19517364618609956,0.5,5
2026-02-07,B17SPTMC3GE,Sportime 17 3,SPTMC,17,3,B17LIFRY1GE,LI Fury 17 1,B17,True,4.0,1.0,1.8961447841210222,4.151513773943261,-2.255368989822239,0.464228212231195,0.5357717877688051,True,0.8,2.4,0.8,-2.063057468621655,0.5586378976171559,0.24136210238284414,0.6666666666666666,6
2026-02-08,B17SPTMC3GE,Sportime 17 3,SPTMC,17,3,B17SPTMC6GE,Sportime 17 Lynbrook 2,B17,True,10.0,2.0,1.8961447841210222,-7.908271585640657,9.804416369761679,0.6509198930142953,0.3490801069857047,False,0.8,3.8,1.0,-2.5323511868580058,0.5655575844783945,0.23444241552160544,0.6666666666666666,7
2026-02-08,B17SPTMC3GE,Sportime 17 3,SPTMC,17,3,B17NESVC1NE,NE Storm 17 Tsunami,B17,True,10.0,1.0,1.8961447841210222,5.657609235304984,-3.7614644511839623,0.44052130806469764,0.5594786919353023,True,0.8,3.6,1.0,1.3950176337439477,0.5071007310753008,0.2928992689246992,0.75,8
2026-02-08,B17SPTMC3GE,Sportime 17 3,SPTMC,17,3,B17117902XX,Torrimar 17 2,B17,False,-0.0,-1.0,1.8961447841210222,2.8986813753206606,-1.0025365911996384,0.4840772153313113,-0.4840772153313113,True,0.8,6.4,1.0,0.8432320617470831,0.5158119125286236,0.2841880874713764,0.75,9
2026-02-06,B17SPTMC4GE,Sportime 17 4,SPTMC,17,4,B17NESVC1NE,NE Storm 17 Tsunami,B17,False,-16.0,-2.0,-13.979234867704784,5.657609235304984,-19.636844103009768,0.22305512375417516,-0.22305512375417516,False,0.0,-16.0,-2.0,5.657609235304984,0.22305512375417516,-0.22305512375417516,,1
2026-02-06,B17SPTMC4GE,Sportime 17 4,SPTMC,17,4,B17ROYAL1NO,Infinity Royals 17N,B17,True,-3.0,1.0,-13.979234867704784,-0.5833724901928343,-13.39586237751195,0.29915459318848403,0.700845406811516,False,0.5,-9.5,-0.5,2.537118372556075,0.2611048584713296,0.23889514152867042,,2
2026-02-06,B17SPTMC4GE,Sportime 17 4,SPTMC,17,4,B17SPTMC3GE,Sportime 17 3,B17,False,-11.0,-1.0,-13.979234867704784,1.8961447841210222,-15.875379651825806,0.26719442491983364,-0.26719442491983364,False,0.3333333333333333,-10.0,-0.6666666666666666,2.323460509744391,0.26313471395416427,0.07019861937916906,,3
2026-02-06,B17SPTMC4GE,Sportime 17 4,SPTMC,17,4,B17LIFRY1GE,LI Fury 17 1,B17,False,-14.0,-2.0,-13.979234867704784,4.151513773943261,-18.130748641648047,0.2400809278133559,-0.2400809278133559,False,0.25,-11.0,-1.0,2.7804738257941084,0.25737126741896216,-0.007371267418962178,,4
2026-02-07,B17SPTMC4GE,Sportime 17 4,SPTMC,17,4,B17RRJVB2NE,Boston United Boys 17 Northeast,B17,False,-14.0,-2.0,-13.979234867704784,-5.5618029944589,-8.417431873245885,0.36936539473877733,-0.36936539473877733,False,0.2,-11.6,-1.2,1.1120184617435067,0.2797700928829252,-0.0797700928829252,,5
2026-02-07,B17SPTMC4GE,Sportime 17 4,SPTMC,17,4,B17CAPIT2XL,CSVC 17 SKYLIGHT,B17,False,-19.0,-2.0,-13.979234867704784,-11.076086956521994,-2.9031479111827903,0.4540055616241727,-0.4540055616241727,True,0.2,-12.2,-1.2,-2.234720776621889,0.3259601804569247,-0.12596018045692473,0.0,6
2026-02-08,B17SPTMC4GE,Sportime 17 4,SPTMC,17,4,B17MVPVA2NE,MVP BOS 17 Blue,B17,False,-12.0,-1.0,-13.979234867704784,-9.147307757863627,-4.831927109841157,0.42382858706688925,-0.42382858706688925,True,0.0,-14.0,-1.6,-3.9475078301560473,0.35089497923260576,-0.35089497923260576,0.0,7
2026-02-06,B17SPTMC5GE,Sportime 17 Lynbrook,SPTMC,17,5,B17MVPVA1NE,MVP BOS 17 Black,B17,True,3.0,1.0,1.7391244132409445,3.0609262950644527,-1.3218018818235082,0.47901172449341684,0.5209882755065831,True,1.0,3.0,1.0,3.0609262950644527,0.47901172449341684,0.5209882755065831,1.0,1
2026-02-06,B17SPTMC5GE,Sportime 17 Lynbrook,SPTMC,17,5,B17CAPIT1XL,CSVC 17 BIG SLIDE,B17,False,-14.0,-2.0,1.7391244132409445,13.536074295314258,-11.796949882073314,0.32088370831974256,-0.32088370831974256,False,0.5,-5.5,-0.5,8.298500295189355,0.39994771640657967,0.10005228359342028,1.0,2
2026-02-06,B17SPTMC5GE,Sportime 17 Lynbrook,SPTMC,17,5,B17ALLIN1FL,AVA 17 Boys,B17,False,-24.0,-2.0,1.7391244132409445,14.569140556144442,-12.830016142903498,0.3067481093090758,-0.3067481093090758,False,0.3333333333333333,-11.666666666666666,-1.0,10.388713715507718,0.3688811807074117,-0.03554784737407842,1.0,3
2026-02-07,B17SPTMC5GE,Sportime 17 Lynbrook,SPTMC,17,5,B17RAPTO1GE,NYC Raptors 17 Black,B17,True,17.0,2.0,1.7391244132409445,-7.710301495314071,9.449425908555016,0.6457764053530419,0.3542235946469581,False,0.5,-4.5,-0.25,5.863959912802271,0.43810498686881927,0.061895013131180704,1.0,4
2026-02-07,B17SPTMC5GE,Sportime 17 Lynbrook,SPTMC,17,5,B17NYCIV1GE,NYC Impact 17U National,B17,False,-8.0,-2.0,1.7391244132409445,13.464773086375576,-11.725648673134632,0.3218719570228194,-0.3218719570228194,False,0.4,-5.2,-0.6,7.384122547516933,0.4148583808996193,-0.014858380899619317,1.0,5
2026-02-07,B17SPTMC5GE,Sportime 17 Lynbrook,SPTMC,17,5,B17CAPIT1XL,CSVC 17 BIG SLIDE,B17,False,-14.0,-2.0,1.7391244132409445,13.536074295314258,-11.796949882073314,0.32088370831974256,-0.32088370831974256,False,0.2,-8.6,-1.2,9.479152147566893,0.3832327776648844,-0.18323277766488444,,6
2026-02-08,B17SPTMC5GE,Sportime 17 Lynbrook,SPTMC,17,5,B17MVPVA1NE,MVP BOS 17 Black,B17,False,-9.0,-2.0,1.7391244132409445,3.0609262950644527,-1.3218018818235082,0.47901172449341684,-0.47901172449341684,True,0.2,-7.6,-1.2,7.384122547516931,0.4148583808996193,-0.2148583808996193,0.0,7
2026-02-06,B17SPTMC6GE,Sportime 17 Lynbrook 2,SPTMC,17,6,B17117902XX,Torrimar 17 2,B17,False,-7.0,-2.0,-7.908271585640657,2.8986813753206606,-10.806952960961318,0.3347457887344871,-0.3347457887344871,False,0.0,-7.0,-2.0,2.8986813753206606,0.3347457887344871,-0.3347457887344871,,1
2026-02-06,B17SPTMC6GE,Sportime 17 Lynbrook 2,SPTMC,17,6,B17MVPVA2NE,MVP BOS 17 Blue,B17,True,12.0,2.0,-7.908271585640657,-9.147307757863627,1.2390361722229706,0.5196754798267951,0.4803245201732049,True,0.5,2.5,0.0,-3.1243131912714834,0.4272106342806411,0.0727893657193589,1.0,2
2026-02-06,B17SPTMC6GE,Sportime 17 Lynbrook 2,SPTMC,17,6,B17XTREM1GE,Xtreme 17 National Braulio,B17,False,-10.0,-1.0,-7.908271585640657,-7.311976960362236,-0.5962946252784205,0.4905272823631787,-0.4905272823631787,True,0.3333333333333333,-1.6666666666666667,-0.3333333333333333,-4.520201114301734,0.448316183641487,-0.11498285030815364,0.5,3
2026-02-07,B17SPTMC6GE,Sportime 17 Lynbrook 2,SPTMC,17,6,B17RIVAL1GE,Rival 17’s,B17,False,-4.0,-1.0,-7.908271585640657,-8.083672179554975,0.1754005939143184,0.5027867129020474,-0.5027867129020474,True,0.25,-2.25,-0.5,-5.411068880615044,0.4619338159566271,-0.21193381595662708,0.3333333333333333,4
2026-02-07,B17SPTMC6GE,Sportime 17 Lynbrook 2,SPTMC,17,6,B17LCVBC2GE,Legacy Boys 17 Premier,B17,False,-9.0,-2.0,-7.908271585640657,-5.4624626032818675,-2.4458089823587894,0.46121935276512666,-0.46121935276512666,True,0.2,-3.6,-0.8,-5.421347625148409,0.461790923318327,-0.261790923318327,0.25,5
2026-02-07,B17SPTMC6GE,Sportime 17 Lynbrook 2,SPTMC,17,6,B17MVPVA2NE,MVP BOS 17 Blue,B17,True,7.0,1.0,-7.908271585640657,-9.147307757863627,1.2390361722229706,0.5196754798267951,0.4803245201732049,True,0.4,-0.8,-0.2,-7.830545451785267,0.4987768615367886,-0.09877686153678858,0.4,6
2026-02-08,B17SPTMC6GE,Sportime 17 Lynbrook 2,SPTMC,17,6,B17SPTMC3GE,Sportime 17 3,B17,False,-10.0,-2.0,-7.908271585640657,1.8961447841210222,-9.804416369761679,0.3490801069857046,-0.3490801069857046,False,0.2,-5.2,-1.0,-5.621854943388337,0.4646577869685705,-0.2646577869685705,0.25,7
2026-01-17,B17SYRVB1XL,SVC 17 1 Boys,SYRVB,17,1,B17NESVC2NE,NE Storm 17 Landslide,B17,True,28.0,2.0,19.054499331905404,-5.3693656322920225,24.423864964197428,0.8252273190380968,0.17477268096190324,False,1.0,28.0,2.0,-5.3693656322920225,0.8252273190380968,0.17477268096190324,,1
2026-01-17,B17SYRVB1XL,SVC 17 1 Boys,SYRVB,17,1,B17RRJVB2NE,Boston United Boys 17 Northeast,B17,True,27.0,2.0,19.054499331905404,-5.5618029944589,24.616302326364305,0.8269841616551235,0.17301583834487655,False,1.0,27.5,2.0,-5.465584313375461,0.8261057403466101,0.1738942596533899,,2
2026-01-17,B17SYRVB1XL,SVC 17 1 Boys,SYRVB,17,1,B17TTVBC1NE,SLAM 17 1 Boys,B17,True,14.0,2.0,19.054499331905404,6.90661666404597,12.147882667859434,0.6839568122123166,0.31604318778768337,False,1.0,23.0,2.0,-1.3415173209016509,0.7787227643018456,0.22127723569815438,,3
2026-01-18,B17SYRVB1XL,SVC 17 1 Boys,SYRVB,17,1,B17CAMYV1NE,CYVB 17 1,B17,True,12.0,2.0,19.054499331905404,-3.423912133051875,22.47841146495728,0.8066731483550833,0.1933268516449167,False,1.0,20.25,2.0,-1.862116023939207,0.7857103603151551,0.21428963968484496,,4
2026-01-18,B17SYRVB1XL,SVC 17 1 Boys,SYRVB,17,1,B17CAPIT2XL,CSVC 17 SKYLIGHT,B17,True,17.0,2.0,19.054499331905404,-11.076086956521994,30.1305862884274,0.8715622902193921,0.12843770978060787,False,1.0,19.6,2.0,-3.7049102104557647,0.8028807462960025,0.19711925370399755,,5
2026-01-18,B17SYRVB1XL,SVC 17 1 Boys,SYRVB,17,1,B17TTVBC2NE,SLAM 17 2 Boys,B17,True,25.0,2.0,19.054499331905404,-3.9278272583952063,22.98232659030061,0.8116184370401741,0.1883815629598259,False,1.0,19.0,2.0,-3.416602535676401,0.800158969896418,0.19984103010358206,,6
2026-01-19,B17SYRVB1XL,SVC 17 1 Boys,SYRVB,17,1,B17BVJVB1NE,Blast 17 Ignite,B17,True,17.0,2.0,19.054499331905404,2.42210539887769,16.632393933027714,0.7421193543920815,0.25788064560791846,False,1.0,17.0,2.0,-1.819820857009083,0.7831860084438096,0.21681399155619047,,7
2026-01-19,B17SYRVB1XL,SVC 17 1 Boys,SYRVB,17,1,B17NESVC1NE,NE Storm 17 Tsunami,B17,True,21.0,2.0,19.054499331905404,5.657609235304984,13.39689009660042,0.7008591002428903,0.29914089975710967,False,1.0,18.4,2.0,-2.0696223427572797,0.7865664660499243,0.21343353395007575,,8
2025-11-22,B17TTVBC1NE,SLAM 17 1 Boys,TTVBC,17,1,B17NESVC1NE,NE Storm 17 Tsunami,B17,False,-1.0,-1.0,6.90661666404597,5.657609235304984,1.2490074287409856,0.5198336545560988,-0.5198336545560988,True,0.0,-1.0,-1.0,5.657609235304984,0.5198336545560988,-0.5198336545560988,0.0,1
2025-11-22,B17TTVBC1NE,SLAM 17 1 Boys,TTVBC,17,1,B17BVJVB1NE,Blast 17 Ignite,B17,True,12.0,2.0,6.90661666404597,2.42210539887769,4.48451126516828,0.57077095534721,0.42922904465279,True,0.5,5.5,0.5,4.039857317091338,0.5453023049516543,-0.04530230495165438,0.5,2
2025-11-22,B17TTVBC1NE,SLAM 17 1 Boys,TTVBC,17,1,B17SJVBC1NE,South County Juniors Boys 17 1,B17,False,-0.0,-1.0,6.90661666404597,6.47483411747475,0.4317825465712195,0.5068596743532866,-0.5068596743532866,True,0.3333333333333333,3.6666666666666665,0.0,4.851516250552475,0.5324880947521985,-0.19915476141886512,0.3333333333333333,3
2025-11-23,B17TTVBC1NE,SLAM 17 1 Boys,TTVBC,17,1,B17TTVBC2NE,SLAM 17 2 Boys,B17,True,7.0,2.0,6.90661666404597,-3.9278272583952063,10.834443922441176,0.6656431604466433,0.3343568395533567,False,0.5,4.5,0.5,2.6566803733155546,0.5657768611758096,-0.06577686117580966,0.3333333333333333,4
2025-11-23,B17TTVBC1NE,SLAM 17 1 Boys,TTVBC,17,1,B17RRJVB1NE,Boston United Boys 17 National 1,B17,True,9.0,2.0,6.90661666404597,0.2608695652172601,6.64574709882871,0.604044742207028,0.395955257792972,False,0.6,5.4,0.8,2.177518211695896,0.5734304373820533,0.026569562617946674,0.3333333333333333,5
2026-01-17,B17TTVBC1NE,SLAM 17 1 Boys,TTVBC,17,1,B17RRJVB2NE,Boston United Boys 17 Northeast,B17,True,19.0,2.0,6.90661666404597,-5.5618029944589,12.468419658504871,0.6883435287227057,0.31165647127729434,False,0.8,9.4,1.4,-0.06636423425688118,0.6071324122153747,0.1928675877846253,0.5,6
2026-01-17,B17TTVBC1NE,SLAM 17 1 Boys,TTVBC,17,1,B17NESVC2NE,NE Storm 17 Landslide,B17,True,5.0,2.0,6.90661666404597,-5.3693656322920225,12.275982296337993,0.6857139116594281,0.3142860883405719,False,0.8,8.0,1.4,-1.6246584404908238,0.6301210034778183,0.1698789965221817,0.0,7
2026-01-17,B17TTVBC1NE,SLAM 17 1 Boys,TTVBC,17,1,B17SYRVB1XL,SVC 17 1 Boys,B17,False,-14.0,-2.0,6.90661666404597,19.054499331905404,-12.147882667859434,0.3160431877876833,-0.3160431877876833,False,0.8,5.2,1.2,0.8912746023953069,0.5919577061646977,0.20804229383530232,,8
2026-01-18,B17TTVBC1NE,SLAM 17 1 Boys,TTVBC,17,1,B17NESVC1NE,NE Storm 17 Tsunami,B17,False,-7.0,-1.0,6.90661666404597,5.657609235304984,1.2490074287409856,0.5198336545560988,-0.5198336545560988,True,0.6,2.4,0.6,2.8083619011353456,0.5627958049865888,0.03720419501341123,0.0,9
2026-01-18,B17TTVBC1NE,SLAM 17 1 Boys,TTVBC,17,1,B17BVJVB1NE,Blast 17 Ignite,B17,False,-3.0,-1.0,6.90661666404597,2.42210539887769,4.48451126516828,0.57077095534721,-0.57077095534721,True,0.4,0.0,0.0,3.240609067867431,0.5561410476146251,-0.15614104761462516,0.0,10
2026-01-18,B17TTVBC1NE,SLAM 17 1 Boys,TTVBC,17,1,B17PVJVB1NE,PV Boys 17 1,B17,True,7.0,2.0,6.90661666404597,1.4239130434780398,5.48270362056793,0.5862377571233179,0.41376224287668206,False,0.4,-2.4,0.0,4.63775227545482,0.5357198932947476,-0.1357198932947476,0.0,11
2026-01-19,B17TTVBC1NE,SLAM 17 1 Boys,TTVBC,17,1,B17CAMYV1NE,CYVB 17 1,B17,True,8.0,2.0,6.90661666404597,-3.423912133051875,10.330528797097845,0.6584783066038563,0.3415216933961437,False,0.4,-1.8,0.0,5.026842975302849,0.5302727722836333,-0.13027277228363326,0.0,12
2026-01-19,B17TTVBC1NE,SLAM 17 1 Boys,TTVBC,17,1,B17CAPIT2XL,CSVC 17 SKYLIGHT,B17,True,30.0,2.0,6.90661666404597,-11.076086956521994,17.982703620567964,0.7581983743996821,0.24180162560031793,False,0.6,7.0,0.8,-0.9992742823826305,0.6187038096060331,-0.018703809606033028,0.0,13
2026-01-31,B17TTVBC1NE,SLAM 17 1 Boys,TTVBC,17,1,B17SJJVB3NE,SMASH Boys 17's Shock,B17,False,-11.0,-1.0,6.90661666404597,-2.369565217391459,9.276181881437429,0.6432538727448371,-0.6432538727448371,False,0.6,6.2,0.8,-2.604709172921919,0.6433878532437807,-0.04338785324378071,0.0,14
2026-01-31,B17TTVBC1NE,SLAM 17 1 Boys,TTVBC,17,1,B17CSJVB1NE,MEVBC/CT STARS 17 1,B17,True,5.0,1.0,6.90661666404597,-2.417165663978395,9.323782328024365,0.6439477615285318,0.35605223847146816,False,0.8,7.8,1.2,-3.572563385493136,0.6580232144800451,0.1419767855199549,,15
2026-01-31,B17TTVBC1NE,SLAM 17 1 Boys,TTVBC,17,1,B17HKJVB1NE,Husky 17.1,B17,False,-13.0,-2.0,6.90661666404597,16.040982892489453,-9.134366228443483,0.35881698198587114,-0.35881698198587114,False,0.6,3.8,0.4,-0.6491494156908537,0.6125390594525556,-0.012539059452555712,,16
2026-02-01,B17TTVBC1NE,SLAM 17 1 Boys,TTVBC,17,1,B17CSJVB1NE,MEVBC/CT STARS 17 1,B17,True,12.0,2.0,6.90661666404597,-2.417165663978395,9.323782328024365,0.6439477615285318,0.35605223847146816,False,0.6,4.6,0.4,-0.4478001218761576,0.6096329504374908,-0.009632950437490817,,17
2026-02-01,B17TTVBC1NE,SLAM 17 1 Boys,TTVBC,17,1,B17MVPVA1NE,MVP BOS 17 Black,B17,False,-2.0,-1.0,6.90661666404597,3.0609262950644527,3.845690368981517,0.5607975030508405,-0.5607975030508405,True,0.4,-1.8,-0.2,2.379602528441132,0.5701527761677225,-0.1701527761677225,0.0,18
2026-03-14,B17TTVBC1NE,SLAM 17 1 Boys,TTVBC,17,1,B17NESVC2NE,NE Storm 17 Landslide,B17,True,8.0,2.0,6.90661666404597,-5.3693656322920225,12.275982296337993,0.6857139116594281,0.3142860883405719,False,0.6,2.0,0.4,1.779642445461019,0.5786447839506408,0.021355216049359305,0.0,19
2026-03-14,B17TTVBC1NE,SLAM 17 1 Boys,TTVBC,17,1,B17NEVBC2NE,NEVBC Boys 17.2,B17,True,3.0,1.0,6.90661666404597,4.854720631336346,2.0518960327096236,0.5325541392155818,0.4674458607844182,True,0.6,1.6,0.4,3.234019704523967,0.5563660594880506,0.04363394051194931,0.5,20
2026-03-14,B17TTVBC1NE,SLAM 17 1 Boys,TTVBC,17,1,B17HKJVB1NE,Husky 17.1,B17,False,-8.0,-2.0,6.90661666404597,16.040982892489453,-9.134366228443483,0.35881698198587114,-0.35881698198587114,False,0.6,2.6,0.4,3.234019704523967,0.5563660594880507,0.04363394051194932,0.5,21
2026-03-15,B17TTVBC1NE,SLAM 17 1 Boys,TTVBC,17,1,B17SJVBC1NE,South County Juniors Boys 17 1,B17,False,2.0,-1.0,6.90661666404597,6.47483411747475,0.4317825465712195,0.5068596743532866,-0.5068596743532866,True,0.4,0.6,-0.2,5.0124196608145954,0.5289484420530016,-0.12894844205300166,0.3333333333333333,22
2026-03-15,B17TTVBC1NE,SLAM 17 1 Boys,TTVBC,17,1,B17CSJVB1NE,MEVBC/CT STARS 17 1,B17,True,22.0,2.0,6.90661666404597,-2.417165663978395,9.323782328024365,0.6439477615285318,0.35605223847146816,False,0.6,5.4,0.4,3.9168012690060268,0.54557849374854,0.0544215062514601,0.5,23
2025-11-22,B17TTVBC2NE,SLAM 17 2 Boys,TTVBC,17,2,B17RRJVB1NE,Boston United Boys 17 National 1,B17,False,-14.0,-1.0,-3.9278272583952063,0.2608695652172601,-4.188696823612466,0.4338407482069906,-0.4338407482069906,True,0.0,-14.0,-1.0,0.2608695652172601,0.4338407482069906,-0.4338407482069906,0.0,1
2025-11-22,B17TTVBC2NE,SLAM 17 2 Boys,TTVBC,17,2,B17MVPVA1NE,MVP BOS 17 Black,B17,False,-9.0,-1.0,-3.9278272583952063,3.0609262950644527,-6.988753553459659,0.39075359567648954,-0.39075359567648954,False,0.0,-11.5,-1.0,1.6608979301408564,0.4122971719417401,-0.4122971719417401,0.0,2
2025-11-22,B17TTVBC2NE,SLAM 17 2 Boys,TTVBC,17,2,B17MVNER1NE,Meraki VB 17 1,B17,False,-13.0,-2.0,-3.9278272583952063,-1.6503657534424887,-2.2774615049527176,0.46387902343048404,-0.46387902343048404,True,0.0,-12.0,-1.3333333333333333,0.557143368946408,0.42949112243798804,-0.42949112243798804,0.0,3
2025-11-23,B17TTVBC2NE,SLAM 17 2 Boys,TTVBC,17,2,B17TTVBC1NE,SLAM 17 1 Boys,B17,False,-7.0,-2.0,-3.9278272583952063,6.90661666404597,-10.834443922441176,0.33435683955335666,-0.33435683955335666,False,0.0,-10.75,-1.5,2.1445116927212986,0.4057075517168302,-0.4057075517168302,0.0,4
2025-11-23,B17TTVBC2NE,SLAM 17 2 Boys,TTVBC,17,2,B17BVJVB1NE,Blast 17 Ignite,B17,False,-10.0,-2.0,-3.9278272583952063,2.42210539887769,-6.3499326572728965,0.4004602883504308,-0.4004602883504308,False,0.0,-10.6,-1.6,2.200030433952577,0.4046580990435503,-0.4046580990435503,0.0,5
2026-01-17,B17TTVBC2NE,SLAM 17 2 Boys,TTVBC,17,2,B17MVNER1NE,Meraki VB 17 1,B17,False,-5.0,-1.0,-3.9278272583952063,-1.6503657534424887,-2.2774615049527176,0.46387902343048404,-0.46387902343048404,True,0.0,-8.8,-1.6,1.8177833702206272,0.410665754088249,-0.410665754088249,0.0,6
2026-01-17,B17TTVBC2NE,SLAM 17 2 Boys,TTVBC,17,2,B17PVJVB1NE,PV Boys 17 1,B17,True,2.0,1.0,-3.9278272583952063,1.4239130434780398,-5.351740301873246,0.4157825122959628,0.5842174877040371,False,0.2,-6.6,-1.2,1.4903807199033445,0.41567153741214363,-0.21567153741214368,0.0,7
2026-01-17,B17TTVBC2NE,SLAM 17 2 Boys,TTVBC,17,2,B17NESVC3NE,NE Storm 17 Wildfire,B17,True,17.0,2.0,-3.9278272583952063,-12.143759467665873,8.215932209270667,0.6276467802286427,0.37235321977135727,False,0.4,-0.6,-0.4,-0.6082980229413323,0.44842508877177545,-0.048425088771775426,0.0,8
2026-01-18,B17TTVBC2NE,SLAM 17 2 Boys,TTVBC,17,2,B17CAPIT2XL,CSVC 17 SKYLIGHT,B17,False,4.0,-1.0,-3.9278272583952063,-11.076086956521994,7.148259698126788,0.6116569459759242,-0.6116569459759242,False,0.4,1.6,-0.2,-4.204838747054925,0.5038851100562889,-0.10388511005628893,0.0,9
2026-01-18,B17TTVBC2NE,SLAM 17 2 Boys,TTVBC,17,2,B17CAMYV1NE,CYVB 17 1,B17,True,18.0,2.0,-3.9278272583952063,-3.423912133051875,-0.5039151253433314,0.49199454638720086,0.5080054536127991,True,0.6,7.2,0.6,-5.374042253440838,0.5221919616636429,0.07780803833635705,0.5,10
2026-01-18,B17TTVBC2NE,SLAM 17 2 Boys,TTVBC,17,2,B17SYRVB1XL,SVC 17 1 Boys,B17,False,-25.0,-2.0,-3.9278272583952063,19.054499331905404,-22.98232659030061,0.1883815629598259,-0.1883815629598259,False,0.6,3.2,0.4,-1.2330692363712594,0.46709246956951134,0.1329075304304887,1.0,11
2026-01-19,B17TTVBC2NE,SLAM 17 2 Boys,TTVBC,17,2,B17NESVC1NE,NE Storm 17 Tsunami,B17,False,-12.0,-2.0,-3.9278272583952063,5.657609235304984,-9.58543649370019,0.352248861395471,-0.352248861395471,False,0.4,0.4,-0.2,-0.3863299980058706,0.45438573938941296,-0.05438573938941295,1.0,12
2026-01-31,B17TTVBC2NE,SLAM 17 2 Boys,TTVBC,17,2,B17NEVBC1NE,NEVBC Boys 17.1,B17,False,-14.0,-2.0,-3.9278272583952063,10.612049654657195,-14.539876913052401,0.28413732957202986,-0.28413732957202986,False,0.2,-5.8,-1.0,4.164831826458743,0.3856838492580904,-0.18568384925809037,1.0,13
2026-01-31,B17TTVBC2NE,SLAM 17 2 Boys,TTVBC,17,2,B17PVJVB1NE,PV Boys 17 1,B17,False,-15.0,-2.0,-3.9278272583952063,1.4239130434780398,-5.351740301873246,0.4157825122959628,-0.4157825122959628,False,0.2,-9.6,-1.2,6.66483182645875,0.34650896252209806,-0.14650896252209805,1.0,14
2026-01-31,B17TTVBC2NE,SLAM 17 2 Boys,TTVBC,17,2,B17SJJVB2NE,SMASH Boys 17 Chaos,B17,False,-14.0,-2.0,-3.9278272583952063,7.201372036587237,-11.129199294982444,0.3302007877921274,-0.3302007877921274,False,0.0,-16.0,-2.0,8.789888660386573,0.3141502108030834,-0.3141502108030834,,15
2026-02-01,B17TTVBC2NE,SLAM 17 2 Boys,TTVBC,17,2,B17MVPVA1NE,MVP BOS 17 Black,B17,False,-9.0,-2.0,-3.9278272583952063,3.0609262950644527,-6.988753553459659,0.39075359567648954,-0.39075359567648954,False,0.0,-12.8,-2.0,5.591174053018382,0.35462461734641615,-0.3546246173464161,,16
2026-02-01,B17TTVBC2NE,SLAM 17 2 Boys,TTVBC,17,2,B17CSJVB1NE,MEVBC/CT STARS 17 1,B17,True,-4.0,1.0,-3.9278272583952063,-2.417165663978395,-1.5106615944168111,0.47601722341219793,0.523982776587802,True,0.2,-11.2,-1.4,3.976219073161706,0.3793782897497615,-0.1793782897497615,1.0,17
2026-03-14,B17TTVBC2NE,SLAM 17 2 Boys,TTVBC,17,2,B17NESVC1NE,NE Storm 17 Tsunami,B17,False,-15.0,-2.0,-3.9278272583952063,5.657609235304984,-9.58543649370019,0.352248861395471,-0.352248861395471,False,0.2,-11.4,-1.4,2.985330989291264,0.3930005961144497,-0.19300059611444972,1.0,18
2026-03-14,B17TTVBC2NE,SLAM 17 2 Boys,TTVBC,17,2,B17CAPIT1XL,CSVC 17 BIG SLIDE,B17,False,-11.0,-2.0,-3.9278272583952063,13.536074295314258,-17.463901553709462,0.24789759394145644,-0.24789759394145644,False,0.2,-10.6,-1.4,5.407763239658507,0.3594236124435485,-0.15942361244354847,1.0,19
2026-03-14,B17TTVBC2NE,SLAM 17 2 Boys,TTVBC,17,2,B17BVJVB1NE,Blast 17 Ignite,B17,False,-10.0,-1.0,-3.9278272583952063,2.42210539887769,-6.3499326572728965,0.4004602883504308,-0.4004602883504308,False,0.2,-9.8,-1.2,4.451909912116598,0.3734755125552091,-0.17347551255520913,1.0,20
2026-03-15,B17TTVBC2NE,SLAM 17 2 Boys,TTVBC,17,2,B17NESVC2NE,NE Storm 17 Landslide,B17,False,-8.0,-1.0,-3.9278272583952063,-5.3693656322920225,1.4415383738968162,0.5228869688615738,-0.5228869688615738,True,0.2,-9.6,-1.0,2.765851526645303,0.399902187192226,-0.19990218719222597,0.5,21
2026-03-15,B17TTVBC2NE,SLAM 17 2 Boys,TTVBC,17,2,B17MVNER1NE,Meraki VB 17 1,B17,False,-3.0,-1.0,-3.9278272583952063,-1.6503657534424887,-2.2774615049527176,0.46387902343048404,-0.46387902343048404,True,0.0,-9.4,-1.4,2.9192115087524844,0.39747454719588327,-0.39747454719588315,0.0,22
2026-02-06,B17XTREM1GE,Xtreme 17 National Braulio,XTREM,17,1,B17RIVAL1GE,Rival 17’s,B17,False,-5.0,-1.0,-7.311976960362236,-8.083672179554975,0.7716952191927389,0.512258136190282,-0.512258136190282,True,0.0,-5.0,-1.0,-8.083672179554975,0.512258136190282,-0.512258136190282,0.0,1
2026-02-06,B17XTREM1GE,Xtreme 17 National Braulio,XTREM,17,1,B17LCVBC2GE,Legacy Boys 17 Premier,B17,True,4.0,1.0,-7.311976960362236,-5.4624626032818675,-1.849514357080369,0.4706489410024138,0.5293510589975863,True,0.5,-0.5,0.0,-6.773067391418421,0.4914535385963479,0.008546461403652117,0.5,2
2026-02-06,B17XTREM1GE,Xtreme 17 National Braulio,XTREM,17,1,B17SPTMC6GE,Sportime 17 Lynbrook 2,B17,True,10.0,1.0,-7.311976960362236,-7.908271585640657,0.5962946252784205,0.5094727176368212,0.4905272823631788,True,0.6666666666666666,3.0,0.3333333333333333,-7.1514687894925,0.497459931609839,0.16920673505682768,0.6666666666666666,3
2026-02-07,B17XTREM1GE,Xtreme 17 National Braulio,XTREM,17,1,B17MVPVA2NE,MVP BOS 17 Blue,B17,False,-4.0,-2.0,-7.311976960362236,-9.147307757863627,1.835330797501391,0.5291264830571206,-0.5291264830571206,True,0.5,1.25,-0.25,-7.650428531585282,0.5053765694716594,-0.005376569471659404,0.5,4
2026-02-07,B17XTREM1GE,Xtreme 17 National Braulio,XTREM,17,1,B17117902XX,Torrimar 17 2,B17,False,-4.0,-2.0,-7.311976960362236,2.8986813753206606,-10.210658335682897,0.34323691457127686,-0.34323691457127686,False,0.4,0.2,-0.6,-5.540606550204093,0.47294863849158286,-0.0729486384915829,0.5,5
2026-02-07,B17XTREM1GE,Xtreme 17 National Braulio,XTREM,17,1,B17RIVAL1GE,Rival 17’s,B17,False,-7.0,-1.0,-7.311976960362236,-8.083672179554975,0.7716952191927389,0.512258136190282,-0.512258136190282,True,0.4,-0.2,-0.6,-5.540606550204094,0.47294863849158286,-0.0729486384915829,0.5,6
2026-02-08,B17XTREM1GE,Xtreme 17 National Braulio,XTREM,17,1,B17RRJVB2NE,Boston United Boys 17 Northeast,B17,True,6.0,2.0,-7.311976960362236,-5.5618029944589,-1.7501739659033362,0.47222209571036433,0.5277779042896357,True,0.4,0.2,-0.4,-5.560474628439501,0.47326326943317304,-0.07326326943317303,0.5,7
2026-02-08,B17XTREM1GE,Xtreme 17 National Braulio,XTREM,17,1,B17MVPVA2NE,MVP BOS 17 Blue,B17,False,-8.0,-1.0,-7.311976960362236,-9.147307757863627,1.835330797501391,0.5291264830571206,-0.5291264830571206,True,0.2,-3.4,-0.8,-5.808281862884094,0.477194022517233,-0.2771940225172329,0.25,8
2026-01-17,B18118281XX,PWVolleyball 18 1,11828,18,1,B18BVJVB2NE,Blast 18 Blaze,B18,True,11.0,2.0,5.536074295314347,-18.71443905170827,24.250513347022615,0.8057954401604696,0.19420455983953044,False,1.0,11.0,2.0,-18.71443905170827,0.8057954401604696,0.19420455983953044,,1
2026-01-17,B18118281XX,PWVolleyball 18 1,11828,18,1,B18PVJVB2NE,PV Boys 18 2,B18,True,10.0,1.0,5.536074295314347,-2.963925704685832,8.50000000000018,0.6221641593313121,0.3778358406686879,False,1.0,10.5,1.5,-10.83918237819705,0.7139797997458908,0.2860202002541092,,2
2026-01-17,B18118281XX,PWVolleyball 18 1,11828,18,1,B17CAPIT1XL,CSVC 17 BIG SLIDE,MIXED,False,-8.0,-2.0,5.536074295314347,13.536074295314258,-7.99999999999991,0.42088687545754766,-0.42088687545754766,True,0.6666666666666666,4.333333333333333,0.3333333333333333,-2.714096820359947,0.6162821583164431,0.05038450835022357,0.0,3
2026-01-18,B18118281XX,PWVolleyball 18 1,11828,18,1,B18NESVC1NE,NE Storm 18 Thunder,B18,True,14.0,2.0,5.536074295314347,-3.463925704685793,9.00000000000014,0.6290356705848601,0.3709643294151399,False,0.75,6.75,0.75,-2.9015540414414085,0.6194705363835473,0.13052946361645265,0.0,4
2026-01-18,B18118281XX,PWVolleyball 18 1,11828,18,1,B18VTVBC1NE,VTV 18 1,B18,False,1.0,-1.0,5.536074295314347,1.4938606153164464,4.042213679997901,0.5590186018133084,-0.5590186018133084,True,0.6,5.6,0.4,-2.0224711100898376,0.6073801494694996,-0.007380149469499564,0.0,5
2026-01-18,B18118281XX,PWVolleyball 18 1,11828,18,1,B18RRJVB2NE,Boston United Boys 18 Select 1,B18,True,9.0,1.0,5.536074295314347,-11.494042789497282,17.03011708481163,0.7309121696154968,0.26908783038450323,False,0.6,5.2,0.2,-0.5783918576476402,0.592403495360505,0.007596504639494994,0.0,6
2026-01-19,B18118281XX,PWVolleyball 18 1,11828,18,1,B18CAPIT1XL,CSVC 18 HAYSTACK,B18,False,-3.0,-1.0,5.536074295314347,2.5340209072239004,3.002053388090447,0.5439234459700443,-0.5439234459700443,True,0.4,2.6,-0.2,0.5211974647343063,0.5767553526882515,-0.17675535268825143,0.0,7
2026-02-06,B18118281XX,PW-VB Quarter-Zip Elite 67-Matcha,11828,18,1,B18ROYAL1NO,Infinity Royals 18N,B18,True,1.0,1.0,5.536074295314347,4.605516048819804,0.9305582464945434,0.5136469183331104,0.4863530816668896,True,0.6,4.4,0.4,-1.2649141845645846,0.5953073612633639,0.0046926387366360124,0.3333333333333333,8
2026-02-06,B18118281XX,PW-VB Quarter-Zip Elite 67-Matcha,11828,18,1,B18MVPVA2NE,MVP BOS 18 Blue,B18,True,7.0,2.0,5.536074295314347,-0.9074394572431146,6.443513752557462,0.5934095094452405,0.4065904905547595,False,0.6,3.0,0.4,-0.7536169350760489,0.5881821290354401,0.01181787096455993,0.3333333333333333,9
2026-02-06,B18118281XX,PW-VB Quarter-Zip Elite 67-Matcha,11828,18,1,B18XTREM2GE,Xtreme 18 National Kelly,B18,True,5.0,1.0,5.536074295314347,4.8934416842904245,0.6426326110239229,0.5094256262717968,0.49057437372820323,True,0.8,3.8,0.8,-0.07370072128125323,0.5782635339271377,0.2217364660728623,0.6666666666666666,10
2026-02-07,B18118281XX,PW-VB Quarter-Zip Elite 67-Matcha,11828,18,1,B18SAVBC1XL,Sporting Albany Boys 18u,B18,True,8.0,2.0,5.536074295314347,-18.130434782608912,23.66650907792326,0.8003767908668489,0.19962320913315112,False,0.8,3.6,1.0,-1.4009791199035793,0.5921564581774081,0.20784354182259185,0.6666666666666666,11
2026-02-07,B18118281XX,PW-VB Quarter-Zip Elite 67-Matcha,11828,18,1,B18NYCIV2GE,NYC Impact 18 Travel,B18,True,13.0,1.0,5.536074295314347,1.0294245539929756,4.506649741321372,0.5657252666805719,0.4342747333194281,True,1.0,6.8,1.4,-1.7018983905497642,0.5965168223195136,0.40348317768048636,1.0,12
2026-02-07,B18118281XX,PW-VB Quarter-Zip Elite 67-Matcha,11828,18,1,B18LCVBC5GE,Legacy Boys 18 Premier Billy,B18,True,7.0,2.0,5.536074295314347,-18.60529305370297,24.141367349017315,0.8047912850428116,0.1952087149571884,False,1.0,8.0,1.6,-6.344060211054319,0.654745695661454,0.3452543043385461,1.0,13
2026-02-08,B18118281XX,PW-VB Quarter-Zip Elite 67-Matcha,11828,18,1,B18RRJVB1NE,Boston United Boys 18 1,B18,True,4.0,2.0,5.536074295314347,-4.617049081822097,10.153123377136446,0.6446816480144968,0.3553183519855032,False,1.0,7.4,1.6,-7.085982135970116,0.6650001233753052,0.33499987662469477,1.0,14
2026-02-08,B18118281XX,PW-VB Quarter-Zip Elite 67-Matcha,11828,18,1,B18XTREM2GE,Xtreme 18 National Kelly,B18,False,-0.0,-1.0,5.536074295314347,4.8934416842904245,0.6426326110239229,0.5094256262717968,-0.5094256262717968,True,0.8,6.4,1.2,-7.085982135970116,0.6650001233753052,0.13499987662469484,0.5,15
2026-03-14,B18118281XX,PW-VB Quarter-Zip Elite 67-Matcha,11828,18,1,B18RRJVB2NE,Boston United Boys 18 Select 1,B18,True,14.0,2.0,5.536074295314347,-11.494042789497282,17.03011708481163,0.7309121696154968,0.26908783038450323,False,0.8,7.6,1.2,-5.75870373734779,0.6511071991250348,0.14889280087496523,0.5,16
2026-03-14,B18118281XX,PW-VB Quarter-Zip Elite 67-Matcha,11828,18,1,B18NEVBC2NE,NEVBC Boys 18.2,B18,True,12.0,2.0,5.536074295314347,-4.320455937255204,9.85653023256955,0.6406852674066852,0.3593147325933148,False,0.8,7.4,1.4,-6.828679835597425,0.6660991992702574,0.1339008007297426,0.0,17
2026-03-14,B18118281XX,PW-VB Quarter-Zip Elite 67-Matcha,11828,18,1,B18BVJVB1NE,Blast 18 Fire,B18,False,-13.0,-2.0,5.536074295314347,3.536074295314291,2.0000000000000564,0.5293042695731469,-0.5293042695731469,True,0.6,3.4,0.6,-2.4004063657939736,0.6110017961763244,-0.011001796176324486,0.0,18
2026-03-15,B18118281XX,PW-VB Quarter-Zip Elite 67-Matcha,11828,18,1,B18SJVBC2NE,South County Juniors Boys 18's Gold,B18,True,7.0,2.0,5.536074295314347,-0.8950895960897043,6.431163891404052,0.5932346608804372,0.4067653391195628,False,0.6,4.0,0.6,-1.656014468647495,0.6007123987495125,-0.0007123987495125661,0.0,19
2026-03-15,B18118281XX,PW-VB Quarter-Zip Elite 67-Matcha,11828,18,1,B18HKJVB2NE,Husky 18.2,B18,True,4.0,1.0,5.536074295314347,-0.12825317049956553,5.664327465813913,0.582333211366721,0.417666788633279,True,0.8,4.8,1.0,-2.660353439605493,0.6152939157684975,0.1847060842315026,0.5,20
2026-03-14,B18315VB1XL,315VB 18 USA,315VB,18,1,B18HKJVB3NE,Husky 18.3,B18,True,11.0,2.0,11.909790927758058,-2.745975258155825,14.655766185913883,0.702647819320111,0.297352180679889,False,1.0,11.0,2.0,-2.745975258155825,0.702647819320111,0.297352180679889,,1
2026-03-14,B18315VB1XL,315VB 18 USA,315VB,18,1,B18SAVBC1XL,Sporting Albany Boys 18u,B18,True,17.0,2.0,11.909790927758058,-18.130434782608912,30.04022571036697,0.8535392169176125,0.14646078308238752,False,1.0,14.0,2.0,-10.43820502038237,0.7780935181188617,0.22190648188113826,,2
2026-03-14,B18315VB1XL,315VB 18 USA,315VB,18,1,B18GEVBC1NE,Generations vbc 18 1,B18,True,22.0,2.0,11.909790927758058,-19.47697537158356,31.386766299341616,0.8631429197129987,0.13685708028700128,False,1.0,16.666666666666668,2.0,-13.451128470782765,0.8064433186502408,0.19355668134975926,,3
2026-03-15,B18315VB1XL,315VB 18 USA,315VB,18,1,B17HKJVB3NE,Husky 17.3,MIXED,True,19.0,2.0,11.909790927758058,-7.964952398730692,19.87474332648875,0.688440305629285,0.31155969437071496,False,1.0,17.25,2.0,-12.079584452769748,0.7769425653950018,0.2230574346049982,,4
2026-03-15,B18315VB1XL,315VB 18 USA,315VB,18,1,B17HKJVB2NE,Husky 17.2,MIXED,True,14.0,2.0,11.909790927758058,-1.2154657457532938,13.125256673511352,0.6279866198880627,0.3720133801119373,False,1.0,16.6,2.0,-9.906760711366456,0.747151376293614,0.252848623706386,,5
2026-03-15,B18315VB1XL,315VB 18 USA,315VB,18,1,B18CAPIT1XL,CSVC 18 HAYSTACK,B18,True,4.0,1.0,11.909790927758058,2.5340209072239004,9.375770020534159,0.6341659033715302,0.3658340966284698,False,1.0,15.2,1.8,-8.850761478290512,0.7334549931038978,0.26654500689610217,,6
2025-11-22,B18BVJVB1NE,Blast 18 Fire,BVJVB,18,1,B18RRJVB1NE,Boston United Boys 18 1,B18,True,15.0,1.0,3.536074295314291,-4.617049081822097,8.153123377136389,0.617367838398985,0.382632161601015,False,1.0,15.0,1.0,-4.617049081822097,0.617367838398985,0.382632161601015,,1
2025-11-22,B18BVJVB1NE,Blast 18 Fire,BVJVB,18,1,B18MVPVA1NE,MVP BOS 18 Black,B18,True,-0.0,1.0,3.536074295314291,8.63789198265822,-5.101817687343928,0.4257156182590206,0.5742843817409794,True,1.0,7.5,1.0,2.010421450418061,0.5215417283290028,0.4784582716709972,1.0,2
2025-11-22,B18BVJVB1NE,Blast 18 Fire,BVJVB,18,1,B18LHVBC1NE,LHV Boys 18-1 Rafiki,B18,False,-5.0,-2.0,3.536074295314291,7.84944213467198,-4.313367839357689,0.437063032741713,-0.437063032741713,True,0.6666666666666666,3.3333333333333335,0.0,3.956761678502701,0.4933821631332395,0.17328450353342714,0.5,3
2025-11-23,B18BVJVB1NE,Blast 18 Fire,BVJVB,18,1,B18MMVBC1NE,Mayhem 18 1,B18,False,-14.0,-2.0,3.536074295314291,4.967959348971037,-1.4318850536567465,0.4790081023135788,-0.4790081023135788,True,0.5,-1.0,-0.5,4.209561096119785,0.4897886479283243,0.010211352071675645,0.3333333333333333,4
2025-11-23,B18BVJVB1NE,Blast 18 Fire,BVJVB,18,1,B18RRJVB1NE,Boston United Boys 18 1,B18,False,-4.0,-1.0,3.536074295314291,-4.617049081822097,8.153123377136389,0.617367838398985,-0.617367838398985,False,0.4,-1.6,-0.6,2.4442390605314084,0.5153044860224565,-0.11530448602245649,0.3333333333333333,5
2026-01-17,B18BVJVB1NE,Blast 18 Fire,BVJVB,18,1,B18PVJVB3NE,PV Boys 18 3,B18,True,17.0,1.0,3.536074295314291,1.2898550724636149,2.246219222850676,0.5329020539926653,0.4670979460073347,True,0.4,-1.2,-0.6,3.6256198913885513,0.49841132914119257,-0.09841132914119255,0.5,6
2026-01-17,B18BVJVB1NE,Blast 18 Fire,BVJVB,18,1,B18NESVC3NE,NE Storm 18 Tornado,B18,True,22.0,2.0,3.536074295314291,-16.073421048790788,19.609495344105078,0.7596209505253726,0.2403790494746274,False,0.4,3.2,-0.4,-1.316642714901251,0.5651923955944629,-0.16519239559446292,0.3333333333333333,7
2026-01-17,B18BVJVB1NE,Blast 18 Fire,BVJVB,18,1,B18VTVBC1NE,VTV 18 1,B18,False,-11.0,-1.0,3.536074295314291,1.4938606153164464,2.0422136799978445,0.5299213276277128,-0.5299213276277128,True,0.4,2.0,-0.2,-2.5877590187723576,0.5837640545716629,-0.18376405457166292,0.3333333333333333,8
2026-01-18,B18BVJVB1NE,Blast 18 Fire,BVJVB,18,1,B18CAPIT1XL,CSVC 18 HAYSTACK,B18,False,-20.0,-2.0,3.536074295314291,2.5340209072239004,1.0020533880903906,0.514694833895481,-0.514694833895481,True,0.4,0.8,-0.2,-3.0745467071217853,0.5909014008880433,-0.19090140088804336,0.3333333333333333,9
2026-01-18,B18BVJVB1NE,Blast 18 Fire,BVJVB,18,1,B17CAPIT1XL,CSVC 17 BIG SLIDE,MIXED,False,-10.0,-2.0,3.536074295314291,13.536074295314258,-9.999999999999966,0.4015725266667735,-0.4015725266667735,False,0.4,-0.4,-0.4,0.5560779683054861,0.547742338541601,-0.14774233854160107,0.3333333333333333,10
2026-01-18,B18BVJVB1NE,Blast 18 Fire,BVJVB,18,1,B18LHVBC2NE,LHV Boys 18-2 Blitz,B18,True,6.0,1.0,3.536074295314291,-8.463925704685732,12.000000000000023,0.6690982497401586,0.33090175025984137,False,0.4,-2.6,-0.4,-1.3946781871243832,0.5749815776910997,-0.17498157769109973,0.0,11
2026-01-19,B18BVJVB1NE,Blast 18 Fire,BVJVB,18,1,B18RRJVB2NE,Boston United Boys 18 Select 1,B18,True,24.0,2.0,3.536074295314291,-11.494042789497282,15.030117084811573,0.7072166006619041,0.29278339933809594,False,0.4,-2.2,-0.4,-0.47880253526568206,0.564500707718406,-0.16450070771840597,0.0,12
2026-01-19,B18BVJVB1NE,Blast 18 Fire,BVJVB,18,1,B18VTVBC1NE,VTV 18 1,B18,True,15.0,2.0,3.536074295314291,1.4938606153164464,2.0422136799978445,0.5299213276277128,0.4700786723722872,True,0.6,3.0,0.2,-0.47880253526568206,0.564500707718406,0.035499292281594,0.5,13
2026-01-31,B18BVJVB1NE,Blast 18 Fire,BVJVB,18,1,B18MCJVB1NE,Mill City 18's,B18,False,-10.0,-2.0,3.536074295314291,8.201372036587305,-4.665297741273013,0.4319891614882345,-0.4319891614882345,True,0.6,5.0,0.2,0.6546676906069988,0.5479595732369567,0.0520404267630433,0.5,14
2026-01-31,B18BVJVB1NE,Blast 18 Fire,BVJVB,18,1,B18MVNER1NE,Meraki VB 18 1,B18,False,-18.0,-2.0,3.536074295314291,10.088829283265262,-6.552754987950971,0.4050448952685918,-0.4050448952685918,False,0.6,3.4,0.2,-0.034781311802800016,0.5486540469573205,0.051345953042679617,0.5,15
2026-01-31,B18BVJVB1NE,Blast 18 Fire,BVJVB,18,1,B18SJJVB1NE,SMASH Boys 18-1,B18,False,-22.0,-2.0,3.536074295314291,26.836110086018678,-23.30003579070439,0.20308104298656254,-0.20308104298656254,False,0.4,-2.2,-0.4,7.025225846338083,0.4554506056066011,-0.05545060560660116,0.5,16
2026-02-01,B18BVJVB1NE,Blast 18 Fire,BVJVB,18,1,B18MVPVA1NE,MVP BOS 18 Black,B18,False,-1.0,-1.0,3.536074295314291,8.63789198265822,-5.101817687343928,0.4257156182590206,-0.4257156182590206,True,0.2,-7.2,-1.0,11.051612800769183,0.39915040912602445,-0.19915040912602447,0.3333333333333333,17
2026-02-01,B18BVJVB1NE,Blast 18 Fire,BVJVB,18,1,B18HKJVB2NE,Husky 18.2,B18,False,-0.0,-1.0,3.536074295314291,-0.12825317049956553,3.6643274658138565,0.553545703803345,-0.553545703803345,True,0.0,-10.2,-1.6,10.72719004360598,0.40387528436115083,-0.40387528436115094,0.0,18
2026-03-14,B18BVJVB1NE,Blast 18 Fire,BVJVB,18,1,B18NEVBC2NE,NEVBC Boys 18.2,B18,True,14.0,2.0,3.536074295314291,-4.320455937255204,7.8565302325694955,0.6132485474677192,0.3867514525322808,False,0.2,-5.4,-0.8,8.222824448837477,0.4401271615570478,-0.24012716155704786,0.0,19
2026-03-14,B18BVJVB1NE,Blast 18 Fire,BVJVB,18,1,B18RRJVB2NE,Boston United Boys 18 Select 1,B18,True,25.0,2.0,3.536074295314291,-11.494042789497282,15.030117084811573,0.7072166006619041,0.29278339933809594,False,0.4,3.2,0.0,3.9062500342849686,0.5005615026357102,-0.10056150263571029,0.0,20
2026-03-14,B18BVJVB1NE,Blast 18 Fire,BVJVB,18,1,B18118281XX,PW-VB Quarter-Zip Elite 67-Matcha,B18,True,13.0,2.0,3.536074295314291,5.536074295314347,-2.0000000000000564,0.4706957304268532,0.5293042695731468,True,0.6,10.2,0.8,-0.35375712385589697,0.5540844401237683,0.04591555987623158,0.3333333333333333,21
2026-03-15,B18BVJVB1NE,Blast 18 Fire,BVJVB,18,1,B18HKJVB2NE,Husky 18.2,B18,False,-5.0,-1.0,3.536074295314291,-0.12825317049956553,3.6643274658138565,0.553545703803345,-0.553545703803345,True,0.6,9.4,0.8,-2.106986154487454,0.5796504572326333,0.020349542767366714,0.3333333333333333,22
2026-03-15,B18BVJVB1NE,Blast 18 Fire,BVJVB,18,1,B18SJVBC2NE,South County Juniors Boys 18's Gold,B18,True,15.0,2.0,3.536074295314291,-0.8950895960897043,4.431163891403996,0.5646367870088156,0.4353632129911844,True,0.8,12.4,1.4,-2.2603534396054816,0.5818686738737273,0.21813132612627256,0.6666666666666666,23
2025-11-22,B18BVJVB2NE,Blast 18 Blaze,BVJVB,18,2,B18SJVBC2NE,South County Juniors Boys 18's Gold,B18,False,-25.0,-2.0,-18.71443905170827,-0.8950895960897043,-17.819349455618564,0.2600777869799326,-0.2600777869799326,False,0.0,-25.0,-2.0,-0.8950895960897043,0.2600777869799326,-0.2600777869799326,,1
2025-11-22,B18BVJVB2NE,Blast 18 Blaze,BVJVB,18,2,B18NESVC2NE,NE Storm 18 Squall,B18,False,-12.0,-2.0,-18.71443905170827,-8.964952398730674,-9.749486652977595,0.36076191001971586,-0.36076191001971586,False,0.0,-18.5,-2.0,-4.930020997410189,0.31041984849982424,-0.31041984849982424,,2
2025-11-22,B18BVJVB2NE,Blast 18 Blaze,BVJVB,18,2,B18LHVBC2NE,LHV Boys 18-2 Blitz,B18,False,-18.0,-2.0,-18.71443905170827,-8.463925704685732,-10.250513347022537,0.35401044764176454,-0.35401044764176454,False,0.0,-18.333333333333332,-2.0,-6.107989233168703,0.32495004821380435,-0.32495004821380435,,3
2025-11-23,B18BVJVB2NE,Blast 18 Blaze,BVJVB,18,2,B18TTVBC2NE,SLAM 18 2 Boys,B18,False,-22.0,-2.0,-18.71443905170827,-16.678546843255834,-2.0358922084524345,0.4701710706441171,-0.4701710706441171,True,0.0,-19.25,-2.0,-8.750628635690486,0.36125530382138255,-0.36125530382138255,0.0,4
2025-11-23,B18BVJVB2NE,Blast 18 Blaze,BVJVB,18,2,B18NEVBC3NE,NEVBC Boys 18 Blue,B18,True,5.0,1.0,-18.71443905170827,-14.215465745753205,-4.498973305955063,0.434385396076254,0.565614603923746,True,0.2,-14.4,-1.4,-9.84359605770303,0.3758813222723568,-0.17588132227235684,0.5,5
2026-01-17,B18BVJVB2NE,Blast 18 Blaze,BVJVB,18,2,B18118281XX,PWVolleyball 18 1,B18,False,-11.0,-2.0,-18.71443905170827,5.536074295314347,-24.250513347022615,0.19420455983953044,-0.19420455983953044,False,0.2,-11.6,-1.4,-8.55736327942222,0.3627066768442764,-0.1627066768442764,0.5,6
2026-01-17,B18BVJVB2NE,Blast 18 Blaze,BVJVB,18,2,B17CAPIT1XL,CSVC 17 BIG SLIDE,MIXED,False,-28.0,-2.0,-18.71443905170827,13.536074295314258,-32.250513347022526,0.21644099719051194,-0.21644099719051194,False,0.2,-14.8,-1.4,-4.057157940613233,0.3338424942784356,-0.13384249427843561,0.5,7
2026-01-17,B18BVJVB2NE,Blast 18 Blaze,BVJVB,18,2,B18PVJVB2NE,PV Boys 18 2,B18,False,-24.0,-2.0,-18.71443905170827,-2.963925704685832,-15.750513347022437,0.2841082347318971,-0.2841082347318971,False,0.2,-16.0,-1.4,-2.9571579406132527,0.31986205169646215,-0.11986205169646214,0.5,8
2026-01-18,B18BVJVB2NE,Blast 18 Blaze,BVJVB,18,2,B18RRJVB1NE,Boston United Boys 18 1,B18,False,-17.0,-2.0,-18.71443905170827,-4.617049081822097,-14.097389969886171,0.30424264674376394,-0.30424264674376394,False,0.2,-15.0,-1.4,-0.5448583883265057,0.2866763669163915,-0.08667636691639151,1.0,9
2026-01-18,B18BVJVB2NE,Blast 18 Blaze,BVJVB,18,2,B18PVJVB3NE,PV Boys 18 3,B18,False,-11.0,-2.0,-18.71443905170827,1.2898550724636149,-20.004294124171885,0.2361746414655716,-0.2361746414655716,False,0.0,-18.2,-2.0,2.5562057753168586,0.24703421599425504,-0.24703421599425504,,10
2026-01-18,B18BVJVB2NE,Blast 18 Blaze,BVJVB,18,2,B18LHVBC3NE,LHV Boys 18-3 Thunder,B18,False,-22.0,-2.0,-18.71443905170827,-16.143035542014527,-2.5714035096937415,0.46235161439628814,-0.46235161439628814,True,0.0,-20.4,-2.0,-1.7796161921489166,0.30066362690560655,-0.30066362690560655,0.0,11
2026-01-19,B18BVJVB2NE,Blast 18 Blaze,BVJVB,18,2,B18PVJVB4NE,PV Boys 18 4,B18,False,-17.0,-2.0,-18.71443905170827,-0.09020907224197838,-18.62422997946629,0.25109302445406834,-0.25109302445406834,False,0.0,-18.2,-2.0,-4.504872865660164,0.30759403235831784,-0.30759403235831784,0.0,12
2026-01-31,B18BVJVB2NE,Blast 18 Blaze,BVJVB,18,2,B18PVJVB4NE,PV Boys 18 4,B18,False,-8.0,-2.0,-18.71443905170827,-0.09020907224197838,-18.62422997946629,0.25109302445406834,-0.25109302445406834,False,0.0,-15.0,-2.0,-3.9301295391713937,0.30099099030275206,-0.30099099030275206,0.0,13
2026-01-31,B18BVJVB2NE,Blast 18 Blaze,BVJVB,18,2,B18LHVBC2NE,LHV Boys 18-2 Blitz,B18,False,-24.0,-2.0,-18.71443905170827,-8.463925704685732,-10.250513347022537,0.35401044764176454,-0.35401044764176454,False,0.0,-16.4,-2.0,-4.69950486374412,0.31094455048235214,-0.31094455048235214,0.0,14
2026-01-31,B18BVJVB2NE,Blast 18 Blaze,BVJVB,18,2,B18MMVBC2NE,Mayhem 18 2,B18,False,-21.0,-2.0,-18.71443905170827,-1.0752739666954634,-17.639165085012806,0.26211747762741866,-0.26211747762741866,False,0.0,-18.4,-2.0,-5.172530671575936,0.31613311771472163,-0.31613311771472163,0.0,15
2026-02-01,B18BVJVB2NE,Blast 18 Blaze,BVJVB,18,2,B18LHVBC3NE,LHV Boys 18-3 Thunder,B18,False,-8.0,-1.0,-18.71443905170827,-16.143035542014527,-2.5714035096937415,0.46235161439628814,-0.46235161439628814,True,0.0,-15.6,-1.8,-5.172530671575936,0.31613311771472163,-0.31613311771472163,0.0,16
2026-02-01,B18BVJVB2NE,Blast 18 Blaze,BVJVB,18,2,B18NEVBC2NE,NEVBC Boys 18.2,B18,False,-20.0,-2.0,-18.71443905170827,-4.320455937255204,-14.393983114453064,0.3005714304728983,-0.3005714304728983,False,0.0,-16.2,-1.8,-6.018580044578581,0.32602879891848763,-0.32602879891848763,0.0,17
2026-03-14,B18BVJVB2NE,Blast 18 Blaze,BVJVB,18,2,B18NESVC2NE,NE Storm 18 Squall,B18,False,-11.0,-2.0,-18.71443905170827,-8.964952398730674,-9.749486652977595,0.36076191001971586,-0.36076191001971586,False,0.0,-16.8,-1.8,-7.79352870987632,0.34796257603161707,-0.3479625760316171,0.0,18
2026-03-14,B18BVJVB2NE,Blast 18 Blaze,BVJVB,18,2,B18MVNER2NE,Meraki VB 18 2,B18,False,-18.0,-2.0,-18.71443905170827,-11.96495239873067,-6.749486652977598,0.40226620629599324,-0.40226620629599324,False,0.0,-15.6,-1.8,-8.493734048685308,0.3576137277624628,-0.35761372776246286,0.0,19
2026-03-14,B18BVJVB2NE,Blast 18 Blaze,BVJVB,18,2,B17HKJVB3NE,Husky 17.3,MIXED,False,-15.0,-2.0,-18.71443905170827,-7.964952398730692,-10.749486652977577,0.3944092168635154,-0.3944092168635154,False,0.0,-14.4,-1.8,-9.871669735092354,0.38407207560968215,-0.3840720756096822,0.0,20
2026-03-15,B18BVJVB2NE,Blast 18 Blaze,BVJVB,18,2,B18TTVBC1NE,SLAM 18 1 Boys,B18,True,7.0,1.0,-18.71443905170827,-14.215465745753223,-4.498973305955046,0.4343853960762543,0.5656146039237457,True,0.2,-11.4,-1.4,-9.486155775840093,0.37847883194567544,-0.17847883194567543,1.0,21
2026-03-15,B18BVJVB2NE,Blast 18 Blaze,BVJVB,18,2,B18SAVBC1XL,Sporting Albany Boys 18u,B18,False,-14.0,-2.0,-18.71443905170827,-18.130434782608912,-0.5840042690993563,0.49143411111236773,-0.49143411111236773,True,0.2,-10.2,-1.4,-12.248151544910835,0.4166513680735693,-0.21665136807356933,0.5,22
2025-12-20,B18CAPIT1XL,CSVC 18 HAYSTACK,CAPIT,18,1,B18SJJVB2NE,SMASH Boys 18's Force,B18,False,-6.0,-2.0,2.5340209072239004,6.0740619749855815,-3.540041067761681,0.44825723375849946,-0.44825723375849946,True,0.0,-6.0,-2.0,6.0740619749855815,0.44825723375849946,-0.44825723375849946,0.0,1
2025-12-20,B18CAPIT1XL,CSVC 18 HAYSTACK,CAPIT,18,1,B17NEVBC1NE,NEVBC Boys 17.1,MIXED,False,-12.0,-2.0,2.5340209072239004,10.612049654657195,-8.078028747433294,0.4201283696988077,-0.4201283696988077,True,0.0,-9.0,-2.0,8.343055814821389,0.4341928017286536,-0.4341928017286536,0.0,2
2025-12-20,B18CAPIT1XL,CSVC 18 HAYSTACK,CAPIT,18,1,B18PVJVB2NE,PV Boys 18 2,B18,True,7.0,2.0,2.5340209072239004,-2.963925704685832,5.497946611909732,0.5799568662329716,0.4200431337670284,True,0.3333333333333333,-3.6666666666666665,-0.6666666666666666,4.574061974985649,0.4827808232300929,-0.14944748989675957,0.3333333333333333,3
2025-12-20,B18CAPIT1XL,CSVC 18 HAYSTACK,CAPIT,18,1,B17SJJVB2NE,SMASH Boys 17 Chaos,MIXED,False,-8.0,-2.0,2.5340209072239004,7.201372036587237,-4.667351129363337,0.45358683948145534,-0.45358683948145534,True,0.25,-4.75,-1.0,5.230889490386046,0.4754823272929335,-0.22548232729293352,0.25,4
2025-12-21,B18CAPIT1XL,CSVC 18 HAYSTACK,CAPIT,18,1,B18PVJVB2NE,PV Boys 18 2,B18,True,11.0,2.0,2.5340209072239004,-2.963925704685832,5.497946611909732,0.5799568662329716,0.4200431337670284,True,0.4,-1.6,-0.4,3.5919264513716698,0.4963772350809411,-0.09637723508094113,0.4,5
2025-12-21,B18CAPIT1XL,CSVC 18 HAYSTACK,CAPIT,18,1,B18MCJVB1NE,Mill City 18's,B18,True,3.0,1.0,2.5340209072239004,8.201372036587305,-5.6673511293634045,0.41762363796543633,0.5823763620345637,True,0.6,0.2,0.2,4.017388463692015,0.4902505159223285,0.10974948407767149,0.6,6
2026-01-17,B18CAPIT1XL,CSVC 18 HAYSTACK,CAPIT,18,1,B18NESVC2NE,NE Storm 18 Squall,B18,True,14.0,2.0,2.5340209072239004,-8.964952398730674,11.498973305954575,0.6625572877241468,0.3374427122758532,False,0.8,5.4,1.0,0.10198805301444089,0.5387362995273963,0.26126370047260367,0.75,7
2026-01-17,B18CAPIT1XL,CSVC 18 HAYSTACK,CAPIT,18,1,B18LHVBC3NE,LHV Boys 18-3 Thunder,B18,True,10.0,2.0,2.5340209072239004,-16.143035542014527,18.677056449238428,0.7494893974864795,0.25051060251352053,False,0.8,6.0,1.0,-2.533833914451298,0.5726428057780979,0.22735719422190206,0.6666666666666666,8
2026-01-17,B18CAPIT1XL,CSVC 18 HAYSTACK,CAPIT,18,1,B18RRJVB2NE,Boston United Boys 18 Select 1,B18,True,16.0,2.0,2.5340209072239004,-11.494042789497282,14.028063696721183,0.6948956057904503,0.3051043942095497,False,1.0,10.8,1.8,-6.272916879668202,0.6209045590398969,0.37909544096010317,1.0,9
2026-01-18,B18CAPIT1XL,CSVC 18 HAYSTACK,CAPIT,18,1,B18BVJVB1NE,Blast 18 Fire,B18,True,20.0,2.0,2.5340209072239004,3.536074295314291,-1.0020533880903906,0.485305166104519,0.514694833895481,True,1.0,12.6,1.8,-4.972916879668178,0.6019742190142063,0.3980257809857936,1.0,10
2026-01-18,B18CAPIT1XL,CSVC 18 HAYSTACK,CAPIT,18,1,B18LHVBC2NE,LHV Boys 18-2 Blitz,B18,True,13.0,2.0,2.5340209072239004,-8.463925704685732,10.997946611909633,0.655953513100719,0.34404648689928097,False,1.0,14.6,2.0,-8.305976427922785,0.6496401940412629,0.35035980595873706,1.0,11
2026-01-18,B18CAPIT1XL,CSVC 18 HAYSTACK,CAPIT,18,1,B17CAPIT1XL,CSVC 17 BIG SLIDE,MIXED,False,-12.0,-1.0,2.5340209072239004,13.536074295314258,-11.002053388090356,0.39200529830700054,-0.39200529830700054,False,0.8,9.4,1.4,-3.8057710891137972,0.5955297961578336,0.20447020384216633,1.0,12
2026-01-19,B18CAPIT1XL,CSVC 18 HAYSTACK,CAPIT,18,1,B18118281XX,PWVolleyball 18 1,B18,True,3.0,1.0,2.5340209072239004,5.536074295314347,-3.002053388090447,0.4560765540299557,0.5439234459700443,True,0.8,8.0,1.2,0.5300508783519765,0.5368472274665289,0.2631527725334711,1.0,13
2026-01-19,B18CAPIT1XL,CSVC 18 HAYSTACK,CAPIT,18,1,B17CAPIT1XL,CSVC 17 BIG SLIDE,MIXED,False,-7.0,-2.0,2.5340209072239004,13.536074295314258,-11.002053388090356,0.39200529830700054,-0.39200529830700054,False,0.6,3.4,0.4,5.536074295314284,0.4762691659698389,0.12373083403016105,1.0,14
2026-02-06,B18CAPIT1XL,CSVC 18 HAYSTACK,CAPIT,18,1,B18TUSVA1GE,Train Up VB 18 1,B18,True,10.0,2.0,2.5340209072239004,-2.04432730212734,4.57834820935124,0.5667585471157136,0.4332414528842864,True,0.6,1.4,0.4,4.4199939758259585,0.49255984217207793,0.10744015782792213,1.0,15
2026-02-06,B18CAPIT1XL,CSVC 18 HAYSTACK,CAPIT,18,1,B18SPTMC3GE,Sportime 18 3,B18,True,12.0,2.0,2.5340209072239004,-10.201905295018594,12.735926202242496,0.6785880159013346,0.32141198409866545,False,0.6,1.2,0.4,4.0723980577593855,0.497086742732201,0.10291325726779901,1.0,16
2026-02-06,B18CAPIT1XL,CSVC 18 HAYSTACK,CAPIT,18,1,B18PINVA1GE,PVA Boys 18 National,B18,True,11.0,2.0,2.5340209072239004,2.315899297709555,0.21812160951434523,0.5031995704265178,0.49680042957348225,True,0.8,5.8,1.0,1.8283630582384454,0.5193255971561044,0.28067440284389555,1.0,17
2026-02-07,B18CAPIT1XL,CSVC 18 HAYSTACK,CAPIT,18,1,B18LCVBC2GE,Legacy Boys 18 Premier Anthony,B18,True,15.0,2.0,2.5340209072239004,-5.996465018449163,8.530485925673062,0.6225845677627891,0.37741543223721086,False,0.8,8.2,1.2,-0.4781448045142566,0.5526271999026712,0.2473728000973289,1.0,18
2026-02-07,B18CAPIT1XL,CSVC 18 HAYSTACK,CAPIT,18,1,B18VENGE1OV,18 - Lusher,B18,False,-9.0,-1.0,2.5340209072239004,12.113581279797938,-9.579560372574036,0.3630644252551497,-0.3630644252551497,False,0.8,7.8,1.4,-0.7626434076175208,0.546839025292301,0.25316097470769905,1.0,19
2026-02-07,B18CAPIT1XL,CSVC 18 HAYSTACK,CAPIT,18,1,B18RAPTO1GE,NYC Raptors 18 Black,B18,True,11.0,2.0,2.5340209072239004,-3.400641791021455,5.934662698245355,0.5861861061440904,0.4138138938559096,False,0.8,8.0,1.4,-1.0339063053963438,0.5507245370979763,0.24927546290202368,1.0,20
2026-02-08,B18CAPIT1XL,CSVC 18 HAYSTACK,CAPIT,18,1,B18NYCIV2GE,NYC Impact 18 Travel,B18,True,10.0,1.0,2.5340209072239004,1.0294245539929756,1.5045963532309248,0.5220565188203735,0.4779434811796265,True,0.8,7.6,1.2,1.2123596644059702,0.5194182376817841,0.2805817623182159,1.0,21
2026-02-08,B18CAPIT1XL,CSVC 18 HAYSTACK,CAPIT,18,1,B18VENGE1OV,18 - Lusher,B18,False,-8.0,-2.0,2.5340209072239004,12.113581279797938,-9.579560372574036,0.3630644252551497,-0.3630644252551497,False,0.6,3.8,0.4,3.171896060823647,0.4913912086475104,0.10860879135248953,1.0,22
2026-03-14,B18CAPIT1XL,CSVC 18 HAYSTACK,CAPIT,18,1,B17HKJVB2NE,Husky 17.2,MIXED,True,8.0,2.0,2.5340209072239004,-1.2154657457532938,3.749486652977194,0.5373238073318337,0.4626761926681663,True,0.6,2.4,0.4,4.12809591536282,0.47433905656131936,0.1256609434386806,1.0,23
2026-03-14,B18CAPIT1XL,CSVC 18 HAYSTACK,CAPIT,18,1,B18NEVBC3NE,NEVBC Boys 18 Blue,B18,True,16.0,2.0,2.5340209072239004,-14.215465745753205,16.749486652977104,0.7276613153029065,0.27233868469709355,False,0.8,7.4,1.0,-1.137713489747408,0.5472584345708708,0.2527415654291293,1.0,24
2026-03-14,B18CAPIT1XL,CSVC 18 HAYSTACK,CAPIT,18,1,B18PVJVB4NE,PV Boys 18 4,B18,True,7.0,1.0,2.5340209072239004,-0.09020907224197838,2.6242299794658788,0.5384188102861968,0.46158118971380324,True,0.8,6.6,0.8,-0.4756269459915126,0.5377049753992921,0.26229502460070797,1.0,25
2026-03-15,B18CAPIT1XL,CSVC 18 HAYSTACK,CAPIT,18,1,B18NEVBC3NE,NEVBC Boys 18 Blue,B18,True,19.0,2.0,2.5340209072239004,-14.215465745753205,16.749486652977104,0.7276613153029065,0.27233868469709355,False,0.8,8.4,1.0,-3.5246050059407485,0.5788259346957987,0.22117406530420142,1.0,26
2026-03-15,B18CAPIT1XL,CSVC 18 HAYSTACK,CAPIT,18,1,B18NESVC2NE,NE Storm 18 Squall,B18,True,12.0,2.0,2.5340209072239004,-8.964952398730674,11.498973305954575,0.6625572877241468,0.3374427122758532,False,1.0,12.4,1.8,-7.740311741646471,0.6387245071895981,0.361275492810402,1.0,27
2026-03-15,B18CAPIT1XL,CSVC 18 HAYSTACK,CAPIT,18,1,B18315VB1XL,315VB 18 USA,B18,False,-4.0,-1.0,2.5340209072239004,11.909790927758058,-9.375770020534159,0.36583409662846983,-0.36583409662846983,False,0.8,10.0,1.2,-5.1152604069442,0.6044265650489252,0.19557343495107476,1.0,28
2026-02-06,B18CORE11GE,CORE Boys 18 Platinum,CORE1,18,1,B18UNVBC1NE,Unity 18 Boys National Vikings,B18,True,15.0,2.0,13.360154281075054,-1.081867673082355,14.44202195415741,0.7000208100573337,0.29997918994266626,False,1.0,15.0,2.0,-1.081867673082355,0.7000208100573337,0.29997918994266626,,1
2026-02-06,B18CORE11GE,CORE Boys 18 Platinum,CORE1,18,1,B18DSTJN1GE,Downstate (N-B) 18 Cobras,B18,True,19.0,2.0,13.360154281075054,2.8185153158988996,10.541638965176155,0.6498861778622389,0.3501138221377611,False,1.0,17.0,2.0,0.8683238214082722,0.6749534939597863,0.3250465060402137,,2
2026-02-06,B18CORE11GE,CORE Boys 18 Platinum,CORE1,18,1,B18NYCIV1GE,NYC Impact 18 National,B18,True,9.0,2.0,13.360154281075054,13.697880039638216,-0.33772575856316145,0.49504608121188154,0.5049539187881185,True,1.0,14.333333333333334,2.0,5.144842560818254,0.6149843563771514,0.3850156436228486,1.0,3
2026-02-07,B18CORE11GE,CORE Boys 18 Platinum,CORE1,18,1,B18LCVBC1GE,Legacy Boys 18 National,B18,False,-2.0,-1.0,13.360154281075054,9.913915657457023,3.446238623618031,0.5503811346716637,-0.5503811346716637,True,0.75,10.25,1.25,6.3371108349779455,0.5988335509507795,0.15116644904922052,0.5,4
2026-02-07,B18CORE11GE,CORE Boys 18 Platinum,CORE1,18,1,B18PWRSP1SU,PSA Power 18,B18,False,-6.0,-1.0,13.360154281075054,15.737287678292512,-2.3771333972174578,0.46518638114335575,-0.46518638114335575,True,0.6,7.0,0.8,8.21714620364086,0.5721041169892948,0.02789588301070527,0.3333333333333333,5
2026-02-07,B18CORE11GE,CORE Boys 18 Platinum,CORE1,18,1,B18UNVBC1NE,Unity 18 Boys National Vikings,B18,True,18.0,2.0,13.360154281075054,-1.081867673082355,14.44202195415741,0.7000208100573337,0.29997918994266626,False,0.6,7.6,0.8,8.21714620364086,0.5721041169892948,0.02789588301070527,0.3333333333333333,6
2026-02-08,B18CORE11GE,CORE Boys 18 Platinum,CORE1,18,1,B18SPTMC2GE,Sportime 18 2,B18,False,1.0,-1.0,13.360154281075054,-0.4827833775964243,13.84293765867148,0.6925877400131739,-0.6925877400131739,False,0.4,4.0,0.2,7.556886464941795,0.5806444294194817,-0.18064442941948172,0.3333333333333333,7
2026-01-31,B18CSJVB1NE,MEVBC/CT STARS 18 1,CSJVB,18,1,B18MMVBC1NE,Mayhem 18 1,B18,False,-8.0,-1.0,-4.372161215609074,4.967959348971037,-9.340120564580111,0.3663195199245632,-0.3663195199245632,False,0.0,-8.0,-1.0,4.967959348971037,0.3663195199245632,-0.3663195199245632,,1
2026-01-31,B18CSJVB1NE,MEVBC/CT STARS 18 1,CSJVB,18,1,B18HKJVB1NE,Husky 18.1,B18,False,-13.0,-1.0,-4.372161215609074,11.008594235488776,-15.38075545109785,0.2885415582361318,-0.2885415582361318,False,0.0,-10.5,-1.0,7.9882767922299065,0.32743053908034747,-0.32743053908034747,,2
2026-01-31,B18CSJVB1NE,MEVBC/CT STARS 18 1,CSJVB,18,1,B18NEVBC1NE,NEVBC Boys 18.1,B18,False,-26.0,-2.0,-4.372161215609074,20.763872384187966,-25.136033599797038,0.18620254533943356,-0.18620254533943356,False,0.0,-15.666666666666666,-1.3333333333333333,12.246808656215926,0.2803545411667095,-0.2803545411667095,,3
2026-02-01,B18CSJVB1NE,MEVBC/CT STARS 18 1,CSJVB,18,1,B18SJJVB3NE,SMASH Boys 18's Surge,B18,False,-15.0,-2.0,-4.372161215609074,13.62318840579702,-17.995349621406092,0.25809542596666923,-0.25809542596666923,False,0.0,-15.5,-1.5,12.5909035936112,0.27478976236669944,-0.27478976236669944,,4
2026-02-01,B18CSJVB1NE,MEVBC/CT STARS 18 1,CSJVB,18,1,B18MCJVB1NE,Mill City 18's,B18,False,-14.0,-2.0,-4.372161215609074,8.201372036587305,-12.573533252196379,0.3234937442516356,-0.3234937442516356,False,0.0,-15.2,-1.6,11.712997282206421,0.2845305587436867,-0.2845305587436867,,5
2026-03-14,B18CSJVB1NE,MEVBC/CT STARS 18 1,CSJVB,18,1,B18LHVBC1NE,LHV Boys 18-1 Rafiki,B18,False,-9.0,-2.0,-4.372161215609074,7.84944213467198,-12.221603350281054,0.32802922258866046,-0.32802922258866046,False,0.0,-15.4,-1.8,12.289293839346609,0.2768724992765061,-0.2768724992765061,,6
2026-03-14,B18CSJVB1NE,MEVBC/CT STARS 18 1,CSJVB,18,1,B18SJVBC1NE,South County Juniors Boys 18's Blue,B18,False,-22.0,-1.0,-4.372161215609074,16.47286614912869,-20.845027364737767,0.2273916636343737,-0.2273916636343737,False,0.0,-17.2,-1.8,13.38214822207459,0.26464252035615454,-0.26464252035615454,,7
2026-03-14,B18CSJVB1NE,MEVBC/CT STARS 18 1,CSJVB,18,1,B18VTVBC1NE,VTV 18 1,B18,False,-11.0,-2.0,-4.372161215609074,1.4938606153164464,-5.86602183092552,0.41479120407900305,-0.41479120407900305,False,0.0,-14.2,-1.8,9.528145868300289,0.31036025210406837,-0.31036025210406837,,8
2026-03-15,B18CSJVB1NE,MEVBC/CT STARS 18 1,CSJVB,18,1,B18UNVBC1NE,Unity 18 Boys National Vikings,B18,False,-8.0,-1.0,-4.372161215609074,-1.081867673082355,-3.290293542526719,0.45188421823562896,-0.45188421823562896,True,0.0,-12.8,-1.6,6.587134652524414,0.34911801055786035,-0.34911801055786035,0.0,9
2026-03-15,B18CSJVB1NE,MEVBC/CT STARS 18 1,CSJVB,18,1,B18MCJVB1NE,Mill City 18's,B18,True,3.0,1.0,-4.372161215609074,8.201372036587305,-12.573533252196379,0.3234937442516356,0.6765062557483644,False,0.2,-9.4,-1.0,6.587134652524414,0.34911801055786035,-0.14911801055786036,0.0,10
2026-02-06,B18DIGSV1GE,Digs Boys 18 Red,DIGSV,18,1,B18PWRSP1SU,PSA Power 18,B18,False,-4.0,-1.0,10.612122469298425,15.737287678292512,-5.125165208994087,0.42538072838676566,-0.42538072838676566,True,0.0,-4.0,-1.0,15.737287678292512,0.42538072838676566,-0.42538072838676566,0.0,1
2026-02-06,B18DIGSV1GE,Digs Boys 18 Red,DIGSV,18,1,B18SPTMC2GE,Sportime 18 2,B18,True,9.0,1.0,10.612122469298425,-0.4827833775964243,11.09490584689485,0.6572362924062094,0.3427637075937906,False,0.5,2.5,0.0,7.627252150348044,0.5413085103964875,-0.04130851039648753,0.0,2
2026-02-06,B18DIGSV1GE,Digs Boys 18 Red,DIGSV,18,1,B18NYCVA1GE,NYC VBA 18 Riverside,B18,True,9.0,2.0,10.612122469298425,7.484427134675283,3.1276953346231426,0.5457516577786393,0.4542483422213607,True,0.6666666666666666,4.666666666666667,0.6666666666666666,7.579643811790457,0.5427895595238715,0.1238771071427952,0.5,3
2026-02-07,B18DIGSV1GE,Digs Boys 18 Red,DIGSV,18,1,B18MVPVA1NE,MVP BOS 18 Black,B18,True,4.0,2.0,10.612122469298425,8.63789198265822,1.9742304866402058,0.5289275398086399,0.47107246019136007,True,0.75,4.5,1.0,7.844205854507397,0.5393240545950636,0.21067594540493642,0.6666666666666666,4
2026-02-07,B18DIGSV1GE,Digs Boys 18 Red,DIGSV,18,1,B18NYCIV1GE,NYC Impact 18 National,B18,False,-5.0,-1.0,10.612122469298425,13.697880039638216,-3.0857575703397906,0.45485844256026997,-0.45485844256026997,True,0.6,2.6,0.6,9.014940691533562,0.5224309321881049,0.07756906781189514,0.5,5
2026-02-07,B18DIGSV1GE,Digs Boys 18 Red,DIGSV,18,1,B18PWRSP1SU,PSA Power 18,B18,True,-7.0,1.0,10.612122469298425,15.737287678292512,-5.125165208994087,0.42538072838676566,0.5746192716132343,True,0.8,2.0,1.0,9.014940691533562,0.5224309321881049,0.2775690678118951,0.75,6
2026-02-08,B18DIGSV1GE,Digs Boys 18 Red,DIGSV,18,1,B18SJVBC1NE,South County Juniors Boys 18's Blue,B18,False,-9.0,-1.0,10.612122469298425,16.47286614912869,-5.860743679830266,0.41486638238905377,-0.41486638238905377,False,0.6,-1.6,0.6,12.406070596878584,0.4739569501846737,0.12604304981532627,0.75,7
2026-02-06,B18DSTJN1GE,Downstate (N-B) 18 Cobras,DSTJN,18,1,B18NYCIV1GE,NYC Impact 18 National,B18,True,-4.0,1.0,2.8185153158988996,13.697880039638216,-10.879364723739316,0.34561843139973975,0.6543815686002603,False,1.0,-4.0,1.0,13.697880039638216,0.34561843139973975,0.6543815686002603,,1
2026-02-06,B18DSTJN1GE,Downstate (N-B) 18 Cobras,DSTJN,18,1,B18CORE11GE,CORE Boys 18 Platinum,B18,False,-19.0,-2.0,2.8185153158988996,13.360154281075054,-10.541638965176155,0.35011382213776115,-0.35011382213776115,False,0.5,-11.5,-0.5,13.529017160356634,0.34786612676875045,0.15213387323124958,,2
2026-02-06,B18DSTJN1GE,Downstate (N-B) 18 Cobras,DSTJN,18,1,B18UNVBC1NE,Unity 18 Boys National Vikings,B18,True,12.0,2.0,2.8185153158988996,-1.081867673082355,3.9003829889812547,0.5569660860619533,0.4430339139380467,True,0.6666666666666666,-3.6666666666666665,0.3333333333333333,8.658722215876972,0.41756611319981807,0.2491005534668486,1.0,3
2026-02-07,B18DSTJN1GE,Downstate (N-B) 18 Cobras,DSTJN,18,1,B18SPTMC2GE,Sportime 18 2,B18,True,11.0,2.0,2.8185153158988996,-0.4827833775964243,3.301298693495324,0.5482757157929271,0.4517242842070729,True,0.75,0.0,0.75,6.373345817508623,0.45024351384809536,0.2997564861519047,1.0,4
2026-02-07,B18DSTJN1GE,Downstate (N-B) 18 Cobras,DSTJN,18,1,B18LHVBC1NE,LHV Boys 18-1 Rafiki,B18,False,-4.0,-2.0,2.8185153158988996,7.84944213467198,-5.0309268187730805,0.4267328721827882,-0.4267328721827882,True,0.6,-0.8,0.2,6.668565080941295,0.4455413855150339,0.1544586144849661,0.6666666666666666,5
2026-02-07,B18DSTJN1GE,Downstate (N-B) 18 Cobras,DSTJN,18,1,B18SJVBC1NE,South County Juniors Boys 18's Blue,B18,False,-17.0,-2.0,2.8185153158988996,16.47286614912869,-13.654350833229792,0.30977321816462705,-0.30977321816462705,False,0.4,-3.4,-0.4,7.2235623028393885,0.43837234286801136,-0.03837234286801137,0.6666666666666666,6
2026-02-08,B18DSTJN1GE,Downstate (N-B) 18 Cobras,DSTJN,18,1,B18LCVBC1GE,Legacy Boys 18 National,B18,False,-19.0,-2.0,2.8185153158988996,9.913915657457023,-7.095400341558124,0.39739571825995895,-0.39739571825995895,False,0.4,-3.4,-0.4,6.534314578115783,0.4478287220924509,-0.047828722092450926,0.6666666666666666,7
2026-03-14,B18GEVBC1NE,Generations vbc 18 1,GEVBC,18,1,B18SAVBC1XL,Sporting Albany Boys 18u,B18,False,-10.0,-1.0,-19.47697537158356,-18.130434782608912,-1.3465405889746478,0.4802579377529147,-0.4802579377529147,True,0.0,-10.0,-1.0,-18.130434782608912,0.4802579377529147,-0.4802579377529147,0.0,1
2026-03-14,B18GEVBC1NE,Generations vbc 18 1,GEVBC,18,1,B18HKJVB3NE,Husky 18.3,B18,False,-15.0,-2.0,-19.47697537158356,-2.745975258155825,-16.731000113427733,0.2725536955416369,-0.2725536955416369,False,0.0,-12.5,-1.5,-10.43820502038237,0.3764058166472758,-0.3764058166472758,0.0,2
2026-03-14,B18GEVBC1NE,Generations vbc 18 1,GEVBC,18,1,B18315VB1XL,315VB 18 USA,B18,False,-22.0,-2.0,-19.47697537158356,11.909790927758058,-31.386766299341616,0.1368570802870013,-0.1368570802870013,False,0.0,-15.666666666666666,-1.6666666666666667,-2.9888730376688932,0.2965562378605176,-0.2965562378605176,0.0,3
2026-03-15,B18GEVBC1NE,Generations vbc 18 1,GEVBC,18,1,B18NESVC3NE,NE Storm 18 Tornado,B18,False,-5.0,-1.0,-19.47697537158356,-16.073421048790788,-3.403554322792772,0.4502387197627772,-0.4502387197627772,True,0.0,-13.0,-1.5,-6.260010040449367,0.3349768583360825,-0.3349768583360825,0.0,4
2026-03-15,B18GEVBC1NE,Generations vbc 18 1,GEVBC,18,1,B18MVNER2NE,Meraki VB 18 2,B18,False,-15.0,-2.0,-19.47697537158356,-11.96495239873067,-7.51202297285289,0.39155659510896706,-0.39155659510896706,False,0.0,-13.4,-1.6,-7.400998512105628,0.34629280569065946,-0.34629280569065946,0.0,5
2026-01-31,B18HKJVB1NE,Husky 18.1,HKJVB,18,1,B18MMVBC1NE,Mayhem 18 1,B18,True,4.0,2.0,11.008594235488776,4.967959348971037,6.040634886517738,0.5876936061196808,0.4123063938803192,False,1.0,4.0,2.0,4.967959348971037,0.5876936061196808,0.4123063938803192,,1
2026-01-31,B18HKJVB1NE,Husky 18.1,HKJVB,18,1,B18CSJVB1NE,MEVBC/CT STARS 18 1,B18,True,13.0,1.0,11.008594235488776,-4.372161215609074,15.38075545109785,0.7114584417638682,0.2885415582361318,False,1.0,8.5,1.5,0.29789906668098176,0.6495760239417745,0.3504239760582255,,2
2026-01-31,B18HKJVB1NE,Husky 18.1,HKJVB,18,1,B18NEVBC1NE,NEVBC Boys 18.1,B18,False,-8.0,-2.0,11.008594235488776,20.763872384187966,-9.75527814869919,0.36068354677510195,-0.36068354677510195,False,0.6666666666666666,3.0,0.3333333333333333,7.1198901725166435,0.5532785315528836,0.11338813511378303,,3
2026-02-01,B18HKJVB1NE,Husky 18.1,HKJVB,18,1,B18LEGIO1XL,TeamLVC Boys 18 Black,B18,False,-5.0,-2.0,11.008594235488776,4.22806608176198,6.780528153726795,0.5981716640626387,-0.5981716640626387,False,0.5,1.0,-0.25,6.3969341498279775,0.5645018146803225,-0.0645018146803224,,4
2026-02-01,B18HKJVB1NE,Husky 18.1,HKJVB,18,1,B18LHVBC1NE,LHV Boys 18-1 Rafiki,B18,False,-9.0,-2.0,11.008594235488776,7.84944213467198,3.1591521008167955,0.5462091930637839,-0.5462091930637839,True,0.4,-1.0,-0.6,6.687435746796778,0.5608432903570147,-0.1608432903570147,0.0,5
2026-03-14,B18HKJVB1NE,Husky 18.1,HKJVB,18,1,B18UNVBC1NE,Unity 18 Boys National Vikings,B18,True,15.0,2.0,11.008594235488776,-1.081867673082355,12.09046190857113,0.6702723980428034,0.32972760195719664,False,0.4,1.2,-0.6,5.4774703423861,0.5773590487416392,-0.1773590487416392,0.0,6
2026-03-14,B18HKJVB1NE,Husky 18.1,HKJVB,18,1,B18MCJVB1NE,Mill City 18's,B18,True,10.0,2.0,11.008594235488776,8.201372036587305,2.8072221989014707,0.5410861391561695,0.45891386084383046,True,0.4,0.6,-0.4,7.992176992825375,0.5432845882200995,-0.1432845882200995,0.5,7
2026-03-14,B18HKJVB1NE,Husky 18.1,HKJVB,18,1,B18LEGIO1XL,TeamLVC Boys 18 Black,B18,True,9.0,2.0,11.008594235488776,4.22806608176198,6.780528153726795,0.5981716640626387,0.40182833593736134,False,0.6,4.0,0.4,4.685015732340178,0.5907822116776068,0.009217788322393172,0.5,8
2026-03-15,B18HKJVB1NE,Husky 18.1,HKJVB,18,1,B18LHVBC1NE,LHV Boys 18-1 Rafiki,B18,True,4.0,1.0,11.008594235488776,7.84944213467198,3.1591521008167955,0.5462091930637839,0.4537908069362161,True,0.8,5.8,1.0,5.409290942922178,0.5803897174778359,0.2196102825221641,0.6666666666666666,9
2026-03-15,B18HKJVB1NE,Husky 18.1,HKJVB,18,1,B18SJVBC1NE,South County Juniors Boys 18's Blue,B18,False,-10.0,-2.0,11.008594235488776,16.47286614912869,-5.464271913639916,0.4205245499373202,-0.4205245499373202,True,0.8,5.6,1.0,7.13397574581352,0.5552527888525431,0.24474721114745684,0.6666666666666666,10
2026-01-31,B18HKJVB2NE,Husky 18.2,HKJVB,18,2,B18SJJVB3NE,SMASH Boys 18's Surge,B18,False,-10.0,-2.0,-0.12825317049956553,13.62318840579702,-13.751441576296585,0.3085564696182107,-0.3085564696182107,False,0.0,-10.0,-2.0,13.62318840579702,0.3085564696182107,-0.3085564696182107,,1
2026-01-31,B18HKJVB2NE,Husky 18.2,HKJVB,18,2,B18LEGIO1XL,TeamLVC Boys 18 Black,B18,False,-21.0,-2.0,-0.12825317049956553,4.22806608176198,-4.356319252261546,0.4364430621506555,-0.4364430621506555,True,0.0,-15.5,-2.0,8.9256272437795,0.3724997658844331,-0.3724997658844331,0.0,2
2026-01-31,B18HKJVB2NE,Husky 18.2,HKJVB,18,2,B18PVJVB1NE,PV Boys 18 1,B18,True,-1.0,1.0,-0.12825317049956553,18.868723165950637,-18.996976336450203,0.24700268102185105,0.7529973189781489,False,0.3333333333333333,-10.666666666666666,-1.0,12.239992551169879,0.3306674042635724,0.0026659290697608937,0.0,3
2026-02-01,B18HKJVB2NE,Husky 18.2,HKJVB,18,2,B18BVJVB1NE,Blast 18 Fire,B18,True,0.0,1.0,-0.12825317049956553,3.536074295314291,-3.6643274658138565,0.44645429619665505,0.5535457038033449,True,0.5,-8.0,-0.5,10.064012987205983,0.35961412724684305,0.1403858727531569,0.5,4
2026-02-01,B18HKJVB2NE,Husky 18.2,HKJVB,18,2,B18MMVBC1NE,Mayhem 18 1,B18,False,-9.0,-2.0,-0.12825317049956553,4.967959348971037,-5.096212519470603,0.4257960272697826,-0.4257960272697826,True,0.4,-8.2,-0.8,9.044802259558994,0.372850507251431,0.027149492748568992,0.3333333333333333,5
2026-03-14,B18HKJVB2NE,Husky 18.2,HKJVB,18,2,B18NESVC1NE,NE Storm 18 Thunder,B18,False,-16.0,-1.0,-0.12825317049956553,-3.463925704685793,3.3356725341862274,0.5487751944978958,-0.5487751944978958,True,0.4,-9.4,-0.6,5.627379437462431,0.4208942522273681,-0.020894252227368026,0.25,6
2026-03-14,B18HKJVB2NE,Husky 18.2,HKJVB,18,2,B18SJVBC2NE,South County Juniors Boys 18's Gold,B18,False,-11.0,-2.0,-0.12825317049956553,-0.8950895960897043,0.7668364255901388,0.5112467846938245,-0.5112467846938245,True,0.4,-7.4,-0.6,4.602748301892094,0.4358549967360018,-0.03585499673600182,0.25,7
2026-03-14,B18HKJVB2NE,Husky 18.2,HKJVB,18,2,B18RRJVB1NE,Boston United Boys 18 1,B18,True,15.0,2.0,-0.12825317049956553,-4.617049081822097,4.488795911322532,0.565467877494372,0.434532122505628,True,0.4,-4.2,-0.4,-0.09440614766245314,0.4995480360305059,-0.09954803603050602,0.4,8
2026-03-15,B18HKJVB2NE,Husky 18.2,HKJVB,18,2,B18BVJVB1NE,Blast 18 Fire,B18,True,5.0,1.0,-0.12825317049956553,3.536074295314291,-3.6643274658138565,0.44645429619665505,0.5535457038033449,True,0.4,-3.2,-0.4,-0.09440614766245306,0.499548036030506,-0.09954803603050602,0.4,9
2026-03-15,B18HKJVB2NE,Husky 18.2,HKJVB,18,2,B18118281XX,PW-VB Quarter-Zip Elite 67-Matcha,B18,False,-4.0,-1.0,-0.12825317049956553,5.536074295314347,-5.664327465813913,0.41766678863327894,-0.41766678863327894,True,0.4,-2.2,-0.2,0.019216841606209022,0.4979221883032053,-0.09792218830320529,0.4,10
2026-01-31,B18HKJVB3NE,Husky 18.3,HKJVB,18,3,B18NESVC1NE,NE Storm 18 Thunder,B18,False,2.0,-1.0,-2.745975258155825,-3.463925704685793,0.7179504465299678,0.5105300191047686,-0.5105300191047686,True,0.0,2.0,-1.0,-3.463925704685793,0.5105300191047686,-0.5105300191047686,0.0,1
2026-01-31,B18HKJVB3NE,Husky 18.3,HKJVB,18,3,B18MVNER2NE,Meraki VB 18 2,B18,False,3.0,-1.0,-2.745975258155825,-11.96495239873067,9.218977140574845,0.6320288979332639,-0.6320288979332639,False,0.0,2.5,-1.0,-7.714439051708231,0.5712794585190162,-0.5712794585190162,0.0,2
2026-01-31,B18HKJVB3NE,Husky 18.3,HKJVB,18,3,B18NEVBC2NE,NEVBC Boys 18.2,B18,True,14.0,2.0,-2.745975258155825,-4.320455937255204,1.5744806790993788,0.5230795593979711,0.47692044060202887,True,0.3333333333333333,6.333333333333333,0.0,-6.583111346890555,0.5552128254786678,-0.22187949214533453,0.5,3
2026-02-01,B18HKJVB3NE,Husky 18.3,HKJVB,18,3,B18MVPVA2NE,MVP BOS 18 Blue,B18,True,4.0,1.0,-2.745975258155825,-0.9074394572431146,-1.8385358009127106,0.473056742125765,0.526943257874235,True,0.5,5.75,0.25,-5.164193374478695,0.5346738046404421,-0.034673804640442146,0.6666666666666666,4
2026-02-01,B18HKJVB3NE,Husky 18.3,HKJVB,18,3,B18PVJVB2NE,PV Boys 18 2,B18,False,-14.0,-1.0,-2.745975258155825,-2.963925704685832,0.21795044653000684,0.503197059748685,-0.503197059748685,True,0.4,1.8,0.0,-4.724139840520122,0.5283784556620907,-0.12837845566209072,0.5,5
2026-03-14,B18HKJVB3NE,Husky 18.3,HKJVB,18,3,B18315VB1XL,315VB 18 USA,B18,False,-11.0,-2.0,-2.745975258155825,11.909790927758058,-14.655766185913883,0.29735218067988894,-0.29735218067988894,False,0.4,-0.8,-0.2,-1.6493965140313527,0.4857428879771148,-0.0857428879771148,0.6666666666666666,6
2026-03-14,B18HKJVB3NE,Husky 18.3,HKJVB,18,3,B18GEVBC1NE,Generations vbc 18 1,B18,True,15.0,2.0,-2.745975258155825,-19.47697537158356,16.731000113427733,0.7274463044583632,0.2725536955416368,False,0.6,1.6,0.4,-3.151801108601931,0.5048263692821348,0.09517363071786535,0.6666666666666666,7
2026-03-14,B18HKJVB3NE,Husky 18.3,HKJVB,18,3,B18SAVBC1XL,Sporting Albany Boys 18u,B18,True,13.0,2.0,-2.745975258155825,-18.130434782608912,15.384459524453087,0.7115030563046892,0.28849694369531076,False,0.6,1.4,0.4,-5.913796877672672,0.5425110686634783,0.05748893133652172,0.5,8
2026-03-15,B18HKJVB3NE,Husky 18.3,HKJVB,18,3,B18NESVC2NE,NE Storm 18 Squall,B18,False,-4.0,-2.0,-2.745975258155825,-8.964952398730674,6.218977140574848,0.59022687842869,-0.59022687842869,False,0.4,-0.2,-0.2,-7.525299465970184,0.5659450959240633,-0.16594509592406329,0.0,9
2026-03-15,B18HKJVB3NE,Husky 18.3,HKJVB,18,3,B18NEVBC3NE,NEVBC Boys 18 Blue,B18,True,6.0,1.0,-2.745975258155825,-14.215465745753205,11.46949048759738,0.6621704102687231,0.33782958973127686,False,0.6,3.8,0.2,-9.775607474183658,0.5977397660280709,0.002260233971929071,,10
2026-02-06,B18LCVBC1GE,Legacy Boys 18 National,LCVBC,18,1,B18LHVBC1NE,LHV Boys 18-1 Rafiki,B18,False,-9.0,-2.0,9.913915657457023,7.84944213467198,2.0644735227850433,0.530246673952301,-0.530246673952301,True,0.0,-9.0,-2.0,7.84944213467198,0.530246673952301,-0.530246673952301,0.0,1
2026-02-06,B18LCVBC1GE,Legacy Boys 18 National,LCVBC,18,1,B18SJVBC1NE,South County Juniors Boys 18's Blue,B18,False,-8.0,-1.0,9.913915657457023,16.47286614912869,-6.558950491671668,0.40495729450650153,-0.40495729450650153,False,0.0,-8.5,-1.5,12.161154141900337,0.46760198422940125,-0.46760198422940125,0.0,2
2026-02-06,B18LCVBC1GE,Legacy Boys 18 National,LCVBC,18,1,B18MVPVA1NE,MVP BOS 18 Black,B18,True,7.0,2.0,9.913915657457023,8.63789198265822,1.2760236747988039,0.5187091831860824,0.4812908168139176,True,0.3333333333333333,-3.3333333333333335,-0.3333333333333333,10.986733422152964,0.4846377172149616,-0.15130438388162828,0.5,3
2026-02-07,B18LCVBC1GE,Legacy Boys 18 National,LCVBC,18,1,B18CORE11GE,CORE Boys 18 Platinum,B18,True,2.0,1.0,9.913915657457023,13.360154281075054,-3.446238623618031,0.4496188653283363,0.5503811346716637,True,0.5,-2.0,0.0,11.580088636883486,0.4758830042433053,0.02411699575669471,0.6666666666666666,4
2026-02-07,B18LCVBC1GE,Legacy Boys 18 National,LCVBC,18,1,B18PWRSP1SU,PSA Power 18,B18,False,-7.0,-2.0,9.913915657457023,15.737287678292512,-5.823372020835489,0.41539879150168885,-0.41539879150168885,False,0.4,-3.0,-0.4,12.411528445165292,0.463786161694982,-0.063786161694982,0.6666666666666666,5
2026-02-07,B18LCVBC1GE,Legacy Boys 18 National,LCVBC,18,1,B18NYCIV1GE,NYC Impact 18 National,B18,False,-10.0,-1.0,9.913915657457023,13.697880039638216,-3.7839643821811926,0.4447201344310617,-0.4447201344310617,True,0.4,-3.2,-0.2,13.581216026158538,0.44668085379073413,-0.046680853790734146,0.6666666666666666,6
2026-02-08,B18LCVBC1GE,Legacy Boys 18 National,LCVBC,18,1,B18DSTJN1GE,Downstate (N-B) 18 Cobras,B18,True,19.0,2.0,9.913915657457023,2.8185153158988996,7.095400341558124,0.602604281740041,0.397395718259959,False,0.6,2.2,0.4,10.850345859512581,0.48621025123744205,0.11378974876255796,0.6666666666666666,7
2026-02-08,B18LCVBC1GE,Legacy Boys 18 National,LCVBC,18,1,B18PWRSP1SU,PSA Power 18,B18,False,-9.0,-2.0,9.913915657457023,15.737287678292512,-5.823372020835489,0.41539879150168885,-0.41539879150168885,False,0.4,-1.0,-0.4,12.270224998639438,0.4655481729005634,-0.06554817290056333,0.5,8
2026-02-06,B18LCVBC2GE,Legacy Boys 18 Premier Anthony,LCVBC,18,2,B18RAPTO1GE,NYC Raptors 18 Black,B18,False,-9.0,-2.0,-5.996465018449163,-3.400641791021455,-2.595823227427708,0.4619954530679144,-0.4619954530679144,True,0.0,-9.0,-2.0,-3.400641791021455,0.4619954530679144,-0.4619954530679144,0.0,1
2026-02-06,B18LCVBC2GE,Legacy Boys 18 Premier Anthony,LCVBC,18,2,B18VENGE1OV,18 - Lusher,B18,False,-10.0,-2.0,-5.996465018449163,12.113581279797938,-18.1100462982471,0.2568088661014482,-0.2568088661014482,False,0.0,-9.5,-2.0,4.356469744388241,0.3594021595846813,-0.3594021595846813,0.0,2
2026-02-06,B18LCVBC2GE,Legacy Boys 18 Premier Anthony,LCVBC,18,2,B18RRJVB1NE,Boston United Boys 18 1,B18,False,-6.0,-1.0,-5.996465018449163,-4.617049081822097,-1.3794159366270655,0.47977646136076973,-0.47977646136076973,True,0.0,-8.333333333333334,-1.6666666666666667,1.3652968023181284,0.39952692684337743,-0.39952692684337743,0.0,3
2026-02-07,B18LCVBC2GE,Legacy Boys 18 Premier Anthony,LCVBC,18,2,B18CAPIT1XL,CSVC 18 HAYSTACK,B18,False,-15.0,-2.0,-5.996465018449163,2.5340209072239004,-8.530485925673062,0.3774154322372108,-0.3774154322372108,False,0.0,-10.0,-1.75,1.6574778285445715,0.3939990531918358,-0.3939990531918358,0.0,4
2026-02-07,B18LCVBC2GE,Legacy Boys 18 Premier Anthony,LCVBC,18,2,B18TUSVA1GE,Train Up VB 18 1,B18,False,-6.0,-1.0,-5.996465018449163,-2.04432730212734,-3.9521377163218228,0.442284711482533,-0.442284711482533,True,0.0,-9.2,-1.6,0.9171168024101892,0.40365618484997523,-0.40365618484997523,0.0,5
2026-02-07,B18LCVBC2GE,Legacy Boys 18 Premier Anthony,LCVBC,18,2,B18SPTMC3GE,Sportime 18 3,B18,True,8.0,2.0,-5.996465018449163,-10.201905295018594,4.205440276569432,0.5613782519883146,0.4386217480116854,True,0.2,-5.8,-0.8,-0.4431358983892387,0.42353274463405527,-0.22353274463405529,0.3333333333333333,6
2026-02-08,B18LCVBC2GE,Legacy Boys 18 Premier Anthony,LCVBC,18,2,B18SJVBC2NE,South County Juniors Boys 18's Gold,B18,True,2.0,1.0,-5.996465018449163,-0.8950895960897043,-5.1013754223594585,0.4257219626345584,0.5742780373654416,True,0.4,-3.4,-0.2,-3.0448700735667673,0.45731536394067723,-0.05731536394067731,0.5,7
2026-02-08,B18LCVBC2GE,Legacy Boys 18 Premier Anthony,LCVBC,18,2,B18ROYAL1NO,Infinity Royals 18N,B18,False,-14.0,-2.0,-5.996465018449163,4.605516048819804,-10.601981067268966,0.34930863834641335,-0.34930863834641335,False,0.4,-5.0,-0.4,-1.200357047438387,0.431221799337806,-0.031221799337806035,0.6666666666666666,8
2026-02-06,B18LCVBC5GE,Legacy Boys 18 Premier Billy,LCVBC,18,5,B18SAVBC1XL,Sporting Albany Boys 18u,B18,False,-12.0,-2.0,-18.60529305370297,-18.130434782608912,-0.47485827109405676,0.49303478028971537,-0.49303478028971537,True,0.0,-12.0,-2.0,-18.130434782608912,0.49303478028971537,-0.49303478028971537,0.0,1
2026-02-06,B18LCVBC5GE,Legacy Boys 18 Premier Billy,LCVBC,18,5,B18ROYAL1NO,Infinity Royals 18N,B18,False,-23.0,-2.0,-18.60529305370297,4.605516048819804,-23.210809102522774,0.20392966024588707,-0.20392966024588707,False,0.0,-17.5,-2.0,-6.762459366894554,0.34848222026780123,-0.34848222026780123,0.0,2
2026-02-06,B18LCVBC5GE,Legacy Boys 18 Premier Billy,LCVBC,18,5,B18SJVBC2NE,South County Juniors Boys 18's Gold,B18,False,-25.0,-2.0,-18.60529305370297,-0.8950895960897043,-17.710203457613265,0.26131209164252334,-0.26131209164252334,False,0.0,-20.0,-2.0,-4.806669443292937,0.3194255107260419,-0.3194255107260419,0.0,3
2026-02-07,B18LCVBC5GE,Legacy Boys 18 Premier Billy,LCVBC,18,5,B18SLCTD1SC,Selected 18s - Bubba,B18,False,-7.0,-2.0,-18.60529305370297,-6.1718536782108036,-12.433439375492165,0.32529528414685277,-0.32529528414685277,False,0.0,-16.75,-2.0,-5.147965502022404,0.32089295408124463,-0.32089295408124463,0.0,4
2026-02-07,B18LCVBC5GE,Legacy Boys 18 Premier Billy,LCVBC,18,5,B18NYCIV2GE,NYC Impact 18 Travel,B18,False,-22.0,-2.0,-18.60529305370297,1.0294245539929756,-19.634717607695944,0.24010892147992552,-0.24010892147992552,False,0.0,-17.8,-2.0,-3.912487490819328,0.3047361475609808,-0.3047361475609808,0.0,5
2026-02-07,B18LCVBC5GE,Legacy Boys 18 Premier Billy,LCVBC,18,5,B18118281XX,PW-VB Quarter-Zip Elite 67-Matcha,B18,False,-7.0,-2.0,-18.60529305370297,5.536074295314347,-24.141367349017315,0.19520871495718847,-0.19520871495718847,False,0.0,-16.8,-2.0,0.8208143247653238,0.24517093449447547,-0.24517093449447547,,6
2026-02-08,B18LCVBC5GE,Legacy Boys 18 Premier Billy,LCVBC,18,5,B18SPTMC3GE,Sportime 18 3,B18,False,-15.0,-2.0,-18.60529305370297,-10.201905295018594,-8.403387758684374,0.3791693587171001,-0.3791693587171001,False,0.0,-15.2,-2.0,-2.1406699440023558,0.28021887418871805,-0.28021887418871805,,7
2025-12-20,B18LEGIO1XL,TeamLVC Boys 18 Black,LEGIO,18,1,B18PVJVB2NE,PV Boys 18 2,B18,True,5.0,1.0,4.22806608176198,-2.963925704685832,7.1919917864478125,0.6039607177809189,0.39603928221908113,False,1.0,5.0,1.0,-2.963925704685832,0.6039607177809189,0.39603928221908113,,1
2025-12-20,B18LEGIO1XL,TeamLVC Boys 18 Black,LEGIO,18,1,B17CAPIT1XL,CSVC 17 BIG SLIDE,MIXED,False,-6.0,-1.0,4.22806608176198,13.536074295314258,-9.308008213552277,0.4082239280602703,-0.4082239280602703,False,0.5,-0.5,0.0,5.286074295314213,0.5060923229205946,-0.006092322920594584,,2
2025-12-20,B18LEGIO1XL,TeamLVC Boys 18 Black,LEGIO,18,1,B18MCJVB1NE,Mill City 18's,B18,True,4.0,2.0,4.22806608176198,8.201372036587305,-3.9733059548253244,0.44197835511644085,0.5580216448835591,True,0.6666666666666666,1.0,0.6666666666666666,6.257840209071911,0.48472100031921,0.18194566634745665,1.0,3
2025-12-20,B18LEGIO1XL,TeamLVC Boys 18 Black,LEGIO,18,1,B17NEVBC1NE,NEVBC Boys 17.1,MIXED,False,-5.0,-2.0,4.22806608176198,10.612049654657195,-6.383983572895215,0.4366748627739128,-0.4366748627739128,True,0.5,-0.5,0.0,7.346392570468232,0.4727094659328857,0.027290534067114278,0.5,4
2025-12-21,B18LEGIO1XL,TeamLVC Boys 18 Black,LEGIO,18,1,B18PVJVB1NE,PV Boys 18 1,B18,True,14.0,2.0,4.22806608176198,18.868723165950637,-14.640657084188657,0.29753744183912184,0.7024625581608781,False,0.6,2.4,0.4,9.650858689564712,0.4376750611141329,0.16232493888586705,0.5,5
2025-12-21,B18LEGIO1XL,TeamLVC Boys 18 Black,LEGIO,18,1,B18SJJVB2NE,SMASH Boys 18's Force,B18,True,3.0,1.0,4.22806608176198,6.0740619749855815,-1.8459958932236011,0.4729476294864544,0.5270523705135456,True,0.6,2.0,0.4,11.458456225498995,0.41147244345524003,0.18852755654475994,0.6666666666666666,6
2025-12-21,B18LEGIO1XL,TeamLVC Boys 18 Black,LEGIO,18,1,B17CAPIT1XL,CSVC 17 BIG SLIDE,MIXED,False,-14.0,-2.0,4.22806608176198,13.536074295314258,-9.308008213552277,0.4082239280602703,-0.4082239280602703,False,0.6,0.4,0.2,11.458456225498995,0.41147244345524003,0.18852755654475992,0.6666666666666666,7
2026-01-31,B18LEGIO1XL,TeamLVC Boys 18 Black,LEGIO,18,1,B18SJJVB3NE,SMASH Boys 18's Surge,B18,True,20.0,2.0,4.22806608176198,13.62318840579702,-9.39512232403504,0.3655706986549196,0.6344293013450804,False,0.6,3.6,0.2,12.54281949934094,0.3961909121629358,0.2038090878370642,0.5,8
2026-01-31,B18LEGIO1XL,TeamLVC Boys 18 Black,LEGIO,18,1,B18HKJVB2NE,Husky 18.2,B18,True,21.0,2.0,4.22806608176198,-0.12825317049956553,4.356319252261546,0.5635569378493445,0.43644306215065554,True,0.8,8.8,1.0,10.394758934309586,0.42156732717802214,0.3784326728219779,1.0,9
2026-01-31,B18LEGIO1XL,TeamLVC Boys 18 Black,LEGIO,18,1,B18PVJVB1NE,PV Boys 18 1,B18,True,3.0,1.0,4.22806608176198,18.868723165950637,-14.640657084188657,0.29753744183912184,0.7024625581608781,False,0.8,6.6,0.8,10.394758934309587,0.42156732717802214,0.3784326728219779,1.0,10
2026-02-01,B18LEGIO1XL,TeamLVC Boys 18 Black,LEGIO,18,1,B18HKJVB1NE,Husky 18.1,B18,True,5.0,2.0,4.22806608176198,11.008594235488776,-6.780528153726795,0.40182833593736134,0.5981716640626387,False,0.8,7.0,1.0,11.381665386410225,0.4073434684682035,0.39265653153179647,1.0,11
2026-02-01,B18LEGIO1XL,TeamLVC Boys 18 Black,LEGIO,18,1,B18SJJVB1NE,SMASH Boys 18-1,B18,False,-16.0,-2.0,4.22806608176198,26.836110086018678,-22.608044004256698,0.20973148636092193,-0.20973148636092193,False,0.8,6.6,1.0,14.041672544551108,0.3676449801283338,0.4323550198716662,1.0,12
2026-03-14,B18LEGIO1XL,TeamLVC Boys 18 Black,LEGIO,18,1,B18MCJVB1NE,Mill City 18's,B18,True,11.0,2.0,4.22806608176198,8.201372036587305,-3.9733059548253244,0.44197835511644085,0.5580216448835591,True,0.8,4.8,1.0,12.957309270709166,0.38292651142063805,0.41707348857936194,1.0,13
2026-03-14,B18LEGIO1XL,TeamLVC Boys 18 Black,LEGIO,18,1,B18UNVBC1NE,Unity 18 Boys National Vikings,B18,True,15.0,2.0,4.22806608176198,-1.081867673082355,5.3099337548443355,0.5772670979309443,0.42273290206905567,True,0.8,3.6,1.0,12.76658637019261,0.38566854343695806,0.41433145656304193,1.0,14
2026-03-14,B18LEGIO1XL,TeamLVC Boys 18 Black,LEGIO,18,1,B18HKJVB1NE,Husky 18.1,B18,False,-9.0,-2.0,4.22806608176198,11.008594235488776,-6.780528153726795,0.40182833593736134,-0.40182833593736134,False,0.6,1.2,0.4,11.194560584100236,0.4065267222566059,0.19347327774339404,1.0,15
2026-03-15,B18LEGIO1XL,TeamLVC Boys 18 Black,LEGIO,18,1,B18SJVBC1NE,South County Juniors Boys 18's Blue,B18,False,-4.0,-1.0,4.22806608176198,16.47286614912869,-12.244800067366711,0.32772927412768205,-0.32772927412768205,False,0.4,-0.6,-0.2,12.28741496682822,0.39170690989467005,0.008293090105329881,1.0,16
2026-03-15,B18LEGIO1XL,TeamLVC Boys 18 Black,LEGIO,18,1,B18LHVBC1NE,LHV Boys 18-1 Rafiki,B18,True,17.0,2.0,4.22806608176198,7.84944213467198,-3.6213760529099996,0.44707720608605894,0.5529227939139411,True,0.6,6.0,0.6,8.49008137655888,0.4391760538396975,0.1608239461603025,1.0,17
2025-11-22,B18LHVBC1NE,LHV Boys 18-1 Rafiki,LHVBC,18,1,B18MVPVA1NE,MVP BOS 18 Black,B18,False,-6.0,-1.0,7.84944213467198,8.63789198265822,-0.7884498479862394,0.4884363341562483,-0.4884363341562483,True,0.0,-6.0,-1.0,8.63789198265822,0.4884363341562483,-0.4884363341562483,0.0,1
2025-11-22,B18LHVBC1NE,LHV Boys 18-1 Rafiki,LHVBC,18,1,B18RRJVB1NE,Boston United Boys 18 1,B18,True,2.0,1.0,7.84944213467198,-4.617049081822097,12.466491216494077,0.6751302151160536,0.32486978488394636,False,0.5,-2.0,0.0,2.010421450418061,0.581783274636151,-0.08178327463615098,0.0,2
2025-11-22,B18LHVBC1NE,LHV Boys 18-1 Rafiki,LHVBC,18,1,B18BVJVB1NE,Blast 18 Fire,B18,True,5.0,2.0,7.84944213467198,3.536074295314291,4.313367839357689,0.5629369672582871,0.4370630327417129,True,0.6666666666666666,0.3333333333333333,0.6666666666666666,2.5189723987168047,0.575501172176863,0.09116549448980364,0.5,3
2025-11-23,B18LHVBC1NE,LHV Boys 18-1 Rafiki,LHVBC,18,1,B18SJVBC1NE,South County Juniors Boys 18's Blue,B18,False,-8.0,-2.0,7.84944213467198,16.47286614912869,-8.623424014456711,0.37613493293291206,-0.37613493293291206,False,0.5,-1.75,0.0,6.007445836319777,0.5256596123658753,-0.025659612365875287,0.5,4
2025-11-23,B18LHVBC1NE,LHV Boys 18-1 Rafiki,LHVBC,18,1,B18MVNER1NE,Meraki VB 18 1,B18,False,-10.0,-2.0,7.84944213467198,10.088829283265262,-2.2393871485932824,0.46719773268237413,-0.46719773268237413,True,0.4,-3.4,-0.4,6.823722525708874,0.5139672364291751,-0.11396723642917506,0.3333333333333333,5
2026-01-31,B18LHVBC1NE,LHV Boys 18-1 Rafiki,LHVBC,18,1,B18MVPVA1NE,MVP BOS 18 Black,B18,True,7.0,1.0,7.84944213467198,8.63789198265822,-0.7884498479862394,0.4884363341562483,0.5115636658437517,True,0.6,-0.8,0.0,6.823722525708874,0.5139672364291752,0.08603276357082494,0.6666666666666666,6
2026-01-31,B18LHVBC1NE,LHV Boys 18-1 Rafiki,LHVBC,18,1,B18NYCVA1GE,NYC VBA 18 Riverside,B18,True,8.0,1.0,7.84944213467198,7.484427134675283,0.3650149999966974,0.5053541806392475,0.49464581936075247,True,0.6,0.4,0.0,9.24401776900835,0.48001202953381383,0.11998797046618617,0.75,7
2026-01-31,B18LHVBC1NE,LHV Boys 18-1 Rafiki,LHVBC,18,1,B18SJJVB2NE,SMASH Boys 18's Force,B18,False,-7.0,-1.0,7.84944213467198,6.0740619749855815,1.7753801596863985,0.5260194301228907,-0.5260194301228907,True,0.4,-2.0,-0.6,9.751615304942607,0.47262852210673456,-0.07262852210673454,0.5,8
2026-02-01,B18LHVBC1NE,LHV Boys 18-1 Rafiki,LHVBC,18,1,B18HKJVB1NE,Husky 18.1,B18,True,9.0,2.0,7.84944213467198,11.008594235488776,-3.1591521008167955,0.45379080693621615,0.5462091930637838,True,0.6,1.4,0.2,8.658760922214626,0.48815969690739536,0.11184030309260465,0.6,9
2026-02-01,B18LHVBC1NE,LHV Boys 18-1 Rafiki,LHVBC,18,1,B18SJJVB1NE,SMASH Boys 18-1,B18,False,-22.0,-2.0,7.84944213467198,26.836110086018678,-18.986667951346696,0.24711519619211883,-0.24711519619211883,False,0.6,-1.0,0.2,12.008217082765308,0.4441431896093443,0.15585681039065571,0.75,10
2026-02-06,B18LHVBC1NE,LHV Boys 18-1 Rafiki,LHVBC,18,1,B18LCVBC1GE,Legacy Boys 18 National,B18,True,9.0,2.0,7.84944213467198,9.913915657457023,-2.0644735227850433,0.4697533260476991,0.5302466739523009,True,0.6,-0.6,0.4,12.26342181772507,0.44040658798763443,0.15959341201236554,0.75,11
2026-02-06,B18LHVBC1NE,LHV Boys 18-1 Rafiki,LHVBC,18,1,B18MVPVA1NE,MVP BOS 18 Black,B18,False,-10.0,-2.0,7.84944213467198,8.63789198265822,-0.7884498479862394,0.4884363341562483,-0.4884363341562483,True,0.4,-4.2,-0.2,12.494114787321656,0.4370230186910346,-0.037023018691034616,0.5,12
2026-02-06,B18LHVBC1NE,LHV Boys 18-1 Rafiki,LHVBC,18,1,B18SJVBC1NE,South County Juniors Boys 18's Blue,B18,True,10.0,2.0,7.84944213467198,16.47286614912869,-8.623424014456711,0.37613493293291206,0.623865067067088,False,0.6,-0.8,0.4,14.573875622150279,0.4070461192530389,0.19295388074696113,0.6666666666666666,13
2026-02-07,B18LHVBC1NE,LHV Boys 18-1 Rafiki,LHVBC,18,1,B18SPTMC2GE,Sportime 18 2,B18,False,1.0,-1.0,7.84944213467198,-0.4827833775964243,8.332225512268405,0.619847233900055,-0.619847233900055,False,0.4,-2.4,-0.2,12.27560009953324,0.4402574046458067,-0.04025740464580665,0.5,14
2026-02-07,B18LHVBC1NE,LHV Boys 18-1 Rafiki,LHVBC,18,1,B18DSTJN1GE,Downstate (N-B) 18 Cobras,B18,True,4.0,2.0,7.84944213467198,2.8185153158988996,5.0309268187730805,0.5732671278172118,0.4267328721827882,True,0.6,2.8,0.6,7.472081145509283,0.5054877909708252,0.09451220902917476,0.6666666666666666,15
2026-02-07,B18LHVBC1NE,LHV Boys 18-1 Rafiki,LHVBC,18,1,B18NYCVA1GE,NYC VBA 18 Riverside,B18,True,-1.0,1.0,7.84944213467198,7.484427134675283,0.3650149999966974,0.5053541806392475,0.49464581936075247,True,0.6,0.8,0.4,6.986183440952935,0.5126079618891349,0.08739203811086509,0.6666666666666666,16
2026-02-08,B18LHVBC1NE,LHV Boys 18-1 Rafiki,LHVBC,18,1,B18NYCIV1GE,NYC Impact 18 National,B18,False,-11.0,-1.0,7.84944213467198,13.697880039638216,-5.848437904966236,0.4150416726703922,-0.4150416726703922,False,0.6,0.6,0.6,7.998181052348935,0.4979290295919637,0.1020709704080363,1.0,17
2026-03-14,B18LHVBC1NE,LHV Boys 18-1 Rafiki,LHVBC,18,1,B18CSJVB1NE,MEVBC/CT STARS 18 1,B18,True,9.0,2.0,7.84944213467198,-4.372161215609074,12.221603350281054,0.6719707774113395,0.3280292225886605,False,0.6,0.4,0.6,3.829175579401381,0.5570961984876492,0.04290380151235081,1.0,18
2026-03-14,B18LHVBC1NE,LHV Boys 18-1 Rafiki,LHVBC,18,1,B18VTVBC1NE,VTV 18 1,B18,True,12.0,2.0,7.84944213467198,1.4938606153164464,6.355581519355534,0.5921640571013391,0.4078359428986609,False,0.8,2.6,1.2,4.224504377983955,0.551559563127906,0.248440436872094,1.0,19
2026-03-14,B18LHVBC1NE,LHV Boys 18-1 Rafiki,LHVBC,18,1,B18SJVBC1NE,South County Juniors Boys 18's Blue,B18,False,-0.0,-1.0,7.84944213467198,16.47286614912869,-8.623424014456711,0.37613493293291206,-0.37613493293291206,False,0.6,1.8,0.6,6.955374544629914,0.5121331241510461,0.08786687584895393,1.0,20
2026-03-15,B18LHVBC1NE,LHV Boys 18-1 Rafiki,LHVBC,18,1,B18HKJVB1NE,Husky 18.1,B18,False,-4.0,-1.0,7.84944213467198,11.008594235488776,-3.1591521008167955,0.45379080693621615,-0.45379080693621615,True,0.4,1.2,0.2,7.660207964792614,0.5018204494104398,-0.1018204494104398,0.0,21
2026-03-15,B18LHVBC1NE,LHV Boys 18-1 Rafiki,LHVBC,18,1,B18LEGIO1XL,TeamLVC Boys 18 Black,B18,False,-17.0,-2.0,7.84944213467198,4.22806608176198,3.6213760529099996,0.5529227939139411,-0.5529227939139411,True,0.4,0.0,0.0,5.766245173217365,0.5293966736591496,-0.12939667365914956,0.0,22
2025-11-22,B18LHVBC2NE,LHV Boys 18-2 Blitz,LHVBC,18,2,B18NESVC2NE,NE Storm 18 Squall,B18,True,7.0,2.0,-8.463925704685732,-8.964952398730674,0.5010266940449419,0.5073490042208896,0.4926509957791104,True,1.0,7.0,2.0,-8.964952398730674,0.5073490042208896,0.4926509957791104,1.0,1
2025-11-22,B18LHVBC2NE,LHV Boys 18-2 Blitz,LHVBC,18,2,B18SJVBC2NE,South County Juniors Boys 18's Gold,B18,False,-12.0,-2.0,-8.463925704685732,-0.8950895960897043,-7.568836108596027,0.3907626965394833,-0.3907626965394833,False,0.5,-2.5,0.0,-4.930020997410189,0.44905585038018647,0.050944149619813556,1.0,2
2025-11-22,B18LHVBC2NE,LHV Boys 18-2 Blitz,LHVBC,18,2,B18BVJVB2NE,Blast 18 Blaze,B18,True,18.0,2.0,-8.463925704685732,-18.71443905170827,10.250513347022537,0.6459895523582354,0.3540104476417646,False,0.6666666666666666,4.333333333333333,0.6666666666666666,-9.52482701550955,0.5147004177062028,0.1519662489604639,1.0,3
2025-11-23,B18LHVBC2NE,LHV Boys 18-2 Blitz,LHVBC,18,2,B18NESVC1NE,NE Storm 18 Thunder,B18,False,-7.0,-1.0,-8.463925704685732,-3.463925704685793,-4.999999999999939,0.4271768537228359,-0.4271768537228359,True,0.5,1.5,0.25,-8.00960168780361,0.49281952671036106,0.0071804732896389445,0.5,4
2025-11-23,B18LHVBC2NE,LHV Boys 18-2 Blitz,LHVBC,18,2,B18RRJVB2NE,Boston United Boys 18 Select 1,B18,True,16.0,2.0,-8.463925704685732,-11.494042789497282,3.0301170848115504,0.54433190433647,0.45566809566352995,True,0.6,4.4,0.6,-8.706489908142345,0.5031220022355829,0.09687799776441715,0.6666666666666666,5
2026-01-17,B18LHVBC2NE,LHV Boys 18-2 Blitz,LHVBC,18,2,B18RRJVB1NE,Boston United Boys 18 1,B18,True,3.0,1.0,-8.463925704685732,-4.617049081822097,-3.8468766228636344,0.4438087456782728,0.5561912543217272,True,0.6,3.6,0.4,-7.836909244760629,0.4904139505270595,0.10958604947294051,0.6666666666666666,6
2026-01-17,B18LHVBC2NE,LHV Boys 18-2 Blitz,LHVBC,18,2,B18NESVC1NE,NE Storm 18 Thunder,B18,False,-4.0,-2.0,-8.463925704685732,-3.463925704685793,-4.999999999999939,0.4271768537228359,-0.4271768537228359,True,0.6,5.2,0.4,-8.350676466479847,0.49769678196373,0.10230321803626996,0.5,7
2026-01-17,B18LHVBC2NE,LHV Boys 18-2 Blitz,LHVBC,18,2,B18PVJVB4NE,PV Boys 18 4,B18,True,14.0,2.0,-8.463925704685732,-0.09020907224197838,-8.373716632443752,0.3795792706565478,0.6204207293434523,False,0.6,4.4,0.4,-4.625830470586588,0.44441472562339246,0.15558527437660752,0.5,8
2026-01-18,B18LHVBC2NE,LHV Boys 18-2 Blitz,LHVBC,18,2,B17CAPIT1XL,CSVC 17 BIG SLIDE,MIXED,False,-22.0,-2.0,-8.463925704685732,13.536074295314258,-21.99999999999999,0.29367167294220203,-0.29367167294220203,False,0.6,1.4,0.2,-1.2258304705865786,0.41771368946726567,0.1822863105327343,0.6666666666666666,9
2026-01-18,B18LHVBC2NE,LHV Boys 18-2 Blitz,LHVBC,18,2,B18CAPIT1XL,CSVC 18 HAYSTACK,B18,False,-13.0,-2.0,-8.463925704685732,2.5340209072239004,-10.997946611909633,0.3440464868992811,-0.3440464868992811,False,0.4,-4.4,-0.6,1.579782268757658,0.3776566059798279,0.022343394020172092,0.5,10
2026-01-18,B18LHVBC2NE,LHV Boys 18-2 Blitz,LHVBC,18,2,B18BVJVB1NE,Blast 18 Fire,B18,False,-6.0,-1.0,-8.463925704685732,3.536074295314291,-12.000000000000023,0.33090175025984137,-0.33090175025984137,False,0.2,-6.2,-1.0,3.2104069441849354,0.3550752068961417,-0.15507520689614163,0.0,11
2026-01-19,B18LHVBC2NE,LHV Boys 18-2 Blitz,LHVBC,18,2,B18VTVBC1NE,VTV 18 1,B18,False,-5.0,-2.0,-8.463925704685732,1.4938606153164464,-9.957786320002178,0.35794815066396607,-0.35794815066396607,False,0.2,-6.4,-1.0,4.201964208185383,0.3412294662843677,-0.14122946628436767,,12
2026-01-31,B18LHVBC2NE,LHV Boys 18-2 Blitz,LHVBC,18,2,B18BVJVB2NE,Blast 18 Blaze,B18,True,24.0,2.0,-8.463925704685732,-18.71443905170827,10.250513347022537,0.6459895523582354,0.3540104476417646,False,0.2,-4.4,-1.0,0.4771182122921253,0.3945115226247052,-0.1945115226247052,,13
2026-01-31,B18LHVBC2NE,LHV Boys 18-2 Blitz,LHVBC,18,2,B18PVJVB4NE,PV Boys 18 4,B18,True,19.0,2.0,-8.463925704685732,-0.09020907224197838,-8.373716632443752,0.3795792706565478,0.6204207293434523,False,0.4,3.8,-0.2,-2.248138461219122,0.4116930421675743,-0.01169304216757432,,14
2026-01-31,B18LHVBC2NE,LHV Boys 18-2 Blitz,LHVBC,18,2,B18MMVBC2NE,Mayhem 18 2,B18,False,-7.0,-1.0,-8.463925704685732,-1.0752739666954634,-7.388651737990268,0.39328253912619976,-0.39328253912619976,False,0.4,5.0,0.0,-2.969997436002995,0.4215402526129581,-0.021540252612958066,,15
2026-02-01,B18LHVBC2NE,LHV Boys 18-2 Blitz,LHVBC,18,2,B18MVPVA2NE,MVP BOS 18 Blue,B18,False,-18.0,-2.0,-8.463925704685732,-0.9074394572431146,-7.556486247442617,0.39093522268504705,-0.39093522268504705,False,0.4,2.6,-0.2,-3.8587001865144757,0.4335469470979992,-0.0335469470979992,,16
2026-02-01,B18LHVBC2NE,LHV Boys 18-2 Blitz,LHVBC,18,2,B18PVJVB2NE,PV Boys 18 2,B18,False,-14.0,-2.0,-8.463925704685732,-2.963925704685832,-5.4999999999999,0.42001378327821276,-0.42001378327821276,True,0.4,0.8,-0.2,-4.7502574505149315,0.44596007362084855,-0.04596007362084854,0.0,17
2026-01-17,B18LHVBC3NE,LHV Boys 18-3 Thunder,LHVBC,18,3,B18RRJVB2NE,Boston United Boys 18 Select 1,B18,False,-11.0,-2.0,-16.143035542014527,-11.494042789497282,-4.648992752517245,0.43222392851648084,-0.43222392851648084,True,0.0,-11.0,-2.0,-11.494042789497282,0.43222392851648084,-0.43222392851648084,0.0,1
2026-01-17,B18LHVBC3NE,LHV Boys 18-3 Thunder,LHVBC,18,3,B18CAPIT1XL,CSVC 18 HAYSTACK,B18,False,-10.0,-2.0,-16.143035542014527,2.5340209072239004,-18.677056449238428,0.2505106025135204,-0.2505106025135204,False,0.0,-10.5,-2.0,-4.48001094113669,0.34136726551500063,-0.34136726551500063,0.0,2
2026-01-17,B18LHVBC3NE,LHV Boys 18-3 Thunder,LHVBC,18,3,B18NESVC2NE,NE Storm 18 Squall,B18,False,-6.0,-1.0,-16.143035542014527,-8.964952398730674,-7.178083143283853,0.39623450362954116,-0.39623450362954116,False,0.0,-9.0,-1.6666666666666667,-5.974991427001352,0.35965634488651416,-0.35965634488651416,0.0,3
2026-01-18,B18LHVBC3NE,LHV Boys 18-3 Thunder,LHVBC,18,3,B18PVJVB3NE,PV Boys 18 3,B18,False,-10.0,-1.0,-16.143035542014527,1.2898550724636149,-17.43289061447814,0.26446513372021063,-0.26446513372021063,False,0.0,-9.25,-1.5,-4.1587798021351094,0.33585854209493826,-0.33585854209493826,0.0,4
2026-01-18,B18LHVBC3NE,LHV Boys 18-3 Thunder,LHVBC,18,3,B18RRJVB1NE,Boston United Boys 18 1,B18,False,-10.0,-2.0,-16.143035542014527,-4.617049081822097,-11.52598646019243,0.33708843303018526,-0.33708843303018526,False,0.0,-9.4,-1.6,-4.250433658072508,0.3361045202819877,-0.3361045202819877,0.0,5
2026-01-18,B18LHVBC3NE,LHV Boys 18-3 Thunder,LHVBC,18,3,B18BVJVB2NE,Blast 18 Blaze,B18,True,22.0,2.0,-16.143035542014527,-18.71443905170827,2.5714035096937415,0.5376483856037119,0.46235161439628814,True,0.2,-2.8,-0.8,-5.694512910514705,0.35718941169943386,-0.15718941169943385,1.0,6
2026-01-19,B18LHVBC3NE,LHV Boys 18-3 Thunder,LHVBC,18,3,B18NESVC3NE,NE Storm 18 Tornado,B18,False,-8.0,-2.0,-16.143035542014527,-16.073421048790788,-0.0696144932237388,0.498978830181331,-0.498978830181331,True,0.2,-2.4,-0.8,-9.416001301717642,0.40688305723299595,-0.20688305723299596,0.5,7
2026-01-31,B18LHVBC3NE,LHV Boys 18-3 Thunder,LHVBC,18,3,B18SGHVB1NE,Starlings GH 18 1 Boys,B18,True,19.0,2.0,-16.143035542014527,-30.240845030267977,14.09780948825345,0.6957625638316057,0.30423743616839427,False,0.4,2.6,-0.2,-13.671179828025103,0.4667886692734089,-0.0667886692734089,0.5,8
2026-01-31,B18LHVBC3NE,LHV Boys 18-3 Thunder,LHVBC,18,3,B18PVJVB2NE,PV Boys 18 2,B18,False,-18.0,-2.0,-16.143035542014527,-2.963925704685832,-13.179109837328696,0.3157668495185137,-0.3157668495185137,False,0.4,1.0,-0.4,-14.521935983454991,0.47704901243306946,-0.07704901243306951,0.5,9
2026-01-31,B18LHVBC3NE,LHV Boys 18-3 Thunder,LHVBC,18,3,B18RRJVB2NE,Boston United Boys 18 Select 1,B18,False,-24.0,-2.0,-16.143035542014527,-11.494042789497282,-4.648992752517245,0.43222392851648084,-0.43222392851648084,True,0.4,-1.8,-0.4,-15.897334724990031,0.4960761115303286,-0.09607611153032862,0.3333333333333333,10
2026-02-01,B18LHVBC3NE,LHV Boys 18-3 Thunder,LHVBC,18,3,B18BVJVB2NE,Blast 18 Blaze,B18,True,8.0,1.0,-16.143035542014527,-18.71443905170827,2.5714035096937415,0.5376483856037119,0.46235161439628814,True,0.4,-4.6,-0.6,-15.897334724990031,0.49607611153032866,-0.09607611153032862,0.3333333333333333,11
2026-02-01,B18LHVBC3NE,LHV Boys 18-3 Thunder,LHVBC,18,3,B18NEVBC2NE,NEVBC Boys 18.2,B18,False,-18.0,-2.0,-16.143035542014527,-4.320455937255204,-11.822579604759323,0.33321069032415684,-0.33321069032415684,False,0.4,-6.6,-0.6,-13.546741702682914,0.4629224835588938,-0.0629224835588938,0.5,12
2025-11-22,B18MCJVB1NE,Mill City 18's,MCJVB,18,1,B18MMVBC1NE,Mayhem 18 1,B18,True,12.0,2.0,8.201372036587305,4.967959348971037,3.2334126876162674,0.5472889943813233,0.4527110056186767,True,1.0,12.0,2.0,4.967959348971037,0.5472889943813233,0.4527110056186767,1.0,1
2025-11-22,B18MCJVB1NE,Mill City 18's,MCJVB,18,1,B18MVNER1NE,Meraki VB 18 1,B18,False,-11.0,-2.0,8.201372036587305,10.088829283265262,-1.8874572466779576,0.47234125572087865,-0.47234125572087865,True,0.5,0.5,0.0,7.52839431611815,0.5098151250511009,-0.009815125051100965,0.5,2
2025-11-22,B18MCJVB1NE,Mill City 18's,MCJVB,18,1,B18SJVBC1NE,South County Juniors Boys 18's Blue,B18,False,-2.0,-1.0,8.201372036587305,16.47286614912869,-8.271494112541387,0.3809928062954667,-0.3809928062954667,False,0.3333333333333333,-0.3333333333333333,-0.3333333333333333,10.509884927121663,0.46687435213255624,-0.1335410187992229,0.5,3
2025-11-23,B18MCJVB1NE,Mill City 18's,MCJVB,18,1,B18RRJVB1NE,Boston United Boys 18 1,B18,True,1.0,1.0,8.201372036587305,-4.617049081822097,12.818421118409402,0.6796428355886359,0.3203571644113641,False,0.5,0.0,0.0,6.7281514248857235,0.5200664729965762,-0.020066472996576143,0.5,4
2025-11-23,B18MCJVB1NE,Mill City 18's,MCJVB,18,1,B18MMVBC1NE,Mayhem 18 1,B18,False,-7.0,-1.0,8.201372036587305,4.967959348971037,3.2334126876162674,0.5472889943813233,-0.5472889943813233,True,0.4,-1.4,-0.2,6.376113009702786,0.5255109772735256,-0.1255109772735256,0.3333333333333333,5
2025-12-20,B18MCJVB1NE,Mill City 18's,MCJVB,18,1,B18PVJVB1NE,PV Boys 18 1,B18,False,-16.0,-2.0,8.201372036587305,18.868723165950637,-10.667351129363333,0.34843733238917185,-0.34843733238917185,False,0.2,-7.0,-1.0,9.156265773098706,0.4857406448750954,-0.2857406448750953,0.0,6
2025-12-20,B18MCJVB1NE,Mill City 18's,MCJVB,18,1,B17SJJVB2NE,SMASH Boys 17 Chaos,MIXED,True,1.0,1.0,8.201372036587305,7.201372036587237,1.0000000000000675,0.5099716071905553,0.49002839280944466,True,0.4,-4.6,-0.4,8.578774323763103,0.4932667151690307,-0.09326671516903065,0.5,7
2025-12-20,B18MCJVB1NE,Mill City 18's,MCJVB,18,1,B18LEGIO1XL,TeamLVC Boys 18 Black,B18,False,-4.0,-2.0,8.201372036587305,4.22806608176198,3.9733059548253244,0.5580216448835592,-0.5580216448835592,True,0.4,-5.0,-0.6,6.129814310289759,0.5286724828866491,-0.12867248288664915,0.3333333333333333,8
2025-12-21,B18MCJVB1NE,Mill City 18's,MCJVB,18,1,B18PVJVB2NE,PV Boys 18 2,B18,True,5.0,1.0,8.201372036587305,-2.963925704685832,11.165297741273136,0.6581661476638339,0.34183385233616614,False,0.4,-4.2,-0.6,6.460438985717012,0.5243771453016887,-0.12437714530168871,0.3333333333333333,9
2025-12-21,B18MCJVB1NE,Mill City 18's,MCJVB,18,1,B18CAPIT1XL,CSVC 18 HAYSTACK,B18,False,-3.0,-1.0,8.201372036587305,2.5340209072239004,5.6673511293634045,0.5823763620345637,-0.5823763620345637,True,0.4,-3.4,-0.6,5.973651297367584,0.5313946188323369,-0.13139461883233677,0.3333333333333333,10
2026-01-31,B18MCJVB1NE,Mill City 18's,MCJVB,18,1,B18BVJVB1NE,Blast 18 Fire,B18,True,10.0,2.0,8.201372036587305,3.536074295314291,4.665297741273013,0.5680108385117655,0.4319891614882345,True,0.6,1.8,0.2,2.9071215232403156,0.5753093200568554,0.02469067994314449,0.5,11
2026-01-31,B18MCJVB1NE,Mill City 18's,MCJVB,18,1,B18MVNER1NE,Meraki VB 18 1,B18,False,-9.0,-2.0,8.201372036587305,10.088829283265262,-1.8874572466779576,0.47234125572087865,-0.47234125572087865,True,0.4,-0.2,-0.4,3.4846129725759205,0.5677832497629202,-0.1677832497629202,0.25,12
2026-01-31,B18MCJVB1NE,Mill City 18's,MCJVB,18,1,B18SJJVB1NE,SMASH Boys 18-1,B18,False,-16.0,-2.0,8.201372036587305,26.836110086018678,-18.634738049431373,0.2509770992898024,-0.2509770992898024,False,0.4,-2.6,-0.4,8.00622177342726,0.5063743406441688,-0.1063743406441688,0.3333333333333333,13
2026-02-01,B18MCJVB1NE,Mill City 18's,MCJVB,18,1,B18NYCVA1GE,NYC VBA 18 Riverside,B18,False,-4.0,-1.0,8.201372036587305,7.484427134675283,0.7169449019120222,0.5105152753580819,-0.5105152753580819,True,0.2,-4.4,-0.8,10.095892341299484,0.47684416618301845,-0.27684416618301844,0.25,14
2026-02-01,B18MCJVB1NE,Mill City 18's,MCJVB,18,1,B18CSJVB1NE,MEVBC/CT STARS 18 1,B18,True,14.0,2.0,8.201372036587305,-4.372161215609074,12.573533252196379,0.6765062557483644,0.3234937442516356,False,0.4,-1.0,-0.2,8.714655916732887,0.49567014492577866,-0.09567014492577856,0.3333333333333333,15
2026-03-14,B18MCJVB1NE,Mill City 18's,MCJVB,18,1,B18LEGIO1XL,TeamLVC Boys 18 Black,B18,False,-11.0,-2.0,8.201372036587305,4.22806608176198,3.9733059548253244,0.5580216448835592,-0.5580216448835592,True,0.2,-5.2,-1.0,8.853054274022426,0.49367230620013736,-0.2936723062001373,0.0,16
2026-03-14,B18MCJVB1NE,Mill City 18's,MCJVB,18,1,B18HKJVB1NE,Husky 18.1,B18,False,-10.0,-2.0,8.201372036587305,11.008594235488776,-2.8072221989014707,0.4589138608438304,-0.4589138608438304,True,0.2,-5.4,-1.0,9.037007264467128,0.49098682722472764,-0.2909868272247277,0.0,17
2026-03-14,B18MCJVB1NE,Mill City 18's,MCJVB,18,1,B18UNVBC1NE,Unity 18 Boys National Vikings,B18,False,-8.0,-2.0,8.201372036587305,-1.081867673082355,9.28323970966966,0.6329053960050252,-0.6329053960050252,False,0.2,-3.8,-1.0,3.453411712646922,0.5673724865677723,-0.3673724865677722,0.0,18
2026-03-15,B18MCJVB1NE,Mill City 18's,MCJVB,18,1,B18VTVBC1NE,VTV 18 1,B18,False,-8.0,-2.0,8.201372036587305,1.4938606153164464,6.707511421270858,0.597141444656791,-0.597141444656791,False,0.2,-4.6,-1.2,2.255298408775155,0.5846977204275141,-0.38469772042751404,0.0,19
2026-03-15,B18MCJVB1NE,Mill City 18's,MCJVB,18,1,B18CSJVB1NE,MEVBC/CT STARS 18 1,B18,False,-3.0,-1.0,8.201372036587305,-4.372161215609074,12.573533252196379,0.6765062557483644,-0.6765062557483644,False,0.0,-8.0,-1.8,2.255298408775155,0.584697720427514,-0.584697720427514,0.0,20
2025-11-22,B18MMVBC1NE,Mayhem 18 1,MMVBC,18,1,B18MCJVB1NE,Mill City 18's,B18,False,-12.0,-2.0,4.967959348971037,8.201372036587305,-3.2334126876162674,0.4527110056186768,-0.4527110056186768,True,0.0,-12.0,-2.0,8.201372036587305,0.4527110056186768,-0.4527110056186768,0.0,1
2025-11-22,B18MMVBC1NE,Mayhem 18 1,MMVBC,18,1,B18SJVBC1NE,South County Juniors Boys 18's Blue,B18,False,-26.0,-2.0,4.967959348971037,16.47286614912869,-11.504906800157654,0.3373648784590012,-0.3373648784590012,False,0.0,-19.0,-2.0,12.337119092857998,0.395037942038839,-0.395037942038839,0.0,2
2025-11-22,B18MMVBC1NE,Mayhem 18 1,MMVBC,18,1,B18MVNER1NE,Meraki VB 18 1,B18,False,-1.0,-1.0,4.967959348971037,10.088829283265262,-5.120869934294225,0.4254423333931161,-0.4254423333931161,True,0.0,-13.0,-1.6666666666666667,11.587689156327087,0.40517273915693136,-0.40517273915693136,0.0,3
2025-11-23,B18MMVBC1NE,Mayhem 18 1,MMVBC,18,1,B18BVJVB1NE,Blast 18 Fire,B18,True,14.0,2.0,4.967959348971037,3.536074295314291,1.4318850536567465,0.5209918976864212,0.4790081023135788,True,0.25,-6.25,-0.75,9.574785441073887,0.43412752878930383,-0.18412752878930383,0.3333333333333333,4
2025-11-23,B18MMVBC1NE,Mayhem 18 1,MMVBC,18,1,B18MCJVB1NE,Mill City 18's,B18,True,7.0,1.0,4.967959348971037,8.201372036587305,-3.2334126876162674,0.4527110056186768,0.5472889943813233,True,0.4,-3.6,-0.4,9.300102760176571,0.43784422415517843,-0.03784422415517841,0.5,5
2026-01-31,B18MMVBC1NE,Mayhem 18 1,MMVBC,18,1,B18CSJVB1NE,MEVBC/CT STARS 18 1,B18,True,8.0,1.0,4.967959348971037,-4.372161215609074,9.340120564580111,0.6336804800754369,0.36631951992456313,False,0.6,0.4,0.2,6.785396109737296,0.4740381190465305,0.12596188095346958,0.6666666666666666,6
2026-01-31,B18MMVBC1NE,Mayhem 18 1,MMVBC,18,1,B18HKJVB1NE,Husky 18.1,B18,False,-4.0,-2.0,4.967959348971037,11.008594235488776,-6.040634886517738,0.41230639388031926,-0.41230639388031926,False,0.6,4.8,0.2,5.692541727009312,0.4890264221307941,0.11097357786920596,0.6666666666666666,7
2026-01-31,B18MMVBC1NE,Mayhem 18 1,MMVBC,18,1,B18NEVBC1NE,NEVBC Boys 18.1,B18,False,-16.0,-2.0,4.967959348971037,20.763872384187966,-15.795913035216929,0.2835667415306391,-0.2835667415306391,False,0.6,1.8,0.0,7.827550347193852,0.4606513037582987,0.13934869624170138,1.0,8
2026-02-01,B18MMVBC1NE,Mayhem 18 1,MMVBC,18,1,B18HKJVB2NE,Husky 18.2,B18,True,9.0,2.0,4.967959348971037,-0.12825317049956553,5.096212519470603,0.5742039727302173,0.4257960272697827,True,0.6,0.8,0.0,7.094684854031081,0.4712937187670579,0.12870628123294214,1.0,9
2026-02-01,B18MMVBC1NE,Mayhem 18 1,MMVBC,18,1,B18MVPVA1NE,MVP BOS 18 Black,B18,False,-2.0,-1.0,4.967959348971037,8.63789198265822,-3.669932633687182,0.44637301869178164,-0.44637301869178164,True,0.4,-1.0,-0.4,7.181988843245264,0.4700261213816789,-0.07002612138167884,0.5,10
2025-11-22,B18MMVBC2NE,Mayhem 18 2,MMVBC,18,2,B18NESVC1NE,NE Storm 18 Thunder,B18,True,7.0,1.0,-1.0752739666954634,-3.463925704685793,2.3886517379903296,0.5349817576930869,0.46501824230691313,True,1.0,7.0,1.0,-3.463925704685793,0.5349817576930869,0.46501824230691313,1.0,1
2025-11-22,B18MMVBC2NE,Mayhem 18 2,MMVBC,18,2,B18TTVBC2NE,SLAM 18 2 Boys,B18,True,15.0,2.0,-1.0752739666954634,-16.678546843255834,15.603272876560371,0.7141313084582808,0.28586869154171923,False,1.0,11.0,1.5,-10.071236273970813,0.6245565330756838,0.3754434669243162,1.0,2
2025-11-22,B18MMVBC2NE,Mayhem 18 2,MMVBC,18,2,B18RRJVB2NE,Boston United Boys 18 Select 1,B18,True,10.0,1.0,-1.0752739666954634,-11.494042789497282,10.41876882280182,0.6482440026615932,0.3517559973384068,False,1.0,10.666666666666666,1.3333333333333333,-10.545505112479637,0.632452356270987,0.36754764372901305,1.0,3
2025-11-23,B18MMVBC2NE,Mayhem 18 2,MMVBC,18,2,B18NESVC2NE,NE Storm 18 Squall,B18,False,-5.0,-2.0,-1.0752739666954634,-8.964952398730674,7.88967843203521,0.6137097498451402,-0.6137097498451402,False,0.75,6.75,0.5,-10.150366934042395,0.6277667046645252,0.12223329533547475,1.0,4
2025-11-23,B18MMVBC2NE,Mayhem 18 2,MMVBC,18,2,B18MVNER2NE,Meraki VB 18 2,B18,True,4.0,2.0,-1.0752739666954634,-11.96495239873067,10.889678432035208,0.6545184237395747,0.3454815762604253,False,0.8,6.2,0.8,-10.51328402698005,0.6331170484795352,0.16688295152046487,1.0,5
2026-01-31,B18MMVBC2NE,Mayhem 18 2,MMVBC,18,2,B18LHVBC2NE,LHV Boys 18-2 Blitz,B18,True,7.0,1.0,-1.0752739666954634,-8.463925704685732,7.388651737990268,0.6067174608738002,0.3932825391261998,False,0.8,6.2,0.8,-11.513284026980038,0.6474641891156778,0.1525358108843222,,6
2026-01-31,B18MMVBC2NE,Mayhem 18 2,MMVBC,18,2,B18PVJVB4NE,PV Boys 18 4,B18,True,18.0,2.0,-1.0752739666954634,-0.09020907224197838,-0.985064894453485,0.4855541577760906,0.5144458422239093,True,0.8,6.8,0.8,-8.195616472777266,0.6017487589792397,0.19825124102076022,1.0,7
2026-01-31,B18MMVBC2NE,Mayhem 18 2,MMVBC,18,2,B18BVJVB2NE,Blast 18 Blaze,B18,True,21.0,2.0,-1.0752739666954634,-18.71443905170827,17.639165085012806,0.7378825223725813,0.26211747762741866,False,0.8,9.0,1.0,-9.639695725219465,0.6196764629214375,0.18032353707856258,1.0,8
2026-02-01,B18MMVBC2NE,Mayhem 18 2,MMVBC,18,2,B18NESVC1NE,NE Storm 18 Thunder,B18,False,-7.0,-2.0,-1.0752739666954634,-3.463925704685793,2.3886517379903296,0.5349817576930869,-0.5349817576930869,True,0.8,8.6,1.0,-8.539490386410488,0.6039308644910267,0.19606913550897326,0.5,9
2026-02-01,B18MMVBC2NE,Mayhem 18 2,MMVBC,18,2,B18RRJVB2NE,Boston United Boys 18 Select 1,B18,True,13.0,1.0,-1.0752739666954634,-11.494042789497282,10.41876882280182,0.6482440026615932,0.3517559973384068,False,0.8,10.4,0.8,-8.445308464563812,0.6026759802754305,0.19732401972456953,0.5,10
2025-11-22,B18MVNER1NE,Meraki VB 18 1,MVNER,18,1,B18SJVBC1NE,South County Juniors Boys 18's Blue,B18,False,-16.0,-1.0,10.088829283265262,16.47286614912869,-6.384036865863429,0.4074327773682643,-0.4074327773682643,False,0.0,-16.0,-1.0,16.47286614912869,0.4074327773682643,-0.4074327773682643,,1
2025-11-22,B18MVNER1NE,Meraki VB 18 1,MVNER,18,1,B18MCJVB1NE,Mill City 18's,B18,True,11.0,2.0,10.088829283265262,8.201372036587305,1.8874572466779576,0.5276587442791213,0.4723412557208787,True,0.5,-2.5,0.5,12.337119092857998,0.4675457608236928,0.032454239176307215,1.0,2
2025-11-22,B18MVNER1NE,Meraki VB 18 1,MVNER,18,1,B18MMVBC1NE,Mayhem 18 1,B18,True,1.0,1.0,10.088829283265262,4.967959348971037,5.120869934294225,0.5745576666068838,0.4254423333931162,True,0.6666666666666666,-1.3333333333333333,0.6666666666666666,9.880732511562345,0.5032163960847564,0.16345027058191022,1.0,3
2025-11-23,B18MVNER1NE,Meraki VB 18 1,MVNER,18,1,B18MVPVA1NE,MVP BOS 18 Black,B18,False,-7.0,-2.0,10.088829283265262,8.63789198265822,1.450937300607043,0.5212708748753877,-0.5212708748753877,True,0.5,-2.75,0.0,9.570022379336313,0.5077300157824143,-0.007730015782414265,0.6666666666666666,4
2025-11-23,B18MVNER1NE,Meraki VB 18 1,MVNER,18,1,B18LHVBC1NE,LHV Boys 18-1 Rafiki,B18,True,10.0,2.0,10.088829283265262,7.84944213467198,2.2393871485932824,0.5328022673176259,0.4671977326823741,True,0.6,-0.2,0.4,9.225906330403447,0.5127444660894567,0.0872555339105434,0.75,5
2026-01-31,B18MVNER1NE,Meraki VB 18 1,MVNER,18,1,B18BVJVB1NE,Blast 18 Fire,B18,True,18.0,2.0,10.088829283265262,3.536074295314291,6.552754987950971,0.5949551047314083,0.40504489526859166,False,0.8,6.6,1.0,6.638547959640566,0.5502489315620853,0.2497510684379146,0.75,6
2026-01-31,B18MVNER1NE,Meraki VB 18 1,MVNER,18,1,B18MCJVB1NE,Mill City 18's,B18,True,9.0,2.0,10.088829283265262,8.201372036587305,1.8874572466779576,0.5276587442791213,0.4723412557208787,True,0.8,6.2,1.0,6.638547959640567,0.5502489315620853,0.2497510684379146,0.75,7
2026-01-31,B18MVNER1NE,Meraki VB 18 1,MVNER,18,1,B18SJJVB1NE,SMASH Boys 18-1,B18,False,-15.0,-2.0,10.088829283265262,26.836110086018678,-16.747280802753416,0.27236433463627757,-0.27236433463627757,False,0.6,3.0,0.4,11.012178107050095,0.48981026516796417,0.11018973483203584,0.6666666666666666,8
2026-02-01,B18MVNER1NE,Meraki VB 18 1,MVNER,18,1,B18SJJVB2NE,SMASH Boys 18's Force,B18,True,-1.0,1.0,10.088829283265262,6.0740619749855815,4.014767308279681,0.5586215642870901,0.4413784357129099,True,0.8,4.2,1.0,10.499412105515567,0.49728040305030463,0.3027195969496953,1.0,9
2026-02-01,B18MVNER1NE,Meraki VB 18 1,MVNER,18,1,B18NEVBC1NE,NEVBC Boys 18.1,B18,False,-16.0,-2.0,10.088829283265262,20.763872384187966,-10.675043100922704,0.34833487395179946,-0.34833487395179946,False,0.6,-1.0,0.2,13.082298155418766,0.4603869243771393,0.13961307562286066,1.0,10
2025-11-22,B18MVNER2NE,Meraki VB 18 2,MVNER,18,2,B18NEVBC3NE,NEVBC Boys 18 Blue,B18,True,11.0,1.0,-11.96495239873067,-14.215465745753205,2.250513347022535,0.53296477098852,0.46703522901148,True,1.0,11.0,1.0,-14.215465745753205,0.53296477098852,0.46703522901148,1.0,1
2025-11-22,B18MVNER2NE,Meraki VB 18 2,MVNER,18,2,B18NESVC3NE,NE Storm 18 Tornado,B18,True,20.0,2.0,-11.96495239873067,-16.073421048790788,4.108468650060118,0.5599767302109318,0.44002326978906825,True,1.0,15.5,1.5,-15.144443397271996,0.5464707505997259,0.4535292494002741,1.0,2
2025-11-22,B18MVNER2NE,Meraki VB 18 2,MVNER,18,2,B18MVPVA2NE,MVP BOS 18 Blue,B18,False,-7.0,-2.0,-11.96495239873067,-0.9074394572431146,-11.057512941487555,0.34325814822978457,-0.34325814822978457,False,0.6666666666666666,8.0,0.3333333333333333,-10.39877541726237,0.47873321647641215,0.18793345019025454,1.0,3
2025-11-23,B18MVNER2NE,Meraki VB 18 2,MVNER,18,2,B18SJVBC2NE,South County Juniors Boys 18's Gold,B18,False,-10.0,-2.0,-11.96495239873067,-0.8950895960897043,-11.069862802640966,0.3430948102501956,-0.3430948102501956,False,0.5,3.5,-0.25,-8.022853961969204,0.444823614919858,0.05517638508014201,1.0,4
2025-11-23,B18MVNER2NE,Meraki VB 18 2,MVNER,18,2,B18MMVBC2NE,Mayhem 18 2,B18,False,-4.0,-2.0,-11.96495239873067,-1.0752739666954634,-10.889678432035208,0.34548157626042525,-0.34548157626042525,False,0.4,2.0,-0.6,-6.633337962914456,0.4249552071879714,-0.02495520718797144,1.0,5
2026-01-31,B18MVNER2NE,Meraki VB 18 2,MVNER,18,2,B18HKJVB3NE,Husky 18.3,B18,True,-3.0,1.0,-11.96495239873067,-2.745975258155825,-9.218977140574845,0.36797110206673606,0.632028897933264,False,0.4,-0.8,-0.6,-4.339439865394979,0.39195647340361467,0.008043526596385363,1.0,6
2026-01-31,B18MVNER2NE,Meraki VB 18 2,MVNER,18,2,B18PVJVB3NE,PV Boys 18 3,B18,True,5.0,2.0,-11.96495239873067,1.2898550724636149,-13.254807471194285,0.3148079879735368,0.6851920120264632,False,0.4,-3.8,-0.6,-0.8667846411440993,0.3429227249561356,0.05707727504386435,,7
2026-01-31,B18MVNER2NE,Meraki VB 18 2,MVNER,18,2,B18MVPVA2NE,MVP BOS 18 Blue,B18,True,10.0,1.0,-11.96495239873067,-0.9074394572431146,-11.057512941487555,0.34325814822978457,0.6567418517702155,False,0.6,-0.4,0.0,-0.8667846411440993,0.3429227249561356,0.25707727504386435,,8
2026-02-01,B18MVNER2NE,Meraki VB 18 2,MVNER,18,2,B18NESVC1NE,NE Storm 18 Thunder,B18,False,-13.0,-2.0,-11.96495239873067,-3.463925704685793,-8.501026694044878,0.3778216793111603,-0.3778216793111603,False,0.6,-1.0,0.0,-1.3805518628633169,0.3498680987683286,0.25013190123167145,,9
2026-02-01,B18MVNER2NE,Meraki VB 18 2,MVNER,18,2,B18RRJVB2NE,Boston United Boys 18 Select 1,B18,False,-9.0,-2.0,-11.96495239873067,-11.494042789497282,-0.470909609233388,0.49309269185000976,-0.49309269185000976,True,0.6,-2.0,0.0,-3.4643056274236805,0.3793903218862455,0.22060967811375454,0.0,10
2026-03-14,B18MVNER2NE,Meraki VB 18 2,MVNER,18,2,B17HKJVB3NE,Husky 17.3,MIXED,True,-4.0,1.0,-11.96495239873067,-7.964952398730692,-3.999999999999978,0.460192709186354,0.539807290813646,True,0.6,-2.2,0.0,-4.5081010555386545,0.39783464331016904,0.20216535668983093,0.5,11
2026-03-14,B18MVNER2NE,Meraki VB 18 2,MVNER,18,2,B18BVJVB2NE,Blast 18 Blaze,B18,True,18.0,2.0,-11.96495239873067,-18.71443905170827,6.749486652977598,0.5977337937040068,0.4022662062959932,False,0.6,0.4,0.0,-8.50895988037303,0.45441980445626307,0.14558019554373694,0.5,12
2026-03-14,B18MVNER2NE,Meraki VB 18 2,MVNER,18,2,B18NESVC2NE,NE Storm 18 Squall,B18,False,-12.0,-1.0,-11.96495239873067,-8.964952398730674,-2.9999999999999964,0.45610644278064877,-0.45610644278064877,True,0.4,-4.0,-0.4,-10.120462468670542,0.4769894633664359,-0.07698946336643592,0.3333333333333333,13
2026-03-15,B18MVNER2NE,Meraki VB 18 2,MVNER,18,2,B18GEVBC1NE,Generations vbc 18 1,B18,True,15.0,2.0,-11.96495239873067,-19.47697537158356,7.51202297285289,0.6084434048910329,0.3915565951089671,False,0.6,1.6,0.4,-13.323072402050096,0.5231138084824105,0.07688619151758956,0.3333333333333333,14
2026-03-15,B18MVNER2NE,Meraki VB 18 2,MVNER,18,2,B18NESVC3NE,NE Storm 18 Tornado,B18,True,-1.0,1.0,-11.96495239873067,-16.073421048790788,4.108468650060118,0.5599767302109318,0.44002326978906825,True,0.8,3.2,1.0,-14.238948053908796,0.5364906161545948,0.2635093838454051,0.6666666666666666,15
2026-03-15,B18MVNER2NE,Meraki VB 18 2,MVNER,18,2,B18SAVBC1XL,Sporting Albany Boys 18u,B18,False,-10.0,-2.0,-11.96495239873067,-18.130434782608912,6.165482383878242,0.5894675053017843,-0.5894675053017843,False,0.6,2.0,0.4,-16.27204453068444,0.5623455753776809,0.03765442462231912,0.5,16
2025-11-22,B18MVPVA1NE,MVP BOS 18 Black,MVPVA,18,1,B18LHVBC1NE,LHV Boys 18-1 Rafiki,B18,True,6.0,1.0,8.63789198265822,7.84944213467198,0.7884498479862394,0.5115636658437517,0.4884363341562483,True,1.0,6.0,1.0,7.84944213467198,0.5115636658437517,0.4884363341562483,1.0,1
2025-11-22,B18MVPVA1NE,MVP BOS 18 Black,MVPVA,18,1,B18BVJVB1NE,Blast 18 Fire,B18,False,0.0,-1.0,8.63789198265822,3.536074295314291,5.101817687343928,0.5742843817409794,-0.5742843817409794,True,0.5,3.0,0.0,5.692758214993136,0.5429240237923656,-0.04292402379236554,0.5,2
2025-11-22,B18MVPVA1NE,MVP BOS 18 Black,MVPVA,18,1,B18RRJVB1NE,Boston United Boys 18 1,B18,True,21.0,2.0,8.63789198265822,-4.617049081822097,13.254941064480317,0.6851937028603249,0.3148062971396751,False,0.6666666666666666,9.0,0.6666666666666666,2.2561557827213914,0.590347250148352,0.07631941651831468,0.5,3
2025-11-23,B18MVPVA1NE,MVP BOS 18 Black,MVPVA,18,1,B18MVNER1NE,Meraki VB 18 1,B18,True,7.0,2.0,8.63789198265822,10.088829283265262,-1.450937300607043,0.4787291251246124,0.5212708748753876,True,0.75,8.5,1.0,4.214324157857359,0.562442718892417,0.1875572811075829,0.6666666666666666,4
2025-11-23,B18MVPVA1NE,MVP BOS 18 Black,MVPVA,18,1,B18SJVBC1NE,South County Juniors Boys 18's Blue,B18,False,-11.0,-2.0,8.63789198265822,16.47286614912869,-7.834974166470472,0.3870514786362526,-0.3870514786362526,False,0.6,4.6,0.4,6.666032556111626,0.5273644708411842,0.0726355291588158,0.6666666666666666,5
2026-01-31,B18MVPVA1NE,MVP BOS 18 Black,MVPVA,18,1,B18LHVBC1NE,LHV Boys 18-1 Rafiki,B18,False,-7.0,-1.0,8.63789198265822,7.84944213467198,0.7884498479862394,0.5115636658437517,-0.5115636658437517,True,0.4,2.0,0.0,6.666032556111626,0.5273644708411842,-0.1273644708411842,0.3333333333333333,6
2026-01-31,B18MVPVA1NE,MVP BOS 18 Black,MVPVA,18,1,B18SJJVB2NE,SMASH Boys 18's Force,B18,False,-6.0,-2.0,8.63789198265822,6.0740619749855815,2.563830007672638,0.5375379183318643,-0.5375379183318643,True,0.4,0.8,-0.2,7.173630092045883,0.5200151781593612,-0.12001517815936118,0.3333333333333333,7
2026-01-31,B18MVPVA1NE,MVP BOS 18 Black,MVPVA,18,1,B18NYCVA1GE,NYC VBA 18 Riverside,B18,True,-0.0,1.0,8.63789198265822,7.484427134675283,1.1534648479829368,0.5169136577171751,0.4830863422828249,True,0.4,-3.4,-0.4,9.593925335345359,0.48635916913073124,-0.08635916913073123,0.5,8
2026-02-01,B18MVPVA1NE,MVP BOS 18 Black,MVPVA,18,1,B18BVJVB1NE,Blast 18 Fire,B18,True,1.0,1.0,8.63789198265822,3.536074295314291,5.101817687343928,0.5742843817409794,0.4257156182590206,True,0.4,-4.6,-0.6,8.283374337755165,0.5054702204540046,-0.10547022045400463,0.5,9
2026-02-01,B18MVPVA1NE,MVP BOS 18 Black,MVPVA,18,1,B18MMVBC1NE,Mayhem 18 1,B18,True,2.0,1.0,8.63789198265822,4.967959348971037,3.669932633687182,0.5536269813082183,0.4463730186917817,True,0.6,-2.0,0.0,5.9823929777236335,0.5387853209883978,0.061214679011602234,0.6,10
2026-02-01,B18MVPVA1NE,MVP BOS 18 Black,MVPVA,18,1,B18SJJVB3NE,SMASH Boys 18's Surge,B18,False,-5.0,-1.0,8.63789198265822,13.62318840579702,-4.9852964231388,0.427387977635826,-0.427387977635826,True,0.6,-1.6,0.0,7.1371422319486415,0.5219501833468125,0.07804981665318739,0.6,11
2026-02-06,B18MVPVA1NE,MVP BOS 18 Black,MVPVA,18,1,B18SJVBC1NE,South County Juniors Boys 18's Blue,B18,False,-11.0,-2.0,8.63789198265822,16.47286614912869,-7.834974166470472,0.3870514786362526,-0.3870514786362526,False,0.6,-2.6,0.0,9.216903066777263,0.4918528954076903,0.1081471045923097,0.75,12
2026-02-06,B18MVPVA1NE,MVP BOS 18 Black,MVPVA,18,1,B18LHVBC1NE,LHV Boys 18-1 Rafiki,B18,True,10.0,2.0,8.63789198265822,7.84944213467198,0.7884498479862394,0.5115636658437517,0.4884363341562483,True,0.6,-0.6,0.2,9.289906066776602,0.4907828970330056,0.10921710296699438,0.75,13
2026-02-06,B18MVPVA1NE,MVP BOS 18 Black,MVPVA,18,1,B18LCVBC1GE,Legacy Boys 18 National,B18,False,-7.0,-2.0,8.63789198265822,9.913915657457023,-1.2760236747988039,0.4812908168139176,-0.4812908168139176,True,0.4,-2.2,-0.4,10.56547433920515,0.47218418404759327,-0.07218418404759325,0.5,14
2026-02-07,B18MVPVA1NE,MVP BOS 18 Black,MVPVA,18,1,B18DIGSV1GE,Digs Boys 18 Red,B18,False,-4.0,-2.0,8.63789198265822,10.612122469298425,-1.9742304866402058,0.4710724601913601,-0.4710724601913601,True,0.2,-3.4,-1.0,11.694306963270629,0.45567327982422157,-0.2556732798242216,0.25,15
2026-02-07,B18MVPVA1NE,MVP BOS 18 Black,MVPVA,18,1,B18NYCIV1GE,NYC Impact 18 National,B18,False,-8.0,-2.0,8.63789198265822,13.697880039638216,-5.059988056979996,0.4263157802481982,-0.4263157802481982,True,0.2,-4.0,-1.2,11.709245290038867,0.45545884034669604,-0.2554588403466961,0.25,16
2026-02-07,B18MVPVA1NE,MVP BOS 18 Black,MVPVA,18,1,B18SPTMC2GE,Sportime 18 2,B18,True,14.0,2.0,8.63789198265822,-0.4827833775964243,9.120675360254644,0.6306864403165394,0.3693135596834606,False,0.4,1.0,-0.4,8.318115384693844,0.5041858326827534,-0.10418583268275342,0.25,17
2026-02-08,B18MVPVA1NE,MVP BOS 18 Black,MVPVA,18,1,B18UNVBC1NE,Unity 18 Boys National Vikings,B18,True,22.0,1.0,8.63789198265822,-1.081867673082355,9.719759655740575,0.6388357449479221,0.36116425505207794,False,0.4,3.4,-0.6,6.531853423142977,0.5296402485035875,-0.12964024850358752,0.0,18
2026-02-08,B18MVPVA1NE,MVP BOS 18 Black,MVPVA,18,1,B18SPTMC2GE,Sportime 18 2,B18,True,5.0,1.0,8.63789198265822,-0.4827833775964243,9.120675360254644,0.6306864403165394,0.3693135596834606,False,0.6,5.8,0.0,4.452513616132287,0.5595193732041118,0.04048062679588814,0.0,19
2025-11-22,B18MVPVA2NE,MVP BOS 18 Blue,MVPVA,18,2,B18NESVC3NE,NE Storm 18 Tornado,B18,True,28.0,2.0,-0.9074394572431146,-16.073421048790788,15.165981591547673,0.70886455315033,0.29113544684966997,False,1.0,28.0,2.0,-16.073421048790788,0.70886455315033,0.29113544684966997,,1
2025-11-22,B18MVPVA2NE,MVP BOS 18 Blue,MVPVA,18,2,B18NEVBC3NE,NEVBC Boys 18 Blue,B18,True,11.0,2.0,-0.9074394572431146,-14.215465745753205,13.30802628851009,0.6858651912828724,0.3141348087171276,False,1.0,19.5,2.0,-15.144443397271996,0.6973648722166013,0.3026351277833988,,2
2025-11-22,B18MVPVA2NE,MVP BOS 18 Blue,MVPVA,18,2,B18MVNER2NE,Meraki VB 18 2,B18,True,7.0,2.0,-0.9074394572431146,-11.96495239873067,11.057512941487555,0.6567418517702155,0.3432581482297845,False,1.0,15.333333333333334,2.0,-14.084613064424888,0.6838238654011394,0.3161761345988607,,3
2025-11-23,B18MVPVA2NE,MVP BOS 18 Blue,MVPVA,18,2,B18RRJVB2NE,Boston United Boys 18 Select 1,B18,True,12.0,2.0,-0.9074394572431146,-11.494042789497282,10.586603332254167,0.6504862479554827,0.3495137520445173,False,1.0,14.5,2.0,-13.436970495692986,0.6754894610397252,0.3245105389602748,,4
2025-11-23,B18MVPVA2NE,MVP BOS 18 Blue,MVPVA,18,2,B18NESVC1NE,NE Storm 18 Thunder,B18,True,9.0,1.0,-0.9074394572431146,-3.463925704685793,2.5564862474426784,0.5374307985593784,0.46256920144062164,True,1.0,13.4,1.8,-11.442361537491546,0.6478777285436558,0.3521222714563442,1.0,5
2025-11-23,B18MVPVA2NE,MVP BOS 18 Blue,MVPVA,18,2,B18SJVBC2NE,South County Juniors Boys 18's Gold,B18,False,-7.0,-1.0,-0.9074394572431146,-0.8950895960897043,-0.012349861153410302,0.49981884056216813,-0.49981884056216813,True,0.8,6.4,1.2,-8.40669524695133,0.6060685860260234,0.1939314139739766,0.5,6
2026-01-31,B18MVPVA2NE,MVP BOS 18 Blue,MVPVA,18,2,B18PVJVB3NE,PV Boys 18 3,B18,False,-4.0,-2.0,-0.9074394572431146,1.2898550724636149,-2.1972945297067294,0.4678125790376332,-0.4678125790376332,True,0.6,3.4,0.4,-5.305631083307967,0.5624580635769756,0.037541936423024426,0.3333333333333333,7
2026-01-31,B18MVPVA2NE,MVP BOS 18 Blue,MVPVA,18,2,B18MVNER2NE,Meraki VB 18 2,B18,False,-10.0,-1.0,-0.9074394572431146,-11.96495239873067,11.057512941487555,0.6567418517702155,-0.6567418517702155,False,0.4,0.0,-0.2,-5.305631083307967,0.5624580635769755,-0.1624580635769756,0.3333333333333333,8
2026-01-31,B18MVPVA2NE,MVP BOS 18 Blue,MVPVA,18,2,B18NEVBC2NE,NEVBC Boys 18.2,B18,True,8.0,2.0,-0.9074394572431146,-4.320455937255204,3.4130164800120895,0.5498987015332641,0.45010129846673586,True,0.4,-0.8,-0.2,-3.8709137128595517,0.5423405542925318,-0.14234055429253187,0.5,9
2026-02-01,B18MVPVA2NE,MVP BOS 18 Blue,MVPVA,18,2,B18LHVBC2NE,LHV Boys 18-2 Blitz,B18,True,18.0,2.0,-0.9074394572431146,-8.463925704685732,7.556486247442617,0.6090647773149529,0.3909352226850471,False,0.4,1.0,0.0,-4.870913712859538,0.5566673500436468,-0.1566673500436468,0.3333333333333333,10
2026-02-01,B18MVPVA2NE,MVP BOS 18 Blue,MVPVA,18,2,B18HKJVB3NE,Husky 18.3,B18,False,-4.0,-1.0,-0.9074394572431146,-2.745975258155825,1.8385358009127106,0.526943257874235,-0.526943257874235,True,0.4,1.6,0.0,-5.241090845272764,0.5620922335060602,-0.16209223350606017,0.3333333333333333,11
2026-02-06,B18MVPVA2NE,MVP BOS 18 Blue,MVPVA,18,2,B18NYCIV2GE,NYC Impact 18 Travel,B18,False,-18.0,-2.0,-0.9074394572431146,1.0294245539929756,-1.9368640112360902,0.4716187867350451,-0.4716187867350451,True,0.4,-1.2,0.0,-5.293176948966891,0.5628534750455425,-0.16285347504554254,0.3333333333333333,12
2026-02-06,B18MVPVA2NE,MVP BOS 18 Blue,MVPVA,18,2,B18118281XX,PW-VB Quarter-Zip Elite 67-Matcha,B18,False,-7.0,-2.0,-0.9074394572431146,5.536074295314347,-6.443513752557462,0.4065904905547595,-0.4065904905547595,False,0.4,-0.6,-0.2,-1.7929716101578872,0.5128232028024514,-0.11282320280245135,0.3333333333333333,13
2026-02-06,B18MVPVA2NE,MVP BOS 18 Blue,MVPVA,18,2,B18SLCTD1SC,Selected 18s - Bubba,B18,True,4.0,2.0,-0.9074394572431146,-6.1718536782108036,5.264414220967689,0.5766151859849423,0.4233848140150577,True,0.4,-1.4,-0.2,-2.163251158349007,0.5181664996927869,-0.11816649969278699,0.3333333333333333,14
2026-02-07,B18MVPVA2NE,MVP BOS 18 Blue,MVPVA,18,2,B18ROYAL1NO,Infinity Royals 18N,B18,True,4.0,1.0,-0.9074394572431146,4.605516048819804,-5.5129555060629185,0.4198286143681793,0.5801713856318207,True,0.4,-4.2,-0.4,0.4506371923521,0.48031926710343226,-0.08031926710343226,0.5,15
2026-02-07,B18MVPVA2NE,MVP BOS 18 Blue,MVPVA,18,2,B18SAVBC1XL,Sporting Albany Boys 18u,B18,True,3.0,1.0,-0.9074394572431146,-18.130434782608912,17.222995325365797,0.7331322224054925,0.2668677775945075,False,0.6,-2.8,0.0,-2.6262547125385174,0.5215570600096837,0.07844293999031623,0.6666666666666666,16
2026-02-07,B18MVPVA2NE,MVP BOS 18 Blue,MVPVA,18,2,B18SJVBC2NE,South County Juniors Boys 18's Gold,B18,True,13.0,2.0,-0.9074394572431146,-0.8950895960897043,-0.012349861153410302,0.49981884056216813,0.5001811594378318,True,0.8,3.4,0.8,-3.011157542555053,0.5271970707751084,0.2728029292248916,1.0,17
2026-02-08,B18MVPVA2NE,MVP BOS 18 Blue,MVPVA,18,2,B18VENGE1OV,18 - Lusher,B18,False,-4.0,-2.0,-0.9074394572431146,12.113581279797938,-13.021020737041052,0.31777442172693177,-0.31777442172693177,False,0.8,4.0,0.8,-1.6956561456583352,0.5094338570095428,0.2905661429904572,1.0,18
2025-11-22,B18NESVC1NE,NE Storm 18 Thunder,NESVC,18,1,B18MMVBC2NE,Mayhem 18 2,B18,False,-7.0,-1.0,-3.463925704685793,-1.0752739666954634,-2.3886517379903296,0.46501824230691313,-0.46501824230691313,True,0.0,-7.0,-1.0,-1.0752739666954634,0.46501824230691313,-0.46501824230691313,0.0,1
2025-11-22,B18NESVC1NE,NE Storm 18 Thunder,NESVC,18,1,B18RRJVB2NE,Boston United Boys 18 Select 1,B18,True,15.0,2.0,-3.463925704685793,-11.494042789497282,8.03011708481149,0.6156614501142426,0.38433854988575744,False,0.5,4.0,0.5,-6.284658378096372,0.5403398462105778,-0.040339846210577845,0.0,2
2025-11-22,B18NESVC1NE,NE Storm 18 Thunder,NESVC,18,1,B18TTVBC2NE,SLAM 18 2 Boys,B18,True,10.0,2.0,-3.463925704685793,-16.678546843255834,13.214621138570042,0.6846831678653302,0.31531683213466977,False,0.6666666666666666,6.0,1.0,-9.74928786648286,0.5884542867621619,0.07821237990450469,0.0,3
2025-11-23,B18NESVC1NE,NE Storm 18 Thunder,NESVC,18,1,B18LHVBC2NE,LHV Boys 18-2 Blitz,B18,True,7.0,1.0,-3.463925704685793,-8.463925704685732,4.999999999999939,0.5728231462771641,0.42717685372283587,True,0.75,6.25,1.0,-9.427947326033578,0.5845465016409125,0.1654534983590875,0.5,4
2025-11-23,B18NESVC1NE,NE Storm 18 Thunder,NESVC,18,1,B18MVPVA2NE,MVP BOS 18 Blue,B18,False,-9.0,-1.0,-3.463925704685793,-0.9074394572431146,-2.5564862474426784,0.46256920144062164,-0.46256920144062164,True,0.6,3.2,0.6,-7.723845752275485,0.5601510416008544,0.039848958399145665,0.3333333333333333,5
2026-01-17,B18NESVC1NE,NE Storm 18 Thunder,NESVC,18,1,B18PVJVB4NE,PV Boys 18 4,B18,True,11.0,2.0,-3.463925704685793,-0.09020907224197838,-3.3737166324438146,0.45067210969525967,0.5493278903047403,True,0.8,6.8,1.2,-7.526832773384788,0.5572818150785236,0.24271818492147634,0.6666666666666666,6
2026-01-17,B18NESVC1NE,NE Storm 18 Thunder,NESVC,18,1,B18LHVBC2NE,LHV Boys 18-2 Blitz,B18,True,4.0,2.0,-3.463925704685793,-8.463925704685732,4.999999999999939,0.5728231462771641,0.42717685372283587,True,0.8,4.6,1.2,-6.920809356422478,0.5487141543111079,0.251285845688892,0.75,7
2026-01-17,B18NESVC1NE,NE Storm 18 Thunder,NESVC,18,1,B18RRJVB1NE,Boston United Boys 18 1,B18,True,1.0,1.0,-3.463925704685793,-4.617049081822097,1.1531233771363043,0.5169086544298416,0.4830913455701584,True,0.8,2.8,1.0,-4.508509804135731,0.5151592516240102,0.28484074837598977,0.8,8
2026-01-18,B18NESVC1NE,NE Storm 18 Thunder,NESVC,18,1,B18118281XX,PWVolleyball 18 1,B18,False,-14.0,-2.0,-3.463925704685793,5.536074295314347,-9.00000000000014,0.37096432941513985,-0.37096432941513985,False,0.6,-1.4,0.4,-1.708509804135715,0.4747874882516053,0.1252125117483946,0.75,9
2026-01-18,B18NESVC1NE,NE Storm 18 Thunder,NESVC,18,1,B18RRJVB2NE,Boston United Boys 18 Select 1,B18,True,6.0,1.0,-3.463925704685793,-11.494042789497282,8.03011708481149,0.6156614501142426,0.38433854988575744,False,0.8,1.6,0.8,-3.8258304705865482,0.5054059379863295,0.2945940620136704,1.0,10
2026-01-18,B18NESVC1NE,NE Storm 18 Thunder,NESVC,18,1,B18VTVBC1NE,VTV 18 1,B18,True,18.0,2.0,-3.463925704685793,1.4938606153164464,-4.957786320002239,0.42778305731594274,0.5722169426840573,True,0.8,3.0,0.8,-3.5090165330748633,0.5008281275104662,0.2991718724895338,1.0,11
2026-01-19,B18NESVC1NE,NE Storm 18 Thunder,NESVC,18,1,B17CAPIT1XL,CSVC 17 BIG SLIDE,MIXED,False,-17.0,-2.0,-3.463925704685793,13.536074295314258,-17.00000000000005,0.336672272277004,-0.336672272277004,False,0.6,-1.2,0.0,0.8909834669251346,0.4535979527104342,0.14640204728956588,1.0,12
2026-01-31,B18NESVC1NE,NE Storm 18 Thunder,NESVC,18,1,B18HKJVB3NE,Husky 18.3,B18,True,-2.0,1.0,-3.463925704685793,-2.745975258155825,-0.7179504465299678,0.4894699808952314,0.5105300191047686,True,0.6,-1.8,0.0,1.265198231658389,0.4481102180035121,0.1518897819964879,1.0,13
2026-01-31,B18NESVC1NE,NE Storm 18 Thunder,NESVC,18,1,B18NEVBC2NE,NEVBC Boys 18.2,B18,False,-4.0,-2.0,-3.463925704685793,-4.320455937255204,0.8565302325694111,0.5125617517329224,-0.5125617517329224,True,0.6,0.2,0.0,-0.7061078148555213,0.4764297024670686,0.12357029753293136,0.6666666666666666,14
2026-01-31,B18NESVC1NE,NE Storm 18 Thunder,NESVC,18,1,B18PVJVB3NE,PV Boys 18 3,B18,True,-2.0,1.0,-3.463925704685793,1.2898550724636149,-4.753780777149408,0.4307156757349147,0.5692843242650854,True,0.6,-1.4,0.0,1.850671757536658,0.43944054759120305,0.16055945240879693,0.75,15
2026-02-01,B18NESVC1NE,NE Storm 18 Thunder,NESVC,18,1,B18MVNER2NE,Meraki VB 18 2,B18,True,13.0,2.0,-3.463925704685793,-11.96495239873067,8.501026694044878,0.6221783206888396,0.3778216793111604,False,0.6,-2.4,0.0,-0.8410908452727653,0.47831960026578246,0.12168039973421756,0.6666666666666666,16
2026-02-01,B18NESVC1NE,NE Storm 18 Thunder,NESVC,18,1,B18MMVBC2NE,Mayhem 18 2,B18,True,7.0,2.0,-3.463925704685793,-1.0752739666954634,-2.3886517379903296,0.46501824230691313,0.5349817576930869,True,0.8,2.4,0.8,-3.7633604976747095,0.5039887942717642,0.2960112057282357,0.75,17
2026-02-01,B18NESVC1NE,NE Storm 18 Thunder,NESVC,18,1,B18PVJVB2NE,PV Boys 18 2,B18,True,10.0,1.0,-3.463925704685793,-2.963925704685832,-0.4999999999999609,0.49266605305167993,0.50733394694832,True,0.8,4.8,0.8,-3.8069505869807116,0.5046280087030539,0.295371991296946,0.75,18
2026-03-14,B18NESVC1NE,NE Storm 18 Thunder,NESVC,18,1,B18HKJVB2NE,Husky 18.2,B18,True,16.0,1.0,-3.463925704685793,-0.12825317049956553,-3.3356725341862274,0.45122480550210425,0.5487751944978958,True,1.0,8.8,1.4,-2.9685100336295833,0.49236061945689025,0.5076393805431096,1.0,19
2026-03-14,B18NESVC1NE,NE Storm 18 Thunder,NESVC,18,1,B18RRJVB1NE,Boston United Boys 18 1,B18,False,-8.0,-1.0,-3.463925704685793,-4.617049081822097,1.1531233771363043,0.5169086544298416,-0.5169086544298416,True,0.8,7.6,1.0,-4.149890864486726,0.5095992151958757,0.29040078480412423,0.75,20
2026-03-14,B18NESVC1NE,NE Storm 18 Thunder,NESVC,18,1,B18SJVBC2NE,South County Juniors Boys 18's Gold,B18,False,-15.0,-2.0,-3.463925704685793,-0.8950895960897043,-2.5688361085960887,0.4623890621532061,-0.4623890621532061,True,0.6,2.0,0.2,-1.9359183039585326,0.47764136348874897,0.12235863651125098,0.6,21
2026-03-15,B18NESVC1NE,NE Storm 18 Thunder,NESVC,18,1,B18NEVBC2NE,NEVBC Boys 18.2,B18,True,0.0,1.0,-3.463925704685793,-4.320455937255204,0.8565302325694111,0.5125617517329224,0.4874382482670776,True,0.6,0.6,0.0,-2.5849546980704807,0.4871500653739508,0.11284993462604913,0.6,22
2026-03-15,B18NESVC1NE,NE Storm 18 Thunder,NESVC,18,1,B18RRJVB1NE,Boston United Boys 18 1,B18,False,4.0,-1.0,-3.463925704685793,-4.617049081822097,1.1531233771363043,0.5169086544298416,-0.5169086544298416,True,0.4,-0.6,-0.4,-2.9155793734977338,0.4919985856495831,-0.09199858564958319,0.4,23
2025-11-22,B18NESVC2NE,NE Storm 18 Squall,NESVC,18,2,B18LHVBC2NE,LHV Boys 18-2 Blitz,B18,False,-7.0,-2.0,-8.964952398730674,-8.463925704685732,-0.5010266940449419,0.49265099577911037,-0.49265099577911037,True,0.0,-7.0,-2.0,-8.463925704685732,0.49265099577911037,-0.49265099577911037,0.0,1
2025-11-22,B18NESVC2NE,NE Storm 18 Squall,NESVC,18,2,B18BVJVB2NE,Blast 18 Blaze,B18,True,12.0,2.0,-8.964952398730674,-18.71443905170827,9.749486652977595,0.6392380899802841,0.3607619100197159,False,0.5,2.5,0.0,-13.589182378197,0.5659445428796972,-0.06594454287969723,0.0,2
2025-11-22,B18NESVC2NE,NE Storm 18 Squall,NESVC,18,2,B18SJVBC2NE,South County Juniors Boys 18's Gold,B18,False,-14.0,-1.0,-8.964952398730674,-0.8950895960897043,-8.06986280264097,0.3837868691395231,-0.3837868691395231,False,0.3333333333333333,-3.0,-0.3333333333333333,-9.357818117494569,0.5052253182996392,-0.17189198496630587,0.0,3
2025-11-23,B18NESVC2NE,NE Storm 18 Squall,NESVC,18,2,B18MMVBC2NE,Mayhem 18 2,B18,True,5.0,2.0,-8.964952398730674,-1.0752739666954634,-7.88967843203521,0.38629025015485996,0.61370974984514,False,0.5,-1.0,0.25,-7.287182079794792,0.47549155126344433,0.02450844873655561,0.0,4
2025-11-23,B18NESVC2NE,NE Storm 18 Squall,NESVC,18,2,B18SJVBC2NE,South County Juniors Boys 18's Gold,B18,False,-5.0,-1.0,-8.964952398730674,-0.8950895960897043,-8.06986280264097,0.3837868691395231,-0.3837868691395231,False,0.4,-1.8,0.0,-6.008763583053774,0.4571506148386601,-0.05715061483866013,0.0,5
2026-01-17,B18NESVC2NE,NE Storm 18 Squall,NESVC,18,2,B18CAPIT1XL,CSVC 18 HAYSTACK,B18,False,-14.0,-2.0,-8.964952398730674,2.5340209072239004,-11.498973305954575,0.33744271227585326,-0.33744271227585326,False,0.4,-3.2,0.0,-3.809174260671848,0.42610895813800875,-0.02610895813800871,,6
2026-01-17,B18NESVC2NE,NE Storm 18 Squall,NESVC,18,2,B18RRJVB2NE,Boston United Boys 18 Select 1,B18,False,-0.0,-1.0,-8.964952398730674,-11.494042789497282,2.5290903907666085,0.5370311584327799,-0.5370311584327799,True,0.2,-5.6,-0.6,-2.365095008229651,0.4056675718285079,-0.20566757182850787,0.0,7
2026-01-17,B18NESVC2NE,NE Storm 18 Squall,NESVC,18,2,B18LHVBC3NE,LHV Boys 18-3 Thunder,B18,True,6.0,1.0,-8.964952398730674,-16.143035542014527,7.178083143283853,0.6037654963704588,0.39623450362954116,False,0.4,-1.6,-0.2,-5.414684197414616,0.44966329727469495,-0.049663297274695026,0.0,8
2026-01-18,B18NESVC2NE,NE Storm 18 Squall,NESVC,18,2,B18NESVC3NE,NE Storm 18 Tornado,B18,True,15.0,2.0,-8.964952398730674,-16.073421048790788,7.108468650060114,0.6027878930740921,0.3972121069259079,False,0.4,0.4,-0.2,-8.41431361383368,0.49296282585854145,-0.09296282585854146,0.0,9
2026-01-18,B18NESVC2NE,NE Storm 18 Squall,NESVC,18,2,B18PVJVB4NE,PV Boys 18 4,B18,True,6.0,1.0,-8.964952398730674,-0.09020907224197838,-8.874743326488694,0.37268096179942756,0.6273190382005724,False,0.6,2.6,0.2,-8.253337509064135,0.4907416443905223,0.10925835560947765,0.0,10
2026-01-18,B18NESVC2NE,NE Storm 18 Squall,NESVC,18,2,B18PVJVB2NE,PV Boys 18 2,B18,False,-8.0,-1.0,-8.964952398730674,-2.963925704685832,-6.001026694044842,0.41286964658162734,-0.41286964658162734,False,0.6,3.8,0.4,-9.35292683144608,0.5058270312516772,0.09417296874832284,0.0,11
2026-01-19,B18NESVC2NE,NE Storm 18 Squall,NESVC,18,2,B18PVJVB3NE,PV Boys 18 3,B18,True,15.0,2.0,-8.964952398730674,1.2898550724636149,-10.254807471194288,0.35395282952030194,0.6460471704796981,False,0.8,6.8,1.0,-6.796147259053901,0.4692113654691815,0.33078863453081847,,12
2026-01-19,B18NESVC2NE,NE Storm 18 Squall,NESVC,18,2,B18PVJVB2NE,PV Boys 18 2,B18,False,-21.0,-2.0,-8.964952398730674,-2.963925704685832,-6.001026694044842,0.41286964658162734,-0.41286964658162734,False,0.6,1.4,0.4,-4.160325291588163,0.43103219551141525,0.16896780448858473,,13
2026-03-14,B18NESVC2NE,NE Storm 18 Squall,NESVC,18,2,B18BVJVB2NE,Blast 18 Blaze,B18,True,11.0,2.0,-8.964952398730674,-18.71443905170827,9.749486652977595,0.6392380899802841,0.3607619100197159,False,0.6,0.6,0.4,-4.688528892171659,0.43832223489265365,0.16167776510734636,,14
2026-03-14,B18NESVC2NE,NE Storm 18 Squall,NESVC,18,2,B17HKJVB3NE,Husky 17.3,MIXED,False,-1.0,-1.0,-8.964952398730674,-7.964952398730692,-0.9999999999999813,0.49002839280944555,-0.49002839280944555,True,0.4,-0.8,0.0,-6.263477557469401,0.46179172109465727,-0.06179172109465726,0.0,15
2026-03-14,B18NESVC2NE,NE Storm 18 Squall,NESVC,18,2,B18MVNER2NE,Meraki VB 18 2,B18,True,12.0,1.0,-8.964952398730674,-11.96495239873067,2.9999999999999964,0.5438935572193513,0.4561064427806487,True,0.6,3.2,0.4,-8.063682896278369,0.487996503222202,0.11200349677779795,0.5,16
2026-03-15,B18NESVC2NE,NE Storm 18 Squall,NESVC,18,2,B18HKJVB3NE,Husky 18.3,B18,True,4.0,2.0,-8.964952398730674,-2.745975258155825,-6.218977140574848,0.40977312157131,0.5902268784286899,False,0.6,1.0,0.4,-8.870848962402258,0.4991605616324037,0.10083943836759632,0.5,17
2026-03-15,B18NESVC2NE,NE Storm 18 Squall,NESVC,18,2,B18CAPIT1XL,CSVC 18 HAYSTACK,B18,False,-12.0,-2.0,-8.964952398730674,2.5340209072239004,-11.498973305954575,0.33744271227585326,-0.33744271227585326,False,0.6,2.8,0.4,-7.771259640020309,0.48407517477124884,0.11592482522875117,0.5,18
2025-11-22,B18NESVC3NE,NE Storm 18 Tornado,NESVC,18,3,B18MVPVA2NE,MVP BOS 18 Blue,B18,False,-28.0,-2.0,-16.073421048790788,-0.9074394572431146,-15.165981591547673,0.29113544684967,-0.29113544684967,False,0.0,-28.0,-2.0,-0.9074394572431146,0.29113544684967,-0.29113544684967,,1
2025-11-22,B18NESVC3NE,NE Storm 18 Tornado,NESVC,18,3,B18MVNER2NE,Meraki VB 18 2,B18,False,-20.0,-2.0,-16.073421048790788,-11.96495239873067,-4.108468650060118,0.4400232697890682,-0.4400232697890682,True,0.0,-24.0,-2.0,-6.436195927986892,0.3655793583193691,-0.3655793583193691,0.0,2
2025-11-22,B18NESVC3NE,NE Storm 18 Tornado,NESVC,18,3,B18NEVBC3NE,NEVBC Boys 18 Blue,B18,True,10.0,2.0,-16.073421048790788,-14.215465745753205,-1.857955303037583,0.47277271442389174,0.5272272855761082,True,0.3333333333333333,-12.666666666666666,-0.6666666666666666,-9.02928586724233,0.40131047702087663,-0.06797714368754333,0.5,3
2025-11-23,B18NESVC3NE,NE Storm 18 Tornado,NESVC,18,3,B18NEVBC3NE,NEVBC Boys 18 Blue,B18,True,-4.0,1.0,-16.073421048790788,-14.215465745753205,-1.857955303037583,0.47277271442389174,0.5272272855761082,True,0.5,-10.5,-0.25,-10.325830836870049,0.4191760363716304,0.08082396362836955,0.6666666666666666,4
2025-11-23,B18NESVC3NE,NE Storm 18 Tornado,NESVC,18,3,B18TTVBC2NE,SLAM 18 2 Boys,B18,True,10.0,2.0,-16.073421048790788,-16.678546843255834,0.6051257944650459,0.5088756251392708,0.49112437486072924,True,0.6,-6.4,0.2,-11.596374038147207,0.43711595412515847,0.16288404587484148,0.75,5
2026-01-17,B18NESVC3NE,NE Storm 18 Tornado,NESVC,18,3,B18VTVBC1NE,VTV 18 1,B18,False,-21.0,-2.0,-16.073421048790788,1.4938606153164464,-17.567281664107234,0.26293407158427157,-0.26293407158427157,False,0.6,-5.0,0.2,-11.116114023635294,0.43147567907207873,0.16852432092792116,0.75,6
2026-01-17,B18NESVC3NE,NE Storm 18 Tornado,NESVC,18,3,B18BVJVB1NE,Blast 18 Fire,B18,False,-22.0,-2.0,-16.073421048790788,3.536074295314291,-19.609495344105078,0.24037904947462735,-0.24037904947462735,False,0.6,-5.4,0.2,-8.0159086848263,0.39154683500919063,0.20845316499080938,1.0,7
2026-01-17,B18NESVC3NE,NE Storm 18 Tornado,NESVC,18,3,B18PVJVB3NE,PV Boys 18 3,B18,False,-12.0,-1.0,-16.073421048790788,1.2898550724636149,-17.3632761212544,0.2652604642966249,-0.2652604642966249,False,0.4,-9.8,-0.4,-4.914844521182937,0.35004438498373724,0.04995561501626272,1.0,8
2026-01-18,B18NESVC3NE,NE Storm 18 Tornado,NESVC,18,3,B18NESVC2NE,NE Storm 18 Squall,B18,False,-15.0,-2.0,-16.073421048790788,-8.964952398730674,-7.108468650060114,0.39721210692590786,-0.39721210692590786,False,0.2,-12.0,-1.0,-3.864741851778431,0.3349322634841405,-0.1349322634841405,1.0,9
2026-01-18,B18NESVC3NE,NE Storm 18 Tornado,NESVC,18,3,B18PVJVB2NE,PV Boys 18 2,B18,False,-15.0,-2.0,-16.073421048790788,-2.963925704685832,-13.109495344104957,0.31665004238275024,-0.31665004238275024,False,0.0,-17.0,-1.8,-1.1218176240644306,0.2964871469328364,-0.2964871469328364,,10
2026-01-18,B18NESVC3NE,NE Storm 18 Tornado,NESVC,18,3,B18PVJVB4NE,PV Boys 18 4,B18,False,-7.0,-2.0,-16.073421048790788,-0.09020907224197838,-15.983211976548809,0.2813393882073091,-0.2813393882073091,False,0.0,-14.2,-1.8,-1.4386315615761156,0.3001682102574439,-0.3001682102574439,,11
2026-01-19,B18NESVC3NE,NE Storm 18 Tornado,NESVC,18,3,B18LHVBC3NE,LHV Boys 18-3 Thunder,B18,True,8.0,2.0,-16.073421048790788,-16.143035542014527,0.0696144932237388,0.501021169818669,0.49897883018133105,True,0.2,-8.2,-1.0,-5.37445352904188,0.35229663432625224,-0.15229663432625223,1.0,12
2026-01-19,B18NESVC3NE,NE Storm 18 Tornado,NESVC,18,3,B18PVJVB4NE,PV Boys 18 4,B18,False,-3.0,-1.0,-16.073421048790788,-0.09020907224197838,-15.983211976548809,0.2813393882073091,-0.2813393882073091,False,0.2,-6.4,-1.0,-5.650466357982998,0.35551241910838904,-0.15551241910838903,1.0,13
2026-03-14,B18NESVC3NE,NE Storm 18 Tornado,NESVC,18,3,B18TTVBC1NE,SLAM 18 1 Boys,B18,True,9.0,2.0,-16.073421048790788,-14.215465745753223,-1.8579553030375653,0.472772714423892,0.527227285576108,True,0.4,-1.6,-0.2,-6.700569027387507,0.3706245406079859,0.029375459392014126,1.0,14
2026-03-14,B18NESVC3NE,NE Storm 18 Tornado,NESVC,18,3,B18PVJVB4NE,PV Boys 18 4,B18,False,-10.0,-2.0,-16.073421048790788,-0.09020907224197838,-15.983211976548809,0.2813393882073091,-0.2813393882073091,False,0.4,-0.6,-0.2,-6.125825700898736,0.36356240977289767,0.03643759022710236,1.0,15
2026-03-14,B18NESVC3NE,NE Storm 18 Tornado,NESVC,18,3,B18NEVBC3NE,NEVBC Boys 18 Blue,B18,False,-2.0,-1.0,-16.073421048790788,-14.215465745753205,-1.857955303037583,0.47277271442389174,-0.47277271442389174,True,0.4,0.4,0.0,-8.950877035600982,0.40184907501621414,-0.0018490750162141745,0.6666666666666666,16
2026-03-15,B18NESVC3NE,NE Storm 18 Tornado,NESVC,18,3,B18GEVBC1NE,Generations vbc 18 1,B18,True,5.0,1.0,-16.073421048790788,-19.47697537158356,3.403554322792772,0.5497612802372228,0.4502387197627772,True,0.4,-0.2,-0.2,-9.617665001514789,0.411597097099925,-0.011597097099924958,0.6666666666666666,17
2026-03-15,B18NESVC3NE,NE Storm 18 Tornado,NESVC,18,3,B18MVNER2NE,Meraki VB 18 2,B18,False,1.0,-1.0,-16.073421048790788,-11.96495239873067,-4.108468650060118,0.4400232697890682,-0.4400232697890682,True,0.4,0.6,-0.2,-11.992613666812527,0.4433338734162768,-0.04333387341627677,0.5,18
2026-01-31,B18NEVBC1NE,NEVBC Boys 18.1,NEVBC,18,1,B18CSJVB1NE,MEVBC/CT STARS 18 1,B18,True,26.0,2.0,20.763872384187966,-4.372161215609074,25.136033599797038,0.8137974546605665,0.18620254533943348,False,1.0,26.0,2.0,-4.372161215609074,0.8137974546605665,0.18620254533943348,,1
2026-01-31,B18NEVBC1NE,NEVBC Boys 18.1,NEVBC,18,1,B18MMVBC1NE,Mayhem 18 1,B18,True,16.0,2.0,20.763872384187966,4.967959348971037,15.795913035216929,0.7164332584693609,0.2835667415306391,False,1.0,21.0,2.0,0.29789906668098176,0.7651153565649638,0.2348846434350363,,2
2026-01-31,B18NEVBC1NE,NEVBC Boys 18.1,NEVBC,18,1,B18HKJVB1NE,Husky 18.1,B18,True,8.0,2.0,20.763872384187966,11.008594235488776,9.75527814869919,0.6393164532248979,0.36068354677510206,False,1.0,16.666666666666668,2.0,3.868130789616913,0.7231823887849419,0.2768176112150582,,3
2026-02-01,B18NEVBC1NE,NEVBC Boys 18.1,NEVBC,18,1,B18PVJVB1NE,PV Boys 18 1,B18,True,7.0,2.0,20.763872384187966,18.868723165950637,1.8951492182373286,0.5277712307159695,0.47222876928403046,True,1.0,14.25,2.0,7.618278883700344,0.6743295992676988,0.32567040073230125,1.0,4
2026-02-01,B18NEVBC1NE,NEVBC Boys 18.1,NEVBC,18,1,B18MVNER1NE,Meraki VB 18 1,B18,True,16.0,2.0,20.763872384187966,10.088829283265262,10.675043100922704,0.6516651260482006,0.3483348739517994,False,1.0,14.6,2.0,8.112388963613327,0.6697967046237991,0.3302032953762009,1.0,5
2026-02-01,B18NEVBC1NE,NEVBC Boys 18.1,NEVBC,18,1,B18SJJVB1NE,SMASH Boys 18-1,B18,False,-9.0,-1.0,20.763872384187966,26.836110086018678,-6.072237701830712,0.4118571471052842,-0.4118571471052842,False,0.8,7.6,1.4,14.354043223938879,0.5894086431127425,0.21059135688725733,1.0,6
2026-01-31,B18NEVBC2NE,NEVBC Boys 18.2,NEVBC,18,2,B18NESVC1NE,NE Storm 18 Thunder,B18,True,4.0,2.0,-4.320455937255204,-3.463925704685793,-0.8565302325694111,0.4874382482670777,0.5125617517329223,True,1.0,4.0,2.0,-3.463925704685793,0.4874382482670777,0.5125617517329223,1.0,1
2026-01-31,B18NEVBC2NE,NEVBC Boys 18.2,NEVBC,18,2,B18HKJVB3NE,Husky 18.3,B18,False,-14.0,-2.0,-4.320455937255204,-2.745975258155825,-1.5744806790993788,0.47692044060202887,-0.47692044060202887,True,0.5,-5.0,0.0,-3.104950481420809,0.4821793444345533,0.017820655565446708,0.5,2
2026-01-31,B18NEVBC2NE,NEVBC Boys 18.2,NEVBC,18,2,B18MVPVA2NE,MVP BOS 18 Blue,B18,False,-8.0,-2.0,-4.320455937255204,-0.9074394572431146,-3.4130164800120895,0.45010129846673586,-0.45010129846673586,True,0.3333333333333333,-6.0,-0.6666666666666666,-2.372446806694911,0.47148666244528076,-0.13815332911194747,0.3333333333333333,3
2026-02-01,B18NEVBC2NE,NEVBC Boys 18.2,NEVBC,18,2,B18BVJVB2NE,Blast 18 Blaze,B18,True,20.0,2.0,-4.320455937255204,-18.71443905170827,14.393983114453064,0.6994285695271018,0.30057143047289825,False,0.5,0.5,0.0,-6.4579448679482505,0.5284721392157361,-0.028472139215736048,0.3333333333333333,4
2026-02-01,B18NEVBC2NE,NEVBC Boys 18.2,NEVBC,18,2,B18LHVBC3NE,LHV Boys 18-3 Thunder,B18,True,18.0,2.0,-4.320455937255204,-16.143035542014527,11.822579604759323,0.6667893096758432,0.33321069032415684,False,0.6,4.0,0.4,-8.394963002761505,0.5561355733077574,0.04386442669224253,0.3333333333333333,5
2026-02-01,B18NEVBC2NE,NEVBC Boys 18.2,NEVBC,18,2,B18PVJVB4NE,PV Boys 18 4,B18,False,-5.0,-2.0,-4.320455937255204,-0.09020907224197838,-4.230246865013226,0.4382633770500088,-0.4382633770500088,True,0.4,2.2,-0.4,-7.720219676272743,0.5463005990643437,-0.1463005990643437,0.0,6
2026-03-14,B18NEVBC2NE,NEVBC Boys 18.2,NEVBC,18,2,B18BVJVB1NE,Blast 18 Fire,B18,False,-14.0,-2.0,-4.320455937255204,3.536074295314291,-7.8565302325694955,0.3867514525322808,-0.3867514525322808,False,0.4,2.2,-0.4,-6.463809765578721,0.5282668014503942,-0.1282668014503941,0.0,7
2026-03-14,B18NEVBC2NE,NEVBC Boys 18.2,NEVBC,18,2,B18118281XX,PW-VB Quarter-Zip Elite 67-Matcha,B18,False,-12.0,-2.0,-4.320455937255204,5.536074295314347,-9.85653023256955,0.35931473259331487,-0.35931473259331487,False,0.4,1.4,-0.4,-5.175107015067227,0.5101094882757099,-0.11010948827570988,0.0,8
2026-03-14,B18NEVBC2NE,NEVBC Boys 18.2,NEVBC,18,2,B18RRJVB2NE,Boston United Boys 18 Select 1,B18,True,23.0,2.0,-4.320455937255204,-11.494042789497282,7.173586852242078,0.603702379452645,0.39629762054735496,False,0.4,2.0,-0.4,-3.73102776262503,0.4909642502608185,-0.09096425026081853,0.0,9
2026-03-15,B18NEVBC2NE,NEVBC Boys 18.2,NEVBC,18,2,B18NESVC1NE,NE Storm 18 Thunder,B18,False,-0.0,-1.0,-4.320455937255204,-3.463925704685793,-0.8565302325694111,0.4874382482670777,-0.4874382482670777,True,0.2,-1.6,-1.0,-1.195205795159283,0.45509403797906545,-0.2550940379790655,0.0,10
2026-03-15,B18NEVBC2NE,NEVBC Boys 18.2,NEVBC,18,2,B18RRJVB2NE,Boston United Boys 18 Select 1,B18,True,18.0,2.0,-4.320455937255204,-11.494042789497282,7.173586852242078,0.603702379452645,0.39629762054735496,False,0.4,3.0,-0.2,-3.475972538610344,0.48818183845959273,-0.08818183845959268,0.0,11
2025-11-22,B18NEVBC3NE,NEVBC Boys 18 Blue,NEVBC,18,3,B18MVNER2NE,Meraki VB 18 2,B18,False,-11.0,-1.0,-14.215465745753205,-11.96495239873067,-2.250513347022535,0.4670352290114799,-0.4670352290114799,True,0.0,-11.0,-1.0,-11.96495239873067,0.4670352290114799,-0.4670352290114799,0.0,1
2025-11-22,B18NEVBC3NE,NEVBC Boys 18 Blue,NEVBC,18,3,B18MVPVA2NE,MVP BOS 18 Blue,B18,False,-11.0,-2.0,-14.215465745753205,-0.9074394572431146,-13.30802628851009,0.31413480871712757,-0.31413480871712757,False,0.0,-11.0,-1.5,-6.436195927986892,0.39058501886430375,-0.39058501886430375,0.0,2
2025-11-22,B18NEVBC3NE,NEVBC Boys 18 Blue,NEVBC,18,3,B18NESVC3NE,NE Storm 18 Tornado,B18,False,-10.0,-2.0,-14.215465745753205,-16.073421048790788,1.857955303037583,0.5272272855761082,-0.5272272855761082,True,0.0,-10.666666666666666,-1.6666666666666667,-9.648604301588191,0.4361324411015719,-0.4361324411015719,0.0,3
2025-11-23,B18NEVBC3NE,NEVBC Boys 18 Blue,NEVBC,18,3,B18NESVC3NE,NE Storm 18 Tornado,B18,False,4.0,-1.0,-14.215465745753205,-16.073421048790788,1.857955303037583,0.5272272855761082,-0.5272272855761082,True,0.0,-7.0,-1.5,-11.25480848838884,0.458906152220206,-0.458906152220206,0.0,4
2025-11-23,B18NEVBC3NE,NEVBC Boys 18 Blue,NEVBC,18,3,B18BVJVB2NE,Blast 18 Blaze,B18,False,-5.0,-1.0,-14.215465745753205,-18.71443905170827,4.498973305955063,0.565614603923746,-0.565614603923746,True,0.0,-6.6,-1.4,-12.746734601052726,0.48024784256091396,-0.48024784256091396,0.0,5
2026-03-14,B18NEVBC3NE,NEVBC Boys 18 Blue,NEVBC,18,3,B17HKJVB2NE,Husky 17.2,MIXED,False,-13.0,-2.0,-14.215465745753205,-1.2154657457532938,-12.999999999999911,0.3731814517703637,-0.3731814517703637,False,0.0,-7.0,-1.6,-10.59683727045725,0.46147708711269075,-0.46147708711269075,0.0,6
2026-03-14,B18NEVBC3NE,NEVBC Boys 18 Blue,NEVBC,18,3,B18CAPIT1XL,CSVC 18 HAYSTACK,B18,False,-16.0,-2.0,-14.215465745753205,2.5340209072239004,-16.749486652977104,0.2723386846970935,-0.2723386846970935,False,0.0,-8.0,-1.6,-9.908545197563848,0.45311786230868395,-0.45311786230868395,0.0,7
2026-03-14,B18NEVBC3NE,NEVBC Boys 18 Blue,NEVBC,18,3,B18NESVC3NE,NE Storm 18 Tornado,B18,True,2.0,1.0,-14.215465745753205,-16.073421048790788,1.857955303037583,0.5272272855761082,0.4727727144238918,True,0.2,-5.6,-1.0,-9.908545197563848,0.45311786230868395,-0.25311786230868394,0.3333333333333333,8
2026-03-15,B18NEVBC3NE,NEVBC Boys 18 Blue,NEVBC,18,3,B18CAPIT1XL,CSVC 18 HAYSTACK,B18,False,-19.0,-2.0,-14.215465745753205,2.5340209072239004,-16.749486652977104,0.2723386846970935,-0.2723386846970935,False,0.2,-10.2,-1.2,-6.187056806360909,0.402140142132881,-0.20214014213288095,0.5,9
2026-03-15,B18NEVBC3NE,NEVBC Boys 18 Blue,NEVBC,18,3,B18HKJVB3NE,Husky 18.3,B18,False,-6.0,-1.0,-14.215465745753205,-2.745975258155825,-11.46949048759738,0.33782958973127686,-0.33782958973127686,False,0.2,-10.4,-1.2,-2.9933640476504215,0.3565831392943871,-0.15658313929438714,1.0,10
2026-02-06,B18NYCIV1GE,NYC Impact 18 National,NYCIV,18,1,B18DSTJN1GE,Downstate (N-B) 18 Cobras,B18,False,4.0,-1.0,13.697880039638216,2.8185153158988996,10.879364723739316,0.6543815686002603,-0.6543815686002603,False,0.0,4.0,-1.0,2.8185153158988996,0.6543815686002603,-0.6543815686002603,,1
2026-02-06,B18NYCIV1GE,NYC Impact 18 National,NYCIV,18,1,B18UNVBC1NE,Unity 18 Boys National Vikings,B18,True,10.0,2.0,13.697880039638216,-1.081867673082355,14.779747712720571,0.70416550917325,0.29583449082674995,False,0.5,7.0,0.5,0.8683238214082722,0.6792735388867552,-0.17927353888675518,,2
2026-02-06,B18NYCIV1GE,NYC Impact 18 National,NYCIV,18,1,B18CORE11GE,CORE Boys 18 Platinum,B18,False,-9.0,-2.0,13.697880039638216,13.360154281075054,0.33772575856316145,0.5049539187881186,-0.5049539187881186,True,0.3333333333333333,1.6666666666666667,-0.3333333333333333,5.032267307963866,0.6211669988538763,-0.28783366552054296,0.0,3
2026-02-07,B18NYCIV1GE,NYC Impact 18 National,NYCIV,18,1,B18MVPVA1NE,MVP BOS 18 Black,B18,True,8.0,2.0,13.697880039638216,8.63789198265822,5.059988056979996,0.5736842197518018,0.42631578024819816,True,0.5,3.25,0.25,5.933673476637455,0.6092963040783577,-0.10929630407835769,0.5,4
2026-02-07,B18NYCIV1GE,NYC Impact 18 National,NYCIV,18,1,B18DIGSV1GE,Digs Boys 18 Red,B18,True,5.0,1.0,13.697880039638216,10.612122469298425,3.0857575703397906,0.54514155743973,0.45485844256026997,True,0.6,3.6,0.4,6.869363275169649,0.5964653547506321,0.0035346452493678405,0.6666666666666666,5
2026-02-07,B18NYCIV1GE,NYC Impact 18 National,NYCIV,18,1,B18LCVBC1GE,Legacy Boys 18 National,B18,True,10.0,1.0,13.697880039638216,9.913915657457023,3.7839643821811926,0.5552798655689384,0.4447201344310616,True,0.8,4.8,0.8,8.288443343481273,0.5766450141443678,0.2233549858556322,0.75,6
2026-02-08,B18NYCIV1GE,NYC Impact 18 National,NYCIV,18,1,B18LHVBC1NE,LHV Boys 18-1 Rafiki,B18,True,11.0,1.0,13.697880039638216,7.84944213467198,5.848437904966236,0.5849583273296078,0.41504167267039216,False,0.8,5.0,0.6,10.074705305032142,0.5528035777756394,0.24719642222436064,0.75,7
2026-02-08,B18NYCIV1GE,NYC Impact 18 National,NYCIV,18,1,B18SJVBC1NE,South County Juniors Boys 18's Blue,B18,True,2.0,1.0,13.697880039638216,16.47286614912869,-2.7749861094904755,0.45938357371154215,0.5406164262884579,True,1.0,7.2,1.2,10.697247678642869,0.543689508760324,0.45631049123967593,1.0,8
2026-02-06,B18NYCIV2GE,NYC Impact 18 Travel,NYCIV,18,2,B18MVPVA2NE,MVP BOS 18 Blue,B18,True,18.0,2.0,1.0294245539929756,-0.9074394572431146,1.9368640112360902,0.5283812132649548,0.4716187867350452,True,1.0,18.0,2.0,-0.9074394572431146,0.5283812132649548,0.4716187867350452,1.0,1
2026-02-06,B18NYCIV2GE,NYC Impact 18 Travel,NYCIV,18,2,B18XTREM2GE,Xtreme 18 National Kelly,B18,True,5.0,1.0,1.0294245539929756,4.8934416842904245,-3.864017130297449,0.44356050210900866,0.5564394978909913,True,1.0,11.5,1.5,1.993001113523655,0.4859708576869817,0.5140291423130183,1.0,2
2026-02-06,B18NYCIV2GE,NYC Impact 18 Travel,NYCIV,18,2,B18ROYAL1NO,Infinity Royals 18N,B18,False,-12.0,-2.0,1.0294245539929756,4.605516048819804,-3.5760914948268283,0.44773413272862717,-0.44773413272862717,True,0.6666666666666666,3.6666666666666665,0.3333333333333333,2.863839425289038,0.47322528270086356,0.19344138396580313,0.6666666666666666,3
2026-02-07,B18NYCIV2GE,NYC Impact 18 Travel,NYCIV,18,2,B18SJVBC2NE,South County Juniors Boys 18's Gold,B18,True,-1.0,1.0,1.0294245539929756,-0.8950895960897043,1.92451415008268,0.5282006338041373,0.4717993661958627,True,0.75,2.5,0.5,1.9241071699443524,0.48696912047668195,0.26303087952331805,0.75,4
2026-02-07,B18NYCIV2GE,NYC Impact 18 Travel,NYCIV,18,2,B18LCVBC5GE,Legacy Boys 18 Premier Billy,B18,True,22.0,2.0,1.0294245539929756,-18.60529305370297,19.634717607695944,0.7598910785200745,0.24010892147992546,False,0.8,6.4,0.8,-2.181772874785112,0.5415535120853605,0.25844648791463953,0.75,5
2026-02-07,B18NYCIV2GE,NYC Impact 18 Travel,NYCIV,18,2,B18118281XX,PW-VB Quarter-Zip Elite 67-Matcha,B18,False,-13.0,-1.0,1.0294245539929756,5.536074295314347,-4.506649741321372,0.4342747333194281,-0.4342747333194281,True,0.6,0.2,0.2,-0.8930701242736196,0.5227322160962552,0.07726778390374485,0.5,6
2026-02-08,B18NYCIV2GE,NYC Impact 18 Travel,NYCIV,18,2,B18CAPIT1XL,CSVC 18 HAYSTACK,B18,False,-10.0,-1.0,1.0294245539929756,2.5340209072239004,-1.5045963532309248,0.4779434811796264,-0.4779434811796264,True,0.4,-2.8,-0.2,-1.3649542796869243,0.5296088119103788,-0.1296088119103787,0.25,7
2026-01-31,B18NYCVA1GE,NYC VBA 18 Riverside,NYCVA,18,1,B18SJJVB2NE,SMASH Boys 18's Force,B18,False,-11.0,-2.0,7.484427134675283,6.0740619749855815,1.410365159689701,0.5206767716335766,-0.5206767716335766,True,0.0,-11.0,-2.0,6.0740619749855815,0.5206767716335766,-0.5206767716335766,0.0,1
2026-01-31,B18NYCVA1GE,NYC VBA 18 Riverside,NYCVA,18,1,B18LHVBC1NE,LHV Boys 18-1 Rafiki,B18,False,-8.0,-1.0,7.484427134675283,7.84944213467198,-0.3650149999966974,0.49464581936075264,-0.49464581936075264,True,0.0,-9.5,-1.5,6.96175205482878,0.5076612954971647,-0.5076612954971647,0.0,2
2026-01-31,B18NYCVA1GE,NYC VBA 18 Riverside,NYCVA,18,1,B18MVPVA1NE,MVP BOS 18 Black,B18,False,0.0,-1.0,7.484427134675283,8.63789198265822,-1.1534648479829368,0.48308634228282477,-0.48308634228282477,True,0.0,-6.333333333333333,-1.3333333333333333,7.52046536410526,0.499469644425718,-0.499469644425718,0.0,3
2026-02-01,B18NYCVA1GE,NYC VBA 18 Riverside,NYCVA,18,1,B18MCJVB1NE,Mill City 18's,B18,True,4.0,1.0,7.484427134675283,8.201372036587305,-0.7169449019120222,0.489484724641918,0.5105152753580819,True,0.25,-3.75,-0.75,7.690692032225772,0.496973414479768,-0.246973414479768,0.25,4
2026-02-01,B18NYCVA1GE,NYC VBA 18 Riverside,NYCVA,18,1,B18SJJVB3NE,SMASH Boys 18's Surge,B18,False,-5.0,-1.0,7.484427134675283,13.62318840579702,-6.138761271121737,0.41091196839907496,-0.41091196839907496,False,0.2,-4.0,-0.8,8.877191306940022,0.4797611252636294,-0.2797611252636294,0.25,5
2026-02-06,B18NYCVA1GE,NYC VBA 18 Riverside,NYCVA,18,1,B18SPTMC2GE,Sportime 18 2,B18,True,16.0,1.0,7.484427134675283,-0.4827833775964243,7.967210512271707,0.614787682819008,0.385212317180992,False,0.4,1.4,-0.2,7.565822236423619,0.4985833075007157,-0.09858330750071567,0.3333333333333333,6
2026-02-06,B18NYCVA1GE,NYC VBA 18 Riverside,NYCVA,18,1,B18PWRSP1SU,PSA Power 18,B18,True,11.0,2.0,7.484427134675283,15.737287678292512,-8.25286054361723,0.3812506899905452,0.6187493100094548,False,0.6,5.2,0.4,9.143391345147727,0.47590428162667414,0.12409571837332582,0.5,7
2026-02-06,B18NYCVA1GE,NYC VBA 18 Riverside,NYCVA,18,1,B18DIGSV1GE,Digs Boys 18 Red,B18,False,-9.0,-2.0,7.484427134675283,10.612122469298425,-3.1276953346231426,0.45424834222136057,-0.45424834222136057,True,0.6,3.4,0.2,9.538237442475767,0.4701366816143813,0.12986331838561865,0.5,8
2026-02-07,B18NYCVA1GE,NYC VBA 18 Riverside,NYCVA,18,1,B18UNVBC1NE,Unity 18 Boys National Vikings,B18,True,7.0,2.0,7.484427134675283,-1.081867673082355,8.566294807757638,0.6230781456155476,0.37692185438445236,False,0.6,4.0,0.4,7.681589500541835,0.49685536580910733,0.10314463419089274,0.0,9
2026-02-07,B18NYCVA1GE,NYC VBA 18 Riverside,NYCVA,18,1,B18SJVBC1NE,South County Juniors Boys 18's Blue,B18,False,-5.0,-1.0,7.484427134675283,16.47286614912869,-8.988439014453409,0.3711226360737661,-0.3711226360737661,False,0.6,4.0,0.4,8.251525049208169,0.48889749934404547,0.1111025006559545,0.0,10
2026-02-07,B18NYCVA1GE,NYC VBA 18 Riverside,NYCVA,18,1,B18LHVBC1NE,LHV Boys 18-1 Rafiki,B18,False,1.0,-1.0,7.484427134675283,7.84944213467198,-0.3650149999966974,0.49464581936075264,-0.49464581936075264,True,0.4,1.0,0.0,9.917970151661851,0.46486912665239444,-0.06486912665239442,0.0,11
2026-02-08,B18NYCVA1GE,NYC VBA 18 Riverside,NYCVA,18,1,B18PWRSP1SU,PSA Power 18,B18,False,-13.0,-2.0,7.484427134675283,15.737287678292512,-8.25286054361723,0.3812506899905452,-0.3812506899905452,False,0.2,-3.8,-0.8,9.917970151661851,0.46486912665239444,-0.2648691266523944,0.0,12
2026-02-06,B18PINVA1GE,PVA Boys 18 National,PINVA,18,1,B18SPTMC3GE,Sportime 18 3,B18,True,11.0,2.0,2.315899297709555,-10.201905295018594,12.51780459272815,0.6757902351057171,0.3242097648942829,False,1.0,11.0,2.0,-10.201905295018594,0.6757902351057171,0.3242097648942829,,1
2026-02-06,B18PINVA1GE,PVA Boys 18 National,PINVA,18,1,B18TUSVA1GE,Train Up VB 18 1,B18,True,9.0,2.0,2.315899297709555,-2.04432730212734,4.360226599836896,0.563613327578637,0.436386672421363,True,1.0,10.0,2.0,-6.123116298572967,0.619701781342177,0.38029821865782293,1.0,2
2026-02-06,B18PINVA1GE,PVA Boys 18 National,PINVA,18,1,B18CAPIT1XL,CSVC 18 HAYSTACK,B18,False,-11.0,-2.0,2.315899297709555,2.5340209072239004,-0.21812160951434523,0.49680042957348225,-0.49680042957348225,True,0.6666666666666666,3.0,0.6666666666666666,-3.237403896640678,0.5787346640859455,0.0879320025807212,0.5,3
2026-02-07,B18PINVA1GE,PVA Boys 18 National,PINVA,18,1,B18RRJVB1NE,Boston United Boys 18 1,B18,True,13.0,2.0,2.315899297709555,-4.617049081822097,6.932948379531652,0.6003194147470576,0.39968058525294237,False,0.75,5.5,1.0,-3.582315192936033,0.5841308517512235,0.1658691482487765,0.5,4
2026-02-07,B18PINVA1GE,PVA Boys 18 National,PINVA,18,1,B18RAPTO1GE,NYC Raptors 18 Black,B18,True,8.0,1.0,2.315899297709555,-3.400641791021455,5.7165410887310095,0.5830781737733509,0.4169218262266491,False,0.8,6.0,1.0,-3.5459805125531174,0.583920316155649,0.216079683844351,0.5,5
2026-02-07,B18PINVA1GE,PVA Boys 18 National,PINVA,18,1,B18VENGE1OV,18 - Lusher,B18,False,-9.0,-2.0,2.315899297709555,12.113581279797938,-9.797681982088383,0.36011001762689676,-0.36011001762689676,False,0.6,2.0,0.2,0.9171168024101892,0.5207842726598849,0.07921572734011509,0.5,6
2026-02-08,B18PINVA1GE,PVA Boys 18 National,PINVA,18,1,B18XTREM2GE,Xtreme 18 National Kelly,B18,False,-8.0,-2.0,2.315899297709555,4.8934416842904245,-2.5775423865808693,0.4622620753109026,-0.4622620753109026,True,0.4,-1.4,-0.6,2.304670599693742,0.500514022206338,-0.10051402220633802,0.0,7
2025-12-20,B18PVJVB1NE,PV Boys 18 1,PVJVB,18,1,B18MCJVB1NE,Mill City 18's,B18,True,16.0,2.0,18.868723165950637,8.201372036587305,10.667351129363333,0.6515626676108282,0.34843733238917185,False,1.0,16.0,2.0,8.201372036587305,0.6515626676108282,0.34843733238917185,,1
2025-12-20,B18PVJVB1NE,PV Boys 18 1,PVJVB,18,1,B17SJJVB2NE,SMASH Boys 17 Chaos,MIXED,True,15.0,2.0,18.868723165950637,7.201372036587237,11.6673511293634,0.614301691429809,0.38569830857019105,False,1.0,15.5,2.0,7.701372036587271,0.6329321795203185,0.36706782047968145,,2
2025-12-20,B18PVJVB1NE,PV Boys 18 1,PVJVB,18,1,B17CAPIT1XL,CSVC 17 BIG SLIDE,MIXED,False,2.0,-1.0,18.868723165950637,13.536074295314258,5.33264887063638,0.5529824786262832,-0.5529824786262832,True,0.6666666666666666,11.0,1.0,9.646272789496267,0.6062822792223068,0.06038438744435989,0.0,3
2025-12-21,B18PVJVB1NE,PV Boys 18 1,PVJVB,18,1,B18LEGIO1XL,TeamLVC Boys 18 Black,B18,False,-14.0,-2.0,18.868723165950637,4.22806608176198,14.640657084188657,0.7024625581608781,-0.7024625581608781,False,0.5,4.75,0.25,8.291721112562694,0.6303273489569496,-0.1303273489569496,0.0,4
2025-12-21,B18PVJVB1NE,PV Boys 18 1,PVJVB,18,1,B18SJJVB2NE,SMASH Boys 18's Force,B18,True,12.0,1.0,18.868723165950637,6.0740619749855815,12.794661190965055,0.6793392173164795,0.3206607826835205,False,0.6,6.2,0.4,7.848189285047272,0.6401297226288556,-0.04012972262885559,0.0,5
2026-01-31,B18PVJVB1NE,PV Boys 18 1,PVJVB,18,1,B18HKJVB2NE,Husky 18.2,B18,False,1.0,-1.0,18.868723165950637,-0.12825317049956553,18.996976336450203,0.7529973189781489,-0.7529973189781489,False,0.4,3.2,-0.2,6.1822642436298985,0.6604166529023198,-0.26041665290231975,0.0,6
2026-01-31,B18PVJVB1NE,PV Boys 18 1,PVJVB,18,1,B18SJJVB3NE,SMASH Boys 18's Surge,B18,True,-4.0,1.0,18.868723165950637,13.62318840579702,5.2455347601536175,0.5763447237354757,0.42365527626452426,True,0.4,-0.6,-0.4,7.466627517471855,0.6528252593634531,-0.2528252593634531,0.5,7
2026-01-31,B18PVJVB1NE,PV Boys 18 1,PVJVB,18,1,B18LEGIO1XL,TeamLVC Boys 18 Black,B18,False,-3.0,-1.0,18.868723165950637,4.22806608176198,14.640657084188657,0.7024625581608781,-0.7024625581608781,False,0.4,-1.6,-0.4,5.6050258747614,0.6827212752703721,-0.2827212752703721,1.0,8
2026-02-01,B18PVJVB1NE,PV Boys 18 1,PVJVB,18,1,B18NEVBC1NE,NEVBC Boys 18.1,B18,False,-7.0,-2.0,18.868723165950637,20.763872384187966,-1.8951492182373286,0.47222876928403057,-0.47222876928403057,True,0.4,-0.2,-0.4,8.912187135246597,0.6366745174950026,-0.2366745174950026,0.5,9
2026-02-01,B18PVJVB1NE,PV Boys 18 1,PVJVB,18,1,B18SJJVB2NE,SMASH Boys 18's Force,B18,True,7.0,2.0,18.868723165950637,6.0740619749855815,12.794661190965055,0.6793392173164795,0.3206607826835205,False,0.4,-1.2,-0.2,8.912187135246596,0.6366745174950026,-0.23667451749500254,0.5,10
2025-12-20,B18PVJVB2NE,PV Boys 18 2,PVJVB,18,2,B17CAPIT1XL,CSVC 17 BIG SLIDE,MIXED,False,-23.0,-2.0,-2.963925704685832,13.536074295314258,-16.50000000000009,0.3411410722720642,-0.3411410722720642,False,0.0,-23.0,-2.0,13.536074295314258,0.3411410722720642,-0.3411410722720642,,1
2025-12-20,B18PVJVB2NE,PV Boys 18 2,PVJVB,18,2,B18LEGIO1XL,TeamLVC Boys 18 Black,B18,False,-5.0,-1.0,-2.963925704685832,4.22806608176198,-7.1919917864478125,0.3960392822190811,-0.3960392822190811,False,0.0,-14.0,-1.5,8.882070188538119,0.36859017724557264,-0.36859017724557264,,2
2025-12-20,B18PVJVB2NE,PV Boys 18 2,PVJVB,18,2,B18CAPIT1XL,CSVC 18 HAYSTACK,B18,False,-7.0,-2.0,-2.963925704685832,2.5340209072239004,-5.497946611909732,0.4200431337670284,-0.4200431337670284,True,0.0,-11.666666666666666,-1.6666666666666667,6.76605376143338,0.3857411627527245,-0.3857411627527245,0.0,3
2025-12-21,B18PVJVB2NE,PV Boys 18 2,PVJVB,18,2,B18MCJVB1NE,Mill City 18's,B18,False,-5.0,-1.0,-2.963925704685832,8.201372036587305,-11.165297741273136,0.34183385233616614,-0.34183385233616614,False,0.0,-10.0,-1.5,7.124883330221861,0.374764335148585,-0.374764335148585,0.0,4
2025-12-21,B18PVJVB2NE,PV Boys 18 2,PVJVB,18,2,B18CAPIT1XL,CSVC 18 HAYSTACK,B18,False,-11.0,-2.0,-2.963925704685832,2.5340209072239004,-5.497946611909732,0.4200431337670284,-0.4200431337670284,True,0.0,-10.2,-1.6,6.206710845622269,0.38382009487227364,-0.38382009487227364,0.0,5
2026-01-17,B18PVJVB2NE,PV Boys 18 2,PVJVB,18,2,B17CAPIT1XL,CSVC 17 BIG SLIDE,MIXED,False,-10.0,-2.0,-2.963925704685832,13.536074295314258,-16.50000000000009,0.3411410722720642,-0.3411410722720642,False,0.0,-7.6,-1.6,6.206710845622269,0.38382009487227364,-0.38382009487227364,0.0,6
2026-01-17,B18PVJVB2NE,PV Boys 18 2,PVJVB,18,2,B18118281XX,PWVolleyball 18 1,B18,False,-10.0,-1.0,-2.963925704685832,5.536074295314347,-8.50000000000018,0.3778358406686879,-0.3778358406686879,False,0.0,-8.6,-1.6,6.468312488332742,0.380179406562195,-0.380179406562195,0.0,7
2026-01-17,B18PVJVB2NE,PV Boys 18 2,PVJVB,18,2,B18BVJVB2NE,Blast 18 Blaze,B18,True,24.0,2.0,-2.963925704685832,-18.71443905170827,15.750513347022437,0.7158917652681029,0.28410823473189706,False,0.2,-2.4,-0.8,2.2186204965463086,0.43934913286240995,-0.2393491328624099,0.0,8
2026-01-18,B18PVJVB2NE,PV Boys 18 2,PVJVB,18,2,B18PVJVB4NE,PV Boys 18 4,B18,True,13.0,2.0,-2.963925704685832,-0.09020907224197838,-2.8737166324438537,0.4579452002985021,0.542054799701498,True,0.4,1.2,-0.2,0.5603042747804517,0.46257140245487716,-0.0625714024548771,0.5,9
2026-01-18,B18PVJVB2NE,PV Boys 18 2,PVJVB,18,2,B18NESVC3NE,NE Storm 18 Tornado,B18,True,15.0,2.0,-2.963925704685832,-16.073421048790788,13.109495344104957,0.6833499576172498,0.3166500423827502,False,0.6,6.4,0.6,-3.161184116422486,0.5152327672249214,0.08476723277507861,1.0,10
2026-01-18,B18PVJVB2NE,PV Boys 18 2,PVJVB,18,2,B18NESVC2NE,NE Storm 18 Squall,B18,True,8.0,1.0,-2.963925704685832,-8.964952398730674,6.001026694044842,0.5871303534183726,0.4128696465816274,False,0.8,10.0,1.2,-7.661389455231472,0.564430623454183,0.23556937654581694,1.0,11
2026-01-19,B18PVJVB2NE,PV Boys 18 2,PVJVB,18,2,B18RRJVB1NE,Boston United Boys 18 1,B18,True,50.0,2.0,-2.963925704685832,-4.617049081822097,1.6531233771362652,0.5242305823139594,0.47576941768604064,True,1.0,22.0,1.8,-9.69201413065876,0.5937095717832375,0.4062904282167626,1.0,12
2026-01-19,B18PVJVB2NE,PV Boys 18 2,PVJVB,18,2,B18NESVC2NE,NE Storm 18 Squall,B18,True,21.0,2.0,-2.963925704685832,-8.964952398730674,6.001026694044842,0.5871303534183726,0.4128696465816274,False,1.0,21.4,1.8,-7.742116800063242,0.5679572894132913,0.43204271058670873,1.0,13
2026-01-31,B18PVJVB2NE,PV Boys 18 2,PVJVB,18,2,B18SGHVB1NE,Starlings GH 18 1 Boys,B18,True,28.0,2.0,-2.963925704685832,-30.240845030267977,27.276919325582146,0.8320875039110092,0.16791249608899084,False,1.0,24.4,1.8,-13.772243991668443,0.6427857501357928,0.3572142498642073,1.0,14
2026-01-31,B18PVJVB2NE,PV Boys 18 2,PVJVB,18,2,B18LHVBC3NE,LHV Boys 18-3 Thunder,B18,True,18.0,2.0,-2.963925704685832,-16.143035542014527,13.179109837328696,0.6842331504814863,0.31576684951851375,False,1.0,25.0,1.8,-13.786166890313188,0.64296238870864,0.35703761129135997,1.0,15
2026-01-31,B18PVJVB2NE,PV Boys 18 2,PVJVB,18,2,B18RRJVB2NE,Boston United Boys 18 Select 1,B18,True,10.0,2.0,-2.963925704685832,-11.494042789497282,8.530117084811451,0.6225794824568553,0.37742051754314465,False,1.0,25.4,2.0,-14.291984968466512,0.6500522145163365,0.3499477854836634,1.0,16
2026-02-01,B18PVJVB2NE,PV Boys 18 2,PVJVB,18,2,B18NESVC1NE,NE Storm 18 Thunder,B18,False,-10.0,-1.0,-2.963925704685832,-3.463925704685793,0.4999999999999609,0.5073339469483201,-0.5073339469483201,True,0.8,13.4,1.4,-14.061360293039249,0.6466728874432087,0.1533271125567913,0.0,17
2026-02-01,B18PVJVB2NE,PV Boys 18 2,PVJVB,18,2,B18LHVBC2NE,LHV Boys 18-2 Blitz,B18,True,14.0,2.0,-2.963925704685832,-8.463925704685732,5.4999999999999,0.5799862167217872,0.4200137832782128,True,0.8,12.0,1.4,-13.961154954230262,0.6452440601038917,0.15475593989610836,0.5,18
2026-02-01,B18PVJVB2NE,PV Boys 18 2,PVJVB,18,2,B18HKJVB3NE,Husky 18.3,B18,True,14.0,1.0,-2.963925704685832,-2.745975258155825,-0.21795044653000684,0.496802940251315,0.503197059748685,True,0.8,9.2,1.2,-8.462180999807831,0.5781871473719528,0.22181285262804717,0.6666666666666666,19
2025-12-20,B18PVJVB3NE,PV Boys 18 3,PVJVB,18,3,B18SJJVB3NE,SMASH Boys 18's Surge,B18,False,-29.0,-2.0,1.2898550724636149,13.62318840579702,-12.333333333333405,0.32658577623829416,-0.32658577623829416,False,0.0,-29.0,-2.0,13.62318840579702,0.32658577623829416,-0.32658577623829416,,1
2025-12-20,B18PVJVB3NE,PV Boys 18 3,PVJVB,18,3,B18SAVBC1XL,Sporting Albany Boys 18u,B18,True,2.0,1.0,1.2898550724636149,-18.130434782608912,19.420289855072525,0.7575879604417041,0.24241203955829593,False,0.5,-13.5,-0.5,-2.253623188405946,0.5420868683399991,-0.04208686833999911,,2
2025-12-20,B18PVJVB3NE,PV Boys 18 3,PVJVB,18,3,B17RRJVB1NE,Boston United Boys 17 National 1,MIXED,True,2.0,1.0,1.2898550724636149,0.2608695652172601,1.0289855072463547,0.5102605592749598,0.48973944072504016,True,0.6666666666666666,-8.333333333333334,0.0,-1.4154589371982107,0.5314780986516526,0.13518856801501397,1.0,3
2025-12-21,B18PVJVB3NE,PV Boys 18 3,PVJVB,18,3,B16SJJVB1NE,SMASH Boys 16-1,MIXED,False,-9.0,-2.0,1.2898550724636149,14.978260869565045,-13.68840579710143,0.3667803890489212,-0.3667803890489212,False,0.5,-8.5,-0.5,2.682971014492603,0.49030367125096985,0.00969632874903019,1.0,4
2025-12-21,B18PVJVB3NE,PV Boys 18 3,PVJVB,18,3,B17SJJVB3NE,SMASH Boys 17's Shock,MIXED,False,-2.0,-1.0,1.2898550724636149,-2.369565217391459,3.659420289855074,0.53643046815601,-0.53643046815601,True,0.4,-7.2,-0.6,1.6724637681157906,0.4995290306319779,-0.09952903063197785,0.5,5
2026-01-17,B18PVJVB3NE,PV Boys 18 3,PVJVB,18,3,B18BVJVB1NE,Blast 18 Fire,B18,False,-17.0,-1.0,1.2898550724636149,3.536074295314291,-2.246219222850676,0.4670979460073347,-0.4670979460073347,True,0.4,-4.8,-0.4,-0.3449590539807553,0.527631464585786,-0.12763146458578595,0.3333333333333333,6
2026-01-17,B18PVJVB3NE,PV Boys 18 3,PVJVB,18,3,B18VTVBC1NE,VTV 18 1,B18,False,-7.0,-2.0,1.2898550724636149,1.4938606153164464,-0.20400554285283157,0.49700748945005124,-0.49700748945005124,True,0.2,-6.6,-1.0,3.5799000256043163,0.4755153703874554,-0.27551537038745544,0.25,7
2026-01-17,B18PVJVB3NE,PV Boys 18 3,PVJVB,18,3,B18NESVC3NE,NE Storm 18 Tornado,B18,True,12.0,1.0,1.2898550724636149,-16.073421048790788,17.3632761212544,0.734739535703375,0.265260464296625,False,0.2,-4.6,-1.0,0.31304190280270705,0.5204111656731385,-0.32041116567313843,0.0,8
2026-01-18,B18PVJVB3NE,PV Boys 18 3,PVJVB,18,3,B18LHVBC3NE,LHV Boys 18-3 Thunder,B18,True,10.0,1.0,1.2898550724636149,-16.143035542014527,17.43289061447814,0.7355348662797894,0.26446513372021063,False,0.4,-0.8,-0.4,-5.911217379513207,0.594162061119312,-0.19416206111931206,0.0,9
2026-01-18,B18PVJVB3NE,PV Boys 18 3,PVJVB,18,3,B18BVJVB2NE,Blast 18 Blaze,B18,True,11.0,2.0,1.2898550724636149,-18.71443905170827,20.004294124171885,0.7638253585344283,0.23617464146557166,False,0.6,1.8,0.2,-9.18019214637657,0.6396410391949958,-0.03964103919499573,0.0,10
2026-01-18,B18PVJVB3NE,PV Boys 18 3,PVJVB,18,3,B18RRJVB1NE,Boston United Boys 18 1,B18,True,11.0,2.0,1.2898550724636149,-4.617049081822097,5.906904154285712,0.5857909606417241,0.4142090393582759,False,0.8,7.4,0.8,-10.810816821803845,0.6633796421218736,0.13662035787812637,0.0,11
2026-01-19,B18PVJVB3NE,PV Boys 18 3,PVJVB,18,3,B18NESVC2NE,NE Storm 18 Squall,B18,False,-15.0,-2.0,1.2898550724636149,-8.964952398730674,10.254807471194288,0.646047170479698,-0.646047170479698,False,0.8,5.8,0.8,-12.90257942461327,0.693187578327803,0.10681242167219707,,12
2026-01-31,B18PVJVB3NE,PV Boys 18 3,PVJVB,18,3,B18MVNER2NE,Meraki VB 18 2,B18,False,-5.0,-2.0,1.2898550724636149,-11.96495239873067,13.254807471194285,0.6851920120264631,-0.6851920120264631,False,0.6,2.4,0.2,-12.080885694601246,0.6832780735924207,-0.08327807359242057,,13
2026-01-31,B18PVJVB3NE,PV Boys 18 3,PVJVB,18,3,B18MVPVA2NE,MVP BOS 18 Blue,B18,True,4.0,2.0,1.2898550724636149,-0.9074394572431146,2.1972945297067294,0.5321874209623668,0.4678125790376332,True,0.6,1.2,0.4,-9.033766477646965,0.6426085845289361,-0.04260858452893605,1.0,14
2026-01-31,B18PVJVB3NE,PV Boys 18 3,PVJVB,18,3,B18NESVC1NE,NE Storm 18 Thunder,B18,False,2.0,-1.0,1.2898550724636149,-3.463925704685793,4.753780777149408,0.5692843242650854,-0.5692843242650854,True,0.4,-0.6,-0.2,-5.98366380824247,0.6037003776750675,-0.2037003776750675,0.5,15
2026-02-01,B18PVJVB3NE,PV Boys 18 3,PVJVB,18,3,B18SGHVB1NE,Starlings GH 18 1 Boys,B18,True,19.0,2.0,1.2898550724636149,-30.240845030267977,31.530700102731593,0.8641374985463536,0.13586250145364642,False,0.4,1.0,-0.2,-11.108422997931646,0.6593696852559934,-0.25936968525599335,0.5,16
2026-02-01,B18PVJVB3NE,PV Boys 18 3,PVJVB,18,3,B18PVJVB4NE,PV Boys 18 4,B18,False,-15.0,-1.0,1.2898550724636149,-0.09020907224197838,1.3800641447055932,0.5202330316055649,-0.5202330316055649,True,0.4,1.0,0.0,-9.333474332633907,0.6342068574811667,-0.23420685748116674,0.3333333333333333,17
2026-01-17,B18PVJVB4NE,PV Boys 18 4,PVJVB,18,4,B18NESVC1NE,NE Storm 18 Thunder,B18,False,-11.0,-2.0,-0.09020907224197838,-3.463925704685793,3.3737166324438146,0.5493278903047403,-0.5493278903047403,True,0.0,-11.0,-2.0,-3.463925704685793,0.5493278903047403,-0.5493278903047403,0.0,1
2026-01-17,B18PVJVB4NE,PV Boys 18 4,PVJVB,18,4,B18RRJVB1NE,Boston United Boys 18 1,B18,False,-15.0,-1.0,-0.09020907224197838,-4.617049081822097,4.526840009580119,0.5660162963472767,-0.5660162963472767,True,0.0,-13.0,-1.5,-4.040487393253946,0.5576720933260084,-0.5576720933260084,0.0,2
2026-01-17,B18PVJVB4NE,PV Boys 18 4,PVJVB,18,4,B18LHVBC2NE,LHV Boys 18-2 Blitz,B18,False,-14.0,-2.0,-0.09020907224197838,-8.463925704685732,8.373716632443752,0.6204207293434523,-0.6204207293434523,False,0.0,-13.333333333333334,-1.6666666666666667,-5.514966830397874,0.5785883053318231,-0.5785883053318231,0.0,3
2026-01-18,B18PVJVB4NE,PV Boys 18 4,PVJVB,18,4,B18PVJVB2NE,PV Boys 18 2,B18,False,-13.0,-2.0,-0.09020907224197838,-2.963925704685832,2.8737166324438537,0.5420547997014978,-0.5420547997014978,True,0.0,-13.25,-1.75,-4.8772065489698635,0.5694549289242418,-0.5694549289242418,0.0,4
2026-01-18,B18PVJVB4NE,PV Boys 18 4,PVJVB,18,4,B18NESVC2NE,NE Storm 18 Squall,B18,False,-6.0,-1.0,-0.09020907224197838,-8.964952398730674,8.874743326488694,0.6273190382005724,-0.6273190382005724,False,0.0,-11.8,-1.6,-5.694755718922026,0.5810277507795079,-0.5810277507795079,0.0,5
2026-01-18,B18PVJVB4NE,PV Boys 18 4,PVJVB,18,4,B18NESVC3NE,NE Storm 18 Tornado,B18,True,7.0,2.0,-0.09020907224197838,-16.073421048790788,15.983211976548809,0.7186606117926908,0.2813393882073092,False,0.2,-8.2,-0.8,-8.216654787743025,0.614894295077098,-0.414894295077098,0.0,6
2026-01-19,B18PVJVB4NE,PV Boys 18 4,PVJVB,18,4,B18BVJVB2NE,Blast 18 Blaze,B18,True,17.0,2.0,-0.09020907224197838,-18.71443905170827,18.62422997946629,0.7489069755459317,0.25109302445406834,False,0.4,-1.8,-0.2,-11.036132781720259,0.651472430916829,-0.251472430916829,0.0,7
2026-01-19,B18PVJVB4NE,PV Boys 18 4,PVJVB,18,4,B18NESVC3NE,NE Storm 18 Tornado,B18,True,3.0,1.0,-0.09020907224197838,-16.073421048790788,15.983211976548809,0.7186606117926908,0.2813393882073092,False,0.6,1.6,0.4,-12.55803185054127,0.6711204074066768,-0.07112040740667672,0.0,8
2026-01-31,B18PVJVB4NE,PV Boys 18 4,PVJVB,18,4,B18BVJVB2NE,Blast 18 Blaze,B18,True,8.0,2.0,-0.09020907224197838,-18.71443905170827,18.62422997946629,0.7489069755459317,0.25109302445406834,False,0.8,5.8,1.2,-15.708134519945755,0.7124908425755635,0.08750915742443652,,9
2026-01-31,B18PVJVB4NE,PV Boys 18 4,PVJVB,18,4,B18LHVBC2NE,LHV Boys 18-2 Blitz,B18,False,-19.0,-2.0,-0.09020907224197838,-8.463925704685732,8.373716632443752,0.6204207293434523,-0.6204207293434523,False,0.8,3.2,1.0,-15.607929181136768,0.7111111808041395,0.08888881919586056,,10
2026-01-31,B18PVJVB4NE,PV Boys 18 4,PVJVB,18,4,B18MMVBC2NE,Mayhem 18 2,B18,False,-18.0,-2.0,-0.09020907224197838,-1.0752739666954634,0.985064894453485,0.5144458422239094,-0.5144458422239094,True,0.6,-1.8,0.2,-12.608299764717703,0.6702682268903831,-0.07026822689038317,0.0,11
2026-02-01,B18PVJVB4NE,PV Boys 18 4,PVJVB,18,4,B18PVJVB3NE,PV Boys 18 3,B18,True,15.0,1.0,-0.09020907224197838,1.2898550724636149,-1.3800641447055932,0.47976696839443517,0.5202330316055648,True,0.6,-2.2,0.0,-8.607440939883327,0.6164402254600839,-0.01644022546008388,0.5,12
2026-02-01,B18PVJVB4NE,PV Boys 18 4,PVJVB,18,4,B18SGHVB1NE,Starlings GH 18 1 Boys,B18,True,17.0,1.0,-0.09020907224197838,-30.240845030267977,30.150635958025997,0.8543472293481049,0.14565277065189508,False,0.6,0.6,0.0,-11.440925736178766,0.6435775489711666,-0.0435775489711667,0.5,13
2026-02-01,B18PVJVB4NE,PV Boys 18 4,PVJVB,18,4,B18NEVBC2NE,NEVBC Boys 18.2,B18,True,5.0,2.0,-0.09020907224197838,-4.320455937255204,4.230246865013226,0.5617366229499912,0.43826337705000884,True,0.6,0.0,0.0,-8.562129113288153,0.6061434784519786,-0.006143478451978601,0.6666666666666666,14
2026-03-14,B18PVJVB4NE,PV Boys 18 4,PVJVB,18,4,B18NESVC3NE,NE Storm 18 Tornado,B18,True,10.0,2.0,-0.09020907224197838,-16.073421048790788,15.983211976548809,0.7186606117926908,0.2813393882073092,False,0.8,5.8,0.8,-10.084028182109165,0.6257914549418262,0.17420854505817368,0.6666666666666666,15
2026-03-14,B18PVJVB4NE,PV Boys 18 4,PVJVB,18,4,B18TTVBC1NE,SLAM 18 1 Boys,B18,True,8.0,1.0,-0.09020907224197838,-14.215465745753223,14.125256673511245,0.6961033590007408,0.30389664099925917,False,1.0,11.0,1.4,-12.712066537920716,0.6621229582971926,0.3378770417028074,1.0,16
2026-03-14,B18PVJVB4NE,PV Boys 18 4,PVJVB,18,4,B18CAPIT1XL,CSVC 18 HAYSTACK,B18,False,-7.0,-1.0,-0.09020907224197838,2.5340209072239004,-2.6242299794658788,0.46158118971380335,-0.46158118971380335,True,0.8,6.6,1.0,-12.463233370968657,0.6584858025610661,0.1415141974389338,0.5,17
2026-03-15,B18PVJVB4NE,PV Boys 18 4,PVJVB,18,4,B17HKJVB2NE,Husky 17.2,MIXED,False,-4.0,-1.0,-0.09020907224197838,-1.2154657457532938,1.1252566735113154,0.5112202215194313,-0.5112202215194313,True,0.6,2.4,0.6,-6.6581575140657225,0.5898604009953315,0.01013959900466852,0.3333333333333333,18
2026-03-15,B18PVJVB4NE,PV Boys 18 4,PVJVB,18,4,B17HKJVB3NE,Husky 17.3,MIXED,True,13.0,1.0,-0.09020907224197838,-7.964952398730692,7.874743326488714,0.5778947432716977,0.42210525672830235,True,0.6,4.0,0.4,-7.387056806360819,0.5930920250596727,0.006907974940327221,0.3333333333333333,19
2026-02-06,B18PWRSP1SU,PSA Power 18,PWRSP,18,1,B18DIGSV1GE,Digs Boys 18 Red,B18,True,4.0,1.0,15.737287678292512,10.612122469298425,5.125165208994087,0.5746192716132343,0.42538072838676566,True,1.0,4.0,1.0,10.612122469298425,0.5746192716132343,0.42538072838676566,1.0,1
2026-02-06,B18PWRSP1SU,PSA Power 18,PWRSP,18,1,B18NYCVA1GE,NYC VBA 18 Riverside,B18,False,-11.0,-2.0,15.737287678292512,7.484427134675283,8.25286054361723,0.6187493100094549,-0.6187493100094549,False,0.5,-3.5,-0.5,9.048274801986853,0.5966842908113446,-0.09668429081134461,1.0,2
2026-02-06,B18PWRSP1SU,PSA Power 18,PWRSP,18,1,B18SPTMC2GE,Sportime 18 2,B18,True,22.0,2.0,15.737287678292512,-0.4827833775964243,16.220071055888937,0.721462033976325,0.278537966023675,False,0.6666666666666666,5.0,0.3333333333333333,5.871255408792428,0.6382768718663381,0.028389794800328588,1.0,3
2026-02-07,B18PWRSP1SU,PSA Power 18,PWRSP,18,1,B18LCVBC1GE,Legacy Boys 18 National,B18,True,7.0,2.0,15.737287678292512,9.913915657457023,5.823372020835489,0.5846012084983111,0.4153987915016889,False,0.75,5.5,0.75,6.881920470958576,0.6248579560243314,0.12514204397566867,1.0,4
2026-02-07,B18PWRSP1SU,PSA Power 18,PWRSP,18,1,B18CORE11GE,CORE Boys 18 Platinum,B18,True,6.0,1.0,15.737287678292512,13.360154281075054,2.3771333972174578,0.5348136188566444,0.46518638114335564,True,0.8,5.6,0.8,8.177567232981872,0.606849088590794,0.19315091140920607,1.0,5
2026-02-07,B18PWRSP1SU,PSA Power 18,PWRSP,18,1,B18DIGSV1GE,Digs Boys 18 Red,B18,False,7.0,-1.0,15.737287678292512,10.612122469298425,5.125165208994087,0.5746192716132343,-0.5746192716132343,True,0.6,6.2,0.4,8.177567232981872,0.606849088590794,-0.0068490885907939395,0.5,6
2026-02-08,B18PWRSP1SU,PSA Power 18,PWRSP,18,1,B18NYCVA1GE,NYC VBA 18 Riverside,B18,True,13.0,2.0,15.737287678292512,7.484427134675283,8.25286054361723,0.6187493100094549,0.3812506899905451,False,0.8,11.0,1.2,8.177567232981872,0.606849088590794,0.19315091140920607,0.5,7
2026-02-08,B18PWRSP1SU,PSA Power 18,PWRSP,18,1,B18LCVBC1GE,Legacy Boys 18 National,B18,True,9.0,2.0,15.737287678292512,9.913915657457023,5.823372020835489,0.5846012084983111,0.4153987915016889,False,0.8,8.4,1.2,10.25690703999256,0.5794769234951912,0.22052307650480882,0.5,8
2026-02-06,B18RAPTO1GE,NYC Raptors 18 Black,RAPTO,18,1,B18LCVBC2GE,Legacy Boys 18 Premier Anthony,B18,True,9.0,2.0,-3.400641791021455,-5.996465018449163,2.595823227427708,0.5380045469320857,0.46199545306791434,True,1.0,9.0,2.0,-5.996465018449163,0.5380045469320857,0.46199545306791434,1.0,1
2026-02-06,B18RAPTO1GE,NYC Raptors 18 Black,RAPTO,18,1,B18RRJVB1NE,Boston United Boys 18 1,B18,False,-2.0,-1.0,-3.400641791021455,-4.617049081822097,1.2164072908006425,0.5178358418363931,-0.5178358418363931,True,0.5,3.5,0.5,-5.30675705013563,0.5279201943842393,-0.027920194384239372,0.5,2
2026-02-06,B18RAPTO1GE,NYC Raptors 18 Black,RAPTO,18,1,B18VENGE1OV,18 - Lusher,B18,False,-16.0,-2.0,-3.400641791021455,12.113581279797938,-15.514223070819392,0.2869365697814455,-0.2869365697814455,False,0.3333333333333333,-3.0,-0.3333333333333333,0.5000223931755592,0.4475923195166414,-0.11425898618330808,0.5,3
2026-02-07,B18RAPTO1GE,NYC Raptors 18 Black,RAPTO,18,1,B18TUSVA1GE,Train Up VB 18 1,B18,True,11.0,1.0,-3.400641791021455,-2.04432730212734,-1.3563144888941148,0.4801147900855438,0.5198852099144562,True,0.5,0.5,0.0,-0.13606503065016562,0.455722937158867,0.04427706284113299,0.6666666666666666,4
2026-02-07,B18RAPTO1GE,NYC Raptors 18 Black,RAPTO,18,1,B18PINVA1GE,PVA Boys 18 National,B18,False,-8.0,-1.0,-3.400641791021455,2.315899297709555,-5.7165410887310095,0.41692182622664903,-0.41692182622664903,False,0.4,-1.2,-0.2,0.35432783502177856,0.44796271497242335,-0.047962714972423416,0.6666666666666666,5
2026-02-07,B18RAPTO1GE,NYC Raptors 18 Black,RAPTO,18,1,B18CAPIT1XL,CSVC 18 HAYSTACK,B18,False,-11.0,-2.0,-3.400641791021455,2.5340209072239004,-5.934662698245355,0.41381389385590966,-0.41381389385590966,False,0.2,-5.2,-1.0,2.0604250201563916,0.4231245843571882,-0.2231245843571882,0.5,6
2026-02-08,B18RAPTO1GE,NYC Raptors 18 Black,RAPTO,18,1,B18TUSVA1GE,Train Up VB 18 1,B18,False,-13.0,-1.0,-3.400641791021455,-2.04432730212734,-1.3563144888941148,0.4801147900855438,-0.4801147900855438,True,0.2,-7.4,-1.0,2.5749693760953427,0.41558037400701836,-0.21558037400701835,0.5,7
2026-02-06,B18ROYAL1NO,Infinity Royals 18N,ROYAL,18,1,B18118281XX,PW-VB Quarter-Zip Elite 67-Matcha,B18,False,-1.0,-1.0,4.605516048819804,5.536074295314347,-0.9305582464945434,0.48635308166688956,-0.48635308166688956,True,0.0,-1.0,-1.0,5.536074295314347,0.48635308166688956,-0.48635308166688956,0.0,1
2026-02-06,B18ROYAL1NO,Infinity Royals 18N,ROYAL,18,1,B18SLCTD1SC,Selected 18s - Bubba,B18,True,18.0,2.0,4.605516048819804,-6.1718536782108036,10.777369727030607,0.6530267976940074,0.3469732023059926,False,0.5,8.5,0.5,-0.3178896914482281,0.5696899396804485,-0.06968993968044848,0.0,2
2026-02-06,B18ROYAL1NO,Infinity Royals 18N,ROYAL,18,1,B18LCVBC5GE,Legacy Boys 18 Premier Billy,B18,True,23.0,2.0,4.605516048819804,-18.60529305370297,23.210809102522774,0.7960703397541129,0.2039296602458871,False,0.6666666666666666,13.333333333333334,1.0,-6.413690812199808,0.6451500730383366,0.021516593628330045,0.0,3
2026-02-06,B18ROYAL1NO,Infinity Royals 18N,ROYAL,18,1,B18NYCIV2GE,NYC Impact 18 Travel,B18,True,12.0,2.0,4.605516048819804,1.0294245539929756,3.5760914948268283,0.552265867271373,0.44773413272862705,True,0.75,13.0,1.25,-4.552911970651612,0.6219290215965957,0.1280709784034043,0.5,4
2026-02-07,B18ROYAL1NO,Infinity Royals 18N,ROYAL,18,1,B18MVPVA2NE,MVP BOS 18 Blue,B18,False,-4.0,-1.0,4.605516048819804,-0.9074394572431146,5.5129555060629185,0.5801713856318206,-0.5801713856318206,True,0.6,9.6,0.8,-3.8238174679699126,0.6135774944036407,-0.01357749440364069,0.3333333333333333,5
2026-02-07,B18ROYAL1NO,Infinity Royals 18N,ROYAL,18,1,B18XTREM2GE,Xtreme 18 National Kelly,B18,False,-3.0,-1.0,4.605516048819804,4.8934416842904245,-0.28792563547062056,0.49577653486870327,-0.49577653486870327,True,0.6,9.2,0.8,-3.952343990174697,0.6154621850440034,-0.01546218504400343,0.3333333333333333,6
2026-02-08,B18ROYAL1NO,Infinity Royals 18N,ROYAL,18,1,B18LCVBC2GE,Legacy Boys 18 Premier Anthony,B18,True,14.0,2.0,4.605516048819804,-5.996465018449163,10.601981067268966,0.6506913616535867,0.34930863834641335,False,0.6,8.4,0.8,-3.9172662582223694,0.6149950978359193,-0.01499509783591928,0.3333333333333333,7
2026-02-08,B18ROYAL1NO,Infinity Royals 18N,ROYAL,18,1,B18TUSVA1GE,Train Up VB 18 1,B18,False,3.0,-1.0,4.605516048819804,-2.04432730212734,6.649843350947144,0.5963271783102507,-0.5963271783102507,False,0.4,4.4,0.2,-0.6050731079072434,0.5750464655471468,-0.17504646554714684,0.3333333333333333,8
2025-11-22,B18RRJVB1NE,Boston United Boys 18 1,RRJVB,18,1,B18BVJVB1NE,Blast 18 Fire,B18,False,-15.0,-1.0,-4.617049081822097,3.536074295314291,-8.153123377136389,0.382632161601015,-0.382632161601015,False,0.0,-15.0,-1.0,3.536074295314291,0.382632161601015,-0.382632161601015,,1
2025-11-22,B18RRJVB1NE,Boston United Boys 18 1,RRJVB,18,1,B18LHVBC1NE,LHV Boys 18-1 Rafiki,B18,False,-2.0,-1.0,-4.617049081822097,7.84944213467198,-12.466491216494077,0.3248697848839464,-0.3248697848839464,False,0.0,-8.5,-1.0,5.692758214993136,0.3537509732424807,-0.3537509732424807,,2
2025-11-22,B18RRJVB1NE,Boston United Boys 18 1,RRJVB,18,1,B18MVPVA1NE,MVP BOS 18 Black,B18,False,-21.0,-2.0,-4.617049081822097,8.63789198265822,-13.254941064480317,0.31480629713967523,-0.31480629713967523,False,0.0,-12.666666666666666,-1.3333333333333333,6.674469470881498,0.3407694145415456,-0.3407694145415456,,3
2025-11-23,B18RRJVB1NE,Boston United Boys 18 1,RRJVB,18,1,B18MCJVB1NE,Mill City 18's,B18,False,-1.0,-1.0,-4.617049081822097,8.201372036587305,-12.818421118409402,0.32035716441136414,-0.32035716441136414,False,0.0,-9.75,-1.25,7.0561951123079485,0.3356663520090002,-0.3356663520090002,,4
2025-11-23,B18RRJVB1NE,Boston United Boys 18 1,RRJVB,18,1,B18BVJVB1NE,Blast 18 Fire,B18,True,4.0,1.0,-4.617049081822097,3.536074295314291,-8.153123377136389,0.382632161601015,0.617367838398985,False,0.2,-7.0,-0.8,6.352170948909217,0.34505951392740314,-0.14505951392740316,,5
2026-01-17,B18RRJVB1NE,Boston United Boys 18 1,RRJVB,18,1,B18LHVBC2NE,LHV Boys 18-2 Blitz,B18,False,-3.0,-1.0,-4.617049081822097,-8.463925704685732,3.8468766228636344,0.5561912543217273,-0.5561912543217273,True,0.2,-4.6,-0.8,3.952170948909213,0.3797713324715456,-0.17977133247154561,0.0,6
2026-01-17,B18RRJVB1NE,Boston United Boys 18 1,RRJVB,18,1,B18PVJVB4NE,PV Boys 18 4,B18,True,15.0,1.0,-4.617049081822097,-0.09020907224197838,-4.526840009580119,0.4339837036527234,0.5660162963472766,True,0.4,-1.2,-0.4,2.364240707526421,0.401594116225301,-0.0015941162253010344,0.5,7
2026-01-17,B18RRJVB1NE,Boston United Boys 18 1,RRJVB,18,1,B18NESVC1NE,NE Storm 18 Thunder,B18,False,-1.0,-1.0,-4.617049081822097,-3.463925704685793,-1.1531233771363043,0.48309134557015837,-0.48309134557015837,True,0.4,2.8,-0.2,-0.05612282994238136,0.43525112591139764,-0.03525112591139765,0.3333333333333333,8
2026-01-18,B18RRJVB1NE,Boston United Boys 18 1,RRJVB,18,1,B18BVJVB2NE,Blast 18 Blaze,B18,True,17.0,2.0,-4.617049081822097,-18.71443905170827,14.097389969886171,0.6957573532562361,0.3042426467437639,False,0.6,6.4,0.4,-5.439285047601496,0.510331163680372,0.08966883631962795,0.3333333333333333,9
2026-01-18,B18RRJVB1NE,Boston United Boys 18 1,RRJVB,18,1,B18LHVBC3NE,LHV Boys 18-3 Thunder,B18,True,10.0,2.0,-4.617049081822097,-16.143035542014527,11.52598646019243,0.6629115669698148,0.3370884330301852,False,0.6,7.6,0.6,-9.37510701506726,0.566387044754132,0.03361295524586799,0.3333333333333333,10
2026-01-18,B18RRJVB1NE,Boston United Boys 18 1,RRJVB,18,1,B18PVJVB3NE,PV Boys 18 3,B18,False,-11.0,-2.0,-4.617049081822097,1.2898550724636149,-5.906904154285712,0.41420903935827597,-0.41420903935827597,False,0.6,6.0,0.4,-7.42435085963739,0.5379906017614418,0.06200939823855826,0.5,11
2026-01-19,B18RRJVB1NE,Boston United Boys 18 1,RRJVB,18,1,B18PVJVB2NE,PV Boys 18 2,B18,False,-50.0,-2.0,-4.617049081822097,-2.963925704685832,-1.6531233771362652,0.47576941768604064,-0.47576941768604064,True,0.4,-7.0,-0.2,-7.99909418612616,0.5463477445681051,-0.14634774456810518,0.0,12
2026-02-06,B18RRJVB1NE,Boston United Boys 18 1,RRJVB,18,1,B18VENGE1OV,18 - Lusher,B18,False,-13.0,-2.0,-4.617049081822097,12.113581279797938,-16.730630361620037,0.2725579970855969,-0.2725579970855969,False,0.4,-9.4,-0.4,-4.883592789229414,0.504241074871193,-0.1042410748711929,0.0,13
2026-02-06,B18RRJVB1NE,Boston United Boys 18 1,RRJVB,18,1,B18RAPTO1GE,NYC Raptors 18 Black,B18,True,2.0,1.0,-4.617049081822097,-3.400641791021455,-1.2164072908006425,0.4821641581636069,0.5178358418363931,True,0.4,-12.4,-0.6,-1.8208333370920518,0.461522435852667,-0.061522435852667055,0.5,14
2026-02-06,B18RRJVB1NE,Boston United Boys 18 1,RRJVB,18,1,B18LCVBC2GE,Legacy Boys 18 Premier Anthony,B18,True,6.0,1.0,-4.617049081822097,-5.996465018449163,1.3794159366270655,0.5202235386392302,0.4797764613607698,True,0.4,-13.2,-0.8,0.2084807676210211,0.43298483018655015,-0.03298483018655014,0.6666666666666666,15
2026-02-07,B18RRJVB1NE,Boston United Boys 18 1,RRJVB,18,1,B18PINVA1GE,PVA Boys 18 National,B18,False,-13.0,-2.0,-4.617049081822097,2.315899297709555,-6.932948379531652,0.3996805852529424,-0.3996805852529424,False,0.4,-13.6,-0.8,0.41368961267020915,0.4300791393654834,-0.030079139365483433,0.6666666666666666,16
2026-02-07,B18RRJVB1NE,Boston United Boys 18 1,RRJVB,18,1,B18SPTMC3GE,Sportime 18 3,B18,True,12.0,2.0,-4.617049081822097,-10.201905295018594,5.584856213196497,0.5811986279257028,0.41880137207429724,True,0.6,-1.2,0.0,-1.0339063053963433,0.4511649814134159,0.14883501858658416,1.0,17
2026-02-07,B18RRJVB1NE,Boston United Boys 18 1,RRJVB,18,1,B18TUSVA1GE,Train Up VB 18 1,B18,True,5.0,1.0,-4.617049081822097,-2.04432730212734,-2.5727217796947572,0.4623323864576058,0.5376676135423941,True,0.8,2.4,0.6,-3.865488021781399,0.4891198592878176,0.31088014071218234,1.0,18
2026-02-08,B18RRJVB1NE,Boston United Boys 18 1,RRJVB,18,1,B18118281XX,PW-VB Quarter-Zip Elite 67-Matcha,B18,False,-4.0,-2.0,-4.617049081822097,5.536074295314347,-10.153123377136446,0.35531835198550316,-0.35531835198550316,False,0.6,1.2,0.0,-2.0781448045142383,0.4637506980521969,0.1362493019478031,1.0,19
2026-03-14,B18RRJVB1NE,Boston United Boys 18 1,RRJVB,18,1,B18SJVBC2NE,South County Juniors Boys 18's Gold,B18,False,-2.0,-1.0,-4.617049081822097,-0.8950895960897043,-3.721959485732393,0.445618742841639,-0.445618742841639,True,0.4,-0.4,-0.4,-1.0578697200423466,0.44882973889267863,-0.04882973889267865,0.6666666666666666,20
2026-03-14,B18RRJVB1NE,Boston United Boys 18 1,RRJVB,18,1,B18NESVC1NE,NE Storm 18 Thunder,B18,True,8.0,1.0,-4.617049081822097,-3.463925704685793,-1.1531233771363043,0.48309134557015837,0.5169086544298416,True,0.6,3.8,0.2,-2.213834720521416,0.46551189095612183,0.13448810904387815,0.75,21
2026-03-14,B18RRJVB1NE,Boston United Boys 18 1,RRJVB,18,1,B18HKJVB2NE,Husky 18.2,B18,False,-15.0,-2.0,-4.617049081822097,-0.12825317049956553,-4.488795911322532,0.434532122505628,-0.434532122505628,True,0.4,-1.6,-0.6,-0.1991042956176104,0.43617858987210684,-0.03617858987210691,0.5,22
2026-03-15,B18RRJVB1NE,Boston United Boys 18 1,RRJVB,18,1,B18RRJVB2NE,Boston United Boys 18 Select 1,B18,True,18.0,2.0,-4.617049081822097,-11.494042789497282,6.876993707675185,0.5995314017689355,0.4004685982310645,False,0.4,1.0,-0.4,-2.0890473930915987,0.4636183929343728,-0.06361839293437284,0.3333333333333333,23
2026-03-15,B18RRJVB1NE,Boston United Boys 18 1,RRJVB,18,1,B18NESVC1NE,NE Storm 18 Thunder,B18,True,-4.0,1.0,-4.617049081822097,-3.463925704685793,-1.1531233771363043,0.48309134557015837,0.5169086544298416,True,0.6,1.0,0.2,-3.8890473930916265,0.48917299165130385,0.1108270083486961,0.5,24
2025-11-22,B18RRJVB2NE,Boston United Boys 18 Select 1,RRJVB,18,2,B18TTVBC2NE,SLAM 18 2 Boys,B18,True,18.0,1.0,-11.494042789497282,-16.678546843255834,5.184504053758552,0.5754701014834819,0.4245298985165181,True,1.0,18.0,1.0,-16.678546843255834,0.5754701014834819,0.4245298985165181,1.0,1
2025-11-22,B18RRJVB2NE,Boston United Boys 18 Select 1,RRJVB,18,2,B18NESVC1NE,NE Storm 18 Thunder,B18,False,-15.0,-2.0,-11.494042789497282,-3.463925704685793,-8.03011708481149,0.38433854988575755,-0.38433854988575755,False,0.5,1.5,-0.5,-10.071236273970813,0.4799043256846197,0.020095674315380285,1.0,2
2025-11-22,B18RRJVB2NE,Boston United Boys 18 Select 1,RRJVB,18,2,B18MMVBC2NE,Mayhem 18 2,B18,False,-10.0,-1.0,-11.494042789497282,-1.0752739666954634,-10.41876882280182,0.35175599733840685,-0.35175599733840685,False,0.3333333333333333,-2.3333333333333335,-0.6666666666666666,-7.072582171545697,0.43718821623588205,-0.10385488290254875,1.0,3
2025-11-23,B18RRJVB2NE,Boston United Boys 18 Select 1,RRJVB,18,2,B18MVPVA2NE,MVP BOS 18 Blue,B18,False,-12.0,-2.0,-11.494042789497282,-0.9074394572431146,-10.586603332254167,0.34951375204451735,-0.34951375204451735,False,0.25,-4.75,-1.0,-5.531296492970052,0.41526960018804093,-0.1652696001880409,1.0,4
2025-11-23,B18RRJVB2NE,Boston United Boys 18 Select 1,RRJVB,18,2,B18LHVBC2NE,LHV Boys 18-2 Blitz,B18,False,-16.0,-2.0,-11.494042789497282,-8.463925704685732,-3.0301170848115504,0.45566809566352995,-0.45566809566352995,True,0.2,-7.0,-1.2,-6.117822335313187,0.4233492992831387,-0.22334929928313868,0.5,5
2026-01-17,B18RRJVB2NE,Boston United Boys 18 Select 1,RRJVB,18,2,B18LHVBC3NE,LHV Boys 18-3 Thunder,B18,True,11.0,2.0,-11.494042789497282,-16.143035542014527,4.648992752517245,0.5677760714835192,0.43222392851648084,True,0.2,-8.4,-1.0,-6.010720075064926,0.42181049328314624,-0.22181049328314623,0.5,6
2026-01-17,B18RRJVB2NE,Boston United Boys 18 Select 1,RRJVB,18,2,B18NESVC2NE,NE Storm 18 Squall,B18,True,0.0,1.0,-11.494042789497282,-8.964952398730674,-2.5290903907666085,0.4629688415672201,0.5370311584327798,True,0.4,-5.4,-0.4,-7.110925413873903,0.4375365516194387,-0.037536551619438696,0.6666666666666666,7
2026-01-17,B18RRJVB2NE,Boston United Boys 18 Select 1,RRJVB,18,2,B18CAPIT1XL,CSVC 18 HAYSTACK,B18,False,-16.0,-2.0,-11.494042789497282,2.5340209072239004,-14.028063696721183,0.30510439420954977,-0.30510439420954977,False,0.4,-6.6,-0.6,-6.38906643909003,0.4282062309936673,-0.02820623099366728,0.6666666666666666,8
2026-01-18,B18RRJVB2NE,Boston United Boys 18 Select 1,RRJVB,18,2,B18VTVBC1NE,VTV 18 1,B18,False,-23.0,-2.0,-11.494042789497282,1.4938606153164464,-12.987903404813729,0.31819584144588164,-0.31819584144588164,False,0.4,-8.8,-0.6,-5.908806424578118,0.4219426488739401,-0.02194264887394014,0.6666666666666666,9
2026-01-18,B18RRJVB2NE,Boston United Boys 18 Select 1,RRJVB,18,2,B18NESVC1NE,NE Storm 18 Thunder,B18,False,-6.0,-1.0,-11.494042789497282,-3.463925704685793,-8.03011708481149,0.38433854988575755,-0.38433854988575755,False,0.4,-6.8,-0.4,-4.908806424578129,0.4076767397183856,-0.007676739718385661,1.0,10
2026-01-18,B18RRJVB2NE,Boston United Boys 18 Select 1,RRJVB,18,2,B18118281XX,PWVolleyball 18 1,B18,False,-9.0,-1.0,-11.494042789497282,5.536074295314347,-17.03011708481163,0.26908783038450323,-0.26908783038450323,False,0.2,-10.8,-1.0,-0.5729844571123545,0.3479390914985825,-0.14793909149858248,1.0,11
2026-01-19,B18RRJVB2NE,Boston United Boys 18 Select 1,RRJVB,18,2,B18BVJVB1NE,Blast 18 Fire,B18,False,-24.0,-2.0,-11.494042789497282,3.536074295314291,-15.030117084811573,0.2927833993380959,-0.2927833993380959,False,0.0,-15.6,-1.6,1.9272208816966383,0.3139020030527576,-0.3139020030527576,,12
2026-01-31,B18RRJVB2NE,Boston United Boys 18 Select 1,RRJVB,18,2,B18LHVBC3NE,LHV Boys 18-3 Thunder,B18,True,24.0,2.0,-11.494042789497282,-16.143035542014527,4.648992752517245,0.5677760714835192,0.43222392851648084,True,0.2,-7.6,-0.8,-1.8081904081510474,0.3664363385075515,-0.16643633850755152,1.0,13
2026-01-31,B18RRJVB2NE,Boston United Boys 18 Select 1,RRJVB,18,2,B18SGHVB1NE,Starlings GH 18 1 Boys,B18,True,25.0,2.0,-11.494042789497282,-30.240845030267977,18.746802240770695,0.7502569793680469,0.24974302063195308,False,0.4,2.0,0.0,-8.15513153726793,0.4528485660919846,-0.05284856609198454,1.0,14
2026-01-31,B18RRJVB2NE,Boston United Boys 18 Select 1,RRJVB,18,2,B18PVJVB2NE,PV Boys 18 2,B18,False,-10.0,-2.0,-11.494042789497282,-2.963925704685832,-8.530117084811451,0.37742051754314465,-0.37742051754314465,False,0.4,1.2,-0.2,-8.05513153726794,0.45146495962346195,-0.05146495962346197,1.0,15
2026-02-01,B18RRJVB2NE,Boston United Boys 18 Select 1,RRJVB,18,2,B18MVNER2NE,Meraki VB 18 2,B18,True,9.0,2.0,-11.494042789497282,-11.96495239873067,0.470909609233388,0.5069073081499903,0.4930926918500097,True,0.6,4.8,0.4,-11.555336876076945,0.49902885517655937,0.10097114482344063,1.0,16
2026-02-01,B18RRJVB2NE,Boston United Boys 18 Select 1,RRJVB,18,2,B18MMVBC2NE,Mayhem 18 2,B18,False,-13.0,-1.0,-11.494042789497282,-1.0752739666954634,-10.41876882280182,0.35175599733840685,-0.35175599733840685,False,0.6,7.0,0.6,-12.477606528478894,0.5108233747766215,0.08917662522337844,1.0,17
2026-03-14,B18RRJVB2NE,Boston United Boys 18 Select 1,RRJVB,18,2,B18118281XX,PW-VB Quarter-Zip Elite 67-Matcha,B18,False,-14.0,-2.0,-11.494042789497282,5.536074295314347,-17.03011708481163,0.26908783038450323,-0.26908783038450323,False,0.4,-0.6,-0.2,-8.14178456101312,0.4510857265568184,-0.05108572655681839,1.0,18
2026-03-14,B18RRJVB2NE,Boston United Boys 18 Select 1,RRJVB,18,2,B18BVJVB1NE,Blast 18 Fire,B18,False,-25.0,-2.0,-11.494042789497282,3.536074295314291,-15.030117084811573,0.2927833993380959,-0.2927833993380959,False,0.2,-10.6,-1.0,-1.3864006958966653,0.3595910105508282,-0.1595910105508282,1.0,19
2026-03-14,B18RRJVB2NE,Boston United Boys 18 Select 1,RRJVB,18,2,B18NEVBC2NE,NEVBC Boys 18.2,B18,False,-23.0,-2.0,-11.494042789497282,-4.320455937255204,-7.173586852242078,0.39629762054735496,-0.39629762054735496,False,0.2,-13.2,-1.0,-1.6577067424105394,0.3633664311516703,-0.16336643115167024,1.0,20
2026-03-15,B18RRJVB2NE,Boston United Boys 18 Select 1,RRJVB,18,2,B18RRJVB1NE,Boston United Boys 18 1,B18,False,-18.0,-2.0,-11.494042789497282,-4.617049081822097,-6.876993707675185,0.4004685982310645,-0.4004685982310645,False,0.0,-18.6,-1.8,-0.188126079028825,0.34207868916788503,-0.3420786891678851,,21
2026-03-15,B18RRJVB2NE,Boston United Boys 18 Select 1,RRJVB,18,2,B18NEVBC2NE,NEVBC Boys 18.2,B18,False,-18.0,-2.0,-11.494042789497282,-4.320455937255204,-7.173586852242078,0.39629762054735496,-0.39629762054735496,False,0.0,-19.6,-2.0,-0.8371624731407732,0.3509870138096747,-0.35098701380967473,,22
2025-12-20,B18SAVBC1XL,Sporting Albany Boys 18u,SAVBC,18,1,B17RRJVB1NE,Boston United Boys 17 National 1,MIXED,False,-19.0,-2.0,-18.130434782608912,0.2608695652172601,-18.39130434782617,0.3243919205316735,-0.3243919205316735,False,0.0,-19.0,-2.0,0.2608695652172601,0.3243919205316735,-0.3243919205316735,,1
2025-12-20,B18SAVBC1XL,Sporting Albany Boys 18u,SAVBC,18,1,B18PVJVB3NE,PV Boys 18 3,B18,False,-2.0,-1.0,-18.130434782608912,1.2898550724636149,-19.420289855072525,0.242412039558296,-0.242412039558296,False,0.0,-10.5,-1.5,0.7753623188404375,0.28340198004498474,-0.28340198004498474,,2
2025-12-20,B18SAVBC1XL,Sporting Albany Boys 18u,SAVBC,18,1,B18SJJVB3NE,SMASH Boys 18's Surge,B18,False,-19.0,-2.0,-18.130434782608912,13.62318840579702,-31.753623188405932,0.13433413811112543,-0.13433413811112543,False,0.0,-13.333333333333334,-1.6666666666666667,5.057971014492632,0.23371269940036496,-0.23371269940036496,,3
2025-12-21,B18SAVBC1XL,Sporting Albany Boys 18u,SAVBC,18,1,B17PVJVB1NE,PV Boys 17 1,MIXED,False,-21.0,-2.0,-18.130434782608912,1.4239130434780398,-19.554347826086953,0.314307702617772,-0.314307702617772,False,0.0,-15.25,-1.75,4.149456521738984,0.25386145020471673,-0.25386145020471673,,4
2025-12-21,B18SAVBC1XL,Sporting Albany Boys 18u,SAVBC,18,1,B17CAPIT2XL,CSVC 17 SKYLIGHT,MIXED,False,-0.0,-1.0,-18.130434782608912,-11.076086956521994,-7.054347826086918,0.4301081163529513,-0.4301081163529513,True,0.0,-12.2,-1.6,1.1043478260867883,0.2891107834343637,-0.2891107834343637,0.0,5
2026-02-06,B18SAVBC1XL,Sporting Albany Boys 18u,SAVBC,18,1,B18SLCTD1SC,Selected 18s - Bubba,B18,True,-4.0,1.0,-18.130434782608912,-6.1718536782108036,-11.958581104398109,0.3314400506216702,0.6685599493783299,False,0.2,-9.2,-1.0,-0.1821968225988245,0.290520409452363,-0.09052040945236299,0.0,6
2026-02-06,B18SAVBC1XL,Sporting Albany Boys 18u,SAVBC,18,1,B18LCVBC5GE,Legacy Boys 18 Premier Billy,B18,True,12.0,2.0,-18.130434782608912,-18.60529305370297,0.47485827109405676,0.5069652197102846,0.49303478028971537,True,0.4,-6.4,-0.4,-4.161226447832141,0.3434310454827607,0.05656895451723929,0.5,7
2026-02-06,B18SAVBC1XL,Sporting Albany Boys 18u,SAVBC,18,1,B18SJVBC2NE,South County Juniors Boys 18's Gold,B18,False,-7.0,-2.0,-18.130434782608912,-0.8950895960897043,-17.235345186519208,0.2667260266241456,-0.2667260266241456,False,0.4,-4.0,-0.4,-7.064882048209486,0.36990942318536474,0.030090576814635263,0.5,8
2026-02-07,B18SAVBC1XL,Sporting Albany Boys 18u,SAVBC,18,1,B18118281XX,PW-VB Quarter-Zip Elite 67-Matcha,B18,False,-8.0,-2.0,-18.130434782608912,5.536074295314347,-23.66650907792326,0.19962320913315107,-0.19962320913315107,False,0.4,-1.4,-0.4,-6.242449797842225,0.34697252448844057,0.05302747551155945,0.5,9
2026-02-07,B18SAVBC1XL,Sporting Albany Boys 18u,SAVBC,18,1,B18MVPVA2NE,MVP BOS 18 Blue,B18,False,-3.0,-1.0,-18.130434782608912,-0.9074394572431146,-17.222995325365797,0.2668677775945075,-0.2668677775945075,False,0.4,-2.0,-0.4,-4.208720297986448,0.31432445673675175,0.08567554326324822,1.0,10
2026-02-07,B18SAVBC1XL,Sporting Albany Boys 18u,SAVBC,18,1,B18XTREM2GE,Xtreme 18 National Kelly,B18,False,-14.0,-2.0,-18.130434782608912,4.8934416842904245,-23.02387646689934,0.20571608255110493,-0.20571608255110493,False,0.2,-4.0,-1.0,-1.995661225486203,0.28917966312263876,-0.08917966312263874,1.0,11
2026-02-08,B18SAVBC1XL,Sporting Albany Boys 18u,SAVBC,18,1,B18SPTMC3GE,Sportime 18 3,B18,False,-11.0,-2.0,-18.130434782608912,-10.201905295018594,-7.928529487590318,0.3857499616305446,-0.3857499616305446,False,0.0,-8.6,-1.8,-0.3149836737493281,0.2649366115066908,-0.26493661150669073,,12
2026-03-14,B18SAVBC1XL,Sporting Albany Boys 18u,SAVBC,18,1,B18GEVBC1NE,Generations vbc 18 1,B18,True,10.0,1.0,-18.130434782608912,-19.47697537158356,1.3465405889746478,0.5197420622470852,0.4802579377529148,True,0.2,-5.2,-1.2,-4.031360828848099,0.31553981863127867,-0.11553981863127864,1.0,13
2026-03-14,B18SAVBC1XL,Sporting Albany Boys 18u,SAVBC,18,1,B18315VB1XL,315VB 18 USA,B18,False,-17.0,-2.0,-18.130434782608912,11.909790927758058,-30.04022571036697,0.14646078308238747,-0.14646078308238747,False,0.2,-7.0,-1.2,-2.756617502359357,0.30490733342112597,-0.10490733342112593,1.0,14
2026-03-14,B18SAVBC1XL,Sporting Albany Boys 18u,SAVBC,18,1,B18HKJVB3NE,Husky 18.3,B18,False,-13.0,-2.0,-18.130434782608912,-2.745975258155825,-15.384459524453087,0.28849694369531076,-0.28849694369531076,False,0.2,-9.0,-1.4,-3.1243246625418992,0.3092331666412866,-0.10923316664128657,1.0,15
2026-03-15,B18SAVBC1XL,Sporting Albany Boys 18u,SAVBC,18,1,B18BVJVB2NE,Blast 18 Blaze,B18,True,14.0,2.0,-18.130434782608912,-18.71443905170827,0.5840042690993563,0.5085658888876322,0.4914341111123678,True,0.4,-3.4,-0.6,-7.8459008097416385,0.36980312790859204,0.030196872091407978,1.0,16
2026-03-15,B18SAVBC1XL,Sporting Albany Boys 18u,SAVBC,18,1,B18TTVBC1NE,SLAM 18 1 Boys,B18,False,-10.0,-1.0,-18.130434782608912,-14.215465745753223,-3.9149690368556893,0.44282273964027596,-0.44282273964027596,True,0.4,-3.2,-0.4,-8.648612899888564,0.38121768351053836,0.018782316489461694,0.6666666666666666,17
2026-03-15,B18SAVBC1XL,Sporting Albany Boys 18u,SAVBC,18,1,B18MVNER2NE,Meraki VB 18 2,B18,True,10.0,2.0,-18.130434782608912,-11.96495239873067,-6.165482383878242,0.4105324946982158,0.5894675053017842,False,0.4,-3.2,-0.2,-7.146208305317986,0.3593757700007644,0.04062422999923556,0.5,18
2026-01-31,B18SGHVB1NE,Starlings GH 18 1 Boys,SGHVB,18,1,B18LHVBC3NE,LHV Boys 18-3 Thunder,B18,False,-19.0,-2.0,-30.240845030267977,-16.143035542014527,-14.09780948825345,0.30423743616839416,-0.30423743616839416,False,0.0,-19.0,-2.0,-16.143035542014527,0.30423743616839416,-0.30423743616839416,,1
2026-01-31,B18SGHVB1NE,Starlings GH 18 1 Boys,SGHVB,18,1,B18PVJVB2NE,PV Boys 18 2,B18,False,-28.0,-2.0,-30.240845030267977,-2.963925704685832,-27.276919325582146,0.1679124960889909,-0.1679124960889909,False,0.0,-23.5,-2.0,-9.553480623350179,0.23607496612869253,-0.23607496612869253,,2
2026-01-31,B18SGHVB1NE,Starlings GH 18 1 Boys,SGHVB,18,1,B18RRJVB2NE,Boston United Boys 18 Select 1,B18,False,-25.0,-2.0,-30.240845030267977,-11.494042789497282,-18.746802240770695,0.24974302063195306,-0.24974302063195306,False,0.0,-24.0,-2.0,-10.200334678732547,0.24063098429644603,-0.24063098429644603,,3
2026-02-01,B18SGHVB1NE,Starlings GH 18 1 Boys,SGHVB,18,1,B18PVJVB3NE,PV Boys 18 3,B18,False,-19.0,-2.0,-30.240845030267977,1.2898550724636149,-31.530700102731593,0.13586250145364637,-0.13586250145364637,False,0.0,-22.75,-2.0,-7.327787240933507,0.21443886358574613,-0.21443886358574613,,4
2026-02-01,B18SGHVB1NE,Starlings GH 18 1 Boys,SGHVB,18,1,B18PVJVB4NE,PV Boys 18 4,B18,False,-17.0,-1.0,-30.240845030267977,-0.09020907224197838,-30.150635958025997,0.14565277065189505,-0.14565277065189505,False,0.0,-21.6,-1.8,-5.8802716071952,0.2006816449989759,-0.2006816449989759,,5
2026-01-31,B18SJJVB1NE,SMASH Boys 18-1,SJJVB,18,1,B18MCJVB1NE,Mill City 18's,B18,True,16.0,2.0,26.836110086018678,8.201372036587305,18.634738049431373,0.7490229007101976,0.2509770992898024,False,1.0,16.0,2.0,8.201372036587305,0.7490229007101976,0.2509770992898024,,1
2026-01-31,B18SJJVB1NE,SMASH Boys 18-1,SJJVB,18,1,B18BVJVB1NE,Blast 18 Fire,B18,True,22.0,2.0,26.836110086018678,3.536074295314291,23.30003579070439,0.7969189570134374,0.2030810429865626,False,1.0,19.0,2.0,5.868723165950798,0.7729709288618175,0.2270290711381825,,2
2026-01-31,B18SJJVB1NE,SMASH Boys 18-1,SJJVB,18,1,B18MVNER1NE,Meraki VB 18 1,B18,True,15.0,2.0,26.836110086018678,10.088829283265262,16.747280802753416,0.7276356653637225,0.2723643346362775,False,1.0,17.666666666666668,2.0,7.275425205055619,0.7578591743624524,0.2421408256375475,,3
2026-02-01,B18SJJVB1NE,SMASH Boys 18-1,SJJVB,18,1,B18LHVBC1NE,LHV Boys 18-1 Rafiki,B18,True,22.0,2.0,26.836110086018678,7.84944213467198,18.986667951346696,0.7528848038078811,0.24711519619211886,False,1.0,18.75,2.0,7.41892943745971,0.7566155817238096,0.24338441827619034,,4
2026-02-01,B18SJJVB1NE,SMASH Boys 18-1,SJJVB,18,1,B18LEGIO1XL,TeamLVC Boys 18 Black,B18,True,16.0,2.0,26.836110086018678,4.22806608176198,22.608044004256698,0.7902685136390781,0.20973148636092187,False,1.0,18.2,2.0,6.780756766320164,0.7633461681068633,0.23665383189313666,,5
2026-02-01,B18SJJVB1NE,SMASH Boys 18-1,SJJVB,18,1,B18NEVBC1NE,NEVBC Boys 18.1,B18,True,9.0,1.0,26.836110086018678,20.763872384187966,6.072237701830712,0.5881428528947158,0.4118571471052842,False,1.0,16.8,1.8,9.293256835840296,0.731170158543767,0.268829841456233,,6
2025-12-20,B18SJJVB2NE,SMASH Boys 18's Force,SJJVB,18,2,B17NEVBC1NE,NEVBC Boys 17.1,MIXED,True,-2.0,1.0,6.0740619749855815,10.612049654657195,-4.537987679671613,0.4548661589073276,0.5451338410926724,True,1.0,-2.0,1.0,10.612049654657195,0.4548661589073276,0.5451338410926724,1.0,1
2025-12-20,B18SJJVB2NE,SMASH Boys 18's Force,SJJVB,18,2,B18CAPIT1XL,CSVC 18 HAYSTACK,B18,True,6.0,2.0,6.0740619749855815,2.5340209072239004,3.540041067761681,0.5517427662415005,0.44825723375849946,True,1.0,2.0,1.5,6.573035280940548,0.5033044625744141,0.4966955374255859,1.0,2
2025-12-20,B18SJJVB2NE,SMASH Boys 18's Force,SJJVB,18,2,B17CAPIT1XL,CSVC 17 BIG SLIDE,MIXED,False,-10.0,-2.0,6.0740619749855815,13.536074295314258,-7.462012320328676,0.42612656029962714,-0.42612656029962714,True,0.6666666666666666,-2.0,0.3333333333333333,8.894048285731785,0.4775784951494851,0.18908817151718157,0.6666666666666666,3
2025-12-21,B18SJJVB2NE,SMASH Boys 18's Force,SJJVB,18,2,B18LEGIO1XL,TeamLVC Boys 18 Black,B18,False,-3.0,-1.0,6.0740619749855815,4.22806608176198,1.8459958932236011,0.5270523705135456,-0.5270523705135456,True,0.5,-2.25,0.0,7.727552734739334,0.4899469639905002,0.010053036009499777,0.5,4
2025-12-21,B18SJJVB2NE,SMASH Boys 18's Force,SJJVB,18,2,B18PVJVB1NE,PV Boys 18 1,B18,False,-12.0,-1.0,6.0740619749855815,18.868723165950637,-12.794661190965055,0.3206607826835205,-0.3206607826835205,False,0.4,-4.2,-0.2,9.955786820981595,0.4560897277291042,-0.056089727729104276,0.5,5
2026-01-31,B18SJJVB2NE,SMASH Boys 18's Force,SJJVB,18,2,B18MVPVA1NE,MVP BOS 18 Black,B18,True,6.0,2.0,6.0740619749855815,8.63789198265822,-2.563830007672638,0.46246208166813574,0.5375379183318643,True,0.4,-2.6,0.0,9.560955286581798,0.45760891228126593,-0.0576089122812659,0.5,6
2026-01-31,B18SJJVB2NE,SMASH Boys 18's Force,SJJVB,18,2,B18NYCVA1GE,NYC VBA 18 Riverside,B18,True,11.0,2.0,6.0740619749855815,7.484427134675283,-1.410365159689701,0.47932322836642344,0.5206767716335765,True,0.4,-1.6,0.0,10.551036532072075,0.44312500470625044,-0.04312500470625049,0.5,7
2026-01-31,B18SJJVB2NE,SMASH Boys 18's Force,SJJVB,18,2,B18LHVBC1NE,LHV Boys 18-1 Rafiki,B18,True,7.0,1.0,6.0740619749855815,7.84944213467198,-1.7753801596863985,0.47398056987710946,0.5260194301228905,True,0.6,1.8,0.6,9.41371009994362,0.4526958066217469,0.14730419337825304,0.75,8
2026-02-01,B18SJJVB2NE,SMASH Boys 18's Force,SJJVB,18,2,B18MVNER1NE,Meraki VB 18 1,B18,False,1.0,-1.0,6.0740619749855815,10.088829283265262,-4.014767308279681,0.44137843571290997,-0.44137843571290997,True,0.6,2.6,0.6,10.585862740244277,0.43556101966161986,0.16443898033838017,0.75,9
2026-02-01,B18SJJVB2NE,SMASH Boys 18's Force,SJJVB,18,2,B18PVJVB1NE,PV Boys 18 1,B18,False,-7.0,-2.0,6.0740619749855815,18.868723165950637,-12.794661190965055,0.3206607826835205,-0.3206607826835205,False,0.6,3.6,0.4,10.585862740244277,0.43556101966161986,0.16443898033838017,0.75,10
2025-12-20,B18SJJVB3NE,SMASH Boys 18's Surge,SJJVB,18,3,B18PVJVB3NE,PV Boys 18 3,B18,True,29.0,2.0,13.62318840579702,1.2898550724636149,12.333333333333405,0.6734142237617058,0.3265857762382942,False,1.0,29.0,2.0,1.2898550724636149,0.6734142237617058,0.3265857762382942,,1
2025-12-20,B18SJJVB3NE,SMASH Boys 18's Surge,SJJVB,18,3,B17RRJVB1NE,Boston United Boys 17 National 1,MIXED,True,13.0,2.0,13.62318840579702,0.2608695652172601,13.36231884057976,0.63019322886429,0.36980677113571003,False,1.0,21.0,2.0,0.7753623188404375,0.6518037263129979,0.3481962736870021,,2
2025-12-20,B18SJJVB3NE,SMASH Boys 18's Surge,SJJVB,18,3,B18SAVBC1XL,Sporting Albany Boys 18u,B18,True,19.0,2.0,13.62318840579702,-18.130434782608912,31.753623188405932,0.8656658618888746,0.13433413811112538,False,1.0,20.333333333333332,2.0,-5.526570048309345,0.7230911048382902,0.27690889516170986,,3
2025-12-21,B18SJJVB3NE,SMASH Boys 18's Surge,SJJVB,18,3,B17SJJVB3NE,SMASH Boys 17's Shock,MIXED,True,24.0,2.0,13.62318840579702,-2.369565217391459,15.992753623188479,0.6542963364941948,0.34570366350580517,False,1.0,21.25,2.0,-4.737318840579874,0.7058924127522663,0.29410758724773367,,4
2025-12-21,B18SJJVB3NE,SMASH Boys 18's Surge,SJJVB,18,3,B16SJJVB1NE,SMASH Boys 16-1,MIXED,False,-9.0,-2.0,13.62318840579702,14.978260869565045,-1.3550724637680247,0.4864892476178281,-0.4864892476178281,True,0.8,15.2,1.2,-0.7942028985508902,0.6620117797253787,0.13798822027462135,0.0,5
2026-01-31,B18SJJVB3NE,SMASH Boys 18's Surge,SJJVB,18,3,B18HKJVB2NE,Husky 18.2,B18,True,10.0,2.0,13.62318840579702,-0.12825317049956553,13.751441576296585,0.6914435303817893,0.3085564696182107,False,0.8,11.4,1.2,-1.0778245471435262,0.6656176410493954,0.13438235895060463,0.0,6
2026-01-31,B18SJJVB3NE,SMASH Boys 18's Surge,SJJVB,18,3,B18LEGIO1XL,TeamLVC Boys 18 Black,B18,False,-20.0,-2.0,13.62318840579702,4.22806608176198,9.39512232403504,0.6344293013450804,-0.6344293013450804,False,0.6,4.8,0.4,-0.2843852438345822,0.6664648555455535,-0.06646485554555344,0.0,7
2026-01-31,B18SJJVB3NE,SMASH Boys 18's Surge,SJJVB,18,3,B18PVJVB1NE,PV Boys 18 1,B18,False,4.0,-1.0,13.62318840579702,18.868723165950637,-5.2455347601536175,0.42365527626452437,-0.42365527626452437,True,0.4,1.8,-0.2,7.115446345877328,0.5780627384206835,-0.17806273842068338,0.0,8
2026-02-01,B18SJJVB3NE,SMASH Boys 18's Surge,SJJVB,18,3,B18CSJVB1NE,MEVBC/CT STARS 18 1,B18,True,15.0,2.0,13.62318840579702,-4.372161215609074,17.995349621406092,0.7419045740333308,0.25809542596666923,False,0.4,0.0,-0.2,6.714927146233805,0.5955843859285105,-0.19558438592851055,0.0,9
2026-02-01,B18SJJVB3NE,SMASH Boys 18's Surge,SJJVB,18,3,B18NYCVA1GE,NYC VBA 18 Riverside,B18,True,5.0,1.0,13.62318840579702,7.484427134675283,6.138761271121737,0.589088031600925,0.41091196839907496,False,0.6,2.8,0.4,5.216160399255853,0.6161041427251299,-0.016104142725129965,0.0,10
2026-02-01,B18SJJVB3NE,SMASH Boys 18's Surge,SJJVB,18,3,B18MVPVA1NE,MVP BOS 18 Black,B18,True,5.0,1.0,13.62318840579702,8.63789198265822,4.9852964231388,0.5726120223641741,0.4273879776358259,True,0.6,1.8,0.2,6.96938942988741,0.5923378411216069,0.0076621588783930775,0.5,11
2025-11-22,B18SJVBC1NE,South County Juniors Boys 18's Blue,SJVBC,18,1,B18MVNER1NE,Meraki VB 18 1,B18,True,16.0,1.0,16.47286614912869,10.088829283265262,6.384036865863429,0.5925672226317358,0.4074327773682642,False,1.0,16.0,1.0,10.088829283265262,0.5925672226317358,0.4074327773682642,,1
2025-11-22,B18SJVBC1NE,South County Juniors Boys 18's Blue,SJVBC,18,1,B18MMVBC1NE,Mayhem 18 1,B18,True,26.0,2.0,16.47286614912869,4.967959348971037,11.504906800157654,0.6626351215409988,0.3373648784590012,False,1.0,21.0,1.5,7.52839431611815,0.6276011720863672,0.3723988279136327,,2
2025-11-22,B18SJVBC1NE,South County Juniors Boys 18's Blue,SJVBC,18,1,B18MCJVB1NE,Mill City 18's,B18,True,2.0,1.0,16.47286614912869,8.201372036587305,8.271494112541387,0.6190071937045333,0.3809928062954667,False,1.0,14.666666666666666,1.3333333333333333,7.752720222941202,0.6247365126257559,0.37526348737424403,,3
2025-11-23,B18SJVBC1NE,South County Juniors Boys 18's Blue,SJVBC,18,1,B18LHVBC1NE,LHV Boys 18-1 Rafiki,B18,True,8.0,2.0,16.47286614912869,7.84944213467198,8.623424014456711,0.623865067067088,0.376134932932912,False,1.0,13.0,1.5,7.776900700873896,0.624518651236089,0.37548134876391104,,4
2025-11-23,B18SJVBC1NE,South County Juniors Boys 18's Blue,SJVBC,18,1,B18MVPVA1NE,MVP BOS 18 Black,B18,True,11.0,2.0,16.47286614912869,8.63789198265822,7.834974166470472,0.6129485213637474,0.38705147863625255,False,1.0,12.6,1.6,7.9490989572307615,0.6222046252616207,0.3777953747383793,,5
2026-02-06,B18SJVBC1NE,South County Juniors Boys 18's Blue,SJVBC,18,1,B18MVPVA1NE,MVP BOS 18 Black,B18,True,11.0,2.0,16.47286614912869,8.63789198265822,7.834974166470472,0.6129485213637474,0.38705147863625255,False,1.0,11.6,1.8,7.658911497109353,0.626280885008023,0.373719114991977,,6
2026-02-06,B18SJVBC1NE,South County Juniors Boys 18's Blue,SJVBC,18,1,B18LCVBC1GE,Legacy Boys 18 National,B18,True,8.0,1.0,16.47286614912869,9.913915657457023,6.558950491671668,0.5950427054934985,0.40495729450650153,False,1.0,8.0,1.6,8.64810275880655,0.6127624017985229,0.3872375982014771,,7
2026-02-06,B18SJVBC1NE,South County Juniors Boys 18's Blue,SJVBC,18,1,B18LHVBC1NE,LHV Boys 18-1 Rafiki,B18,False,-10.0,-2.0,16.47286614912869,7.84944213467198,8.623424014456711,0.623865067067088,-0.623865067067088,False,0.8,5.6,1.0,8.577716778423484,0.6137339764710339,0.18626602352896612,,8
2026-02-07,B18SJVBC1NE,South County Juniors Boys 18's Blue,SJVBC,18,1,B18UNVBC1NE,Unity 18 Boys National Vikings,B18,True,16.0,2.0,16.47286614912869,-1.081867673082355,17.55473382221105,0.7369232175866028,0.26307678241339716,False,0.8,7.2,1.0,6.791454816872618,0.6363456065749368,0.16365439342506316,,9
2026-02-07,B18SJVBC1NE,South County Juniors Boys 18's Blue,SJVBC,18,1,B18NYCVA1GE,NYC VBA 18 Riverside,B18,True,5.0,1.0,16.47286614912869,7.484427134675283,8.988439014453409,0.6288773639262338,0.37112263607376617,False,0.8,6.0,0.8,6.560761847276029,0.6395313750874341,0.1604686249125659,,10
2026-02-07,B18SJVBC1NE,South County Juniors Boys 18's Blue,SJVBC,18,1,B18DSTJN1GE,Downstate (N-B) 18 Cobras,B18,True,17.0,2.0,16.47286614912869,2.8185153158988996,13.654350833229792,0.6902267818353729,0.3097732181646271,False,0.8,7.2,0.8,5.396886513924166,0.6549870271817592,0.1450129728182408,,11
2026-02-08,B18SJVBC1NE,South County Juniors Boys 18's Blue,SJVBC,18,1,B18DIGSV1GE,Digs Boys 18 Red,B18,True,9.0,1.0,16.47286614912869,10.612122469298425,5.860743679830266,0.5851336176109463,0.4148663823890537,False,0.8,7.4,0.8,5.536527876292446,0.6530052096052488,0.14699479039475122,,12
2026-02-08,B18SJVBC1NE,South County Juniors Boys 18's Blue,SJVBC,18,1,B18NYCIV1GE,NYC Impact 18 National,B18,False,-2.0,-1.0,16.47286614912869,13.697880039638216,2.7749861094904755,0.5406164262884579,-0.5406164262884579,True,0.8,9.0,1.0,6.706215457285694,0.6363554814495227,0.16364451855047726,0.0,13
2026-03-14,B18SJVBC1NE,South County Juniors Boys 18's Blue,SJVBC,18,1,B18VTVBC1NE,VTV 18 1,B18,True,12.0,2.0,16.47286614912869,1.4938606153164464,14.979005533812245,0.7065952360678198,0.2934047639321802,False,0.8,8.2,1.0,7.221361114965454,0.6302898851457661,0.16971011485423387,0.0,14
2026-03-14,B18SJVBC1NE,South County Juniors Boys 18's Blue,SJVBC,18,1,B18CSJVB1NE,MEVBC/CT STARS 18 1,B18,True,22.0,1.0,16.47286614912869,-4.372161215609074,20.845027364737767,0.7726083363656263,0.2273916636343737,False,0.8,11.6,1.0,4.850043444908582,0.6590360796336446,0.14096392036635536,0.0,15
2026-03-14,B18SJVBC1NE,South County Juniors Boys 18's Blue,SJVBC,18,1,B18LHVBC1NE,LHV Boys 18-1 Rafiki,B18,True,0.0,1.0,16.47286614912869,7.84944213467198,8.623424014456711,0.623865067067088,0.376134932932912,False,0.8,8.2,0.8,5.856228808663199,0.6457637366799875,0.15423626332001233,0.0,16
2026-03-15,B18SJVBC1NE,South County Juniors Boys 18's Blue,SJVBC,18,1,B18LEGIO1XL,TeamLVC Boys 18 Black,B18,True,4.0,1.0,16.47286614912869,4.22806608176198,12.244800067366711,0.672270725872318,0.32772927412768205,False,0.8,7.2,0.8,4.57941753115591,0.6631911583322619,0.13680884166773802,0.0,17
2026-03-15,B18SJVBC1NE,South County Juniors Boys 18's Blue,SJVBC,18,1,B18HKJVB1NE,Husky 18.1,B18,True,10.0,2.0,16.47286614912869,11.008594235488776,5.464271913639916,0.5794754500626799,0.42052454993732014,True,1.0,9.6,1.4,4.041560370326022,0.6709629630871063,0.32903703691289354,1.0,18
2025-11-22,B18SJVBC2NE,South County Juniors Boys 18's Gold,SJVBC,18,2,B18BVJVB2NE,Blast 18 Blaze,B18,True,25.0,2.0,-0.8950895960897043,-18.71443905170827,17.819349455618564,0.7399222130200673,0.26007778697993267,False,1.0,25.0,2.0,-18.71443905170827,0.7399222130200673,0.26007778697993267,,1
2025-11-22,B18SJVBC2NE,South County Juniors Boys 18's Gold,SJVBC,18,2,B18LHVBC2NE,LHV Boys 18-2 Blitz,B18,True,12.0,2.0,-0.8950895960897043,-8.463925704685732,7.568836108596027,0.6092373034605167,0.39076269653948326,False,1.0,18.5,2.0,-13.589182378197,0.674579758240292,0.32542024175970796,,2
2025-11-22,B18SJVBC2NE,South County Juniors Boys 18's Gold,SJVBC,18,2,B18NESVC2NE,NE Storm 18 Squall,B18,True,14.0,1.0,-0.8950895960897043,-8.964952398730674,8.06986280264097,0.6162131308604769,0.3837868691395231,False,1.0,17.0,1.6666666666666667,-12.04777238504156,0.6551242157803537,0.3448757842196463,,3
2025-11-23,B18SJVBC2NE,South County Juniors Boys 18's Gold,SJVBC,18,2,B18MVNER2NE,Meraki VB 18 2,B18,True,10.0,2.0,-0.8950895960897043,-11.96495239873067,11.069862802640966,0.6569051897498045,0.3430948102501955,False,1.0,15.25,1.75,-12.027067388463836,0.6555694592727164,0.34443054072728363,,4
2025-11-23,B18SJVBC2NE,South County Juniors Boys 18's Gold,SJVBC,18,2,B18NESVC2NE,NE Storm 18 Squall,B18,True,5.0,1.0,-0.8950895960897043,-8.964952398730674,8.06986280264097,0.6162131308604769,0.3837868691395231,False,1.0,13.2,1.6,-11.414644390517203,0.6476981935902685,0.3523018064097315,,5
2025-11-23,B18SJVBC2NE,South County Juniors Boys 18's Gold,SJVBC,18,2,B18MVPVA2NE,MVP BOS 18 Blue,B18,True,7.0,1.0,-0.8950895960897043,-0.9074394572431146,0.012349861153410302,0.5001811594378319,0.4998188405621681,True,1.0,9.6,1.4,-7.853244471624173,0.5997499828738213,0.40025001712617864,1.0,6
2026-02-06,B18SJVBC2NE,South County Juniors Boys 18's Gold,SJVBC,18,2,B18XTREM2GE,Xtreme 18 National Kelly,B18,False,-14.0,-2.0,-0.8950895960897043,4.8934416842904245,-5.788531280380129,0.4158953222871316,-0.4158953222871316,False,0.8,4.4,0.6,-5.181770993828941,0.5610815866391444,0.23891841336085565,1.0,7
2026-02-06,B18SJVBC2NE,South County Juniors Boys 18's Gold,SJVBC,18,2,B18SAVBC1XL,Sporting Albany Boys 18u,B18,True,7.0,2.0,-0.8950895960897043,-18.130434782608912,17.235345186519208,0.7332739733758543,0.2667260266241457,False,0.8,3.0,0.8,-7.01486747060459,0.5844937551422198,0.21550624485778017,1.0,8
2026-02-06,B18SJVBC2NE,South County Juniors Boys 18's Gold,SJVBC,18,2,B18LCVBC5GE,Legacy Boys 18 Premier Billy,B18,True,25.0,2.0,-0.8950895960897043,-18.60529305370297,17.710203457613265,0.7386879083574767,0.26131209164252334,False,0.8,6.0,0.8,-8.342935601599049,0.6008502988637543,0.1991497011362457,1.0,9
2026-02-07,B18SJVBC2NE,South County Juniors Boys 18's Gold,SJVBC,18,2,B18NYCIV2GE,NYC Impact 18 Travel,B18,False,1.0,-1.0,-0.8950895960897043,1.0294245539929756,-1.92451415008268,0.4717993661958627,-0.4717993661958627,True,0.6,5.2,0.4,-6.34406021105432,0.5719675459308314,0.028032454069168555,0.5,10
2026-02-07,B18SJVBC2NE,South County Juniors Boys 18's Gold,SJVBC,18,2,B18SLCTD1SC,Selected 18s - Bubba,B18,False,-15.0,-2.0,-0.8950895960897043,-6.1718536782108036,5.276764082121099,0.5767920820602966,-0.5767920820602966,True,0.4,0.8,-0.2,-7.396943055247857,0.5872897304553243,-0.1872897304553244,0.0,11
2026-02-07,B18SJVBC2NE,South County Juniors Boys 18's Gold,SJVBC,18,2,B18MVPVA2NE,MVP BOS 18 Blue,B18,False,-13.0,-2.0,-0.8950895960897043,-0.9074394572431146,0.012349861153410302,0.5001811594378319,-0.5001811594378319,True,0.4,1.0,-0.2,-8.557119283554565,0.6041468978854645,-0.20414689788546445,0.0,12
2026-02-08,B18SJVBC2NE,South County Juniors Boys 18's Gold,SJVBC,18,2,B18LCVBC2GE,Legacy Boys 18 Premier Anthony,B18,False,-2.0,-1.0,-0.8950895960897043,-5.996465018449163,5.1013754223594585,0.5742780373654415,-0.5742780373654415,True,0.2,-0.8,-0.8,-6.1303253307226155,0.5723477106833819,-0.37234771068338185,0.0,13
2026-03-14,B18SJVBC2NE,South County Juniors Boys 18's Gold,SJVBC,18,2,B18RRJVB1NE,Boston United Boys 18 1,B18,True,2.0,1.0,-0.8950895960897043,-4.617049081822097,3.721959485732393,0.5543812571583611,0.44561874284163894,True,0.2,-5.4,-1.0,-3.3326765363464412,0.5354863804435588,-0.3354863804435587,0.2,14
2026-03-14,B18SJVBC2NE,South County Juniors Boys 18's Gold,SJVBC,18,2,B18HKJVB2NE,Husky 18.2,B18,True,11.0,2.0,-0.8950895960897043,-0.12825317049956553,-0.7668364255901388,0.4887532153061755,0.5112467846938245,True,0.4,-3.4,-0.4,-3.564212081244949,0.5388771502656213,-0.13887715026562134,0.4,15
2026-03-14,B18SJVBC2NE,South County Juniors Boys 18's Gold,SJVBC,18,2,B18NESVC1NE,NE Storm 18 Thunder,B18,True,15.0,2.0,-0.8950895960897043,-3.463925704685793,2.5688361085960887,0.5376109378467939,0.4623890621532061,True,0.6,2.6,0.4,-3.0226264865399477,0.5310409214229208,0.06895907857707924,0.6,16
2026-03-15,B18SJVBC2NE,South County Juniors Boys 18's Gold,SJVBC,18,2,B18118281XX,PW-VB Quarter-Zip Elite 67-Matcha,B18,False,-7.0,-2.0,-0.8950895960897043,5.536074295314347,-6.431163891404052,0.4067653391195628,-0.4067653391195628,False,0.6,3.8,0.4,-1.733923736028455,0.5123577573592669,0.08764224264073306,0.75,17
2026-03-15,B18SJVBC2NE,South County Juniors Boys 18's Gold,SJVBC,18,2,B18BVJVB1NE,Blast 18 Fire,B18,False,-15.0,-2.0,-0.8950895960897043,3.536074295314291,-4.431163891403996,0.43536321299118447,-0.43536321299118447,True,0.6,1.2,0.2,0.1725841267242358,0.48457479248441554,0.11542520751558447,0.75,18
2026-02-06,B18SLCTD1SC,Selected 18s - Bubba,SLCTD,18,1,B18SAVBC1XL,Sporting Albany Boys 18u,B18,False,4.0,-1.0,-6.1718536782108036,-18.130434782608912,11.958581104398109,0.6685599493783297,-0.6685599493783297,False,0.0,4.0,-1.0,-18.130434782608912,0.6685599493783297,-0.6685599493783297,,1
2026-02-06,B18SLCTD1SC,Selected 18s - Bubba,SLCTD,18,1,B18ROYAL1NO,Infinity Royals 18N,B18,False,-18.0,-2.0,-6.1718536782108036,4.605516048819804,-10.777369727030607,0.34697320230599255,-0.34697320230599255,False,0.0,-7.0,-1.5,-6.762459366894554,0.5077665758421611,-0.5077665758421611,,2
2026-02-06,B18SLCTD1SC,Selected 18s - Bubba,SLCTD,18,1,B18MVPVA2NE,MVP BOS 18 Blue,B18,False,-4.0,-2.0,-6.1718536782108036,-0.9074394572431146,-5.264414220967689,0.42338481401505773,-0.42338481401505773,True,0.0,-6.0,-1.6666666666666667,-4.810786063677408,0.47963932189979336,-0.47963932189979336,0.0,3
2026-02-07,B18SLCTD1SC,Selected 18s - Bubba,SLCTD,18,1,B18LCVBC5GE,Legacy Boys 18 Premier Billy,B18,True,7.0,2.0,-6.1718536782108036,-18.60529305370297,12.433439375492165,0.6747047158531473,0.3252952841468527,False,0.25,-2.75,-0.75,-8.259412811183797,0.5284056703881318,-0.2784056703881318,0.0,4
2026-02-07,B18SLCTD1SC,Selected 18s - Bubba,SLCTD,18,1,B18XTREM2GE,Xtreme 18 National Kelly,B18,False,-16.0,-2.0,-6.1718536782108036,4.8934416842904245,-11.065295362501228,0.34315521441248714,-0.34315521441248714,False,0.2,-5.4,-1.0,-5.628841912088953,0.4913555791930029,-0.29135557919300287,0.0,5
2026-02-07,B18SLCTD1SC,Selected 18s - Bubba,SLCTD,18,1,B18SJVBC2NE,South County Juniors Boys 18's Gold,B18,True,15.0,2.0,-6.1718536782108036,-0.8950895960897043,-5.276764082121099,0.4232079179397033,0.5767920820602968,True,0.4,-3.2,-0.4,-2.1817728747851115,0.4422851729052776,-0.04228517290527758,0.5,6
2026-02-08,B18SLCTD1SC,Selected 18s - Bubba,SLCTD,18,1,B18TUSVA1GE,Train Up VB 18 1,B18,False,-8.0,-2.0,-6.1718536782108036,-2.04432730212734,-4.1275263760834635,0.4397477540383161,-0.4397477540383161,True,0.4,-1.2,-0.4,-3.51174154497454,0.46084008325174236,-0.0608400832517423,0.3333333333333333,7
2026-02-06,B18SPTMC2GE,Sportime 18 2,SPTMC,18,2,B18NYCVA1GE,NYC VBA 18 Riverside,B18,False,-16.0,-1.0,-0.4827833775964243,7.484427134675283,-7.967210512271707,0.385212317180992,-0.385212317180992,False,0.0,-16.0,-1.0,7.484427134675283,0.385212317180992,-0.385212317180992,,1
2026-02-06,B18SPTMC2GE,Sportime 18 2,SPTMC,18,2,B18DIGSV1GE,Digs Boys 18 Red,B18,False,-9.0,-1.0,-0.4827833775964243,10.612122469298425,-11.09490584689485,0.34276370759379066,-0.34276370759379066,False,0.0,-12.5,-1.0,9.048274801986853,0.3639880123873913,-0.3639880123873913,,2
2026-02-06,B18SPTMC2GE,Sportime 18 2,SPTMC,18,2,B18PWRSP1SU,PSA Power 18,B18,False,-22.0,-2.0,-0.4827833775964243,15.737287678292512,-16.220071055888937,0.278537966023675,-0.278537966023675,False,0.0,-15.666666666666666,-1.3333333333333333,11.277945760755406,0.3355046635994859,-0.3355046635994859,,3
2026-02-07,B18SPTMC2GE,Sportime 18 2,SPTMC,18,2,B18LHVBC1NE,LHV Boys 18-1 Rafiki,B18,True,-1.0,1.0,-0.4827833775964243,7.84944213467198,-8.332225512268405,0.38015276609994497,0.619847233900055,False,0.25,-12.0,-0.75,10.42081985423455,0.34666668922460064,-0.09666668922460064,,4
2026-02-07,B18SPTMC2GE,Sportime 18 2,SPTMC,18,2,B18DSTJN1GE,Downstate (N-B) 18 Cobras,B18,False,-11.0,-2.0,-0.4827833775964243,2.8185153158988996,-3.301298693495324,0.45172428420707283,-0.45172428420707283,True,0.2,-11.8,-1.0,8.900358946567419,0.3676782082210951,-0.16767820822109508,0.0,5
2026-02-07,B18SPTMC2GE,Sportime 18 2,SPTMC,18,2,B18MVPVA1NE,MVP BOS 18 Black,B18,False,-14.0,-2.0,-0.4827833775964243,8.63789198265822,-9.120675360254644,0.36931355968346063,-0.36931355968346063,False,0.2,-11.4,-1.2,9.131051916164006,0.3644984567215888,-0.1644984567215888,0.0,6
2026-02-08,B18SPTMC2GE,Sportime 18 2,SPTMC,18,2,B18CORE11GE,CORE Boys 18 Platinum,B18,True,-1.0,1.0,-0.4827833775964243,13.360154281075054,-13.84293765867148,0.30741225998682614,0.6925877400131739,False,0.4,-9.8,-0.8,9.680658278519335,0.3574281672001959,0.04257183279980411,0.0,7
2026-02-08,B18SPTMC2GE,Sportime 18 2,SPTMC,18,2,B18MVPVA1NE,MVP BOS 18 Black,B18,False,-5.0,-1.0,-0.4827833775964243,8.63789198265822,-9.120675360254644,0.36931355968346063,-0.36931355968346063,False,0.4,-6.4,-0.6,8.260779139392474,0.375583285932153,0.024416714067846977,0.0,8
2026-02-06,B18SPTMC3GE,Sportime 18 3,SPTMC,18,3,B18PINVA1GE,PVA Boys 18 National,B18,False,-11.0,-2.0,-10.201905295018594,2.315899297709555,-12.51780459272815,0.32420976489428294,-0.32420976489428294,False,0.0,-11.0,-2.0,2.315899297709555,0.32420976489428294,-0.32420976489428294,,1
2026-02-06,B18SPTMC3GE,Sportime 18 3,SPTMC,18,3,B18CAPIT1XL,CSVC 18 HAYSTACK,B18,False,-12.0,-2.0,-10.201905295018594,2.5340209072239004,-12.735926202242496,0.32141198409866545,-0.32141198409866545,False,0.0,-11.5,-2.0,2.424960102466728,0.32281087449647416,-0.32281087449647416,,2
2026-02-06,B18SPTMC3GE,Sportime 18 3,SPTMC,18,3,B18TUSVA1GE,Train Up VB 18 1,B18,False,-13.0,-1.0,-10.201905295018594,-2.04432730212734,-8.157577992891255,0.38257041951539583,-0.38257041951539583,False,0.0,-12.0,-1.6666666666666667,0.9351976342687052,0.3427307228361147,-0.3427307228361147,,3
2026-02-07,B18SPTMC3GE,Sportime 18 3,SPTMC,18,3,B18VENGE1OV,18 - Lusher,B18,False,-31.0,-2.0,-10.201905295018594,12.113581279797938,-22.315486574816532,0.2125908344033576,-0.2125908344033576,False,0.0,-16.75,-1.75,3.729793545651013,0.31019575072792543,-0.31019575072792543,,4
2026-02-07,B18SPTMC3GE,Sportime 18 3,SPTMC,18,3,B18RRJVB1NE,Boston United Boys 18 1,B18,False,-12.0,-2.0,-10.201905295018594,-4.617049081822097,-5.584856213196497,0.41880137207429713,-0.41880137207429713,True,0.0,-15.8,-1.8,2.060425020156391,0.3319168749971998,-0.3319168749971998,0.0,5
2026-02-07,B18SPTMC3GE,Sportime 18 3,SPTMC,18,3,B18LCVBC2GE,Legacy Boys 18 Premier Anthony,B18,False,-8.0,-2.0,-10.201905295018594,-5.996465018449163,-4.205440276569432,0.4386217480116854,-0.4386217480116854,True,0.0,-15.2,-1.8,0.3979521569246476,0.3547992716206803,-0.3547992716206803,0.0,6
2026-02-08,B18SPTMC3GE,Sportime 18 3,SPTMC,18,3,B18LCVBC5GE,Legacy Boys 18 Premier Billy,B18,True,15.0,2.0,-10.201905295018594,-18.60529305370297,8.403387758684374,0.6208306412828999,0.3791693587171001,False,0.2,-9.8,-1.0,-3.829910635260726,0.41468300305752714,-0.21468300305752716,0.0,7
2026-02-08,B18SPTMC3GE,Sportime 18 3,SPTMC,18,3,B18SAVBC1XL,Sporting Albany Boys 18u,B18,True,11.0,2.0,-10.201905295018594,-18.130434782608912,7.928529487590318,0.6142500383694555,0.38574996163054454,False,0.4,-5.0,-0.4,-7.04713213135704,0.4610189268283391,-0.061018926828339114,0.0,8
2026-03-14,B18TTVBC1NE,SLAM 18 1 Boys,TTVBC,18,1,B18NESVC3NE,NE Storm 18 Tornado,B18,False,-9.0,-2.0,-14.215465745753223,-16.073421048790788,1.8579553030375653,0.527227285576108,-0.527227285576108,True,0.0,-9.0,-2.0,-16.073421048790788,0.527227285576108,-0.527227285576108,0.0,1
2026-03-14,B18TTVBC1NE,SLAM 18 1 Boys,TTVBC,18,1,B18PVJVB4NE,PV Boys 18 4,B18,False,-8.0,-1.0,-14.215465745753223,-0.09020907224197838,-14.125256673511245,0.30389664099925917,-0.30389664099925917,False,0.0,-8.5,-1.5,-8.081815060516384,0.4155619632876836,-0.4155619632876836,0.0,2
2026-03-14,B18TTVBC1NE,SLAM 18 1 Boys,TTVBC,18,1,B17HKJVB2NE,Husky 17.2,MIXED,False,-13.0,-2.0,-14.215465745753223,-1.2154657457532938,-12.999999999999929,0.3731814517703636,-0.3731814517703636,False,0.0,-10.0,-1.6666666666666667,-5.793031955595353,0.40143512611524357,-0.40143512611524357,0.0,3
2026-03-15,B18TTVBC1NE,SLAM 18 1 Boys,TTVBC,18,1,B18BVJVB2NE,Blast 18 Blaze,B18,False,-7.0,-1.0,-14.215465745753223,-18.71443905170827,4.498973305955046,0.5656146039237456,-0.5656146039237456,True,0.0,-9.25,-1.5,-9.023383729623582,0.4424799955673691,-0.4424799955673691,0.0,4
2026-03-15,B18TTVBC1NE,SLAM 18 1 Boys,TTVBC,18,1,B18SAVBC1XL,Sporting Albany Boys 18u,B18,True,10.0,1.0,-14.215465745753223,-18.130434782608912,3.9149690368556893,0.557177260359724,0.44282273964027596,True,0.2,-5.4,-1.0,-10.844793940220649,0.4654194485258401,-0.2654194485258401,0.3333333333333333,5
2025-11-22,B18TTVBC2NE,SLAM 18 2 Boys,TTVBC,18,2,B18RRJVB2NE,Boston United Boys 18 Select 1,B18,False,-18.0,-1.0,-16.678546843255834,-11.494042789497282,-5.184504053758552,0.4245298985165181,-0.4245298985165181,True,0.0,-18.0,-1.0,-11.494042789497282,0.4245298985165181,-0.4245298985165181,0.0,1
2025-11-22,B18TTVBC2NE,SLAM 18 2 Boys,TTVBC,18,2,B18MMVBC2NE,Mayhem 18 2,B18,False,-15.0,-2.0,-16.678546843255834,-1.0752739666954634,-15.603272876560371,0.2858686915417192,-0.2858686915417192,False,0.0,-16.5,-1.5,-6.284658378096372,0.3551992950291186,-0.3551992950291186,0.0,2
2025-11-22,B18TTVBC2NE,SLAM 18 2 Boys,TTVBC,18,2,B18NESVC1NE,NE Storm 18 Thunder,B18,False,-10.0,-2.0,-16.678546843255834,-3.463925704685793,-13.214621138570042,0.3153168321346698,-0.3153168321346698,False,0.0,-14.333333333333334,-1.6666666666666667,-5.34441415362618,0.34190514073096906,-0.34190514073096906,0.0,3
2025-11-23,B18TTVBC2NE,SLAM 18 2 Boys,TTVBC,18,2,B18BVJVB2NE,Blast 18 Blaze,B18,True,22.0,2.0,-16.678546843255834,-18.71443905170827,2.0358922084524345,0.5298289293558829,0.4701710706441171,True,0.25,-5.25,-0.75,-8.686920378146702,0.3888860878871975,-0.1388860878871975,0.5,4
2025-11-23,B18TTVBC2NE,SLAM 18 2 Boys,TTVBC,18,2,B18NESVC3NE,NE Storm 18 Tornado,B18,False,-10.0,-2.0,-16.678546843255834,-16.073421048790788,-0.6051257944650459,0.4911243748607293,-0.4911243748607293,True,0.2,-6.2,-1.0,-10.16422051227552,0.4093337452819038,-0.20933374528190388,0.3333333333333333,5
2026-02-06,B18TUSVA1GE,Train Up VB 18 1,TUSVA,18,1,B18CAPIT1XL,CSVC 18 HAYSTACK,B18,False,-10.0,-2.0,-2.04432730212734,2.5340209072239004,-4.57834820935124,0.4332414528842864,-0.4332414528842864,True,0.0,-10.0,-2.0,2.5340209072239004,0.4332414528842864,-0.4332414528842864,0.0,1
2026-02-06,B18TUSVA1GE,Train Up VB 18 1,TUSVA,18,1,B18PINVA1GE,PVA Boys 18 National,B18,False,-9.0,-2.0,-2.04432730212734,2.315899297709555,-4.360226599836896,0.436386672421363,-0.436386672421363,True,0.0,-9.5,-2.0,2.424960102466728,0.4348140626528247,-0.4348140626528247,0.0,2
2026-02-06,B18TUSVA1GE,Train Up VB 18 1,TUSVA,18,1,B18SPTMC3GE,Sportime 18 3,B18,True,13.0,1.0,-2.04432730212734,-10.201905295018594,8.157577992891255,0.6174295804846042,0.38257041951539583,False,0.3333333333333333,-2.0,-1.0,-1.7839950300283796,0.4956859019300845,-0.16235256859675118,0.0,3
2026-02-07,B18TUSVA1GE,Train Up VB 18 1,TUSVA,18,1,B18RAPTO1GE,NYC Raptors 18 Black,B18,False,-11.0,-1.0,-2.04432730212734,-3.400641791021455,1.3563144888941148,0.5198852099144562,-0.5198852099144562,True,0.25,-4.25,-1.0,-2.1881567202766483,0.5017357289261775,-0.25173572892617746,0.0,4
2026-02-07,B18TUSVA1GE,Train Up VB 18 1,TUSVA,18,1,B18LCVBC2GE,Legacy Boys 18 Premier Anthony,B18,True,6.0,1.0,-2.04432730212734,-5.996465018449163,3.9521377163218228,0.557715288517467,0.442284711482533,True,0.4,-2.2,-0.6,-2.949818379911151,0.5129316408444353,-0.11293164084443534,0.25,5
2026-02-07,B18TUSVA1GE,Train Up VB 18 1,TUSVA,18,1,B18RRJVB1NE,Boston United Boys 18 1,B18,False,-5.0,-1.0,-2.04432730212734,-4.617049081822097,2.5727217796947572,0.5376676135423941,-0.5376676135423941,True,0.4,-1.2,-0.4,-4.38003237772035,0.5338168729760568,-0.13381687297605688,0.25,6
2026-02-08,B18TUSVA1GE,Train Up VB 18 1,TUSVA,18,1,B18SLCTD1SC,Selected 18s - Bubba,B18,True,8.0,2.0,-2.04432730212734,-6.1718536782108036,4.1275263760834635,0.5602522459616839,0.4397477540383161,True,0.6,2.2,0.4,-6.077582972904422,0.558589987684121,0.04141001231587893,0.5,7
2026-02-08,B18TUSVA1GE,Train Up VB 18 1,TUSVA,18,1,B18RAPTO1GE,NYC Raptors 18 Black,B18,True,13.0,1.0,-2.04432730212734,-3.400641791021455,1.3563144888941148,0.5198852099144562,0.4801147900855438,True,0.6,2.2,0.4,-4.717330272104995,0.5390811135700915,0.060918886429908524,0.6,8
2026-02-08,B18TUSVA1GE,Train Up VB 18 1,TUSVA,18,1,B18ROYAL1NO,Infinity Royals 18N,B18,True,-3.0,1.0,-2.04432730212734,4.605516048819804,-6.649843350947144,0.40367282168974933,0.5963271783102506,False,0.8,3.8,0.8,-3.1160987041367427,0.5158386359251501,0.2841613640748499,0.75,9
2026-02-06,B18UNVBC1NE,Unity 18 Boys National Vikings,UNVBC,18,1,B18CORE11GE,CORE Boys 18 Platinum,B18,False,-15.0,-2.0,-1.081867673082355,13.360154281075054,-14.44202195415741,0.2999791899426663,-0.2999791899426663,False,0.0,-15.0,-2.0,13.360154281075054,0.2999791899426663,-0.2999791899426663,,1
2026-02-06,B18UNVBC1NE,Unity 18 Boys National Vikings,UNVBC,18,1,B18NYCIV1GE,NYC Impact 18 National,B18,False,-10.0,-2.0,-1.081867673082355,13.697880039638216,-14.779747712720571,0.2958344908267499,-0.2958344908267499,False,0.0,-12.5,-2.0,13.529017160356634,0.2979068403847081,-0.2979068403847081,,2
2026-02-06,B18UNVBC1NE,Unity 18 Boys National Vikings,UNVBC,18,1,B18DSTJN1GE,Downstate (N-B) 18 Cobras,B18,False,-12.0,-2.0,-1.081867673082355,2.8185153158988996,-3.9003829889812547,0.4430339139380467,-0.4430339139380467,True,0.0,-12.333333333333334,-2.0,9.958849878870723,0.3462825315691543,-0.3462825315691543,0.0,3
2026-02-07,B18UNVBC1NE,Unity 18 Boys National Vikings,UNVBC,18,1,B18SJVBC1NE,South County Juniors Boys 18's Blue,B18,False,-16.0,-2.0,-1.081867673082355,16.47286614912869,-17.55473382221105,0.2630767824133972,-0.2630767824133972,False,0.0,-13.25,-2.0,11.587353946435215,0.32548109428021504,-0.32548109428021504,0.0,4
2026-02-07,B18UNVBC1NE,Unity 18 Boys National Vikings,UNVBC,18,1,B18NYCVA1GE,NYC VBA 18 Riverside,B18,False,-7.0,-2.0,-1.081867673082355,7.484427134675283,-8.566294807757638,0.3769218543844523,-0.3769218543844523,False,0.0,-12.0,-2.0,10.766768584083229,0.3357692463010625,-0.3357692463010625,0.0,5
2026-02-07,B18UNVBC1NE,Unity 18 Boys National Vikings,UNVBC,18,1,B18CORE11GE,CORE Boys 18 Platinum,B18,False,-18.0,-2.0,-1.081867673082355,13.360154281075054,-14.44202195415741,0.2999791899426663,-0.2999791899426663,False,0.0,-12.6,-2.0,10.766768584083229,0.33576924630106253,-0.33576924630106253,0.0,6
2026-02-08,B18UNVBC1NE,Unity 18 Boys National Vikings,UNVBC,18,1,B18MVPVA1NE,MVP BOS 18 Black,B18,False,-22.0,-1.0,-1.081867673082355,8.63789198265822,-9.719759655740575,0.36116425505207794,-0.36116425505207794,False,0.0,-15.0,-1.8,9.75477097268723,0.34883519914612815,-0.34883519914612815,0.0,7
2026-03-14,B18UNVBC1NE,Unity 18 Boys National Vikings,UNVBC,18,1,B18HKJVB1NE,Husky 18.1,B18,False,-15.0,-2.0,-1.081867673082355,11.008594235488776,-12.09046190857113,0.32972760195719664,-0.32972760195719664,False,0.0,-15.6,-1.8,11.392786756605204,0.3261739367499581,-0.3261739367499581,,8
2026-03-14,B18UNVBC1NE,Unity 18 Boys National Vikings,UNVBC,18,1,B18LEGIO1XL,TeamLVC Boys 18 Black,B18,False,-15.0,-2.0,-1.081867673082355,4.22806608176198,-5.3099337548443355,0.42273290206905567,-0.42273290206905567,True,0.0,-15.4,-1.8,8.943826743131861,0.3581051606810898,-0.3581051606810898,0.0,9
2026-03-14,B18UNVBC1NE,Unity 18 Boys National Vikings,UNVBC,18,1,B18MCJVB1NE,Mill City 18's,B18,True,8.0,2.0,-1.081867673082355,8.201372036587305,-9.28323970966966,0.3670946039949748,0.6329053960050253,False,0.2,-12.4,-1.0,9.087215723514266,0.35613971060319427,-0.15613971060319426,0.0,10
2026-03-15,B18UNVBC1NE,Unity 18 Boys National Vikings,UNVBC,18,1,B18CSJVB1NE,MEVBC/CT STARS 18 1,B18,True,8.0,1.0,-1.081867673082355,-4.372161215609074,3.290293542526719,0.5481157817643711,0.45188421823562885,True,0.4,-7.2,-0.4,5.540752624177442,0.4057670289675352,-0.005767028967535215,0.5,11
2026-03-15,B18UNVBC1NE,Unity 18 Boys National Vikings,UNVBC,18,1,B18VTVBC1NE,VTV 18 1,B18,True,-2.0,1.0,-1.081867673082355,1.4938606153164464,-2.5757282883988015,0.46228853473354453,0.5377114652664554,True,0.6,-3.2,0.0,4.111946350709086,0.42599188490382855,0.17400811509617148,0.6666666666666666,12
2026-02-06,B18VENGE1OV,18 - Lusher,VENGE,18,1,B18RRJVB1NE,Boston United Boys 18 1,B18,True,13.0,2.0,12.113581279797938,-4.617049081822097,16.730630361620037,0.7274420029144031,0.2725579970855969,False,1.0,13.0,2.0,-4.617049081822097,0.7274420029144031,0.2725579970855969,,1
2026-02-06,B18VENGE1OV,18 - Lusher,VENGE,18,1,B18LCVBC2GE,Legacy Boys 18 Premier Anthony,B18,True,10.0,2.0,12.113581279797938,-5.996465018449163,18.1100462982471,0.7431911338985517,0.25680886610144826,False,1.0,11.5,2.0,-5.30675705013563,0.7353165684064774,0.2646834315935226,,2
2026-02-06,B18VENGE1OV,18 - Lusher,VENGE,18,1,B18RAPTO1GE,NYC Raptors 18 Black,B18,True,16.0,2.0,12.113581279797938,-3.400641791021455,15.514223070819392,0.7130634302185545,0.28693656978144555,False,1.0,13.0,2.0,-4.671385297097571,0.7278988556771697,0.2721011443228302,,3
2026-02-07,B18VENGE1OV,18 - Lusher,VENGE,18,1,B18SPTMC3GE,Sportime 18 3,B18,True,31.0,2.0,12.113581279797938,-10.201905295018594,22.315486574816532,0.7874091655966424,0.21259083440335758,False,1.0,17.5,2.0,-6.054015296577827,0.7427764331570379,0.2572235668429621,,4
2026-02-07,B18VENGE1OV,18 - Lusher,VENGE,18,1,B18CAPIT1XL,CSVC 18 HAYSTACK,B18,True,9.0,1.0,12.113581279797938,2.5340209072239004,9.579560372574036,0.6369355747448503,0.3630644252551497,False,1.0,15.8,1.8,-4.336408055817482,0.7216082614746003,0.2783917385253996,,5
2026-02-07,B18VENGE1OV,18 - Lusher,VENGE,18,1,B18PINVA1GE,PVA Boys 18 National,B18,True,9.0,2.0,12.113581279797938,2.315899297709555,9.797681982088383,0.6398899823731032,0.36011001762689676,False,1.0,15.0,1.8,-2.9498183799111515,0.7040978573663405,0.29590214263365955,,6
2026-02-08,B18VENGE1OV,18 - Lusher,VENGE,18,1,B18MVPVA2NE,MVP BOS 18 Blue,B18,True,4.0,2.0,12.113581279797938,-0.9074394572431146,13.021020737041052,0.6822255782730682,0.3177744217269318,False,1.0,13.8,1.8,-1.9320132676699415,0.6919047462412438,0.3080952537587563,,7
2026-02-08,B18VENGE1OV,18 - Lusher,VENGE,18,1,B18CAPIT1XL,CSVC 18 HAYSTACK,B18,True,8.0,2.0,12.113581279797938,2.5340209072239004,9.579560372574036,0.6369355747448503,0.3630644252551497,False,1.0,12.2,1.8,-0.7450807280208707,0.6766791751465029,0.32332082485349717,,8
2026-02-08,B18VENGE1OV,18 - Lusher,VENGE,18,1,B18XTREM2GE,Xtreme 18 National Kelly,B18,True,14.0,2.0,12.113581279797938,4.8934416842904245,7.220139595507513,0.604355698405532,0.39564430159446795,False,1.0,8.8,1.8,2.273988667840933,0.6400684817082809,0.3599315182917192,,9
2026-01-17,B18VTVBC1NE,VTV 18 1,VTVBC,18,1,B18NESVC3NE,NE Storm 18 Tornado,B18,True,21.0,2.0,1.4938606153164464,-16.073421048790788,17.567281664107234,0.7370659284157285,0.2629340715842715,False,1.0,21.0,2.0,-16.073421048790788,0.7370659284157285,0.2629340715842715,,1
2026-01-17,B18VTVBC1NE,VTV 18 1,VTVBC,18,1,B18PVJVB3NE,PV Boys 18 3,B18,True,7.0,2.0,1.4938606153164464,1.2898550724636149,0.20400554285283157,0.5029925105499488,0.49700748945005124,True,1.0,14.0,2.0,-7.391782988163587,0.6200292194828386,0.3799707805171614,1.0,2
2026-01-17,B18VTVBC1NE,VTV 18 1,VTVBC,18,1,B18BVJVB1NE,Blast 18 Fire,B18,True,11.0,1.0,1.4938606153164464,3.536074295314291,-2.0422136799978445,0.47007867237228723,0.5299213276277128,True,1.0,13.0,1.6666666666666667,-3.7491638936709606,0.5700457037793215,0.42995429622067854,1.0,3
2026-01-18,B18VTVBC1NE,VTV 18 1,VTVBC,18,1,B18RRJVB2NE,Boston United Boys 18 Select 1,B18,True,23.0,2.0,1.4938606153164464,-11.494042789497282,12.987903404813729,0.6818041585541184,0.31819584144588164,False,1.0,15.5,1.75,-5.685383617627541,0.5979853174730207,0.4020146825269793,1.0,4
2026-01-18,B18VTVBC1NE,VTV 18 1,VTVBC,18,1,B18118281XX,PWVolleyball 18 1,B18,True,-1.0,1.0,1.4938606153164464,5.536074295314347,-4.042213679997901,0.4409813981866915,0.5590186018133085,True,1.0,12.2,1.6,-3.4410920350391634,0.5665845336157549,0.4334154663842451,1.0,5
2026-01-18,B18VTVBC1NE,VTV 18 1,VTVBC,18,1,B18NESVC1NE,NE Storm 18 Thunder,B18,False,-18.0,-2.0,1.4938606153164464,-3.463925704685793,4.957786320002239,0.5722169426840572,-0.5722169426840572,True,0.8,4.4,0.8,-0.9191929662181643,0.5336147364694206,0.2663852635305794,0.75,6
2026-01-19,B18VTVBC1NE,VTV 18 1,VTVBC,18,1,B18LHVBC2NE,LHV Boys 18-2 Blitz,B18,True,5.0,2.0,1.4938606153164464,-8.463925704685732,9.957786320002178,0.642051849336034,0.357948150663966,False,0.8,4.0,0.8,-2.8699491216480335,0.5614266042266376,0.23857339577336237,0.6666666666666666,7
2026-01-19,B18VTVBC1NE,VTV 18 1,VTVBC,18,1,B18BVJVB1NE,Blast 18 Fire,B18,False,-15.0,-2.0,1.4938606153164464,3.536074295314291,-2.0422136799978445,0.47007867237228723,-0.47007867237228723,True,0.6,-1.2,0.2,-2.8699491216480335,0.5614266042266376,0.03857339577336235,0.3333333333333333,8
2026-03-14,B18VTVBC1NE,VTV 18 1,VTVBC,18,1,B18SJVBC1NE,South County Juniors Boys 18's Blue,B18,False,-12.0,-2.0,1.4938606153164464,16.47286614912869,-14.979005533812245,0.2934047639321802,-0.2934047639321802,False,0.4,-8.2,-0.6,2.7234326660771613,0.4837467253022501,-0.08374672530225001,0.3333333333333333,9
2026-03-14,B18VTVBC1NE,VTV 18 1,VTVBC,18,1,B18LHVBC1NE,LHV Boys 18-1 Rafiki,B18,False,-12.0,-2.0,1.4938606153164464,7.84944213467198,-6.355581519355534,0.40783594289866093,-0.40783594289866093,False,0.2,-10.4,-1.2,3.1861062339486876,0.477117634244644,-0.27711763424464386,0.0,10
2026-03-14,B18VTVBC1NE,VTV 18 1,VTVBC,18,1,B18CSJVB1NE,MEVBC/CT STARS 18 1,B18,True,11.0,2.0,1.4938606153164464,-4.372161215609074,5.86602183092552,0.585208795920997,0.41479120407900305,False,0.4,-4.6,-0.4,3.0044591317640315,0.4797160048920318,-0.07971600489203184,0.0,11
2026-03-15,B18VTVBC1NE,VTV 18 1,VTVBC,18,1,B18MCJVB1NE,Mill City 18's,B18,True,8.0,2.0,1.4938606153164464,8.201372036587305,-6.707511421270858,0.40285855534320897,0.5971414446567911,False,0.4,-4.0,-0.4,6.337518680018639,0.43187734609346684,-0.03187734609346684,0.0,12
2026-03-15,B18VTVBC1NE,VTV 18 1,VTVBC,18,1,B18UNVBC1NE,Unity 18 Boys National Vikings,B18,False,2.0,-1.0,1.4938606153164464,-1.081867673082355,2.5757282883988015,0.5377114652664555,-0.5377114652664555,True,0.4,-0.6,-0.2,5.41393028633931,0.4454039046723005,-0.04540390467230049,0.0,13
2026-02-06,B18XTREM2GE,Xtreme 18 National Kelly,XTREM,18,2,B18SJVBC2NE,South County Juniors Boys 18's Gold,B18,True,14.0,2.0,4.8934416842904245,-0.8950895960897043,5.788531280380129,0.5841046777128684,0.41589532228713155,False,1.0,14.0,2.0,-0.8950895960897043,0.5841046777128684,0.41589532228713155,,1
2026-02-06,B18XTREM2GE,Xtreme 18 National Kelly,XTREM,18,2,B18NYCIV2GE,NYC Impact 18 Travel,B18,False,-5.0,-1.0,4.8934416842904245,1.0294245539929756,3.864017130297449,0.5564394978909913,-0.5564394978909913,True,0.5,4.5,0.5,0.06716747895163566,0.5702720878019298,-0.0702720878019299,0.0,2
2026-02-06,B18XTREM2GE,Xtreme 18 National Kelly,XTREM,18,2,B18118281XX,PW-VB Quarter-Zip Elite 67-Matcha,B18,False,-5.0,-1.0,4.8934416842904245,5.536074295314347,-0.6426326110239229,0.4905743737282032,-0.4905743737282032,True,0.3333333333333333,1.3333333333333333,0.0,1.8901364177392062,0.5437061831106876,-0.21037284977735435,0.0,3
2026-02-07,B18XTREM2GE,Xtreme 18 National Kelly,XTREM,18,2,B18SLCTD1SC,Selected 18s - Bubba,B18,True,16.0,2.0,4.8934416842904245,-6.1718536782108036,11.065295362501228,0.6568447855875128,0.3431552144124872,False,0.5,5.0,0.5,-0.12536110624829622,0.571990833729894,-0.07199083372989394,0.0,4
2026-02-07,B18XTREM2GE,Xtreme 18 National Kelly,XTREM,18,2,B18ROYAL1NO,Infinity Royals 18N,B18,True,3.0,1.0,4.8934416842904245,4.605516048819804,0.28792563547062056,0.5042234651312967,0.4957765348687033,True,0.6,4.6,0.6,0.8208143247653238,0.5584373600101745,0.04156263998982551,0.3333333333333333,5
2026-02-07,B18XTREM2GE,Xtreme 18 National Kelly,XTREM,18,2,B18SAVBC1XL,Sporting Albany Boys 18u,B18,True,14.0,2.0,4.8934416842904245,-18.130434782608912,23.02387646689934,0.7942839174488951,0.20571608255110485,False,0.6,4.6,0.6,-2.6262547125385174,0.6004732079573799,-0.0004732079573798287,0.3333333333333333,6
2026-02-08,B18XTREM2GE,Xtreme 18 National Kelly,XTREM,18,2,B18PINVA1GE,PVA Boys 18 National,B18,True,8.0,2.0,4.8934416842904245,2.315899297709555,2.5775423865808693,0.5377379246890974,0.4622620753109026,True,0.8,7.2,1.2,-2.3689597637952016,0.5967328933170011,0.20326710668299897,0.6666666666666666,7
2026-02-08,B18XTREM2GE,Xtreme 18 National Kelly,XTREM,18,2,B18118281XX,PW-VB Quarter-Zip Elite 67-Matcha,B18,True,0.0,1.0,4.8934416842904245,5.536074295314347,-0.6426326110239229,0.4905743737282032,0.5094256262717969,True,1.0,8.2,1.6,-2.3689597637952016,0.5967328933170011,0.4032671066829989,1.0,8
2026-02-08,B18XTREM2GE,Xtreme 18 National Kelly,XTREM,18,2,B18VENGE1OV,18 - Lusher,B18,False,-14.0,-2.0,4.8934416842904245,12.113581279797938,-7.220139595507513,0.39564430159446795,-0.39564430159446795,False,0.8,2.2,0.8,1.2881272278065468,0.5444927965183921,0.25550720348160794,1.0,9
