team_code,team_name,club,age,opponent_code,opponent_name,pool_key,event_date,Event,matchup_meeting_number,team_won,point_margin_for_team,set_margin_for_team,expected_win_prob,performance_above_expected
B13SJJVB1NE,SMASH Boys 13-1,SJJVB,13,B14117752XX,ValleyVBC Elite Boys,MIXED,2026-02-01,,1,False,-16.0,-1.0,0.41603306968994047,-0.41603306968994047
B13SJJVB1NE,SMASH Boys 13-1,SJJVB,13,B14117752XX,ValleyVBC Elite Boys,MIXED,2026-03-14,,2,False,-1.0,-1.0,0.41603306968994047,-0.41603306968994047
B13SJJVB1NE,SMASH Boys 13-1,SJJVB,13,B14CAPIT1XL,CSVC 14 CASCADE,MIXED,2025-12-20,,1,True,16.0,2.0,0.6314722988793476,0.36852770112065236
B13SJJVB1NE,SMASH Boys 13-1,SJJVB,13,B14CAPIT1XL,CSVC 14 CASCADE,MIXED,2026-03-15,,2,True,11.0,1.0,0.6314722988793476,0.36852770112065236
B13SJJVB1NE,SMASH Boys 13-1,SJJVB,13,B14CAPIT2XL,CSVC 14 SAWTEETH,MIXED,2025-12-20,,1,True,24.0,2.0,0.7226011871719302,0.2773988128280698
B13SJJVB1NE,SMASH Boys 13-1,SJJVB,13,B14HKJVB1NE,Husky 14.1,MIXED,2026-01-31,,1,True,12.0,2.0,0.6174409974152961,0.3825590025847039
B13SJJVB1NE,SMASH Boys 13-1,SJJVB,13,B14NEVBC1NE,NEVBC Boys 14.1,MIXED,2026-03-15,,1,False,-18.0,-2.0,0.3278223268305279,-0.3278223268305279
B13SJJVB1NE,SMASH Boys 13-1,SJJVB,13,B14RRJVB1NE,Boston United Boys 14-1,MIXED,2026-02-01,,1,False,-11.0,-2.0,0.3920248214328105,-0.3920248214328105
B13SJJVB1NE,SMASH Boys 13-1,SJJVB,13,B14RRJVB2NE,Boston United Boys 13 Select 1,MIXED,2026-01-31,,1,True,18.0,2.0,0.6498367333238515,0.3501632666761485
B13SJJVB1NE,SMASH Boys 13-1,SJJVB,13,B14RRJVB2NE,Boston United Boys 13 Select 1,MIXED,2026-03-14,,2,True,13.0,2.0,0.6498367333238515,0.3501632666761485
B13SJJVB1NE,SMASH Boys 13-1,SJJVB,13,B14SAVBC1XL,Sporting Albany Boys 14u,MIXED,2025-12-20,,1,True,15.0,2.0,0.5024932117142448,0.49750678828575523
B13SJJVB1NE,SMASH Boys 13-1,SJJVB,13,B14SAVBC1XL,Sporting Albany Boys 14u,MIXED,2025-12-21,,2,False,-2.0,-1.0,0.5024932117142448,-0.5024932117142448
B13SJJVB1NE,SMASH Boys 13-1,SJJVB,13,B14SAVBC1XL,Sporting Albany Boys 14u,MIXED,2026-01-31,,3,True,9.0,2.0,0.5024932117142448,0.49750678828575523
B13SJJVB1NE,SMASH Boys 13-1,SJJVB,13,B14SAVBC1XL,Sporting Albany Boys 14u,MIXED,2026-03-14,,4,False,-21.0,-2.0,0.5024932117142448,-0.5024932117142448
B13SJJVB1NE,SMASH Boys 13-1,SJJVB,13,B14SJJVB1NE,SMASH Boys 14-1,MIXED,2025-12-21,,1,False,-22.0,-2.0,0.29367167294220087,-0.29367167294220087
B13SJJVB1NE,SMASH Boys 13-1,SJJVB,13,B14SJJVB2NE,SMASH Boys 14's Thunder,MIXED,2025-12-21,,1,True,16.0,2.0,0.6543617191792718,0.3456382808207282
B14117752XX,ValleyVBC Elite Boys,11775,14,B13SJJVB1NE,SMASH Boys 13-1,MIXED,2026-02-01,,1,True,16.0,1.0,0.5839669303100595,0.41603306968994047
B14117752XX,ValleyVBC Elite Boys,11775,14,B13SJJVB1NE,SMASH Boys 13-1,MIXED,2026-03-14,,2,True,1.0,1.0,0.5839669303100595,0.41603306968994047
B14117752XX,ValleyVBC Elite Boys,11775,14,B14CAPIT1XL,CSVC 14 CASCADE,B14,2026-01-17,,1,True,14.0,2.0,0.7349862710198021,0.2650137289801979
B14117752XX,ValleyVBC Elite Boys,11775,14,B14CAPIT1XL,CSVC 14 CASCADE,B14,2026-01-19,,2,True,4.0,2.0,0.7349862710198021,0.2650137289801979
B14117752XX,ValleyVBC Elite Boys,11775,14,B14CAPIT2XL,CSVC 14 SAWTEETH,B14,2026-01-17,,1,True,17.0,2.0,0.8186045798547812,0.1813954201452188
B14117752XX,ValleyVBC Elite Boys,11775,14,B14LHVBC1NE,LHV Boys 14-1 Premier,B14,2025-11-22,,1,True,19.0,2.0,0.6677294276571081,0.3322705723428919
B14117752XX,ValleyVBC Elite Boys,11775,14,B14LHVBC1NE,LHV Boys 14-1 Premier,B14,2025-11-23,,2,True,8.0,2.0,0.6677294276571081,0.3322705723428919
B14117752XX,ValleyVBC Elite Boys,11775,14,B14LHVBC1NE,LHV Boys 14-1 Premier,B14,2026-01-18,,3,True,18.0,2.0,0.6677294276571081,0.3322705723428919
B14117752XX,ValleyVBC Elite Boys,11775,14,B14LHVBC1NE,LHV Boys 14-1 Premier,B14,2026-01-31,,4,True,17.0,3.0,0.6677294276571081,0.3322705723428919
B14117752XX,ValleyVBC Elite Boys,11775,14,B14MVPVA1NE,MVP BOS 14 Black,B14,2025-11-22,,1,True,15.0,2.0,0.6875743800293259,0.3124256199706741
B14117752XX,ValleyVBC Elite Boys,11775,14,B14MVPVA1NE,MVP BOS 14 Black,B14,2026-01-17,,2,True,8.0,1.0,0.6875743800293259,0.3124256199706741
B14117752XX,ValleyVBC Elite Boys,11775,14,B14NEVBC1NE,NEVBC Boys 14.1,B14,2026-02-01,,1,False,-17.0,-2.0,0.3916254443349603,-0.3916254443349603
B14117752XX,ValleyVBC Elite Boys,11775,14,B14RRJVB1NE,Boston United Boys 14-1,B14,2025-11-22,,1,True,24.0,2.0,0.4710531387223994,0.5289468612776006
B14117752XX,ValleyVBC Elite Boys,11775,14,B14RRJVB1NE,Boston United Boys 14-1,B14,2026-01-18,,2,True,8.0,1.0,0.4710531387223994,0.5289468612776006
B14117752XX,ValleyVBC Elite Boys,11775,14,B14RRJVB1NE,Boston United Boys 14-1,B14,2026-01-19,,3,True,20.0,1.0,0.4710531387223994,0.5289468612776006
B14117752XX,ValleyVBC Elite Boys,11775,14,B14RRJVB1NE,Boston United Boys 14-1,B14,2026-03-15,,4,True,-1.0,1.0,0.4710531387223994,0.5289468612776006
B14117752XX,ValleyVBC Elite Boys,11775,14,B14RRJVB2NE,Boston United Boys 13 Select 1,B14,2026-03-14,,1,True,19.0,2.0,0.7526514645549094,0.2473485354450906
B14117752XX,ValleyVBC Elite Boys,11775,14,B14SAVBC1XL,Sporting Albany Boys 14u,B14,2026-03-14,,1,False,-7.0,-1.0,0.6000587087483924,-0.6000587087483924
B14117752XX,ValleyVBC Elite Boys,11775,14,B14SJJVB1NE,SMASH Boys 14-1,B14,2026-01-31,,1,False,-26.0,-3.0,0.3484289386785387,-0.3484289386785387
B14117752XX,ValleyVBC Elite Boys,11775,14,B14SJJVB1NE,SMASH Boys 14-1,B14,2026-03-15,,2,False,-19.0,-2.0,0.3484289386785387,-0.3484289386785387
B14117752XX,ValleyVBC Elite Boys,11775,14,B14TACCU1GE,Accuracy 14 Champ,B14,2025-11-22,,1,False,-24.0,-2.0,0.470898250232232,-0.470898250232232
B14117752XX,ValleyVBC Elite Boys,11775,14,B14TACCU1GE,Accuracy 14 Champ,B14,2025-11-23,,2,True,5.0,1.0,0.470898250232232,0.529101749767768
B14117901XX,Torrimar 14 1,11790,14,B14CAPIT1XL,CSVC 14 CASCADE,B14,2026-02-07,,1,True,31.0,2.0,0.8182013083865062,0.18179869161349382
B14117901XX,Torrimar 14 1,11790,14,B14COQUI1PU,BORINQUEN COQUI 14M Pirito,B14,2026-02-08,,1,False,-18.0,-2.0,0.4285237654316969,-0.4285237654316969
B14117901XX,Torrimar 14 1,11790,14,B14MVPVA1NE,MVP BOS 14 Black,B14,2026-02-06,,1,True,27.0,2.0,0.7812459230102193,0.21875407698978067
B14117901XX,Torrimar 14 1,11790,14,B14ROCVC1GE,Rockland VBC 14 1,B14,2026-02-07,,1,True,39.0,2.0,0.8446065262398336,0.15539347376016643
B14117901XX,Torrimar 14 1,11790,14,B14SPTMC2GE,Sportime 14 2,B14,2026-02-07,,1,True,28.0,2.0,0.77577276907669,0.22422723092330998
B14117901XX,Torrimar 14 1,11790,14,B14SPTMC3GE,Sportime 14 3,B14,2026-02-06,,1,True,28.0,2.0,0.8333028731945865,0.1666971268054135
B14117901XX,Torrimar 14 1,11790,14,B14TACCU1GE,Accuracy 14 Champ,B14,2026-02-06,,1,True,21.0,2.0,0.5908788098141151,0.4091211901858849
B14CAPIT1XL,CSVC 14 CASCADE,CAPIT,14,B13SJJVB1NE,SMASH Boys 13-1,MIXED,2025-12-20,,1,False,-16.0,-2.0,0.36852770112065236,-0.36852770112065236
B14CAPIT1XL,CSVC 14 CASCADE,CAPIT,14,B13SJJVB1NE,SMASH Boys 13-1,MIXED,2026-03-15,,2,False,-11.0,-1.0,0.36852770112065236,-0.36852770112065236
B14CAPIT1XL,CSVC 14 CASCADE,CAPIT,14,B14117752XX,ValleyVBC Elite Boys,B14,2026-01-17,,1,False,-14.0,-2.0,0.2650137289801979,-0.2650137289801979
B14CAPIT1XL,CSVC 14 CASCADE,CAPIT,14,B14117752XX,ValleyVBC Elite Boys,B14,2026-01-19,,2,False,-4.0,-2.0,0.2650137289801979,-0.2650137289801979
B14CAPIT1XL,CSVC 14 CASCADE,CAPIT,14,B14117901XX,Torrimar 14 1,B14,2026-02-07,,1,False,-31.0,-2.0,0.18179869161349385,-0.18179869161349385
B14CAPIT1XL,CSVC 14 CASCADE,CAPIT,14,B14CAPIT2XL,CSVC 14 SAWTEETH,B14,2025-12-20,,1,False,-10.0,-2.0,0.619364488819979,-0.619364488819979
B14CAPIT1XL,CSVC 14 CASCADE,CAPIT,14,B14CAPIT2XL,CSVC 14 SAWTEETH,B14,2025-12-21,,2,False,-9.0,-1.0,0.619364488819979,-0.619364488819979
B14CAPIT1XL,CSVC 14 CASCADE,CAPIT,14,B14CAPIT2XL,CSVC 14 SAWTEETH,B14,2026-01-17,,3,False,-1.0,-1.0,0.619364488819979,-0.619364488819979
B14CAPIT1XL,CSVC 14 CASCADE,CAPIT,14,B14COQUI1PU,BORINQUEN COQUI 14M Pirito,B14,2026-02-06,,1,False,-31.0,-2.0,0.14281727196693794,-0.14281727196693794
B14CAPIT1XL,CSVC 14 CASCADE,CAPIT,14,B14HKJVB1NE,Husky 14.1,B14,2026-03-14,,1,True,0.0,1.0,0.4826194455653507,0.5173805544346493
B14CAPIT1XL,CSVC 14 CASCADE,CAPIT,14,B14LCVBC1GE,Legacy Boys 14 Premier,B14,2026-02-07,,1,True,3.0,1.0,0.5246735104795104,0.4753264895204896
B14CAPIT1XL,CSVC 14 CASCADE,CAPIT,14,B14LHVBC1NE,LHV Boys 14-1 Premier,B14,2026-01-17,,1,True,10.0,2.0,0.4201550917780765,0.5798449082219235
B14CAPIT1XL,CSVC 14 CASCADE,CAPIT,14,B14LHVBC1NE,LHV Boys 14-1 Premier,B14,2026-02-08,,2,False,-6.0,-1.0,0.4201550917780765,-0.4201550917780765
B14CAPIT1XL,CSVC 14 CASCADE,CAPIT,14,B14LIFRY1GE,LI Fury 14 1,B14,2026-02-06,,1,False,0.0,-1.0,0.5168999434720274,-0.5168999434720274
B14CAPIT1XL,CSVC 14 CASCADE,CAPIT,14,B14MVPVA1NE,MVP BOS 14 Black,B14,2026-01-18,,1,True,12.0,2.0,0.4424396691585663,0.5575603308414336
B14CAPIT1XL,CSVC 14 CASCADE,CAPIT,14,B14ROCVC1GE,Rockland VBC 14 1,B14,2026-02-06,,1,True,21.0,2.0,0.5470360117571134,0.45296398824288664
B14CAPIT1XL,CSVC 14 CASCADE,CAPIT,14,B14RRJVB1NE,Boston United Boys 14-1,B14,2026-01-17,,1,False,-7.0,-1.0,0.243057867428051,-0.243057867428051
B14CAPIT1XL,CSVC 14 CASCADE,CAPIT,14,B14RRJVB1NE,Boston United Boys 14-1,B14,2026-01-19,,2,False,-14.0,-1.0,0.243057867428051,-0.243057867428051
B14CAPIT1XL,CSVC 14 CASCADE,CAPIT,14,B14SAVBC1XL,Sporting Albany Boys 14u,B14,2025-12-21,,1,False,-25.0,-2.0,0.35106516219303974,-0.35106516219303974
B14CAPIT1XL,CSVC 14 CASCADE,CAPIT,14,B14SAVBC1XL,Sporting Albany Boys 14u,B14,2026-03-15,,2,False,-15.0,-2.0,0.35106516219303974,-0.35106516219303974
B14CAPIT1XL,CSVC 14 CASCADE,CAPIT,14,B14SJJVB1NE,SMASH Boys 14-1,B14,2025-12-20,,1,False,-22.0,-2.0,0.1616472654204872,-0.1616472654204872
B14CAPIT1XL,CSVC 14 CASCADE,CAPIT,14,B14SJJVB1NE,SMASH Boys 14-1,B14,2026-03-14,,2,False,-33.0,-3.0,0.1616472654204872,-0.1616472654204872
B14CAPIT1XL,CSVC 14 CASCADE,CAPIT,14,B14SJJVB2NE,SMASH Boys 14's Thunder,B14,2025-12-20,,1,False,-9.0,-2.0,0.5289468612776014,-0.5289468612776014
B14CAPIT1XL,CSVC 14 CASCADE,CAPIT,14,B14TACCU1GE,Accuracy 14 Champ,B14,2026-02-07,,1,False,-14.0,-2.0,0.2429435143091567,-0.2429435143091567
B14CAPIT2XL,CSVC 14 SAWTEETH,CAPIT,14,B13SJJVB1NE,SMASH Boys 13-1,MIXED,2025-12-20,,1,False,-24.0,-2.0,0.27739881282806983,-0.27739881282806983
B14CAPIT2XL,CSVC 14 SAWTEETH,CAPIT,14,B14117752XX,ValleyVBC Elite Boys,B14,2026-01-17,,1,False,-17.0,-2.0,0.18139542014521876,-0.18139542014521876
B14CAPIT2XL,CSVC 14 SAWTEETH,CAPIT,14,B14CAPIT1XL,CSVC 14 CASCADE,B14,2025-12-20,,1,True,10.0,2.0,0.3806355111800211,0.619364488819979
B14CAPIT2XL,CSVC 14 SAWTEETH,CAPIT,14,B14CAPIT1XL,CSVC 14 CASCADE,B14,2025-12-21,,2,True,9.0,1.0,0.3806355111800211,0.619364488819979
B14CAPIT2XL,CSVC 14 SAWTEETH,CAPIT,14,B14CAPIT1XL,CSVC 14 CASCADE,B14,2026-01-17,,3,True,1.0,1.0,0.3806355111800211,0.619364488819979
B14CAPIT2XL,CSVC 14 SAWTEETH,CAPIT,14,B14HKJVB1NE,Husky 14.1,B14,2026-03-15,,1,False,1.0,-1.0,0.3643803938744497,-0.3643803938744497
B14CAPIT2XL,CSVC 14 SAWTEETH,CAPIT,14,B14LHVBC1NE,LHV Boys 14-1 Premier,B14,2026-01-18,,1,False,-10.0,-2.0,0.3081060949741335,-0.3081060949741335
B14CAPIT2XL,CSVC 14 SAWTEETH,CAPIT,14,B14LHVBC1NE,LHV Boys 14-1 Premier,B14,2026-01-19,,2,False,-10.0,-1.0,0.3081060949741335,-0.3081060949741335
B14CAPIT2XL,CSVC 14 SAWTEETH,CAPIT,14,B14MVPVA1NE,MVP BOS 14 Black,B14,2026-01-17,,1,False,-8.0,-2.0,0.3278074848754704,-0.3278074848754704
B14CAPIT2XL,CSVC 14 SAWTEETH,CAPIT,14,B14MVPVA1NE,MVP BOS 14 Black,B14,2026-01-19,,2,False,-18.0,-2.0,0.3278074848754704,-0.3278074848754704
B14CAPIT2XL,CSVC 14 SAWTEETH,CAPIT,14,B14NEVBC1NE,NEVBC Boys 14.1,B14,2026-03-14,,1,False,-32.0,-2.0,0.12483640410979414,-0.12483640410979414
B14CAPIT2XL,CSVC 14 SAWTEETH,CAPIT,14,B14RRJVB1NE,Boston United Boys 14-1,B14,2026-01-18,,1,False,-18.0,-2.0,0.16481371832612177,-0.16481371832612177
B14CAPIT2XL,CSVC 14 SAWTEETH,CAPIT,14,B14RRJVB1NE,Boston United Boys 14-1,B14,2026-03-14,,2,False,-19.0,-2.0,0.16481371832612177,-0.16481371832612177
B14CAPIT2XL,CSVC 14 SAWTEETH,CAPIT,14,B14RRJVB2NE,Boston United Boys 13 Select 1,B14,2026-03-15,,1,False,6.0,-1.0,0.4027263637929746,-0.4027263637929746
B14CAPIT2XL,CSVC 14 SAWTEETH,CAPIT,14,B14SAVBC1XL,Sporting Albany Boys 14u,B14,2025-12-20,,1,False,-23.0,-2.0,0.249512845753805,-0.249512845753805
B14CAPIT2XL,CSVC 14 SAWTEETH,CAPIT,14,B14SJJVB1NE,SMASH Boys 14-1,B14,2025-12-21,,1,False,-31.0,-2.0,0.1059424590005934,-0.1059424590005934
B14CAPIT2XL,CSVC 14 SAWTEETH,CAPIT,14,B14SJJVB2NE,SMASH Boys 14's Thunder,B14,2025-12-21,,1,False,-11.0,-2.0,0.4083152052343869,-0.4083152052343869
B14CAPIT2XL,CSVC 14 SAWTEETH,CAPIT,14,B14SJJVB2NE,SMASH Boys 14's Thunder,B14,2025-12-21,,2,False,-7.0,-2.0,0.4083152052343869,-0.4083152052343869
B14CAPIT2XL,CSVC 14 SAWTEETH,CAPIT,14,B14SJJVB2NE,SMASH Boys 14's Thunder,B14,2026-03-14,,3,False,-4.0,-1.0,0.4083152052343869,-0.4083152052343869
B14COQUI1PU,BORINQUEN COQUI 14M Pirito,COQUI,14,B14117901XX,Torrimar 14 1,B14,2026-02-08,,1,True,18.0,2.0,0.5714762345683031,0.4285237654316969
B14COQUI1PU,BORINQUEN COQUI 14M Pirito,COQUI,14,B14CAPIT1XL,CSVC 14 CASCADE,B14,2026-02-06,,1,True,31.0,2.0,0.8571827280330621,0.14281727196693794
B14COQUI1PU,BORINQUEN COQUI 14M Pirito,COQUI,14,B14CORE11GE,CORE Boys 14 Platinum,B14,2026-02-08,,1,True,18.0,2.0,0.6423994952514049,0.35760050474859506
B14COQUI1PU,BORINQUEN COQUI 14M Pirito,COQUI,14,B14LHVBC1NE,LHV Boys 14-1 Premier,B14,2026-02-07,,1,True,30.0,2.0,0.8130495369492772,0.18695046305072283
B14COQUI1PU,BORINQUEN COQUI 14M Pirito,COQUI,14,B14LIFRY1GE,LI Fury 14 1,B14,2026-02-06,,1,True,29.0,2.0,0.8652632188098801,0.1347367811901199
B14COQUI1PU,BORINQUEN COQUI 14M Pirito,COQUI,14,B14MVPVA1NE,MVP BOS 14 Black,B14,2026-02-07,,1,True,41.0,2.0,0.8264707738132744,0.17352922618672562
B14COQUI1PU,BORINQUEN COQUI 14M Pirito,COQUI,14,B14ROCVC1GE,Rockland VBC 14 1,B14,2026-02-06,,1,True,36.0,2.0,0.8787650454509972,0.1212349545490028
B14COQUI1PU,BORINQUEN COQUI 14M Pirito,COQUI,14,B14SPTMC3GE,Sportime 14 3,B14,2026-02-07,,1,True,40.0,2.0,0.8695624192816972,0.1304375807183028
B14CORE11GE,CORE Boys 14 Platinum,CORE1,14,B14COQUI1PU,BORINQUEN COQUI 14M Pirito,B14,2026-02-08,,1,False,-18.0,-2.0,0.35760050474859495,-0.35760050474859495
B14CORE11GE,CORE Boys 14 Platinum,CORE1,14,B14LCVBC1GE,Legacy Boys 14 Premier,B14,2026-02-06,,1,True,21.0,2.0,0.7866862585244516,0.21331374147554838
B14CORE11GE,CORE Boys 14 Platinum,CORE1,14,B14LHVBC1NE,LHV Boys 14-1 Premier,B14,2026-02-06,,1,True,9.0,2.0,0.7076823824732283,0.29231761752677166
B14CORE11GE,CORE Boys 14 Platinum,CORE1,14,B14LHVBC1NE,LHV Boys 14-1 Premier,B14,2026-02-07,,2,True,19.0,2.0,0.7076823824732283,0.29231761752677166
B14CORE11GE,CORE Boys 14 Platinum,CORE1,14,B14LIFRY1GE,LI Fury 14 1,B14,2026-02-07,,1,True,25.0,2.0,0.7814124904585187,0.21858750954148132
B14CORE11GE,CORE Boys 14 Platinum,CORE1,14,B14MVPVA1NE,MVP BOS 14 Black,B14,2026-02-07,,1,True,24.0,2.0,0.7261198729447027,0.2738801270552973
B14CORE11GE,CORE Boys 14 Platinum,CORE1,14,B14SPTMC2GE,Sportime 14 2,B14,2026-02-06,,1,True,28.0,2.0,0.7197622239619876,0.28023777603801237
B14CORE11GE,CORE Boys 14 Platinum,CORE1,14,B14TACCU1GE,Accuracy 14 Champ,B14,2026-02-08,,1,True,16.0,2.0,0.5174135278671453,0.48258647213285466
B14HKJVB1NE,Husky 14.1,HKJVB,14,B13SJJVB1NE,SMASH Boys 13-1,MIXED,2026-01-31,,1,False,-12.0,-2.0,0.38255900258470393,-0.38255900258470393
B14HKJVB1NE,Husky 14.1,HKJVB,14,B14CAPIT1XL,CSVC 14 CASCADE,B14,2026-03-14,,1,False,-0.0,-1.0,0.5173805544346493,-0.5173805544346493
B14HKJVB1NE,Husky 14.1,HKJVB,14,B14CAPIT2XL,CSVC 14 SAWTEETH,B14,2026-03-15,,1,True,-1.0,1.0,0.6356196061255504,0.36438039387444965
B14HKJVB1NE,Husky 14.1,HKJVB,14,B14MVPVA1NE,MVP BOS 14 Black,B14,2026-02-01,,1,False,-14.0,-2.0,0.4596587892887009,-0.4596587892887009
B14HKJVB1NE,Husky 14.1,HKJVB,14,B14RRJVB2NE,Boston United Boys 13 Select 1,B14,2026-01-31,,1,True,8.0,1.0,0.5404821672878994,0.45951783271210056
B14HKJVB1NE,Husky 14.1,HKJVB,14,B14RRJVB2NE,Boston United Boys 13 Select 1,B14,2026-03-15,,2,True,18.0,1.0,0.5404821672878994,0.45951783271210056
B14HKJVB1NE,Husky 14.1,HKJVB,14,B14SAVBC1XL,Sporting Albany Boys 14u,B14,2026-01-31,,1,False,-26.0,-2.0,0.3670693150656598,-0.3670693150656598
B14HKJVB1NE,Husky 14.1,HKJVB,14,B14SJJVB1NE,SMASH Boys 14-1,B14,2026-02-01,,1,False,-28.0,-2.0,0.1712956978780717,-0.1712956978780717
B14HKJVB1NE,Husky 14.1,HKJVB,14,B14SJJVB1NE,SMASH Boys 14-1,B14,2026-03-14,,2,False,-40.0,-3.0,0.1712956978780717,-0.1712956978780717
B14LCVBC1GE,Legacy Boys 14 Premier,LCVBC,14,B14CAPIT1XL,CSVC 14 CASCADE,B14,2026-02-07,,1,False,-3.0,-1.0,0.4753264895204895,-0.4753264895204895
B14LCVBC1GE,Legacy Boys 14 Premier,LCVBC,14,B14CORE11GE,CORE Boys 14 Platinum,B14,2026-02-06,,1,False,-21.0,-2.0,0.21331374147554838,-0.21331374147554838
B14LCVBC1GE,Legacy Boys 14 Premier,LCVBC,14,B14LHVBC1NE,LHV Boys 14-1 Premier,B14,2026-02-06,,1,False,-22.0,-2.0,0.3962987694691756,-0.3962987694691756
B14LCVBC1GE,Legacy Boys 14 Premier,LCVBC,14,B14LIFRY1GE,LI Fury 14 1,B14,2026-02-07,,1,False,-13.0,-2.0,0.4922134456136854,-0.4922134456136854
B14LCVBC1GE,Legacy Boys 14 Premier,LCVBC,14,B14ROCVC1GE,Rockland VBC 14 1,B14,2026-02-08,,1,True,15.0,2.0,0.5224667960567272,0.4775332039432728
B14LCVBC1GE,Legacy Boys 14 Premier,LCVBC,14,B14SPTMC2GE,Sportime 14 2,B14,2026-02-06,,1,False,-12.0,-2.0,0.41052802120455756,-0.41052802120455756
B14LCVBC1GE,Legacy Boys 14 Premier,LCVBC,14,B14SPTMC3GE,Sportime 14 3,B14,2026-02-08,,1,True,12.0,2.0,0.5015589763678865,0.4984410236321135
B14LCVBC1GE,Legacy Boys 14 Premier,LCVBC,14,B14TACCU1GE,Accuracy 14 Champ,B14,2026-02-07,,1,False,-32.0,-2.0,0.22524063345533346,-0.22524063345533346
B14LHVBC1NE,LHV Boys 14-1 Premier,LHVBC,14,B14117752XX,ValleyVBC Elite Boys,B14,2025-11-22,,1,False,-19.0,-2.0,0.332270572342892,-0.332270572342892
B14LHVBC1NE,LHV Boys 14-1 Premier,LHVBC,14,B14117752XX,ValleyVBC Elite Boys,B14,2025-11-23,,2,False,-8.0,-2.0,0.332270572342892,-0.332270572342892
B14LHVBC1NE,LHV Boys 14-1 Premier,LHVBC,14,B14117752XX,ValleyVBC Elite Boys,B14,2026-01-18,,3,False,-18.0,-2.0,0.332270572342892,-0.332270572342892
B14LHVBC1NE,LHV Boys 14-1 Premier,LHVBC,14,B14117752XX,ValleyVBC Elite Boys,B14,2026-01-31,,4,False,-17.0,-3.0,0.332270572342892,-0.332270572342892
B14LHVBC1NE,LHV Boys 14-1 Premier,LHVBC,14,B14CAPIT1XL,CSVC 14 CASCADE,B14,2026-01-17,,1,False,-10.0,-2.0,0.5798449082219236,-0.5798449082219236
B14LHVBC1NE,LHV Boys 14-1 Premier,LHVBC,14,B14CAPIT1XL,CSVC 14 CASCADE,B14,2026-02-08,,2,True,6.0,1.0,0.5798449082219236,0.4201550917780764
B14LHVBC1NE,LHV Boys 14-1 Premier,LHVBC,14,B14CAPIT2XL,CSVC 14 SAWTEETH,B14,2026-01-18,,1,True,10.0,2.0,0.6918939050258665,0.30810609497413355
B14LHVBC1NE,LHV Boys 14-1 Premier,LHVBC,14,B14CAPIT2XL,CSVC 14 SAWTEETH,B14,2026-01-19,,2,True,10.0,1.0,0.6918939050258665,0.30810609497413355
B14LHVBC1NE,LHV Boys 14-1 Premier,LHVBC,14,B14COQUI1PU,BORINQUEN COQUI 14M Pirito,B14,2026-02-07,,1,False,-30.0,-2.0,0.18695046305072288,-0.18695046305072288
B14LHVBC1NE,LHV Boys 14-1 Premier,LHVBC,14,B14CORE11GE,CORE Boys 14 Platinum,B14,2026-02-06,,1,False,-9.0,-2.0,0.29231761752677166,-0.29231761752677166
B14LHVBC1NE,LHV Boys 14-1 Premier,LHVBC,14,B14CORE11GE,CORE Boys 14 Platinum,B14,2026-02-07,,2,False,-19.0,-2.0,0.29231761752677166,-0.29231761752677166
B14LHVBC1NE,LHV Boys 14-1 Premier,LHVBC,14,B14LCVBC1GE,Legacy Boys 14 Premier,B14,2026-02-06,,1,True,22.0,2.0,0.6037012305308245,0.3962987694691755
B14LHVBC1NE,LHV Boys 14-1 Premier,LHVBC,14,B14MVPVA1NE,MVP BOS 14 Black,B14,2025-11-22,,1,True,4.0,0.0,0.5227019203427576,0.47729807965724236
B14LHVBC1NE,LHV Boys 14-1 Premier,LHVBC,14,B14MVPVA1NE,MVP BOS 14 Black,B14,2025-11-23,,2,True,9.0,2.0,0.5227019203427576,0.47729807965724236
B14LHVBC1NE,LHV Boys 14-1 Premier,LHVBC,14,B14MVPVA1NE,MVP BOS 14 Black,B14,2026-01-17,,3,True,7.0,2.0,0.5227019203427576,0.47729807965724236
B14LHVBC1NE,LHV Boys 14-1 Premier,LHVBC,14,B14MVPVA1NE,MVP BOS 14 Black,B14,2026-01-19,,4,True,-3.0,1.0,0.5227019203427576,0.47729807965724236
B14LHVBC1NE,LHV Boys 14-1 Premier,LHVBC,14,B14MVPVA1NE,MVP BOS 14 Black,B14,2026-02-08,,5,True,6.0,2.0,0.5227019203427576,0.47729807965724236
B14LHVBC1NE,LHV Boys 14-1 Premier,LHVBC,14,B14RRJVB1NE,Boston United Boys 14-1,B14,2025-11-22,,1,True,17.0,2.0,0.30707058586623426,0.6929294141337657
B14LHVBC1NE,LHV Boys 14-1 Premier,LHVBC,14,B14RRJVB1NE,Boston United Boys 14-1,B14,2025-11-23,,2,False,-10.0,-2.0,0.30707058586623426,-0.30707058586623426
B14LHVBC1NE,LHV Boys 14-1 Premier,LHVBC,14,B14RRJVB1NE,Boston United Boys 14-1,B14,2026-01-17,,3,False,-24.0,-2.0,0.30707058586623426,-0.30707058586623426
B14LHVBC1NE,LHV Boys 14-1 Premier,LHVBC,14,B14RRJVB2NE,Boston United Boys 13 Select 1,B14,2026-02-01,,1,True,14.0,2.0,0.6022551353752804,0.3977448646247196
B14LHVBC1NE,LHV Boys 14-1 Premier,LHVBC,14,B14SJJVB1NE,SMASH Boys 14-1,B14,2026-01-31,,1,False,-31.0,-3.0,0.21017255895002218,-0.21017255895002218
B14LHVBC1NE,LHV Boys 14-1 Premier,LHVBC,14,B14SJJVB2NE,SMASH Boys 14's Thunder,B14,2026-02-01,,1,False,-5.0,-2.0,0.6077951987981697,-0.6077951987981697
B14LHVBC1NE,LHV Boys 14-1 Premier,LHVBC,14,B14SPTMC2GE,Sportime 14 2,B14,2026-02-06,,1,False,-2.0,-1.0,0.5147777027840102,-0.5147777027840102
B14LHVBC1NE,LHV Boys 14-1 Premier,LHVBC,14,B14SPTMC3GE,Sportime 14 3,B14,2026-02-07,,1,True,9.0,2.0,0.6051921821576275,0.3948078178423725
B14LHVBC1NE,LHV Boys 14-1 Premier,LHVBC,14,B14TACCU1GE,Accuracy 14 Champ,B14,2025-11-22,,1,False,-16.0,-2.0,0.30693832841594876,-0.30693832841594876
B14LIFRY1GE,LI Fury 14 1,LIFRY,14,B14CAPIT1XL,CSVC 14 CASCADE,B14,2026-02-06,,1,True,-0.0,1.0,0.48310005652797267,0.5168999434720274
B14LIFRY1GE,LI Fury 14 1,LIFRY,14,B14COQUI1PU,BORINQUEN COQUI 14M Pirito,B14,2026-02-06,,1,False,-29.0,-2.0,0.13473678119011992,-0.13473678119011992
B14LIFRY1GE,LI Fury 14 1,LIFRY,14,B14CORE11GE,CORE Boys 14 Platinum,B14,2026-02-07,,1,False,-25.0,-2.0,0.21858750954148132,-0.21858750954148132
B14LIFRY1GE,LI Fury 14 1,LIFRY,14,B14LCVBC1GE,Legacy Boys 14 Premier,B14,2026-02-07,,1,True,13.0,2.0,0.5077865543863146,0.4922134456136854
B14LIFRY1GE,LI Fury 14 1,LIFRY,14,B14MVPVA1NE,MVP BOS 14 Black,B14,2026-02-07,,1,False,-11.0,-2.0,0.42582833249191704,-0.42582833249191704
B14LIFRY1GE,LI Fury 14 1,LIFRY,14,B14ROCVC1GE,Rockland VBC 14 1,B14,2026-02-06,,1,False,-17.0,-1.0,0.5302321952915332,-0.5302321952915332
B14LIFRY1GE,LI Fury 14 1,LIFRY,14,B14SPTMC3GE,Sportime 14 3,B14,2026-02-08,,1,False,-11.0,-2.0,0.5093450769926138,-0.5093450769926138
B14MVPVA1NE,MVP BOS 14 Black,MVPVA,14,B14117752XX,ValleyVBC Elite Boys,B14,2025-11-22,,1,False,-15.0,-2.0,0.3124256199706741,-0.3124256199706741
B14MVPVA1NE,MVP BOS 14 Black,MVPVA,14,B14117752XX,ValleyVBC Elite Boys,B14,2026-01-17,,2,False,-8.0,-1.0,0.3124256199706741,-0.3124256199706741
B14MVPVA1NE,MVP BOS 14 Black,MVPVA,14,B14117901XX,Torrimar 14 1,B14,2026-02-06,,1,False,-27.0,-2.0,0.21875407698978075,-0.21875407698978075
B14MVPVA1NE,MVP BOS 14 Black,MVPVA,14,B14CAPIT1XL,CSVC 14 CASCADE,B14,2026-01-18,,1,False,-12.0,-2.0,0.5575603308414337,-0.5575603308414337
B14MVPVA1NE,MVP BOS 14 Black,MVPVA,14,B14CAPIT2XL,CSVC 14 SAWTEETH,B14,2026-01-17,,1,True,8.0,2.0,0.6721925151245296,0.3278074848754704
B14MVPVA1NE,MVP BOS 14 Black,MVPVA,14,B14CAPIT2XL,CSVC 14 SAWTEETH,B14,2026-01-19,,2,True,18.0,2.0,0.6721925151245296,0.3278074848754704
B14MVPVA1NE,MVP BOS 14 Black,MVPVA,14,B14COQUI1PU,BORINQUEN COQUI 14M Pirito,B14,2026-02-07,,1,False,-41.0,-2.0,0.17352922618672573,-0.17352922618672573
B14MVPVA1NE,MVP BOS 14 Black,MVPVA,14,B14CORE11GE,CORE Boys 14 Platinum,B14,2026-02-07,,1,False,-24.0,-2.0,0.2738801270552973,-0.2738801270552973
B14MVPVA1NE,MVP BOS 14 Black,MVPVA,14,B14HKJVB1NE,Husky 14.1,B14,2026-02-01,,1,True,14.0,2.0,0.5403412107112991,0.45965878928870085
B14MVPVA1NE,MVP BOS 14 Black,MVPVA,14,B14LHVBC1NE,LHV Boys 14-1 Premier,B14,2025-11-22,,1,False,-4.0,-0.0,0.47729807965724236,-0.47729807965724236
B14MVPVA1NE,MVP BOS 14 Black,MVPVA,14,B14LHVBC1NE,LHV Boys 14-1 Premier,B14,2025-11-23,,2,False,-9.0,-2.0,0.47729807965724236,-0.47729807965724236
B14MVPVA1NE,MVP BOS 14 Black,MVPVA,14,B14LHVBC1NE,LHV Boys 14-1 Premier,B14,2026-01-17,,3,False,-7.0,-2.0,0.47729807965724236,-0.47729807965724236
B14MVPVA1NE,MVP BOS 14 Black,MVPVA,14,B14LHVBC1NE,LHV Boys 14-1 Premier,B14,2026-01-19,,4,False,3.0,-1.0,0.47729807965724236,-0.47729807965724236
B14MVPVA1NE,MVP BOS 14 Black,MVPVA,14,B14LHVBC1NE,LHV Boys 14-1 Premier,B14,2026-02-08,,5,False,-6.0,-2.0,0.47729807965724236,-0.47729807965724236
B14MVPVA1NE,MVP BOS 14 Black,MVPVA,14,B14LIFRY1GE,LI Fury 14 1,B14,2026-02-07,,1,True,11.0,2.0,0.574171667508083,0.425828332491917
B14MVPVA1NE,MVP BOS 14 Black,MVPVA,14,B14NEVBC1NE,NEVBC Boys 14.1,B14,2026-01-31,,1,False,-13.0,-2.0,0.22630598928803478,-0.22630598928803478
B14MVPVA1NE,MVP BOS 14 Black,MVPVA,14,B14RRJVB1NE,Boston United Boys 14-1,B14,2025-11-22,,1,False,-15.0,-2.0,0.2880813682214773,-0.2880813682214773
B14MVPVA1NE,MVP BOS 14 Black,MVPVA,14,B14RRJVB1NE,Boston United Boys 14-1,B14,2025-11-23,,2,False,-9.0,-2.0,0.2880813682214773,-0.2880813682214773
B14MVPVA1NE,MVP BOS 14 Black,MVPVA,14,B14RRJVB1NE,Boston United Boys 14-1,B14,2026-01-17,,3,False,-17.0,-2.0,0.2880813682214773,-0.2880813682214773
B14MVPVA1NE,MVP BOS 14 Black,MVPVA,14,B14RRJVB1NE,Boston United Boys 14-1,B14,2026-01-31,,4,True,2.0,1.0,0.2880813682214773,0.7119186317785227
B14MVPVA1NE,MVP BOS 14 Black,MVPVA,14,B14SAVBC1XL,Sporting Albany Boys 14u,B14,2026-02-01,,1,False,-19.0,-2.0,0.40538091430500844,-0.40538091430500844
B14MVPVA1NE,MVP BOS 14 Black,MVPVA,14,B14SJJVB2NE,SMASH Boys 14's Thunder,B14,2026-01-31,,1,True,9.0,2.0,0.5859344592588698,0.4140655407411302
B14MVPVA1NE,MVP BOS 14 Black,MVPVA,14,B14SPTMC2GE,Sportime 14 2,B14,2026-02-08,,1,True,-1.0,1.0,0.49206513441560257,0.5079348655843974
B14MVPVA1NE,MVP BOS 14 Black,MVPVA,14,B14SPTMC3GE,Sportime 14 3,B14,2026-02-06,,1,True,6.0,1.0,0.5832858295599037,0.4167141704400963
B14MVPVA1NE,MVP BOS 14 Black,MVPVA,14,B14TACCU1GE,Accuracy 14 Champ,B14,2025-11-22,,1,False,-22.0,-2.0,0.28795389078090133,-0.28795389078090133
B14MVPVA1NE,MVP BOS 14 Black,MVPVA,14,B14TACCU1GE,Accuracy 14 Champ,B14,2026-02-06,,2,False,-16.0,-2.0,0.28795389078090133,-0.28795389078090133
B14NEVBC1NE,NEVBC Boys 14.1,NEVBC,14,B13SJJVB1NE,SMASH Boys 13-1,MIXED,2026-03-15,,1,True,18.0,2.0,0.6721776731694721,0.3278223268305279
B14NEVBC1NE,NEVBC Boys 14.1,NEVBC,14,B14117752XX,ValleyVBC Elite Boys,B14,2026-02-01,,1,True,17.0,2.0,0.6083745556650397,0.39162544433496027
B14NEVBC1NE,NEVBC Boys 14.1,NEVBC,14,B14CAPIT2XL,CSVC 14 SAWTEETH,B14,2026-03-14,,1,True,32.0,2.0,0.8751635958902058,0.12483640410979424
B14NEVBC1NE,NEVBC Boys 14.1,NEVBC,14,B14MVPVA1NE,MVP BOS 14 Black,B14,2026-01-31,,1,True,13.0,2.0,0.7736940107119652,0.2263059892880348
B14NEVBC1NE,NEVBC Boys 14.1,NEVBC,14,B14RRJVB1NE,Boston United Boys 14-1,B14,2026-01-31,,1,True,10.0,2.0,0.5804370517261992,0.4195629482738008
B14NEVBC1NE,NEVBC Boys 14.1,NEVBC,14,B14RRJVB1NE,Boston United Boys 14-1,B14,2026-02-01,,2,True,18.0,1.0,0.5804370517261992,0.4195629482738008
B14NEVBC1NE,NEVBC Boys 14.1,NEVBC,14,B14RRJVB1NE,Boston United Boys 14-1,B14,2026-03-14,,3,True,14.0,2.0,0.5804370517261992,0.4195629482738008
B14NEVBC1NE,NEVBC Boys 14.1,NEVBC,14,B14SAVBC1XL,Sporting Albany Boys 14u,B14,2026-03-15,,1,True,10.0,2.0,0.6997682616468085,0.3002317383531915
B14NEVBC1NE,NEVBC Boys 14.1,NEVBC,14,B14SJJVB1NE,SMASH Boys 14-1,B14,2026-02-01,,1,False,-4.0,-2.0,0.45376562864803416,-0.45376562864803416
B14NEVBC1NE,NEVBC Boys 14.1,NEVBC,14,B14SJJVB1NE,SMASH Boys 14-1,B14,2026-03-15,,2,True,2.0,1.0,0.45376562864803416,0.5462343713519658
B14NEVBC1NE,NEVBC Boys 14.1,NEVBC,14,B14SJJVB2NE,SMASH Boys 14's Thunder,B14,2026-01-31,,1,True,17.0,2.0,0.8287043021219285,0.17129569787807153
B14NEVBC1NE,NEVBC Boys 14.1,NEVBC,14,B14SJJVB2NE,SMASH Boys 14's Thunder,B14,2026-03-14,,2,True,26.0,2.0,0.8287043021219285,0.17129569787807153
B14ROCVC1GE,Rockland VBC 14 1,ROCVC,14,B14117901XX,Torrimar 14 1,B14,2026-02-07,,1,False,-39.0,-2.0,0.1553934737601665,-0.1553934737601665
B14ROCVC1GE,Rockland VBC 14 1,ROCVC,14,B14CAPIT1XL,CSVC 14 CASCADE,B14,2026-02-06,,1,False,-21.0,-2.0,0.45296398824288664,-0.45296398824288664
B14ROCVC1GE,Rockland VBC 14 1,ROCVC,14,B14COQUI1PU,BORINQUEN COQUI 14M Pirito,B14,2026-02-06,,1,False,-36.0,-2.0,0.12123495454900271,-0.12123495454900271
B14ROCVC1GE,Rockland VBC 14 1,ROCVC,14,B14LCVBC1GE,Legacy Boys 14 Premier,B14,2026-02-08,,1,False,-15.0,-2.0,0.4775332039432728,-0.4775332039432728
B14ROCVC1GE,Rockland VBC 14 1,ROCVC,14,B14LIFRY1GE,LI Fury 14 1,B14,2026-02-06,,1,True,17.0,1.0,0.46976780470846685,0.5302321952915332
B14ROCVC1GE,Rockland VBC 14 1,ROCVC,14,B14SPTMC2GE,Sportime 14 2,B14,2026-02-07,,1,False,-16.0,-1.0,0.38895410023223714,-0.38895410023223714
B14ROCVC1GE,Rockland VBC 14 1,ROCVC,14,B14SPTMC3GE,Sportime 14 3,B14,2026-02-07,,1,True,7.0,2.0,0.47908925069810926,0.5209107493018907
B14RRJVB1NE,Boston United Boys 14-1,RRJVB,14,B13SJJVB1NE,SMASH Boys 13-1,MIXED,2026-02-01,,1,True,11.0,2.0,0.6079751785671895,0.3920248214328105
B14RRJVB1NE,Boston United Boys 14-1,RRJVB,14,B14117752XX,ValleyVBC Elite Boys,B14,2025-11-22,,1,False,-24.0,-2.0,0.5289468612776006,-0.5289468612776006
B14RRJVB1NE,Boston United Boys 14-1,RRJVB,14,B14117752XX,ValleyVBC Elite Boys,B14,2026-01-18,,2,False,-8.0,-1.0,0.5289468612776006,-0.5289468612776006
B14RRJVB1NE,Boston United Boys 14-1,RRJVB,14,B14117752XX,ValleyVBC Elite Boys,B14,2026-01-19,,3,False,-20.0,-1.0,0.5289468612776006,-0.5289468612776006
B14RRJVB1NE,Boston United Boys 14-1,RRJVB,14,B14117752XX,ValleyVBC Elite Boys,B14,2026-03-15,,4,False,1.0,-1.0,0.5289468612776006,-0.5289468612776006
B14RRJVB1NE,Boston United Boys 14-1,RRJVB,14,B14CAPIT1XL,CSVC 14 CASCADE,B14,2026-01-17,,1,True,7.0,1.0,0.7569421325719491,0.2430578674280509
B14RRJVB1NE,Boston United Boys 14-1,RRJVB,14,B14CAPIT1XL,CSVC 14 CASCADE,B14,2026-01-19,,2,True,14.0,1.0,0.7569421325719491,0.2430578674280509
B14RRJVB1NE,Boston United Boys 14-1,RRJVB,14,B14CAPIT2XL,CSVC 14 SAWTEETH,B14,2026-01-18,,1,True,18.0,2.0,0.8351862816738782,0.1648137183261218
B14RRJVB1NE,Boston United Boys 14-1,RRJVB,14,B14CAPIT2XL,CSVC 14 SAWTEETH,B14,2026-03-14,,2,True,19.0,2.0,0.8351862816738782,0.1648137183261218
B14RRJVB1NE,Boston United Boys 14-1,RRJVB,14,B14LHVBC1NE,LHV Boys 14-1 Premier,B14,2025-11-22,,1,False,-17.0,-2.0,0.6929294141337657,-0.6929294141337657
B14RRJVB1NE,Boston United Boys 14-1,RRJVB,14,B14LHVBC1NE,LHV Boys 14-1 Premier,B14,2025-11-23,,2,True,10.0,2.0,0.6929294141337657,0.30707058586623426
B14RRJVB1NE,Boston United Boys 14-1,RRJVB,14,B14LHVBC1NE,LHV Boys 14-1 Premier,B14,2026-01-17,,3,True,24.0,2.0,0.6929294141337657,0.30707058586623426
B14RRJVB1NE,Boston United Boys 14-1,RRJVB,14,B14MVPVA1NE,MVP BOS 14 Black,B14,2025-11-22,,1,True,15.0,2.0,0.7119186317785228,0.28808136822147723
B14RRJVB1NE,Boston United Boys 14-1,RRJVB,14,B14MVPVA1NE,MVP BOS 14 Black,B14,2025-11-23,,2,True,9.0,2.0,0.7119186317785228,0.28808136822147723
B14RRJVB1NE,Boston United Boys 14-1,RRJVB,14,B14MVPVA1NE,MVP BOS 14 Black,B14,2026-01-17,,3,True,17.0,2.0,0.7119186317785228,0.28808136822147723
B14RRJVB1NE,Boston United Boys 14-1,RRJVB,14,B14MVPVA1NE,MVP BOS 14 Black,B14,2026-01-31,,4,False,-2.0,-1.0,0.7119186317785228,-0.7119186317785228
B14RRJVB1NE,Boston United Boys 14-1,RRJVB,14,B14NEVBC1NE,NEVBC Boys 14.1,B14,2026-01-31,,1,False,-10.0,-2.0,0.41956294827380086,-0.41956294827380086
B14RRJVB1NE,Boston United Boys 14-1,RRJVB,14,B14NEVBC1NE,NEVBC Boys 14.1,B14,2026-02-01,,2,False,-18.0,-1.0,0.41956294827380086,-0.41956294827380086
B14RRJVB1NE,Boston United Boys 14-1,RRJVB,14,B14NEVBC1NE,NEVBC Boys 14.1,B14,2026-03-14,,3,False,-14.0,-2.0,0.41956294827380086,-0.41956294827380086
B14RRJVB1NE,Boston United Boys 14-1,RRJVB,14,B14SJJVB2NE,SMASH Boys 14's Thunder,B14,2026-01-31,,1,True,17.0,1.0,0.7776293342899688,0.22237066571003117
B14RRJVB1NE,Boston United Boys 14-1,RRJVB,14,B14SJJVB2NE,SMASH Boys 14's Thunder,B14,2026-03-14,,2,True,29.0,2.0,0.7776293342899688,0.22237066571003117
B14RRJVB1NE,Boston United Boys 14-1,RRJVB,14,B14SJJVB2NE,SMASH Boys 14's Thunder,B14,2026-03-15,,3,True,25.0,1.0,0.7776293342899688,0.22237066571003117
B14RRJVB1NE,Boston United Boys 14-1,RRJVB,14,B14TACCU1GE,Accuracy 14 Champ,B14,2025-11-22,,1,False,-20.0,-2.0,0.49984458783030405,-0.49984458783030405
B14RRJVB1NE,Boston United Boys 14-1,RRJVB,14,B14TACCU1GE,Accuracy 14 Champ,B14,2025-11-23,,2,False,-23.0,-2.0,0.49984458783030405,-0.49984458783030405
B14RRJVB2NE,Boston United Boys 13 Select 1,RRJVB,14,B13SJJVB1NE,SMASH Boys 13-1,MIXED,2026-01-31,,1,False,-18.0,-2.0,0.35016326667614855,-0.35016326667614855
B14RRJVB2NE,Boston United Boys 13 Select 1,RRJVB,14,B13SJJVB1NE,SMASH Boys 13-1,MIXED,2026-03-14,,2,False,-13.0,-2.0,0.35016326667614855,-0.35016326667614855
B14RRJVB2NE,Boston United Boys 13 Select 1,RRJVB,14,B14117752XX,ValleyVBC Elite Boys,B14,2026-03-14,,1,False,-19.0,-2.0,0.2473485354450906,-0.2473485354450906
B14RRJVB2NE,Boston United Boys 13 Select 1,RRJVB,14,B14CAPIT2XL,CSVC 14 SAWTEETH,B14,2026-03-15,,1,True,-6.0,1.0,0.5972736362070253,0.40272636379297466
B14RRJVB2NE,Boston United Boys 13 Select 1,RRJVB,14,B14HKJVB1NE,Husky 14.1,B14,2026-01-31,,1,False,-8.0,-1.0,0.45951783271210045,-0.45951783271210045
B14RRJVB2NE,Boston United Boys 13 Select 1,RRJVB,14,B14HKJVB1NE,Husky 14.1,B14,2026-03-15,,2,False,-18.0,-1.0,0.45951783271210045,-0.45951783271210045
B14RRJVB2NE,Boston United Boys 13 Select 1,RRJVB,14,B14LHVBC1NE,LHV Boys 14-1 Premier,B14,2026-02-01,,1,False,-14.0,-2.0,0.3977448646247197,-0.3977448646247197
B14RRJVB2NE,Boston United Boys 13 Select 1,RRJVB,14,B14SAVBC1XL,Sporting Albany Boys 14u,B14,2026-01-31,,1,False,-21.0,-2.0,0.33024125383245895,-0.33024125383245895
B14RRJVB2NE,Boston United Boys 13 Select 1,RRJVB,14,B14SAVBC1XL,Sporting Albany Boys 14u,B14,2026-03-14,,2,False,-38.0,-2.0,0.33024125383245895,-0.33024125383245895
B14RRJVB2NE,Boston United Boys 13 Select 1,RRJVB,14,B14SJJVB2NE,SMASH Boys 14's Thunder,B14,2026-02-01,,1,True,10.0,1.0,0.5057955937633135,0.4942044062366865
B14SAVBC1XL,Sporting Albany Boys 14u,SAVBC,14,B13SJJVB1NE,SMASH Boys 13-1,MIXED,2025-12-20,,1,False,-15.0,-2.0,0.49750678828575523,-0.49750678828575523
B14SAVBC1XL,Sporting Albany Boys 14u,SAVBC,14,B13SJJVB1NE,SMASH Boys 13-1,MIXED,2025-12-21,,2,True,2.0,1.0,0.49750678828575523,0.5024932117142448
B14SAVBC1XL,Sporting Albany Boys 14u,SAVBC,14,B13SJJVB1NE,SMASH Boys 13-1,MIXED,2026-01-31,,3,False,-9.0,-2.0,0.49750678828575523,-0.49750678828575523
B14SAVBC1XL,Sporting Albany Boys 14u,SAVBC,14,B13SJJVB1NE,SMASH Boys 13-1,MIXED,2026-03-14,,4,True,21.0,2.0,0.49750678828575523,0.5024932117142448
B14SAVBC1XL,Sporting Albany Boys 14u,SAVBC,14,B14117752XX,ValleyVBC Elite Boys,B14,2026-03-14,,1,True,7.0,1.0,0.3999412912516076,0.6000587087483924
B14SAVBC1XL,Sporting Albany Boys 14u,SAVBC,14,B14CAPIT1XL,CSVC 14 CASCADE,B14,2025-12-21,,1,True,25.0,2.0,0.6489348378069603,0.35106516219303974
B14SAVBC1XL,Sporting Albany Boys 14u,SAVBC,14,B14CAPIT1XL,CSVC 14 CASCADE,B14,2026-03-15,,2,True,15.0,2.0,0.6489348378069603,0.35106516219303974
B14SAVBC1XL,Sporting Albany Boys 14u,SAVBC,14,B14CAPIT2XL,CSVC 14 SAWTEETH,B14,2025-12-20,,1,True,23.0,2.0,0.7504871542461949,0.24951284575380506
B14SAVBC1XL,Sporting Albany Boys 14u,SAVBC,14,B14HKJVB1NE,Husky 14.1,B14,2026-01-31,,1,True,26.0,2.0,0.6329306849343402,0.36706931506565976
B14SAVBC1XL,Sporting Albany Boys 14u,SAVBC,14,B14MVPVA1NE,MVP BOS 14 Black,B14,2026-02-01,,1,True,19.0,2.0,0.5946190856949916,0.40538091430500844
B14SAVBC1XL,Sporting Albany Boys 14u,SAVBC,14,B14NEVBC1NE,NEVBC Boys 14.1,B14,2026-03-15,,1,False,-10.0,-2.0,0.30023173835319145,-0.30023173835319145
B14SAVBC1XL,Sporting Albany Boys 14u,SAVBC,14,B14RRJVB2NE,Boston United Boys 13 Select 1,B14,2026-01-31,,1,True,21.0,2.0,0.669758746167541,0.33024125383245895
B14SAVBC1XL,Sporting Albany Boys 14u,SAVBC,14,B14RRJVB2NE,Boston United Boys 13 Select 1,B14,2026-03-14,,2,True,38.0,2.0,0.669758746167541,0.33024125383245895
B14SAVBC1XL,Sporting Albany Boys 14u,SAVBC,14,B14SJJVB1NE,SMASH Boys 14-1,B14,2025-12-20,,1,False,-22.0,-2.0,0.2627620380919103,-0.2627620380919103
B14SAVBC1XL,Sporting Albany Boys 14u,SAVBC,14,B14SJJVB1NE,SMASH Boys 14-1,B14,2025-12-21,,2,False,-23.0,-2.0,0.2627620380919103,-0.2627620380919103
B14SAVBC1XL,Sporting Albany Boys 14u,SAVBC,14,B14SJJVB1NE,SMASH Boys 14-1,B14,2026-02-01,,3,False,-11.0,-2.0,0.2627620380919103,-0.2627620380919103
B14SAVBC1XL,Sporting Albany Boys 14u,SAVBC,14,B14SJJVB2NE,SMASH Boys 14's Thunder,B14,2025-12-20,,1,True,23.0,2.0,0.6748661696967024,0.32513383030329757
B14SJJVB1NE,SMASH Boys 14-1,SJJVB,14,B13SJJVB1NE,SMASH Boys 13-1,MIXED,2025-12-21,,1,True,22.0,2.0,0.7063283270577991,0.29367167294220087
B14SJJVB1NE,SMASH Boys 14-1,SJJVB,14,B14117752XX,ValleyVBC Elite Boys,B14,2026-01-31,,1,True,26.0,3.0,0.6515710613214614,0.34842893867853864
B14SJJVB1NE,SMASH Boys 14-1,SJJVB,14,B14117752XX,ValleyVBC Elite Boys,B14,2026-03-15,,2,True,19.0,2.0,0.6515710613214614,0.34842893867853864
B14SJJVB1NE,SMASH Boys 14-1,SJJVB,14,B14CAPIT1XL,CSVC 14 CASCADE,B14,2025-12-20,,1,True,22.0,2.0,0.8383527345795128,0.16164726542048724
B14SJJVB1NE,SMASH Boys 14-1,SJJVB,14,B14CAPIT1XL,CSVC 14 CASCADE,B14,2026-03-14,,2,True,33.0,3.0,0.8383527345795128,0.16164726542048724
B14SJJVB1NE,SMASH Boys 14-1,SJJVB,14,B14CAPIT2XL,CSVC 14 SAWTEETH,B14,2025-12-21,,1,True,31.0,2.0,0.8940575409994067,0.10594245900059329
B14SJJVB1NE,SMASH Boys 14-1,SJJVB,14,B14HKJVB1NE,Husky 14.1,B14,2026-02-01,,1,True,28.0,2.0,0.8287043021219284,0.17129569787807164
B14SJJVB1NE,SMASH Boys 14-1,SJJVB,14,B14HKJVB1NE,Husky 14.1,B14,2026-03-14,,2,True,40.0,3.0,0.8287043021219284,0.17129569787807164
B14SJJVB1NE,SMASH Boys 14-1,SJJVB,14,B14LHVBC1NE,LHV Boys 14-1 Premier,B14,2026-01-31,,1,True,31.0,3.0,0.7898274410499778,0.21017255895002218
B14SJJVB1NE,SMASH Boys 14-1,SJJVB,14,B14NEVBC1NE,NEVBC Boys 14.1,B14,2026-02-01,,1,True,4.0,2.0,0.5462343713519658,0.45376562864803416
B14SJJVB1NE,SMASH Boys 14-1,SJJVB,14,B14NEVBC1NE,NEVBC Boys 14.1,B14,2026-03-15,,2,False,-2.0,-1.0,0.5462343713519658,-0.5462343713519658
B14SJJVB1NE,SMASH Boys 14-1,SJJVB,14,B14SAVBC1XL,Sporting Albany Boys 14u,B14,2025-12-20,,1,True,22.0,2.0,0.7372379619080898,0.26276203809191023
B14SJJVB1NE,SMASH Boys 14-1,SJJVB,14,B14SAVBC1XL,Sporting Albany Boys 14u,B14,2025-12-21,,2,True,23.0,2.0,0.7372379619080898,0.26276203809191023
B14SJJVB1NE,SMASH Boys 14-1,SJJVB,14,B14SAVBC1XL,Sporting Albany Boys 14u,B14,2026-02-01,,3,True,11.0,2.0,0.7372379619080898,0.26276203809191023
B14SJJVB1NE,SMASH Boys 14-1,SJJVB,14,B14SJJVB2NE,SMASH Boys 14's Thunder,B14,2025-12-20,,1,True,24.0,2.0,0.8534523919626612,0.1465476080373388
B14SJJVB1NE,SMASH Boys 14-1,SJJVB,14,B14SJJVB2NE,SMASH Boys 14's Thunder,B14,2026-03-15,,2,True,28.0,2.0,0.8534523919626612,0.1465476080373388
B14SJJVB2NE,SMASH Boys 14's Thunder,SJJVB,14,B13SJJVB1NE,SMASH Boys 13-1,MIXED,2025-12-21,,1,False,-16.0,-2.0,0.34563828082072817,-0.34563828082072817
B14SJJVB2NE,SMASH Boys 14's Thunder,SJJVB,14,B14CAPIT1XL,CSVC 14 CASCADE,B14,2025-12-20,,1,True,9.0,2.0,0.4710531387223986,0.5289468612776014
B14SJJVB2NE,SMASH Boys 14's Thunder,SJJVB,14,B14CAPIT2XL,CSVC 14 SAWTEETH,B14,2025-12-21,,1,True,11.0,2.0,0.5916847947656131,0.4083152052343869
B14SJJVB2NE,SMASH Boys 14's Thunder,SJJVB,14,B14CAPIT2XL,CSVC 14 SAWTEETH,B14,2025-12-21,,2,True,7.0,2.0,0.5916847947656131,0.4083152052343869
B14SJJVB2NE,SMASH Boys 14's Thunder,SJJVB,14,B14CAPIT2XL,CSVC 14 SAWTEETH,B14,2026-03-14,,3,True,4.0,1.0,0.5916847947656131,0.4083152052343869
B14SJJVB2NE,SMASH Boys 14's Thunder,SJJVB,14,B14LHVBC1NE,LHV Boys 14-1 Premier,B14,2026-02-01,,1,True,5.0,2.0,0.3922048012018304,0.6077951987981696
B14SJJVB2NE,SMASH Boys 14's Thunder,SJJVB,14,B14MVPVA1NE,MVP BOS 14 Black,B14,2026-01-31,,1,False,-9.0,-2.0,0.4140655407411302,-0.4140655407411302
B14SJJVB2NE,SMASH Boys 14's Thunder,SJJVB,14,B14NEVBC1NE,NEVBC Boys 14.1,B14,2026-01-31,,1,False,-17.0,-2.0,0.17129569787807156,-0.17129569787807156
B14SJJVB2NE,SMASH Boys 14's Thunder,SJJVB,14,B14NEVBC1NE,NEVBC Boys 14.1,B14,2026-03-14,,2,False,-26.0,-2.0,0.17129569787807156,-0.17129569787807156
B14SJJVB2NE,SMASH Boys 14's Thunder,SJJVB,14,B14RRJVB1NE,Boston United Boys 14-1,B14,2026-01-31,,1,False,-17.0,-1.0,0.22237066571003114,-0.22237066571003114
B14SJJVB2NE,SMASH Boys 14's Thunder,SJJVB,14,B14RRJVB1NE,Boston United Boys 14-1,B14,2026-03-14,,2,False,-29.0,-2.0,0.22237066571003114,-0.22237066571003114
B14SJJVB2NE,SMASH Boys 14's Thunder,SJJVB,14,B14RRJVB1NE,Boston United Boys 14-1,B14,2026-03-15,,3,False,-25.0,-1.0,0.22237066571003114,-0.22237066571003114
B14SJJVB2NE,SMASH Boys 14's Thunder,SJJVB,14,B14RRJVB2NE,Boston United Boys 13 Select 1,B14,2026-02-01,,1,False,-10.0,-1.0,0.49420440623668643,-0.49420440623668643
B14SJJVB2NE,SMASH Boys 14's Thunder,SJJVB,14,B14SAVBC1XL,Sporting Albany Boys 14u,B14,2025-12-20,,1,False,-23.0,-2.0,0.3251338303032976,-0.3251338303032976
B14SJJVB2NE,SMASH Boys 14's Thunder,SJJVB,14,B14SJJVB1NE,SMASH Boys 14-1,B14,2025-12-20,,1,False,-24.0,-2.0,0.1465476080373388,-0.1465476080373388
B14SJJVB2NE,SMASH Boys 14's Thunder,SJJVB,14,B14SJJVB1NE,SMASH Boys 14-1,B14,2026-03-15,,2,False,-28.0,-2.0,0.1465476080373388,-0.1465476080373388
B14SPTMC2GE,Sportime 14 2,SPTMC,14,B14117901XX,Torrimar 14 1,B14,2026-02-07,,1,False,-28.0,-2.0,0.22422723092330998,-0.22422723092330998
B14SPTMC2GE,Sportime 14 2,SPTMC,14,B14CORE11GE,CORE Boys 14 Platinum,B14,2026-02-06,,1,False,-28.0,-2.0,0.2802377760380123,-0.2802377760380123
B14SPTMC2GE,Sportime 14 2,SPTMC,14,B14LCVBC1GE,Legacy Boys 14 Premier,B14,2026-02-06,,1,True,12.0,2.0,0.5894719787954424,0.41052802120455756
B14SPTMC2GE,Sportime 14 2,SPTMC,14,B14LHVBC1NE,LHV Boys 14-1 Premier,B14,2026-02-06,,1,True,2.0,1.0,0.48522229721598975,0.5147777027840102
B14SPTMC2GE,Sportime 14 2,SPTMC,14,B14MVPVA1NE,MVP BOS 14 Black,B14,2026-02-08,,1,False,1.0,-1.0,0.5079348655843975,-0.5079348655843975
B14SPTMC2GE,Sportime 14 2,SPTMC,14,B14ROCVC1GE,Rockland VBC 14 1,B14,2026-02-07,,1,True,16.0,1.0,0.6110458997677628,0.3889541002322372
B14SPTMC2GE,Sportime 14 2,SPTMC,14,B14TACCU1GE,Accuracy 14 Champ,B14,2026-02-07,,1,False,-24.0,-2.0,0.2945057327865539,-0.2945057327865539
B14SPTMC3GE,Sportime 14 3,SPTMC,14,B14117901XX,Torrimar 14 1,B14,2026-02-06,,1,False,-28.0,-2.0,0.1666971268054134,-0.1666971268054134
B14SPTMC3GE,Sportime 14 3,SPTMC,14,B14COQUI1PU,BORINQUEN COQUI 14M Pirito,B14,2026-02-07,,1,False,-40.0,-2.0,0.13043758071830291,-0.13043758071830291
B14SPTMC3GE,Sportime 14 3,SPTMC,14,B14LCVBC1GE,Legacy Boys 14 Premier,B14,2026-02-08,,1,False,-12.0,-2.0,0.4984410236321135,-0.4984410236321135
B14SPTMC3GE,Sportime 14 3,SPTMC,14,B14LHVBC1NE,LHV Boys 14-1 Premier,B14,2026-02-07,,1,False,-9.0,-2.0,0.3948078178423725,-0.3948078178423725
B14SPTMC3GE,Sportime 14 3,SPTMC,14,B14LIFRY1GE,LI Fury 14 1,B14,2026-02-08,,1,True,11.0,2.0,0.4906549230073862,0.5093450769926138
B14SPTMC3GE,Sportime 14 3,SPTMC,14,B14MVPVA1NE,MVP BOS 14 Black,B14,2026-02-06,,1,False,-6.0,-1.0,0.41671417044009634,-0.41671417044009634
B14SPTMC3GE,Sportime 14 3,SPTMC,14,B14ROCVC1GE,Rockland VBC 14 1,B14,2026-02-07,,1,False,-7.0,-2.0,0.5209107493018907,-0.5209107493018907
B14SPTMC3GE,Sportime 14 3,SPTMC,14,B14TACCU1GE,Accuracy 14 Champ,B14,2026-02-06,,1,False,-27.0,-2.0,0.2241542838103302,-0.2241542838103302
B14TACCU1GE,Accuracy 14 Champ,TACCU,14,B14117752XX,ValleyVBC Elite Boys,B14,2025-11-22,,1,True,24.0,2.0,0.529101749767768,0.470898250232232
B14TACCU1GE,Accuracy 14 Champ,TACCU,14,B14117752XX,ValleyVBC Elite Boys,B14,2025-11-23,,2,False,-5.0,-1.0,0.529101749767768,-0.529101749767768
B14TACCU1GE,Accuracy 14 Champ,TACCU,14,B14117901XX,Torrimar 14 1,B14,2026-02-06,,1,False,-21.0,-2.0,0.4091211901858849,-0.4091211901858849
B14TACCU1GE,Accuracy 14 Champ,TACCU,14,B14CAPIT1XL,CSVC 14 CASCADE,B14,2026-02-07,,1,True,14.0,2.0,0.7570564856908434,0.24294351430915662
B14TACCU1GE,Accuracy 14 Champ,TACCU,14,B14CORE11GE,CORE Boys 14 Platinum,B14,2026-02-08,,1,False,-16.0,-2.0,0.48258647213285466,-0.48258647213285466
B14TACCU1GE,Accuracy 14 Champ,TACCU,14,B14LCVBC1GE,Legacy Boys 14 Premier,B14,2026-02-07,,1,True,32.0,2.0,0.7747593665446666,0.2252406334553334
B14TACCU1GE,Accuracy 14 Champ,TACCU,14,B14LHVBC1NE,LHV Boys 14-1 Premier,B14,2025-11-22,,1,True,16.0,2.0,0.6930616715840512,0.3069383284159488
B14TACCU1GE,Accuracy 14 Champ,TACCU,14,B14MVPVA1NE,MVP BOS 14 Black,B14,2025-11-22,,1,True,22.0,2.0,0.7120461092190987,0.2879538907809013
B14TACCU1GE,Accuracy 14 Champ,TACCU,14,B14MVPVA1NE,MVP BOS 14 Black,B14,2026-02-06,,2,True,16.0,2.0,0.7120461092190987,0.2879538907809013
B14TACCU1GE,Accuracy 14 Champ,TACCU,14,B14RRJVB1NE,Boston United Boys 14-1,B14,2025-11-22,,1,True,20.0,2.0,0.5001554121696958,0.49984458783030417
B14TACCU1GE,Accuracy 14 Champ,TACCU,14,B14RRJVB1NE,Boston United Boys 14-1,B14,2025-11-23,,2,True,23.0,2.0,0.5001554121696958,0.49984458783030417
B14TACCU1GE,Accuracy 14 Champ,TACCU,14,B14SPTMC2GE,Sportime 14 2,B14,2026-02-07,,1,True,24.0,2.0,0.7054942672134461,0.2945057327865539
B14TACCU1GE,Accuracy 14 Champ,TACCU,14,B14SPTMC3GE,Sportime 14 3,B14,2026-02-06,,1,True,27.0,2.0,0.7758457161896698,0.2241542838103302
B15ALLIN1FL,AVA 15 Boys,ALLIN,15,B15CAPIT1XL,CSVC 15 PANTHERS,B15,2026-02-07,,1,True,9.0,2.0,0.6867450577722471,0.31325494222775285
B15ALLIN1FL,AVA 15 Boys,ALLIN,15,B15CORE11GE,CORE Boys 15 Platinum,B15,2026-02-08,,1,False,-9.0,-2.0,0.4190714135535575,-0.4190714135535575
B15ALLIN1FL,AVA 15 Boys,ALLIN,15,B15DIGSV1GE,Digs Boys 15 Red,B15,2026-02-07,,1,True,32.0,2.0,0.8267708082027831,0.17322919179721685
B15ALLIN1FL,AVA 15 Boys,ALLIN,15,B15LIFRY1GE,LI Fury 15 1,B15,2026-02-06,,1,False,-4.0,-1.0,0.4907265839777486,-0.4907265839777486
B15ALLIN1FL,AVA 15 Boys,ALLIN,15,B15NYCVA1GE,NYC VBA 15 Nomad,B15,2026-02-06,,1,False,-19.0,-2.0,0.4697795970681607,-0.4697795970681607
B15ALLIN1FL,AVA 15 Boys,ALLIN,15,B15SPTMC3GE,Sportime 15 3,B15,2026-02-08,,1,True,8.0,2.0,0.7320025918847987,0.26799740811520134
B15ALLIN1FL,AVA 15 Boys,ALLIN,15,B15SPTMC4GE,Sportime 15 4,B15,2026-02-06,,1,True,7.0,1.0,0.7593036423121358,0.24069635768786424
B15ALLIN1FL,AVA 15 Boys,ALLIN,15,B15SPTMC4GE,Sportime 15 4,B15,2026-02-07,,2,True,50.0,2.0,0.7593036423121358,0.24069635768786424
B15CAPIT1XL,CSVC 15 PANTHERS,CAPIT,15,B15ALLIN1FL,AVA 15 Boys,B15,2026-02-07,,1,False,-9.0,-2.0,0.3132549422277529,-0.3132549422277529
B15CAPIT1XL,CSVC 15 PANTHERS,CAPIT,15,B15CORE11GE,CORE Boys 15 Platinum,B15,2026-02-06,,1,False,-14.0,-2.0,0.24758534046195907,-0.24758534046195907
B15CAPIT1XL,CSVC 15 PANTHERS,CAPIT,15,B15DIGSV1GE,Digs Boys 15 Red,B15,2026-02-07,,1,True,4.0,2.0,0.6852416260009077,0.31475837399909234
B15CAPIT1XL,CSVC 15 PANTHERS,CAPIT,15,B15LCVBC1GE,Legacy Boys 15 Premier,B15,2026-02-06,,1,False,-7.0,-2.0,0.4951443598069484,-0.4951443598069484
B15CAPIT1XL,CSVC 15 PANTHERS,CAPIT,15,B15LEGIO1XL,TeamLVC Boys 15 Black,B15,2025-12-20,,1,True,8.0,2.0,0.2698311437567168,0.7301688562432832
B15CAPIT1XL,CSVC 15 PANTHERS,CAPIT,15,B15LEGIO1XL,TeamLVC Boys 15 Black,B15,2025-12-21,,2,True,9.0,2.0,0.2698311437567168,0.7301688562432832
B15CAPIT1XL,CSVC 15 PANTHERS,CAPIT,15,B15LEGIO1XL,TeamLVC Boys 15 Black,B15,2026-01-18,,3,False,-11.0,-1.0,0.2698311437567168,-0.2698311437567168
B15CAPIT1XL,CSVC 15 PANTHERS,CAPIT,15,B15LEGIO1XL,TeamLVC Boys 15 Black,B15,2026-01-19,,4,False,-4.0,-1.0,0.2698311437567168,-0.2698311437567168
B15CAPIT1XL,CSVC 15 PANTHERS,CAPIT,15,B15LEGIO1XL,TeamLVC Boys 15 Black,B15,2026-03-14,,5,False,-18.0,-2.0,0.2698311437567168,-0.2698311437567168
B15CAPIT1XL,CSVC 15 PANTHERS,CAPIT,15,B15MCJVB1NE,Mill City 15's,B15,2026-03-14,,1,False,-12.0,-2.0,0.29594793807365993,-0.29594793807365993
B15CAPIT1XL,CSVC 15 PANTHERS,CAPIT,15,B15RRJVB2NE,Boston United Boys 15 Select 1,B15,2026-01-18,,1,True,10.0,1.0,0.5102995041972301,0.48970049580276986
B15CAPIT1XL,CSVC 15 PANTHERS,CAPIT,15,B15SAVBC1XL,Sporting Albany Boys 15u,B15,2025-12-20,,1,False,-16.0,-2.0,0.5307306026840279,-0.5307306026840279
B15CAPIT1XL,CSVC 15 PANTHERS,CAPIT,15,B15SJJVB1NE,SMASH Boys 15-1,B15,2025-12-21,,1,False,-24.0,-2.0,0.211653929262445,-0.211653929262445
B15CAPIT1XL,CSVC 15 PANTHERS,CAPIT,15,B15SJJVB2NE,SMASH Boys 15 Lightning,B15,2025-12-20,,1,False,-16.0,-2.0,0.4458061577919894,-0.4458061577919894
B15CAPIT1XL,CSVC 15 PANTHERS,CAPIT,15,B15SJVBC1NE,South County Juniors Boys 15 1,B15,2026-03-14,,1,True,13.0,2.0,0.6004737793408806,0.39952622065911936
B15CAPIT1XL,CSVC 15 PANTHERS,CAPIT,15,B15SJVBC1NE,South County Juniors Boys 15 1,B15,2026-03-15,,2,True,30.0,2.0,0.6004737793408806,0.39952622065911936
B15CAPIT1XL,CSVC 15 PANTHERS,CAPIT,15,B15SPTMC3GE,Sportime 15 3,B15,2026-02-07,,1,False,-2.0,-1.0,0.5547448989980719,-0.5547448989980719
B15CAPIT1XL,CSVC 15 PANTHERS,CAPIT,15,B15SPTMC4GE,Sportime 15 4,B15,2026-02-08,,1,False,-1.0,-1.0,0.58998897075219,-0.58998897075219
B15CAPIT1XL,CSVC 15 PANTHERS,CAPIT,15,B15SYRVB1XL,SVC 15 1 Boys,B15,2026-01-17,,1,False,-18.0,-2.0,0.1770263552586767,-0.1770263552586767
B15CAPIT1XL,CSVC 15 PANTHERS,CAPIT,15,B15TACCU1GE,Accuracy 15 Champ,B15,2026-02-06,,1,False,-9.0,-2.0,0.3661488519288707,-0.3661488519288707
B15CAPIT1XL,CSVC 15 PANTHERS,CAPIT,15,B15TTVBC1NE,SLAM 15 1 Boys,B15,2026-03-15,,1,True,26.0,2.0,0.6477442388660304,0.3522557611339696
B15CAPIT1XL,CSVC 15 PANTHERS,CAPIT,15,B16BVJVB2NE,Blast 16 Pyro,MIXED,2026-01-18,,1,True,13.0,2.0,0.5549654530817267,0.44503454691827327
B15CAPIT1XL,CSVC 15 PANTHERS,CAPIT,15,B16CAPIT1XL,CSVC 16 WOLFJAW,MIXED,2026-01-17,,1,False,-19.0,-2.0,0.3489224849720753,-0.3489224849720753
B15CAPIT1XL,CSVC 15 PANTHERS,CAPIT,15,B16NESVC2NE,NE Storm 16 Monsoon,MIXED,2026-01-18,,1,False,-12.0,-2.0,0.4218884347413799,-0.4218884347413799
B15CORE11GE,CORE Boys 15 Platinum,CORE1,15,B15ALLIN1FL,AVA 15 Boys,B15,2026-02-08,,1,True,9.0,2.0,0.5809285864464424,0.4190714135535576
B15CORE11GE,CORE Boys 15 Platinum,CORE1,15,B15CAPIT1XL,CSVC 15 PANTHERS,B15,2026-02-06,,1,True,14.0,2.0,0.7524146595380409,0.24758534046195912
B15CORE11GE,CORE Boys 15 Platinum,CORE1,15,B15CORE12GE,CORE Boys 15 Titanium,B15,2026-02-07,,1,False,-8.0,-2.0,0.5720550344392193,-0.5720550344392193
B15CORE11GE,CORE Boys 15 Platinum,CORE1,15,B15LCVBC1GE,Legacy Boys 15 Premier,B15,2026-02-07,,1,True,23.0,2.0,0.7487786664758445,0.25122133352415554
B15CORE11GE,CORE Boys 15 Platinum,CORE1,15,B15LIFRY1GE,LI Fury 15 1,B15,2026-02-07,,1,False,-3.0,-1.0,0.5718709224631144,-0.5718709224631144
B15CORE11GE,CORE Boys 15 Platinum,CORE1,15,B15NYCIV1GE,NYC Impact 15 National,B15,2026-02-06,,1,True,11.0,1.0,0.6577574103254632,0.3422425896745368
B15CORE11GE,CORE Boys 15 Platinum,CORE1,15,B15TACCU1GE,Accuracy 15 Champ,B15,2026-02-06,,1,True,8.0,1.0,0.6370904602189266,0.36290953978107343
B15CORE11GE,CORE Boys 15 Platinum,CORE1,15,B15TACCU1GE,Accuracy 15 Champ,B15,2026-02-08,,2,True,16.0,2.0,0.6370904602189266,0.36290953978107343
B15CORE12GE,CORE Boys 15 Titanium,CORE1,15,B15CORE11GE,CORE Boys 15 Platinum,B15,2026-02-07,,1,True,8.0,2.0,0.4279449655607807,0.5720550344392192
B15CORE12GE,CORE Boys 15 Titanium,CORE1,15,B15DIGSV1GE,Digs Boys 15 Red,B15,2026-02-06,,1,True,14.0,2.0,0.8319146390113118,0.1680853609886882
B15CORE12GE,CORE Boys 15 Titanium,CORE1,15,B15LCVBC1GE,Legacy Boys 15 Premier,B15,2026-02-07,,1,True,12.0,2.0,0.6903740248368537,0.30962597516314627
B15CORE12GE,CORE Boys 15 Titanium,CORE1,15,B15LIFRY1GE,LI Fury 15 1,B15,2026-02-07,,1,True,4.0,2.0,0.499811993536334,0.500188006463666
B15CORE12GE,CORE Boys 15 Titanium,CORE1,15,B15NYCVA1GE,NYC VBA 15 Nomad,B15,2026-02-08,,1,False,-3.0,-1.0,0.4788418326787655,-0.4788418326787655
B15CORE12GE,CORE Boys 15 Titanium,CORE1,15,B15RRJVB1NE,Boston United Boys 15 National,B15,2026-02-06,,1,False,-10.0,-2.0,0.38296722488165147,-0.38296722488165147
B15CORE12GE,CORE Boys 15 Titanium,CORE1,15,B15SPTMC5GE,Sportime 15 Lynbrook,B15,2026-02-06,,1,True,17.0,2.0,0.7955799168292851,0.20442008317071492
B15DIGSV1GE,Digs Boys 15 Red,DIGSV,15,B15ALLIN1FL,AVA 15 Boys,B15,2026-02-07,,1,False,-32.0,-2.0,0.1732291917972168,-0.1732291917972168
B15DIGSV1GE,Digs Boys 15 Red,DIGSV,15,B15CAPIT1XL,CSVC 15 PANTHERS,B15,2026-02-07,,1,False,-4.0,-2.0,0.31475837399909234,-0.31475837399909234
B15DIGSV1GE,Digs Boys 15 Red,DIGSV,15,B15CORE12GE,CORE Boys 15 Titanium,B15,2026-02-06,,1,False,-14.0,-2.0,0.16808536098868823,-0.16808536098868823
B15DIGSV1GE,Digs Boys 15 Red,DIGSV,15,B15LCVBC1GE,Legacy Boys 15 Premier,B15,2026-02-08,,1,False,-8.0,-1.0,0.3105842265172101,-0.3105842265172101
B15DIGSV1GE,Digs Boys 15 Red,DIGSV,15,B15RRJVB1NE,Boston United Boys 15 National,B15,2026-02-06,,1,False,-22.0,-2.0,0.11142863553867878,-0.11142863553867878
B15DIGSV1GE,Digs Boys 15 Red,DIGSV,15,B15SPTMC5GE,Sportime 15 Lynbrook,B15,2026-02-06,,1,False,-11.0,-2.0,0.44019672684180544,-0.44019672684180544
B15DIGSV1GE,Digs Boys 15 Red,DIGSV,15,B15SPTMC5GE,Sportime 15 Lynbrook,B15,2026-02-07,,2,False,-15.0,-2.0,0.44019672684180544,-0.44019672684180544
B15HKJVB1NE,Husky 15.1,HKJVB,15,B15LHVBC1NE,LHV Boys 15-1 Eclipse,B15,2026-02-01,,1,False,-5.0,-2.0,0.5800142146040638,-0.5800142146040638
B15HKJVB1NE,Husky 15.1,HKJVB,15,B15MCJVB1NE,Mill City 15's,B15,2026-03-15,,1,False,-9.0,-2.0,0.3419501748541778,-0.3419501748541778
B15HKJVB1NE,Husky 15.1,HKJVB,15,B15NEVBC3NE,NEVBC Boys 15 Blue,B15,2026-03-14,,1,True,30.0,2.0,0.7587197777744881,0.24128022222551193
B15HKJVB1NE,Husky 15.1,HKJVB,15,B15RRJVB2NE,Boston United Boys 15 Select 1,B15,2026-03-14,,1,True,9.0,1.0,0.5629779928074304,0.43702200719256956
B15HKJVB1NE,Husky 15.1,HKJVB,15,B15SAVBC1XL,Sporting Albany Boys 15u,B15,2026-03-15,,1,True,6.0,2.0,0.5830072243392952,0.4169927756607048
B15HKJVB1NE,Husky 15.1,HKJVB,15,B15SJJVB1NE,SMASH Boys 15-1,B15,2026-01-31,,1,False,-19.0,-2.0,0.24919102296248058,-0.24919102296248058
B15HKJVB1NE,Husky 15.1,HKJVB,15,B15SJJVB1NE,SMASH Boys 15-1,B15,2026-03-14,,2,False,-16.0,-2.0,0.24919102296248058,-0.24919102296248058
B15HKJVB1NE,Husky 15.1,HKJVB,15,B15SJJVB2NE,SMASH Boys 15 Lightning,B15,2026-01-31,,1,False,-6.0,-2.0,0.4986057165909629,-0.4986057165909629
B15HKJVB1NE,Husky 15.1,HKJVB,15,B15SJVBC1NE,South County Juniors Boys 15 1,B15,2026-01-31,,1,True,0.0,1.0,0.6501031665246982,0.34989683347530176
B15HKJVB1NE,Husky 15.1,HKJVB,15,B15SJVBC1NE,South County Juniors Boys 15 1,B15,2026-02-01,,2,True,12.0,2.0,0.6501031665246982,0.34989683347530176
B15LCVBC1GE,Legacy Boys 15 Premier,LCVBC,15,B15CAPIT1XL,CSVC 15 PANTHERS,B15,2026-02-06,,1,True,7.0,2.0,0.5048556401930517,0.49514435980694826
B15LCVBC1GE,Legacy Boys 15 Premier,LCVBC,15,B15CORE11GE,CORE Boys 15 Platinum,B15,2026-02-07,,1,False,-23.0,-2.0,0.25122133352415554,-0.25122133352415554
B15LCVBC1GE,Legacy Boys 15 Premier,LCVBC,15,B15CORE12GE,CORE Boys 15 Titanium,B15,2026-02-07,,1,False,-12.0,-2.0,0.3096259751631463,-0.3096259751631463
B15LCVBC1GE,Legacy Boys 15 Premier,LCVBC,15,B15DIGSV1GE,Digs Boys 15 Red,B15,2026-02-08,,1,True,8.0,1.0,0.6894157734827898,0.3105842265172102
B15LCVBC1GE,Legacy Boys 15 Premier,LCVBC,15,B15LIFRY1GE,LI Fury 15 1,B15,2026-02-07,,1,False,-9.0,-1.0,0.30946524683391247,-0.30946524683391247
B15LCVBC1GE,Legacy Boys 15 Premier,LCVBC,15,B15NYCIV1GE,NYC Impact 15 National,B15,2026-02-06,,1,False,-9.0,-1.0,0.3920286814948746,-0.3920286814948746
B15LCVBC1GE,Legacy Boys 15 Premier,LCVBC,15,B15NYCIV1GE,NYC Impact 15 National,B15,2026-02-08,,2,False,-4.0,-2.0,0.3920286814948746,-0.3920286814948746
B15LCVBC1GE,Legacy Boys 15 Premier,LCVBC,15,B15SPTMC3GE,Sportime 15 3,B15,2026-02-06,,1,True,5.0,1.0,0.5595372340760455,0.4404627659239545
B15LEGIO1XL,TeamLVC Boys 15 Black,LEGIO,15,B15CAPIT1XL,CSVC 15 PANTHERS,B15,2025-12-20,,1,False,-8.0,-2.0,0.7301688562432831,-0.7301688562432831
B15LEGIO1XL,TeamLVC Boys 15 Black,LEGIO,15,B15CAPIT1XL,CSVC 15 PANTHERS,B15,2025-12-21,,2,False,-9.0,-2.0,0.7301688562432831,-0.7301688562432831
B15LEGIO1XL,TeamLVC Boys 15 Black,LEGIO,15,B15CAPIT1XL,CSVC 15 PANTHERS,B15,2026-01-18,,3,True,11.0,1.0,0.7301688562432831,0.2698311437567169
B15LEGIO1XL,TeamLVC Boys 15 Black,LEGIO,15,B15CAPIT1XL,CSVC 15 PANTHERS,B15,2026-01-19,,4,True,4.0,1.0,0.7301688562432831,0.2698311437567169
B15LEGIO1XL,TeamLVC Boys 15 Black,LEGIO,15,B15CAPIT1XL,CSVC 15 PANTHERS,B15,2026-03-14,,5,True,18.0,2.0,0.7301688562432831,0.2698311437567169
B15LEGIO1XL,TeamLVC Boys 15 Black,LEGIO,15,B15MCJVB1NE,Mill City 15's,B15,2026-03-14,,1,True,-4.0,1.0,0.5321582217651738,0.4678417782348262
B15LEGIO1XL,TeamLVC Boys 15 Black,LEGIO,15,B15NEVBC1NE,NEVBC Boys 15.1,B15,2025-12-21,,1,False,-14.0,-2.0,0.4632753702240264,-0.4632753702240264
B15LEGIO1XL,TeamLVC Boys 15 Black,LEGIO,15,B15RRJVB2NE,Boston United Boys 15 Select 1,B15,2026-01-17,,1,True,16.0,2.0,0.7382095383964804,0.2617904616035196
B15LEGIO1XL,TeamLVC Boys 15 Black,LEGIO,15,B15SAVBC1XL,Sporting Albany Boys 15u,B15,2025-12-20,,1,True,11.0,2.0,0.753720954619156,0.246279045380844
B15LEGIO1XL,TeamLVC Boys 15 Black,LEGIO,15,B15SJJVB1NE,SMASH Boys 15-1,B15,2026-03-15,,1,False,-15.0,-2.0,0.42079634148361267,-0.42079634148361267
B15LEGIO1XL,TeamLVC Boys 15 Black,LEGIO,15,B15SJJVB2NE,SMASH Boys 15 Lightning,B15,2025-12-20,,1,True,7.0,2.0,0.6852163736456295,0.3147836263543705
B15LEGIO1XL,TeamLVC Boys 15 Black,LEGIO,15,B15SJJVB2NE,SMASH Boys 15 Lightning,B15,2026-03-15,,2,True,15.0,2.0,0.6852163736456295,0.3147836263543705
B15LEGIO1XL,TeamLVC Boys 15 Black,LEGIO,15,B15SJVBC1NE,South County Juniors Boys 15 1,B15,2026-03-14,,1,True,11.0,2.0,0.8026466854360683,0.19735331456393168
B15LEGIO1XL,TeamLVC Boys 15 Black,LEGIO,15,B15TTVBC1NE,SLAM 15 1 Boys,B15,2026-01-17,,1,True,14.0,2.0,0.8326628065393307,0.16733719346066933
B15LEGIO1XL,TeamLVC Boys 15 Black,LEGIO,15,B16CAPIT1XL,CSVC 16 WOLFJAW,MIXED,2026-01-19,,1,False,-8.0,-2.0,0.48747591735833845,-0.48747591735833845
B15LEGIO1XL,TeamLVC Boys 15 Black,LEGIO,15,B16LHVBC2NE,LHV Boys 16-2 Hunters,MIXED,2026-01-17,,1,True,12.0,2.0,0.614794623269545,0.38520537673045496
B15LEGIO1XL,TeamLVC Boys 15 Black,LEGIO,15,B16NESVC2NE,NE Storm 16 Monsoon,MIXED,2026-01-18,,1,True,12.0,2.0,0.5643034539012292,0.43569654609877084
B15LEGIO1XL,TeamLVC Boys 15 Black,LEGIO,15,B16RRJVB3NE,Boston United Boys 16 Select 1,MIXED,2026-01-18,,1,True,9.0,2.0,0.57962690602576,0.42037309397424005
B15LHVBC1NE,LHV Boys 15-1 Eclipse,LHVBC,15,B15HKJVB1NE,Husky 15.1,B15,2026-02-01,,1,True,5.0,2.0,0.4199857853959362,0.5800142146040639
B15LHVBC1NE,LHV Boys 15-1 Eclipse,LHVBC,15,B15MCJVB1NE,Mill City 15's,B15,2026-01-31,,1,False,-18.0,-2.0,0.2733985774625066,-0.2733985774625066
B15LHVBC1NE,LHV Boys 15-1 Eclipse,LHVBC,15,B15NEVBC3NE,NEVBC Boys 15 Blue,B15,2025-11-22,,1,True,6.0,1.0,0.6948392335595116,0.3051607664404884
B15LHVBC1NE,LHV Boys 15-1 Eclipse,LHVBC,15,B15NYCVA1GE,NYC VBA 15 Nomad,B15,2026-01-31,,1,False,-12.0,-1.0,0.2656602625171585,-0.2656602625171585
B15LHVBC1NE,LHV Boys 15-1 Eclipse,LHVBC,15,B15RRJVB1NE,Boston United Boys 15 National,B15,2025-11-22,,1,False,-16.0,-2.0,0.19638504632123624,-0.19638504632123624
B15LHVBC1NE,LHV Boys 15-1 Eclipse,LHVBC,15,B15SAVBC1XL,Sporting Albany Boys 15u,B15,2026-01-31,,1,True,23.0,2.0,0.5030746952609211,0.4969253047390789
B15LHVBC1NE,LHV Boys 15-1 Eclipse,LHVBC,15,B15SAVBC1XL,Sporting Albany Boys 15u,B15,2026-02-01,,2,False,2.0,-1.0,0.5030746952609211,-0.5030746952609211
B15LHVBC1NE,LHV Boys 15-1 Eclipse,LHVBC,15,B15SJVBC1NE,South County Juniors Boys 15 1,B15,2025-11-23,,1,False,-24.0,-2.0,0.5736260619013512,-0.5736260619013512
B15LHVBC1NE,LHV Boys 15-1 Eclipse,LHVBC,15,B15TACCU1GE,Accuracy 15 Champ,B15,2025-11-22,,1,False,-10.0,-2.0,0.3408400759657712,-0.3408400759657712
B15LHVBC1NE,LHV Boys 15-1 Eclipse,LHVBC,15,B15TTVBC1NE,SLAM 15 1 Boys,B15,2025-11-23,,1,True,5.0,1.0,0.6220738040671956,0.3779261959328044
B15LIFRY1GE,LI Fury 15 1,LIFRY,15,B15ALLIN1FL,AVA 15 Boys,B15,2026-02-06,,1,True,4.0,1.0,0.5092734160222514,0.4907265839777486
B15LIFRY1GE,LI Fury 15 1,LIFRY,15,B15CORE11GE,CORE Boys 15 Platinum,B15,2026-02-07,,1,True,3.0,1.0,0.4281290775368855,0.5718709224631144
B15LIFRY1GE,LI Fury 15 1,LIFRY,15,B15CORE12GE,CORE Boys 15 Titanium,B15,2026-02-07,,1,False,-4.0,-2.0,0.500188006463666,-0.500188006463666
B15LIFRY1GE,LI Fury 15 1,LIFRY,15,B15LCVBC1GE,Legacy Boys 15 Premier,B15,2026-02-07,,1,True,9.0,1.0,0.6905347531660876,0.3094652468339124
B15LIFRY1GE,LI Fury 15 1,LIFRY,15,B15NYCVA1GE,NYC VBA 15 Nomad,B15,2026-02-06,,1,True,8.0,1.0,0.4790295054706414,0.5209704945293586
B15LIFRY1GE,LI Fury 15 1,LIFRY,15,B15RRJVB1NE,Boston United Boys 15 National,B15,2026-02-08,,1,False,-13.0,-2.0,0.38314494673661253,-0.38314494673661253
B15LIFRY1GE,LI Fury 15 1,LIFRY,15,B15SPTMC4GE,Sportime 15 4,B15,2026-02-06,,1,True,10.0,2.0,0.7660183548810312,0.2339816451189688
B15MCJVB1NE,Mill City 15's,MCJVB,15,B15CAPIT1XL,CSVC 15 PANTHERS,B15,2026-03-14,,1,True,12.0,2.0,0.7040520619263401,0.29594793807365993
B15MCJVB1NE,Mill City 15's,MCJVB,15,B15HKJVB1NE,Husky 15.1,B15,2026-03-15,,1,True,9.0,2.0,0.6580498251458222,0.3419501748541778
B15MCJVB1NE,Mill City 15's,MCJVB,15,B15LEGIO1XL,TeamLVC Boys 15 Black,B15,2026-03-14,,1,False,4.0,-1.0,0.4678417782348262,-0.4678417782348262
B15MCJVB1NE,Mill City 15's,MCJVB,15,B15LHVBC1NE,LHV Boys 15-1 Eclipse,B15,2026-01-31,,1,True,18.0,2.0,0.7266014225374934,0.2733985774625066
B15MCJVB1NE,Mill City 15's,MCJVB,15,B15NEVBC1NE,NEVBC Boys 15.1,B15,2025-12-20,,1,True,8.0,1.0,0.4314410207446399,0.56855897925536
B15MCJVB1NE,Mill City 15's,MCJVB,15,B15NYCVA1GE,NYC VBA 15 Nomad,B15,2026-01-31,,1,True,-3.0,1.0,0.49017473024438896,0.509825269755611
B15MCJVB1NE,Mill City 15's,MCJVB,15,B15RRJVB1NE,Boston United Boys 15 National,B15,2025-11-23,,1,False,-15.0,-2.0,0.3937453741630887,-0.3937453741630887
B15MCJVB1NE,Mill City 15's,MCJVB,15,B15RRJVB1NE,Boston United Boys 15 National,B15,2025-12-20,,2,False,-17.0,-2.0,0.3937453741630887,-0.3937453741630887
B15MCJVB1NE,Mill City 15's,MCJVB,15,B15RRJVB1NE,Boston United Boys 15 National,B15,2025-12-21,,3,False,-8.0,-2.0,0.3937453741630887,-0.3937453741630887
B15MCJVB1NE,Mill City 15's,MCJVB,15,B15RRJVB1NE,Boston United Boys 15 National,B15,2026-03-15,,4,False,-12.0,-2.0,0.3937453741630887,-0.3937453741630887
B15MCJVB1NE,Mill City 15's,MCJVB,15,B15RRJVB2NE,Boston United Boys 15 Select 1,B15,2025-11-22,,1,True,21.0,2.0,0.7125646329758317,0.2874353670241683
B15MCJVB1NE,Mill City 15's,MCJVB,15,B15SAVBC1XL,Sporting Albany Boys 15u,B15,2026-01-31,,1,True,12.0,1.0,0.7290378074588881,0.27096219254111187
B15MCJVB1NE,Mill City 15's,MCJVB,15,B15SJJVB1NE,SMASH Boys 15-1,B15,2025-12-20,,1,False,-11.0,-2.0,0.3897612535921405,-0.3897612535921405
B15MCJVB1NE,Mill City 15's,MCJVB,15,B15SJJVB1NE,SMASH Boys 15-1,B15,2026-02-01,,2,False,-18.0,-1.0,0.3897612535921405,-0.3897612535921405
B15MCJVB1NE,Mill City 15's,MCJVB,15,B15SJJVB2NE,SMASH Boys 15 Lightning,B15,2025-12-21,,1,True,13.0,2.0,0.6567937499389491,0.3432062500610509
B15MCJVB1NE,Mill City 15's,MCJVB,15,B15SJJVB2NE,SMASH Boys 15 Lightning,B15,2026-02-01,,2,True,8.0,1.0,0.6567937499389491,0.3432062500610509
B15MCJVB1NE,Mill City 15's,MCJVB,15,B15SJVBC1NE,South County Juniors Boys 15 1,B15,2025-11-22,,1,True,26.0,2.0,0.7814452150861548,0.21855478491384517
B15MCJVB1NE,Mill City 15's,MCJVB,15,B15SJVBC1NE,South County Juniors Boys 15 1,B15,2026-03-14,,2,True,15.0,2.0,0.7814452150861548,0.21855478491384517
B15MCJVB1NE,Mill City 15's,MCJVB,15,B15TACCU1GE,Accuracy 15 Champ,B15,2025-11-23,,1,True,22.0,2.0,0.5788110538851177,0.42118894611488233
B15MCJVB1NE,Mill City 15's,MCJVB,15,B15TTVBC1NE,SLAM 15 1 Boys,B15,2025-11-22,,1,True,25.0,2.0,0.813938443118396,0.18606155688160397
B15NEVBC1NE,NEVBC Boys 15.1,NEVBC,15,B15LEGIO1XL,TeamLVC Boys 15 Black,B15,2025-12-21,,1,True,14.0,2.0,0.5367246297759737,0.4632753702240263
B15NEVBC1NE,NEVBC Boys 15.1,NEVBC,15,B15MCJVB1NE,Mill City 15's,B15,2025-12-20,,1,False,-8.0,-1.0,0.5685589792553601,-0.5685589792553601
B15NEVBC1NE,NEVBC Boys 15.1,NEVBC,15,B15NYCVA1GE,NYC VBA 15 Nomad,B15,2026-02-01,,1,True,2.0,1.0,0.5588923916250624,0.44110760837493757
B15NEVBC1NE,NEVBC Boys 15.1,NEVBC,15,B15RRJVB1NE,Boston United Boys 15 National,B15,2025-12-20,,1,False,-2.0,-1.0,0.46117297927762335,-0.46117297927762335
B15NEVBC1NE,NEVBC Boys 15.1,NEVBC,15,B15RRJVB2NE,Boston United Boys 15 Select 1,B15,2026-01-31,,1,True,17.0,2.0,0.7656387694184253,0.23436123058157465
B15NEVBC1NE,NEVBC Boys 15.1,NEVBC,15,B15RRJVB2NE,Boston United Boys 15 Select 1,B15,2026-02-01,,2,True,17.0,2.0,0.7656387694184253,0.23436123058157465
B15NEVBC1NE,NEVBC Boys 15.1,NEVBC,15,B15SJJVB1NE,SMASH Boys 15-1,B15,2025-12-20,,1,False,-14.0,-2.0,0.4570209138843649,-0.4570209138843649
B15NEVBC1NE,NEVBC Boys 15.1,NEVBC,15,B15SJJVB1NE,SMASH Boys 15-1,B15,2025-12-21,,2,False,-5.0,-1.0,0.4570209138843649,-0.4570209138843649
B15NEVBC1NE,NEVBC Boys 15.1,NEVBC,15,B15SJJVB1NE,SMASH Boys 15-1,B15,2026-01-31,,3,True,8.0,1.0,0.4570209138843649,0.5429790861156352
B15NEVBC1NE,NEVBC Boys 15.1,NEVBC,15,B15SJJVB1NE,SMASH Boys 15-1,B15,2026-02-01,,4,True,11.0,1.0,0.4570209138843649,0.5429790861156352
B15NEVBC1NE,NEVBC Boys 15.1,NEVBC,15,B15SJJVB2NE,SMASH Boys 15 Lightning,B15,2026-01-31,,1,True,14.0,2.0,0.7160623759203706,0.2839376240796294
B15NEVBC3NE,NEVBC Boys 15 Blue,NEVBC,15,B15HKJVB1NE,Husky 15.1,B15,2026-03-14,,1,False,-30.0,-2.0,0.241280222225512,-0.241280222225512
B15NEVBC3NE,NEVBC Boys 15 Blue,NEVBC,15,B15LHVBC1NE,LHV Boys 15-1 Eclipse,B15,2025-11-22,,1,False,-6.0,-1.0,0.3051607664404884,-0.3051607664404884
B15NEVBC3NE,NEVBC Boys 15 Blue,NEVBC,15,B15RRJVB1NE,Boston United Boys 15 National,B15,2025-11-22,,1,False,-18.0,-2.0,0.09692354494771528,-0.09692354494771528
B15NEVBC3NE,NEVBC Boys 15 Blue,NEVBC,15,B15RRJVB2NE,Boston United Boys 15 Select 1,B15,2026-03-14,,1,False,-23.0,-2.0,0.29061139449502155,-0.29061139449502155
B15NEVBC3NE,NEVBC Boys 15 Blue,NEVBC,15,B15SJJVB1NE,SMASH Boys 15-1,B15,2026-03-14,,1,False,-27.0,-2.0,0.09546986245352033,-0.09546986245352033
B15NEVBC3NE,NEVBC Boys 15 Blue,NEVBC,15,B15SJVBC1NE,South County Juniors Boys 15 1,B15,2025-11-23,,1,False,-11.0,-2.0,0.3714080987880366,-0.3714080987880366
B15NEVBC3NE,NEVBC Boys 15 Blue,NEVBC,15,B15SJVBC1NE,South County Juniors Boys 15 1,B15,2026-03-15,,2,False,-10.0,-1.0,0.3714080987880366,-0.3714080987880366
B15NEVBC3NE,NEVBC Boys 15 Blue,NEVBC,15,B15TACCU1GE,Accuracy 15 Champ,B15,2025-11-22,,1,False,-24.0,-2.0,0.18506600765085574,-0.18506600765085574
B15NEVBC3NE,NEVBC Boys 15 Blue,NEVBC,15,B15TTVBC1NE,SLAM 15 1 Boys,B15,2025-11-23,,1,True,1.0,1.0,0.4195838534595491,0.5804161465404509
B15NEVBC3NE,NEVBC Boys 15 Blue,NEVBC,15,B15TTVBC1NE,SLAM 15 1 Boys,B15,2026-03-15,,2,False,-2.0,-1.0,0.4195838534595491,-0.4195838534595491
B15NYCIV1GE,NYC Impact 15 National,NYCIV,15,B15CORE11GE,CORE Boys 15 Platinum,B15,2026-02-06,,1,False,-11.0,-1.0,0.3422425896745368,-0.3422425896745368
B15NYCIV1GE,NYC Impact 15 National,NYCIV,15,B15LCVBC1GE,Legacy Boys 15 Premier,B15,2026-02-06,,1,True,9.0,1.0,0.6079713185051254,0.3920286814948746
B15NYCIV1GE,NYC Impact 15 National,NYCIV,15,B15LCVBC1GE,Legacy Boys 15 Premier,B15,2026-02-08,,2,True,4.0,2.0,0.6079713185051254,0.3920286814948746
B15NYCIV1GE,NYC Impact 15 National,NYCIV,15,B15NYCVA1GE,NYC VBA 15 Nomad,B15,2026-02-07,,1,False,-9.0,-2.0,0.38989371214842056,-0.38989371214842056
B15NYCIV1GE,NYC Impact 15 National,NYCIV,15,B15RRJVB1NE,Boston United Boys 15 National,B15,2026-02-07,,1,False,-17.0,-2.0,0.30152456794396143,-0.30152456794396143
B15NYCIV1GE,NYC Impact 15 National,NYCIV,15,B15SPTMC3GE,Sportime 15 3,B15,2026-02-06,,1,True,23.0,2.0,0.6633093379862594,0.33669066201374065
B15NYCIV1GE,NYC Impact 15 National,NYCIV,15,B15SPTMC4GE,Sportime 15 4,B15,2026-02-08,,1,True,11.0,2.0,0.6946894928051728,0.3053105071948272
B15NYCIV1GE,NYC Impact 15 National,NYCIV,15,B15TACCU1GE,Accuracy 15 Champ,B15,2026-02-07,,1,False,-5.0,-1.0,0.4773758791943398,-0.4773758791943398
B15NYCVA1GE,NYC VBA 15 Nomad,NYCVA,15,B15ALLIN1FL,AVA 15 Boys,B15,2026-02-06,,1,True,19.0,2.0,0.5302204029318393,0.46977959706816075
B15NYCVA1GE,NYC VBA 15 Nomad,NYCVA,15,B15CORE12GE,CORE Boys 15 Titanium,B15,2026-02-08,,1,True,3.0,1.0,0.5211581673212344,0.47884183267876557
B15NYCVA1GE,NYC VBA 15 Nomad,NYCVA,15,B15LHVBC1NE,LHV Boys 15-1 Eclipse,B15,2026-01-31,,1,True,12.0,1.0,0.7343397374828415,0.26566026251715846
B15NYCVA1GE,NYC VBA 15 Nomad,NYCVA,15,B15LIFRY1GE,LI Fury 15 1,B15,2026-02-06,,1,False,-8.0,-1.0,0.5209704945293586,-0.5209704945293586
B15NYCVA1GE,NYC VBA 15 Nomad,NYCVA,15,B15MCJVB1NE,Mill City 15's,B15,2026-01-31,,1,False,3.0,-1.0,0.509825269755611,-0.509825269755611
B15NYCVA1GE,NYC VBA 15 Nomad,NYCVA,15,B15NEVBC1NE,NEVBC Boys 15.1,B15,2026-02-01,,1,False,-2.0,-1.0,0.4411076083749376,-0.4411076083749376
B15NYCVA1GE,NYC VBA 15 Nomad,NYCVA,15,B15NYCIV1GE,NYC Impact 15 National,B15,2026-02-07,,1,True,9.0,2.0,0.6101062878515794,0.3898937121484206
B15NYCVA1GE,NYC VBA 15 Nomad,NYCVA,15,B15RRJVB1NE,Boston United Boys 15 National,B15,2026-02-07,,1,False,-9.0,-2.0,0.40316627388507026,-0.40316627388507026
B15NYCVA1GE,NYC VBA 15 Nomad,NYCVA,15,B15RRJVB1NE,Boston United Boys 15 National,B15,2026-02-08,,2,False,-22.0,-2.0,0.40316627388507026,-0.40316627388507026
B15NYCVA1GE,NYC VBA 15 Nomad,NYCVA,15,B15RRJVB2NE,Boston United Boys 15 Select 1,B15,2026-02-01,,1,True,18.0,2.0,0.7205474450881837,0.2794525549118163
B15NYCVA1GE,NYC VBA 15 Nomad,NYCVA,15,B15SAVBC1XL,Sporting Albany Boys 15u,B15,2026-01-31,,1,True,4.0,1.0,0.7367321486465964,0.2632678513534036
B15NYCVA1GE,NYC VBA 15 Nomad,NYCVA,15,B15SPTMC4GE,Sportime 15 4,B15,2026-02-06,,1,True,18.0,2.0,0.7807247171361038,0.2192752828638962
B15NYCVA1GE,NYC VBA 15 Nomad,NYCVA,15,B15TACCU1GE,Accuracy 15 Champ,B15,2026-02-07,,1,True,19.0,2.0,0.5883626328044036,0.4116373671955964
B15RRJVB1NE,Boston United Boys 15 National,RRJVB,15,B15CORE12GE,CORE Boys 15 Titanium,B15,2026-02-06,,1,True,10.0,2.0,0.6170327751183485,0.38296722488165147
B15RRJVB1NE,Boston United Boys 15 National,RRJVB,15,B15DIGSV1GE,Digs Boys 15 Red,B15,2026-02-06,,1,True,22.0,2.0,0.8885713644613212,0.11142863553867877
B15RRJVB1NE,Boston United Boys 15 National,RRJVB,15,B15LHVBC1NE,LHV Boys 15-1 Eclipse,B15,2025-11-22,,1,True,16.0,2.0,0.8036149536787637,0.19638504632123632
B15RRJVB1NE,Boston United Boys 15 National,RRJVB,15,B15LIFRY1GE,LI Fury 15 1,B15,2026-02-08,,1,True,13.0,2.0,0.6168550532633874,0.3831449467366126
B15RRJVB1NE,Boston United Boys 15 National,RRJVB,15,B15MCJVB1NE,Mill City 15's,B15,2025-11-23,,1,True,15.0,2.0,0.6062546258369113,0.39374537416308875
B15RRJVB1NE,Boston United Boys 15 National,RRJVB,15,B15MCJVB1NE,Mill City 15's,B15,2025-12-20,,2,True,17.0,2.0,0.6062546258369113,0.39374537416308875
B15RRJVB1NE,Boston United Boys 15 National,RRJVB,15,B15MCJVB1NE,Mill City 15's,B15,2025-12-21,,3,True,8.0,2.0,0.6062546258369113,0.39374537416308875
B15RRJVB1NE,Boston United Boys 15 National,RRJVB,15,B15MCJVB1NE,Mill City 15's,B15,2026-03-15,,4,True,12.0,2.0,0.6062546258369113,0.39374537416308875
B15RRJVB1NE,Boston United Boys 15 National,RRJVB,15,B15NEVBC1NE,NEVBC Boys 15.1,B15,2025-12-20,,1,True,2.0,1.0,0.5388270207223766,0.46117297927762335
B15RRJVB1NE,Boston United Boys 15 National,RRJVB,15,B15NEVBC3NE,NEVBC Boys 15 Blue,B15,2025-11-22,,1,True,18.0,2.0,0.9030764550522847,0.09692354494771527
B15RRJVB1NE,Boston United Boys 15 National,RRJVB,15,B15NYCIV1GE,NYC Impact 15 National,B15,2026-02-07,,1,True,17.0,2.0,0.6984754320560386,0.30152456794396143
B15RRJVB1NE,Boston United Boys 15 National,RRJVB,15,B15NYCVA1GE,NYC VBA 15 Nomad,B15,2026-02-07,,1,True,9.0,2.0,0.5968337261149297,0.4031662738850703
B15RRJVB1NE,Boston United Boys 15 National,RRJVB,15,B15NYCVA1GE,NYC VBA 15 Nomad,B15,2026-02-08,,2,True,22.0,2.0,0.5968337261149297,0.4031662738850703
B15RRJVB1NE,Boston United Boys 15 National,RRJVB,15,B15RRJVB2NE,Boston United Boys 15 Select 1,B15,2025-11-23,,1,True,13.0,2.0,0.7924024779499718,0.20759752205002824
B15RRJVB1NE,Boston United Boys 15 National,RRJVB,15,B15SAVBC1XL,Sporting Albany Boys 15u,B15,2025-12-21,,1,True,20.0,2.0,0.8055487014168563,0.1944512985831437
B15RRJVB1NE,Boston United Boys 15 National,RRJVB,15,B15SAVBC1XL,Sporting Albany Boys 15u,B15,2026-03-14,,2,True,15.0,2.0,0.8055487014168563,0.1944512985831437
B15RRJVB1NE,Boston United Boys 15 National,RRJVB,15,B15SAVBC1XL,Sporting Albany Boys 15u,B15,2026-03-15,,3,True,15.0,2.0,0.8055487014168563,0.1944512985831437
B15RRJVB1NE,Boston United Boys 15 National,RRJVB,15,B15SJJVB1NE,SMASH Boys 15-1,B15,2025-12-20,,1,False,6.0,-1.0,0.49582003333144864,-0.49582003333144864
B15RRJVB1NE,Boston United Boys 15 National,RRJVB,15,B15SJJVB1NE,SMASH Boys 15-1,B15,2025-12-21,,2,False,-5.0,-2.0,0.49582003333144864,-0.49582003333144864
B15RRJVB1NE,Boston United Boys 15 National,RRJVB,15,B15SJJVB1NE,SMASH Boys 15-1,B15,2026-03-15,,3,True,6.0,2.0,0.49582003333144864,0.5041799666685514
B15RRJVB1NE,Boston United Boys 15 National,RRJVB,15,B15SJJVB2NE,SMASH Boys 15 Lightning,B15,2026-03-14,,1,True,23.0,2.0,0.7466139610101673,0.2533860389898327
B15RRJVB1NE,Boston United Boys 15 National,RRJVB,15,B15SPTMC5GE,Sportime 15 Lynbrook,B15,2026-02-06,,1,True,24.0,2.0,0.8624591626157986,0.13754083738420142
B15RRJVB1NE,Boston United Boys 15 National,RRJVB,15,B15TACCU1GE,Accuracy 15 Champ,B15,2025-11-22,,1,True,15.0,2.0,0.6790676033164427,0.32093239668355733
B15RRJVB1NE,Boston United Boys 15 National,RRJVB,15,B15TACCU1GE,Accuracy 15 Champ,B15,2026-02-07,,2,False,-15.0,-2.0,0.6790676033164427,-0.6790676033164427
B15RRJVB1NE,Boston United Boys 15 National,RRJVB,15,B15TTVBC1NE,SLAM 15 1 Boys,B15,2026-03-14,,1,True,22.0,2.0,0.8707270848080001,0.1292729151919999
B15RRJVB2NE,Boston United Boys 15 Select 1,RRJVB,15,B15CAPIT1XL,CSVC 15 PANTHERS,B15,2026-01-18,,1,False,-10.0,-1.0,0.4897004958027699,-0.4897004958027699
B15RRJVB2NE,Boston United Boys 15 Select 1,RRJVB,15,B15HKJVB1NE,Husky 15.1,B15,2026-03-14,,1,False,-9.0,-1.0,0.43702200719256956,-0.43702200719256956
B15RRJVB2NE,Boston United Boys 15 Select 1,RRJVB,15,B15LEGIO1XL,TeamLVC Boys 15 Black,B15,2026-01-17,,1,False,-16.0,-2.0,0.2617904616035197,-0.2617904616035197
B15RRJVB2NE,Boston United Boys 15 Select 1,RRJVB,15,B15MCJVB1NE,Mill City 15's,B15,2025-11-22,,1,False,-21.0,-2.0,0.2874353670241683,-0.2874353670241683
B15RRJVB2NE,Boston United Boys 15 Select 1,RRJVB,15,B15NEVBC1NE,NEVBC Boys 15.1,B15,2026-01-31,,1,False,-17.0,-2.0,0.23436123058157474,-0.23436123058157474
B15RRJVB2NE,Boston United Boys 15 Select 1,RRJVB,15,B15NEVBC1NE,NEVBC Boys 15.1,B15,2026-02-01,,2,False,-17.0,-2.0,0.23436123058157474,-0.23436123058157474
B15RRJVB2NE,Boston United Boys 15 Select 1,RRJVB,15,B15NEVBC3NE,NEVBC Boys 15 Blue,B15,2026-03-14,,1,True,23.0,2.0,0.7093886055049784,0.2906113944950216
B15RRJVB2NE,Boston United Boys 15 Select 1,RRJVB,15,B15NYCVA1GE,NYC VBA 15 Nomad,B15,2026-02-01,,1,False,-18.0,-2.0,0.27945255491181636,-0.27945255491181636
B15RRJVB2NE,Boston United Boys 15 Select 1,RRJVB,15,B15RRJVB1NE,Boston United Boys 15 National,B15,2025-11-23,,1,False,-13.0,-2.0,0.20759752205002824,-0.20759752205002824
B15RRJVB2NE,Boston United Boys 15 Select 1,RRJVB,15,B15SJJVB1NE,SMASH Boys 15-1,B15,2026-03-14,,1,False,-20.0,-2.0,0.2048604720058622,-0.2048604720058622
B15RRJVB2NE,Boston United Boys 15 Select 1,RRJVB,15,B15SJJVB1NE,SMASH Boys 15-1,B15,2026-03-15,,2,False,-14.0,-2.0,0.2048604720058622,-0.2048604720058622
B15RRJVB2NE,Boston United Boys 15 Select 1,RRJVB,15,B15SJJVB2NE,SMASH Boys 15 Lightning,B15,2026-01-31,,1,True,4.0,2.0,0.4356503257496055,0.5643496742503945
B15RRJVB2NE,Boston United Boys 15 Select 1,RRJVB,15,B15SJJVB2NE,SMASH Boys 15 Lightning,B15,2026-03-15,,2,False,-13.0,-2.0,0.4356503257496055,-0.4356503257496055
B15RRJVB2NE,Boston United Boys 15 Select 1,RRJVB,15,B15SJVBC1NE,South County Juniors Boys 15 1,B15,2025-11-22,,1,False,2.0,-1.0,0.5905490868303268,-0.5905490868303268
B15RRJVB2NE,Boston United Boys 15 Select 1,RRJVB,15,B15SJVBC1NE,South County Juniors Boys 15 1,B15,2026-01-31,,2,True,5.0,2.0,0.5905490868303268,0.4094509131696732
B15RRJVB2NE,Boston United Boys 15 Select 1,RRJVB,15,B15TACCU1GE,Accuracy 15 Champ,B15,2025-11-23,,1,False,-5.0,-1.0,0.3566398929704085,-0.3566398929704085
B15RRJVB2NE,Boston United Boys 15 Select 1,RRJVB,15,B15TTVBC1NE,SLAM 15 1 Boys,B15,2025-11-22,,1,True,10.0,2.0,0.6382864524482547,0.36171354755174534
B15RRJVB2NE,Boston United Boys 15 Select 1,RRJVB,15,B16CAPIT1XL,CSVC 16 WOLFJAW,MIXED,2026-01-19,,1,False,-11.0,-2.0,0.3435477711894637,-0.3435477711894637
B15RRJVB2NE,Boston United Boys 15 Select 1,RRJVB,15,B16LHVBC2NE,LHV Boys 16-2 Hunters,MIXED,2026-01-17,,1,True,-1.0,1.0,0.4675692661436908,0.5324307338563092
B15RRJVB2NE,Boston United Boys 15 Select 1,RRJVB,15,B16NESVC2NE,NE Storm 16 Monsoon,MIXED,2026-01-17,,1,False,-12.0,-2.0,0.41610809543786426,-0.41610809543786426
B15RRJVB2NE,Boston United Boys 15 Select 1,RRJVB,15,B16PVJVB2NE,PV Boys 16 2,MIXED,2026-01-18,,1,True,4.0,2.0,0.5781780152050032,0.4218219847949968
B15RRJVB2NE,Boston United Boys 15 Select 1,RRJVB,15,B16RRJVB3NE,Boston United Boys 16 Select 1,MIXED,2026-01-18,,1,False,-7.0,-2.0,0.4313917878569813,-0.4313917878569813
B15SAVBC1XL,Sporting Albany Boys 15u,SAVBC,15,B15CAPIT1XL,CSVC 15 PANTHERS,B15,2025-12-20,,1,True,16.0,2.0,0.469269397315972,0.5307306026840279
B15SAVBC1XL,Sporting Albany Boys 15u,SAVBC,15,B15HKJVB1NE,Husky 15.1,B15,2026-03-15,,1,False,-6.0,-2.0,0.41699277566070475,-0.41699277566070475
B15SAVBC1XL,Sporting Albany Boys 15u,SAVBC,15,B15LEGIO1XL,TeamLVC Boys 15 Black,B15,2025-12-20,,1,False,-11.0,-2.0,0.24627904538084397,-0.24627904538084397
B15SAVBC1XL,Sporting Albany Boys 15u,SAVBC,15,B15LHVBC1NE,LHV Boys 15-1 Eclipse,B15,2026-01-31,,1,False,-23.0,-2.0,0.4969253047390791,-0.4969253047390791
B15SAVBC1XL,Sporting Albany Boys 15u,SAVBC,15,B15LHVBC1NE,LHV Boys 15-1 Eclipse,B15,2026-02-01,,2,True,-2.0,1.0,0.4969253047390791,0.5030746952609209
B15SAVBC1XL,Sporting Albany Boys 15u,SAVBC,15,B15MCJVB1NE,Mill City 15's,B15,2026-01-31,,1,False,-12.0,-1.0,0.27096219254111187,-0.27096219254111187
B15SAVBC1XL,Sporting Albany Boys 15u,SAVBC,15,B15NYCVA1GE,NYC VBA 15 Nomad,B15,2026-01-31,,1,False,-4.0,-1.0,0.2632678513534036,-0.2632678513534036
B15SAVBC1XL,Sporting Albany Boys 15u,SAVBC,15,B15RRJVB1NE,Boston United Boys 15 National,B15,2025-12-21,,1,False,-20.0,-2.0,0.19445129858314364,-0.19445129858314364
B15SAVBC1XL,Sporting Albany Boys 15u,SAVBC,15,B15RRJVB1NE,Boston United Boys 15 National,B15,2026-03-14,,2,False,-15.0,-2.0,0.19445129858314364,-0.19445129858314364
B15SAVBC1XL,Sporting Albany Boys 15u,SAVBC,15,B15RRJVB1NE,Boston United Boys 15 National,B15,2026-03-15,,3,False,-15.0,-2.0,0.19445129858314364,-0.19445129858314364
B15SAVBC1XL,Sporting Albany Boys 15u,SAVBC,15,B15SJJVB2NE,SMASH Boys 15 Lightning,B15,2025-12-20,,1,False,-9.0,-2.0,0.4156375472065917,-0.4156375472065917
B15SAVBC1XL,Sporting Albany Boys 15u,SAVBC,15,B15SJJVB2NE,SMASH Boys 15 Lightning,B15,2025-12-21,,2,False,-11.0,-2.0,0.4156375472065917,-0.4156375472065917
B15SAVBC1XL,Sporting Albany Boys 15u,SAVBC,15,B15SJJVB2NE,SMASH Boys 15 Lightning,B15,2026-03-14,,3,False,-7.0,-1.0,0.4156375472065917,-0.4156375472065917
B15SAVBC1XL,Sporting Albany Boys 15u,SAVBC,15,B15SJVBC1NE,South County Juniors Boys 15 1,B15,2026-02-01,,1,True,3.0,1.0,0.5706153095669076,0.42938469043309235
B15SAVBC1XL,Sporting Albany Boys 15u,SAVBC,15,B15TTVBC1NE,SLAM 15 1 Boys,B15,2026-03-14,,1,True,6.0,1.0,0.6191780378244621,0.3808219621755379
B15SJJVB1NE,SMASH Boys 15-1,SJJVB,15,B15CAPIT1XL,CSVC 15 PANTHERS,B15,2025-12-21,,1,True,24.0,2.0,0.788346070737555,0.21165392926244497
B15SJJVB1NE,SMASH Boys 15-1,SJJVB,15,B15HKJVB1NE,Husky 15.1,B15,2026-01-31,,1,True,19.0,2.0,0.7508089770375195,0.24919102296248052
B15SJJVB1NE,SMASH Boys 15-1,SJJVB,15,B15HKJVB1NE,Husky 15.1,B15,2026-03-14,,2,True,16.0,2.0,0.7508089770375195,0.24919102296248052
B15SJJVB1NE,SMASH Boys 15-1,SJJVB,15,B15LEGIO1XL,TeamLVC Boys 15 Black,B15,2026-03-15,,1,True,15.0,2.0,0.5792036585163873,0.42079634148361267
B15SJJVB1NE,SMASH Boys 15-1,SJJVB,15,B15MCJVB1NE,Mill City 15's,B15,2025-12-20,,1,True,11.0,2.0,0.6102387464078596,0.3897612535921404
B15SJJVB1NE,SMASH Boys 15-1,SJJVB,15,B15MCJVB1NE,Mill City 15's,B15,2026-02-01,,2,True,18.0,1.0,0.6102387464078596,0.3897612535921404
B15SJJVB1NE,SMASH Boys 15-1,SJJVB,15,B15NEVBC1NE,NEVBC Boys 15.1,B15,2025-12-20,,1,True,14.0,2.0,0.5429790861156352,0.45702091388436483
B15SJJVB1NE,SMASH Boys 15-1,SJJVB,15,B15NEVBC1NE,NEVBC Boys 15.1,B15,2025-12-21,,2,True,5.0,1.0,0.5429790861156352,0.45702091388436483
B15SJJVB1NE,SMASH Boys 15-1,SJJVB,15,B15NEVBC1NE,NEVBC Boys 15.1,B15,2026-01-31,,3,False,-8.0,-1.0,0.5429790861156352,-0.5429790861156352
B15SJJVB1NE,SMASH Boys 15-1,SJJVB,15,B15NEVBC1NE,NEVBC Boys 15.1,B15,2026-02-01,,4,False,-11.0,-1.0,0.5429790861156352,-0.5429790861156352
B15SJJVB1NE,SMASH Boys 15-1,SJJVB,15,B15NEVBC3NE,NEVBC Boys 15 Blue,B15,2026-03-14,,1,True,27.0,2.0,0.9045301375464797,0.0954698624535203
B15SJJVB1NE,SMASH Boys 15-1,SJJVB,15,B15RRJVB1NE,Boston United Boys 15 National,B15,2025-12-20,,1,True,-6.0,1.0,0.5041799666685514,0.49582003333144864
B15SJJVB1NE,SMASH Boys 15-1,SJJVB,15,B15RRJVB1NE,Boston United Boys 15 National,B15,2025-12-21,,2,True,5.0,2.0,0.5041799666685514,0.49582003333144864
B15SJJVB1NE,SMASH Boys 15-1,SJJVB,15,B15RRJVB1NE,Boston United Boys 15 National,B15,2026-03-15,,3,False,-6.0,-2.0,0.5041799666685514,-0.5041799666685514
B15SJJVB1NE,SMASH Boys 15-1,SJJVB,15,B15RRJVB2NE,Boston United Boys 15 Select 1,B15,2026-03-14,,1,True,20.0,2.0,0.7951395279941378,0.20486047200586222
B15SJJVB1NE,SMASH Boys 15-1,SJJVB,15,B15RRJVB2NE,Boston United Boys 15 Select 1,B15,2026-03-15,,2,True,14.0,2.0,0.7951395279941378,0.20486047200586222
B15SJJVB1NE,SMASH Boys 15-1,SJJVB,15,B15SJJVB2NE,SMASH Boys 15 Lightning,B15,2026-02-01,,1,True,18.0,2.0,0.749764062395619,0.250235937604381
B15SJJVB1NE,SMASH Boys 15-1,SJJVB,15,B15SJVBC1NE,South County Juniors Boys 15 1,B15,2026-01-31,,1,True,25.0,2.0,0.8484408273334533,0.15155917266654673
B15SJJVB2NE,SMASH Boys 15 Lightning,SJJVB,15,B15CAPIT1XL,CSVC 15 PANTHERS,B15,2025-12-20,,1,True,16.0,2.0,0.5541938422080106,0.4458061577919894
B15SJJVB2NE,SMASH Boys 15 Lightning,SJJVB,15,B15HKJVB1NE,Husky 15.1,B15,2026-01-31,,1,True,6.0,2.0,0.501394283409037,0.498605716590963
B15SJJVB2NE,SMASH Boys 15 Lightning,SJJVB,15,B15LEGIO1XL,TeamLVC Boys 15 Black,B15,2025-12-20,,1,False,-7.0,-2.0,0.31478362635437057,-0.31478362635437057
B15SJJVB2NE,SMASH Boys 15 Lightning,SJJVB,15,B15LEGIO1XL,TeamLVC Boys 15 Black,B15,2026-03-15,,2,False,-15.0,-2.0,0.31478362635437057,-0.31478362635437057
B15SJJVB2NE,SMASH Boys 15 Lightning,SJJVB,15,B15MCJVB1NE,Mill City 15's,B15,2025-12-21,,1,False,-13.0,-2.0,0.3432062500610508,-0.3432062500610508
B15SJJVB2NE,SMASH Boys 15 Lightning,SJJVB,15,B15MCJVB1NE,Mill City 15's,B15,2026-02-01,,2,False,-8.0,-1.0,0.3432062500610508,-0.3432062500610508
B15SJJVB2NE,SMASH Boys 15 Lightning,SJJVB,15,B15NEVBC1NE,NEVBC Boys 15.1,B15,2026-01-31,,1,False,-14.0,-2.0,0.28393762407962936,-0.28393762407962936
B15SJJVB2NE,SMASH Boys 15 Lightning,SJJVB,15,B15RRJVB1NE,Boston United Boys 15 National,B15,2026-03-14,,1,False,-23.0,-2.0,0.25338603898983264,-0.25338603898983264
B15SJJVB2NE,SMASH Boys 15 Lightning,SJJVB,15,B15RRJVB2NE,Boston United Boys 15 Select 1,B15,2026-01-31,,1,False,-4.0,-2.0,0.5643496742503945,-0.5643496742503945
B15SJJVB2NE,SMASH Boys 15 Lightning,SJJVB,15,B15RRJVB2NE,Boston United Boys 15 Select 1,B15,2026-03-15,,2,True,13.0,2.0,0.5643496742503945,0.4356503257496055
B15SJJVB2NE,SMASH Boys 15 Lightning,SJJVB,15,B15SAVBC1XL,Sporting Albany Boys 15u,B15,2025-12-20,,1,True,9.0,2.0,0.5843624527934083,0.41563754720659174
B15SJJVB2NE,SMASH Boys 15 Lightning,SJJVB,15,B15SAVBC1XL,Sporting Albany Boys 15u,B15,2025-12-21,,2,True,11.0,2.0,0.5843624527934083,0.41563754720659174
B15SJJVB2NE,SMASH Boys 15 Lightning,SJJVB,15,B15SAVBC1XL,Sporting Albany Boys 15u,B15,2026-03-14,,3,True,7.0,1.0,0.5843624527934083,0.41563754720659174
B15SJJVB2NE,SMASH Boys 15 Lightning,SJJVB,15,B15SJJVB1NE,SMASH Boys 15-1,B15,2026-02-01,,1,False,-18.0,-2.0,0.250235937604381,-0.250235937604381
B15SJJVB2NE,SMASH Boys 15 Lightning,SJJVB,15,B15TTVBC1NE,SLAM 15 1 Boys,B15,2026-03-14,,1,True,8.0,2.0,0.6956712567107842,0.3043287432892158
B15SJVBC1NE,South County Juniors Boys 15 1,SJVBC,15,B15CAPIT1XL,CSVC 15 PANTHERS,B15,2026-03-14,,1,False,-13.0,-2.0,0.3995262206591194,-0.3995262206591194
B15SJVBC1NE,South County Juniors Boys 15 1,SJVBC,15,B15CAPIT1XL,CSVC 15 PANTHERS,B15,2026-03-15,,2,False,-30.0,-2.0,0.3995262206591194,-0.3995262206591194
B15SJVBC1NE,South County Juniors Boys 15 1,SJVBC,15,B15HKJVB1NE,Husky 15.1,B15,2026-01-31,,1,False,-0.0,-1.0,0.34989683347530187,-0.34989683347530187
B15SJVBC1NE,South County Juniors Boys 15 1,SJVBC,15,B15HKJVB1NE,Husky 15.1,B15,2026-02-01,,2,False,-12.0,-2.0,0.34989683347530187,-0.34989683347530187
B15SJVBC1NE,South County Juniors Boys 15 1,SJVBC,15,B15LEGIO1XL,TeamLVC Boys 15 Black,B15,2026-03-14,,1,False,-11.0,-2.0,0.1973533145639317,-0.1973533145639317
B15SJVBC1NE,South County Juniors Boys 15 1,SJVBC,15,B15LHVBC1NE,LHV Boys 15-1 Eclipse,B15,2025-11-23,,1,True,24.0,2.0,0.42637393809864876,0.5736260619013512
B15SJVBC1NE,South County Juniors Boys 15 1,SJVBC,15,B15MCJVB1NE,Mill City 15's,B15,2025-11-22,,1,False,-26.0,-2.0,0.21855478491384506,-0.21855478491384506
B15SJVBC1NE,South County Juniors Boys 15 1,SJVBC,15,B15MCJVB1NE,Mill City 15's,B15,2026-03-14,,2,False,-15.0,-2.0,0.21855478491384506,-0.21855478491384506
B15SJVBC1NE,South County Juniors Boys 15 1,SJVBC,15,B15NEVBC3NE,NEVBC Boys 15 Blue,B15,2025-11-23,,1,True,11.0,2.0,0.6285919012119634,0.3714080987880366
B15SJVBC1NE,South County Juniors Boys 15 1,SJVBC,15,B15NEVBC3NE,NEVBC Boys 15 Blue,B15,2026-03-15,,2,True,10.0,1.0,0.6285919012119634,0.3714080987880366
B15SJVBC1NE,South County Juniors Boys 15 1,SJVBC,15,B15RRJVB2NE,Boston United Boys 15 Select 1,B15,2025-11-22,,1,True,-2.0,1.0,0.40945091316967314,0.5905490868303269
B15SJVBC1NE,South County Juniors Boys 15 1,SJVBC,15,B15RRJVB2NE,Boston United Boys 15 Select 1,B15,2026-01-31,,2,False,-5.0,-2.0,0.40945091316967314,-0.40945091316967314
B15SJVBC1NE,South County Juniors Boys 15 1,SJVBC,15,B15SAVBC1XL,Sporting Albany Boys 15u,B15,2026-02-01,,1,False,-3.0,-1.0,0.42938469043309235,-0.42938469043309235
B15SJVBC1NE,South County Juniors Boys 15 1,SJVBC,15,B15SJJVB1NE,SMASH Boys 15-1,B15,2026-01-31,,1,False,-25.0,-2.0,0.15155917266654675,-0.15155917266654675
B15SJVBC1NE,South County Juniors Boys 15 1,SJVBC,15,B15TTVBC1NE,SLAM 15 1 Boys,B15,2025-11-22,,1,False,-2.0,-1.0,0.5502544527522837,-0.5502544527522837
B15SPTMC3GE,Sportime 15 3,SPTMC,15,B15ALLIN1FL,AVA 15 Boys,B15,2026-02-08,,1,False,-8.0,-2.0,0.2679974081152015,-0.2679974081152015
B15SPTMC3GE,Sportime 15 3,SPTMC,15,B15CAPIT1XL,CSVC 15 PANTHERS,B15,2026-02-07,,1,True,2.0,1.0,0.44525510100192806,0.5547448989980719
B15SPTMC3GE,Sportime 15 3,SPTMC,15,B15LCVBC1GE,Legacy Boys 15 Premier,B15,2026-02-06,,1,False,-5.0,-1.0,0.44046276592395456,-0.44046276592395456
B15SPTMC3GE,Sportime 15 3,SPTMC,15,B15NYCIV1GE,NYC Impact 15 National,B15,2026-02-06,,1,False,-23.0,-2.0,0.3366906620137407,-0.3366906620137407
B15SPTMC3GE,Sportime 15 3,SPTMC,15,B15SPTMC4GE,Sportime 15 4,B15,2026-02-07,,1,False,-5.0,-2.0,0.5359525435334523,-0.5359525435334523
B15SPTMC3GE,Sportime 15 3,SPTMC,15,B15SPTMC5GE,Sportime 15 Lynbrook,B15,2026-02-07,,1,True,22.0,2.0,0.578773754205994,0.421226245794006
B15SPTMC3GE,Sportime 15 3,SPTMC,15,B15TACCU1GE,Accuracy 15 Champ,B15,2026-02-06,,1,False,-19.0,-2.0,0.3167744175729233,-0.3167744175729233
B15SPTMC4GE,Sportime 15 4,SPTMC,15,B15ALLIN1FL,AVA 15 Boys,B15,2026-02-06,,1,False,-7.0,-1.0,0.24069635768786424,-0.24069635768786424
B15SPTMC4GE,Sportime 15 4,SPTMC,15,B15ALLIN1FL,AVA 15 Boys,B15,2026-02-07,,2,False,-50.0,-2.0,0.24069635768786424,-0.24069635768786424
B15SPTMC4GE,Sportime 15 4,SPTMC,15,B15CAPIT1XL,CSVC 15 PANTHERS,B15,2026-02-08,,1,True,1.0,1.0,0.4100110292478099,0.5899889707521901
B15SPTMC4GE,Sportime 15 4,SPTMC,15,B15LIFRY1GE,LI Fury 15 1,B15,2026-02-06,,1,False,-10.0,-2.0,0.23398164511896877,-0.23398164511896877
B15SPTMC4GE,Sportime 15 4,SPTMC,15,B15NYCIV1GE,NYC Impact 15 National,B15,2026-02-08,,1,False,-11.0,-2.0,0.3053105071948272,-0.3053105071948272
B15SPTMC4GE,Sportime 15 4,SPTMC,15,B15NYCVA1GE,NYC VBA 15 Nomad,B15,2026-02-06,,1,False,-18.0,-2.0,0.2192752828638962,-0.2192752828638962
B15SPTMC4GE,Sportime 15 4,SPTMC,15,B15SPTMC3GE,Sportime 15 3,B15,2026-02-07,,1,True,5.0,2.0,0.4640474564665477,0.5359525435334522
B15SPTMC4GE,Sportime 15 4,SPTMC,15,B15SPTMC5GE,Sportime 15 Lynbrook,B15,2026-02-07,,1,True,4.0,2.0,0.5433118677504679,0.4566881322495321
B15SPTMC5GE,Sportime 15 Lynbrook,SPTMC,15,B15CORE12GE,CORE Boys 15 Titanium,B15,2026-02-06,,1,False,-17.0,-2.0,0.2044200831707149,-0.2044200831707149
B15SPTMC5GE,Sportime 15 Lynbrook,SPTMC,15,B15DIGSV1GE,Digs Boys 15 Red,B15,2026-02-06,,1,True,11.0,2.0,0.5598032731581946,0.44019672684180544
B15SPTMC5GE,Sportime 15 Lynbrook,SPTMC,15,B15DIGSV1GE,Digs Boys 15 Red,B15,2026-02-07,,2,True,15.0,2.0,0.5598032731581946,0.44019672684180544
B15SPTMC5GE,Sportime 15 Lynbrook,SPTMC,15,B15RRJVB1NE,Boston United Boys 15 National,B15,2026-02-06,,1,False,-24.0,-2.0,0.13754083738420136,-0.13754083738420136
B15SPTMC5GE,Sportime 15 Lynbrook,SPTMC,15,B15SPTMC3GE,Sportime 15 3,B15,2026-02-07,,1,False,-22.0,-2.0,0.421226245794006,-0.421226245794006
B15SPTMC5GE,Sportime 15 Lynbrook,SPTMC,15,B15SPTMC4GE,Sportime 15 4,B15,2026-02-07,,1,False,-4.0,-2.0,0.4566881322495321,-0.4566881322495321
B15SPTMC5GE,Sportime 15 Lynbrook,SPTMC,15,B15TACCU1GE,Accuracy 15 Champ,B15,2026-02-08,,1,False,-21.0,-2.0,0.2523011755181994,-0.2523011755181994
B15SYRVB1XL,SVC 15 1 Boys,SYRVB,15,B15CAPIT1XL,CSVC 15 PANTHERS,B15,2026-01-17,,1,True,18.0,2.0,0.8229736447413233,0.17702635525867672
B15SYRVB1XL,SVC 15 1 Boys,SYRVB,15,B15TTVBC1NE,SLAM 15 1 Boys,B15,2026-01-18,,1,True,18.0,2.0,0.895272272383237,0.10472772761676297
B15SYRVB1XL,SVC 15 1 Boys,SYRVB,15,B16BVJVB2NE,Blast 16 Pyro,MIXED,2026-01-17,,1,True,27.0,2.0,0.7514342314184203,0.24856576858157975
B15SYRVB1XL,SVC 15 1 Boys,SYRVB,15,B16CAPIT1XL,CSVC 16 WOLFJAW,MIXED,2026-01-19,,1,True,11.0,2.0,0.5650647972851596,0.43493520271484043
B15SYRVB1XL,SVC 15 1 Boys,SYRVB,15,B16LHVBC2NE,LHV Boys 16-2 Hunters,MIXED,2026-01-19,,1,True,17.0,2.0,0.6855425485234937,0.3144574514765063
B15SYRVB1XL,SVC 15 1 Boys,SYRVB,15,B16NESVC2NE,NE Storm 16 Monsoon,MIXED,2026-01-17,,1,True,8.0,2.0,0.6388776860358354,0.3611223139641646
B15SYRVB1XL,SVC 15 1 Boys,SYRVB,15,B16NESVC2NE,NE Storm 16 Monsoon,MIXED,2026-01-19,,2,True,22.0,2.0,0.6388776860358354,0.3611223139641646
B15SYRVB1XL,SVC 15 1 Boys,SYRVB,15,B16PVJVB2NE,PV Boys 16 2,MIXED,2026-01-17,,1,True,29.0,2.0,0.7728659976751979,0.22713400232480208
B15SYRVB1XL,SVC 15 1 Boys,SYRVB,15,B16RRJVB3NE,Boston United Boys 16 Select 1,MIXED,2026-01-18,,1,True,15.0,2.0,0.6531902681648392,0.34680973183516084
B15TACCU1GE,Accuracy 15 Champ,TACCU,15,B15CAPIT1XL,CSVC 15 PANTHERS,B15,2026-02-06,,1,True,9.0,2.0,0.6338511480711293,0.3661488519288707
B15TACCU1GE,Accuracy 15 Champ,TACCU,15,B15CORE11GE,CORE Boys 15 Platinum,B15,2026-02-06,,1,False,-8.0,-1.0,0.36290953978107343,-0.36290953978107343
B15TACCU1GE,Accuracy 15 Champ,TACCU,15,B15CORE11GE,CORE Boys 15 Platinum,B15,2026-02-08,,2,False,-16.0,-2.0,0.36290953978107343,-0.36290953978107343
B15TACCU1GE,Accuracy 15 Champ,TACCU,15,B15LHVBC1NE,LHV Boys 15-1 Eclipse,B15,2025-11-22,,1,True,10.0,2.0,0.6591599240342289,0.34084007596577115
B15TACCU1GE,Accuracy 15 Champ,TACCU,15,B15MCJVB1NE,Mill City 15's,B15,2025-11-23,,1,False,-22.0,-2.0,0.4211889461148824,-0.4211889461148824
B15TACCU1GE,Accuracy 15 Champ,TACCU,15,B15NEVBC3NE,NEVBC Boys 15 Blue,B15,2025-11-22,,1,True,24.0,2.0,0.8149339923491442,0.1850660076508558
B15TACCU1GE,Accuracy 15 Champ,TACCU,15,B15NYCIV1GE,NYC Impact 15 National,B15,2026-02-07,,1,True,5.0,1.0,0.5226241208056601,0.4773758791943399
B15TACCU1GE,Accuracy 15 Champ,TACCU,15,B15NYCVA1GE,NYC VBA 15 Nomad,B15,2026-02-07,,1,False,-19.0,-2.0,0.4116373671955964,-0.4116373671955964
B15TACCU1GE,Accuracy 15 Champ,TACCU,15,B15RRJVB1NE,Boston United Boys 15 National,B15,2025-11-22,,1,False,-15.0,-2.0,0.32093239668355733,-0.32093239668355733
B15TACCU1GE,Accuracy 15 Champ,TACCU,15,B15RRJVB1NE,Boston United Boys 15 National,B15,2026-02-07,,2,True,15.0,2.0,0.32093239668355733,0.6790676033164427
B15TACCU1GE,Accuracy 15 Champ,TACCU,15,B15RRJVB2NE,Boston United Boys 15 Select 1,B15,2025-11-23,,1,True,5.0,1.0,0.6433601070295916,0.35663989297040843
B15TACCU1GE,Accuracy 15 Champ,TACCU,15,B15SPTMC3GE,Sportime 15 3,B15,2026-02-06,,1,True,19.0,2.0,0.6832255824270768,0.31677441757292324
B15TACCU1GE,Accuracy 15 Champ,TACCU,15,B15SPTMC5GE,Sportime 15 Lynbrook,B15,2026-02-08,,1,True,21.0,2.0,0.7476988244818006,0.2523011755181994
B15TTVBC1NE,SLAM 15 1 Boys,TTVBC,15,B15CAPIT1XL,CSVC 15 PANTHERS,B15,2026-03-15,,1,False,-26.0,-2.0,0.35225576113396967,-0.35225576113396967
B15TTVBC1NE,SLAM 15 1 Boys,TTVBC,15,B15LEGIO1XL,TeamLVC Boys 15 Black,B15,2026-01-17,,1,False,-14.0,-2.0,0.16733719346066928,-0.16733719346066928
B15TTVBC1NE,SLAM 15 1 Boys,TTVBC,15,B15LHVBC1NE,LHV Boys 15-1 Eclipse,B15,2025-11-23,,1,False,-5.0,-1.0,0.37792619593280435,-0.37792619593280435
B15TTVBC1NE,SLAM 15 1 Boys,TTVBC,15,B15MCJVB1NE,Mill City 15's,B15,2025-11-22,,1,False,-25.0,-2.0,0.186061556881604,-0.186061556881604
B15TTVBC1NE,SLAM 15 1 Boys,TTVBC,15,B15NEVBC3NE,NEVBC Boys 15 Blue,B15,2025-11-23,,1,False,-1.0,-1.0,0.5804161465404508,-0.5804161465404508
B15TTVBC1NE,SLAM 15 1 Boys,TTVBC,15,B15NEVBC3NE,NEVBC Boys 15 Blue,B15,2026-03-15,,2,True,2.0,1.0,0.5804161465404508,0.4195838534595492
B15TTVBC1NE,SLAM 15 1 Boys,TTVBC,15,B15RRJVB1NE,Boston United Boys 15 National,B15,2026-03-14,,1,False,-22.0,-2.0,0.12927291519199996,-0.12927291519199996
B15TTVBC1NE,SLAM 15 1 Boys,TTVBC,15,B15RRJVB2NE,Boston United Boys 15 Select 1,B15,2025-11-22,,1,False,-10.0,-2.0,0.3617135475517453,-0.3617135475517453
B15TTVBC1NE,SLAM 15 1 Boys,TTVBC,15,B15SAVBC1XL,Sporting Albany Boys 15u,B15,2026-03-14,,1,False,-6.0,-1.0,0.3808219621755379,-0.3808219621755379
B15TTVBC1NE,SLAM 15 1 Boys,TTVBC,15,B15SJJVB2NE,SMASH Boys 15 Lightning,B15,2026-03-14,,1,False,-8.0,-2.0,0.30432874328921583,-0.30432874328921583
B15TTVBC1NE,SLAM 15 1 Boys,TTVBC,15,B15SJVBC1NE,South County Juniors Boys 15 1,B15,2025-11-22,,1,True,2.0,1.0,0.44974554724771626,0.5502544527522837
B15TTVBC1NE,SLAM 15 1 Boys,TTVBC,15,B15SYRVB1XL,SVC 15 1 Boys,B15,2026-01-18,,1,False,-18.0,-2.0,0.10472772761676293,-0.10472772761676293
B15TTVBC1NE,SLAM 15 1 Boys,TTVBC,15,B16BVJVB2NE,Blast 16 Pyro,MIXED,2026-01-17,,1,False,-10.0,-2.0,0.46747633100794417,-0.46747633100794417
B15TTVBC1NE,SLAM 15 1 Boys,TTVBC,15,B16CAPIT1XL,CSVC 16 WOLFJAW,MIXED,2026-01-18,,1,False,-24.0,-2.0,0.27392250897679354,-0.27392250897679354
B15TTVBC1NE,SLAM 15 1 Boys,TTVBC,15,B16NESVC2NE,NE Storm 16 Monsoon,MIXED,2026-01-18,,1,False,-16.0,-2.0,0.3393799601181868,-0.3393799601181868
B15TTVBC1NE,SLAM 15 1 Boys,TTVBC,15,B16PVJVB2NE,PV Boys 16 2,MIXED,2026-01-18,,1,True,17.0,2.0,0.49700270467669194,0.5029972953233081
B15TTVBC1NE,SLAM 15 1 Boys,TTVBC,15,B16PVJVB2NE,PV Boys 16 2,MIXED,2026-01-19,,2,False,-12.0,-2.0,0.49700270467669194,-0.49700270467669194
B161130588XX,NY Strangers 16,113058,16,B16ALLIN1FL,AVA 16 Boys,B16,2026-02-06,,1,True,13.0,2.0,0.7694223254094418,0.23057767459055822
B161130588XX,NY Strangers 16,113058,16,B16CAPIT1XL,CSVC 16 WOLFJAW,B16,2026-02-07,,1,True,20.0,2.0,0.5797375422735465,0.42026245772645354
B161130588XX,NY Strangers 16,113058,16,B16CORE12GE,CORE Boys 16 Titanium,B16,2026-02-07,,1,True,10.0,2.0,0.6260884306296063,0.3739115693703937
B161130588XX,NY Strangers 16,113058,16,B16DIGSV1GE,Digs Boys 16 Red,B16,2026-02-08,,1,True,11.0,2.0,0.5784218958857914,0.4215781041142086
B161130588XX,NY Strangers 16,113058,16,B16LIFRY2GE,LI Fury 16 2,B16,2026-02-07,,1,True,26.0,2.0,0.8333554567552796,0.16664454324472044
B161130588XX,NY Strangers 16,113058,16,B16NYCIV2GE,NYC Impact 16U Travel,B16,2026-02-06,,1,False,-4.0,-2.0,0.5159002069942741,-0.5159002069942741
B161130588XX,NY Strangers 16,113058,16,B16NYCIV2GE,NYC Impact 16U Travel,B16,2026-02-08,,2,True,4.0,1.0,0.5159002069942741,0.4840997930057259
B161130588XX,NY Strangers 16,113058,16,B16SPTMC6GE,Sportime 16 Lynbrook,B16,2026-02-06,,1,True,10.0,2.0,0.6620303979316619,0.33796960206833815
B16118971XX,Supreme 16-1,11897,16,B16BVJVB2NE,Blast 16 Pyro,B16,2026-02-01,,1,True,10.0,2.0,0.6316826394465205,0.3683173605534795
B16118971XX,Supreme 16-1,11897,16,B16CAPIT1XL,CSVC 16 WOLFJAW,B16,2026-03-15,,1,False,-10.0,-2.0,0.32388244023225893,-0.32388244023225893
B16118971XX,Supreme 16-1,11897,16,B16HKJVB2NE,Husky 16.2,B16,2026-01-31,,1,True,13.0,2.0,0.6432224345204106,0.3567775654795894
B16118971XX,Supreme 16-1,11897,16,B16HKJVB2NE,Husky 16.2,B16,2026-03-14,,2,True,20.0,2.0,0.6432224345204106,0.3567775654795894
B16118971XX,Supreme 16-1,11897,16,B16LHVBC1NE,LHV Boys 16-1 Valiants,B16,2025-11-22,,1,False,-9.0,-2.0,0.44516478347078353,-0.44516478347078353
B16118971XX,Supreme 16-1,11897,16,B16LHVBC1NE,LHV Boys 16-1 Valiants,B16,2025-11-23,,2,False,-21.0,-2.0,0.44516478347078353,-0.44516478347078353
B16118971XX,Supreme 16-1,11897,16,B16LHVBC2NE,LHV Boys 16-2 Hunters,B16,2025-11-23,,1,True,11.0,1.0,0.5114305558056036,0.4885694441943964
B16118971XX,Supreme 16-1,11897,16,B16MCJVB2NE,Mill City 16 Royal,B16,2025-11-22,,1,True,30.0,2.0,0.751110029436486,0.24888997056351403
B16118971XX,Supreme 16-1,11897,16,B16MCJVB2NE,Mill City 16 Royal,B16,2026-01-31,,2,True,27.0,2.0,0.751110029436486,0.24888997056351403
B16118971XX,Supreme 16-1,11897,16,B16NESVC2NE,NE Storm 16 Monsoon,B16,2025-11-23,,1,True,6.0,1.0,0.43298021261051106,0.5670197873894889
B16118971XX,Supreme 16-1,11897,16,B16NEVBC2NE,NEVBC Boys 16.2,B16,2026-02-01,,1,False,-7.0,-1.0,0.47571868875000917,-0.47571868875000917
B16118971XX,Supreme 16-1,11897,16,B16NEVBC3NE,NEVBC Boys 16 Blue,B16,2025-11-22,,1,True,24.0,2.0,0.7207555517614427,0.2792444482385573
B16118971XX,Supreme 16-1,11897,16,B16NEVBC4NE,NEVBC Boys 16 Orange,B16,2026-03-14,,1,True,28.0,2.0,0.7823254655831239,0.21767453441687612
B16118971XX,Supreme 16-1,11897,16,B16PVJVB1NE,PV Boys 16 1,B16,2026-03-15,,1,True,14.0,2.0,0.6197800463488556,0.38021995365114436
B16118971XX,Supreme 16-1,11897,16,B16PVJVB2NE,PV Boys 16 2,B16,2026-03-14,,1,True,20.0,2.0,0.672185128197579,0.32781487180242097
B16118971XX,Supreme 16-1,11897,16,B16RRJVB3NE,Boston United Boys 16 Select 1,B16,2026-01-31,,1,True,2.0,1.0,0.45631943397207575,0.5436805660279243
B16118971XX,Supreme 16-1,11897,16,B16SAVBC1XL,Sporting Albany Boys 16u,B16,2026-01-31,,1,False,-18.0,-2.0,0.3582420474300547,-0.3582420474300547
B16ALLIN1FL,AVA 16 Boys,ALLIN,16,B161130588XX,NY Strangers 16,B16,2026-02-06,,1,False,-13.0,-2.0,0.2305776745905582,-0.2305776745905582
B16ALLIN1FL,AVA 16 Boys,ALLIN,16,B16CORE12GE,CORE Boys 16 Titanium,B16,2026-02-07,,1,True,-8.0,1.0,0.33412652917319124,0.6658734708268088
B16ALLIN1FL,AVA 16 Boys,ALLIN,16,B16LIFRY2GE,LI Fury 16 2,B16,2026-02-08,,1,True,10.0,1.0,0.5997791517557307,0.4002208482442693
B16ALLIN1FL,AVA 16 Boys,ALLIN,16,B16MVPVA2NE,MVP BOS 16 Blue,B16,2026-02-07,,1,True,1.0,1.0,0.6885109315873328,0.3114890684126672
B16ALLIN1FL,AVA 16 Boys,ALLIN,16,B16NYCIV2GE,NYC Impact 16U Travel,B16,2026-02-06,,1,False,-26.0,-2.0,0.24205791945602342,-0.24205791945602342
B16ALLIN1FL,AVA 16 Boys,ALLIN,16,B16SPTMC3GE,Sportime 16 3,B16,2026-02-07,,1,False,-10.0,-2.0,0.39499008200861163,-0.39499008200861163
B16ALLIN1FL,AVA 16 Boys,ALLIN,16,B16SPTMC4GE,Sportime 16 4,B16,2026-02-08,,1,True,10.0,2.0,0.5811214252748731,0.4188785747251269
B16ALLIN1FL,AVA 16 Boys,ALLIN,16,B16SPTMC6GE,Sportime 16 Lynbrook,B16,2026-02-06,,1,False,-5.0,-2.0,0.36988814517846047,-0.36988814517846047
B16BVJVB1NE,Blast 16 Inferno,BVJVB,16,B16LEGIO1XL,TeamLVC Boys 16 Black,B16,2026-01-17,,1,False,-7.0,-2.0,0.23553847077715698,-0.23553847077715698
B16BVJVB1NE,Blast 16 Inferno,BVJVB,16,B16MCJVB1NE,Mill City 16's,B16,2025-11-22,,1,False,-17.0,-2.0,0.2837606908883283,-0.2837606908883283
B16BVJVB1NE,Blast 16 Inferno,BVJVB,16,B16MCJVB1NE,Mill City 16's,B16,2026-01-31,,2,False,-12.0,-2.0,0.2837606908883283,-0.2837606908883283
B16BVJVB1NE,Blast 16 Inferno,BVJVB,16,B16MCJVB1NE,Mill City 16's,B16,2026-03-14,,3,False,-2.0,-1.0,0.2837606908883283,-0.2837606908883283
B16BVJVB1NE,Blast 16 Inferno,BVJVB,16,B16MVNER1NE,Meraki VB 16 1,B16,2026-01-17,,1,False,-9.0,-2.0,0.575397322225188,-0.575397322225188
B16BVJVB1NE,Blast 16 Inferno,BVJVB,16,B16NESVC1NE,NE Storm 16 Lightning,B16,2026-01-18,,1,False,-24.0,-2.0,0.3629023121840985,-0.3629023121840985
B16BVJVB1NE,Blast 16 Inferno,BVJVB,16,B16NYCVA1GE,NYC VBA 16 Hudson,B16,2026-01-31,,1,False,-24.0,-2.0,0.2799817721984223,-0.2799817721984223
B16BVJVB1NE,Blast 16 Inferno,BVJVB,16,B16PVJVB1NE,PV Boys 16 1,B16,2026-01-17,,1,True,8.0,2.0,0.5440619850224376,0.45593801497756237
B16BVJVB1NE,Blast 16 Inferno,BVJVB,16,B16PVJVB1NE,PV Boys 16 1,B16,2026-01-19,,2,False,-7.0,-1.0,0.5440619850224376,-0.5440619850224376
B16BVJVB1NE,Blast 16 Inferno,BVJVB,16,B16RRJVB1NE,Boston United Boys 16 National 1,B16,2025-11-23,,1,False,-16.0,-2.0,0.3992971175553806,-0.3992971175553806
B16BVJVB1NE,Blast 16 Inferno,BVJVB,16,B16SJJVB2NE,SMASH Boys 16's Fire,B16,2026-02-01,,1,False,-12.0,-2.0,0.27683694039408246,-0.27683694039408246
B16BVJVB1NE,Blast 16 Inferno,BVJVB,16,B16SJJVB2NE,SMASH Boys 16's Fire,B16,2026-03-14,,2,False,-18.0,-2.0,0.27683694039408246,-0.27683694039408246
B16BVJVB1NE,Blast 16 Inferno,BVJVB,16,B16SJVBC1NE,South County Juniors Boys 16's Blue,B16,2025-11-22,,1,False,-4.0,-1.0,0.46014780405761835,-0.46014780405761835
B16BVJVB1NE,Blast 16 Inferno,BVJVB,16,B16SJVBC1NE,South County Juniors Boys 16's Blue,B16,2026-03-14,,2,True,6.0,1.0,0.46014780405761835,0.5398521959423817
B16BVJVB1NE,Blast 16 Inferno,BVJVB,16,B16SJVBC1NE,South County Juniors Boys 16's Blue,B16,2026-03-15,,3,False,-11.0,-2.0,0.46014780405761835,-0.46014780405761835
B16BVJVB1NE,Blast 16 Inferno,BVJVB,16,B16SYRVB1XL,SVC 16 1 Boys,B16,2026-01-18,,1,False,-20.0,-2.0,0.24951086510587106,-0.24951086510587106
B16BVJVB1NE,Blast 16 Inferno,BVJVB,16,B16TTVBC1NE,SLAM 16 1 Boys,B16,2025-11-22,,1,True,5.0,1.0,0.46403129269122,0.53596870730878
B16BVJVB1NE,Blast 16 Inferno,BVJVB,16,B16TTVBC1NE,SLAM 16 1 Boys,B16,2025-11-23,,2,False,-11.0,-1.0,0.46403129269122,-0.46403129269122
B16BVJVB1NE,Blast 16 Inferno,BVJVB,16,B16TTVBC1NE,SLAM 16 1 Boys,B16,2026-01-18,,3,False,3.0,-1.0,0.46403129269122,-0.46403129269122
B16BVJVB1NE,Blast 16 Inferno,BVJVB,16,B16TTVBC1NE,SLAM 16 1 Boys,B16,2026-01-31,,4,True,8.0,2.0,0.46403129269122,0.53596870730878
B16BVJVB1NE,Blast 16 Inferno,BVJVB,16,B16TTVBC1NE,SLAM 16 1 Boys,B16,2026-02-01,,5,True,6.0,1.0,0.46403129269122,0.53596870730878
B16BVJVB1NE,Blast 16 Inferno,BVJVB,16,B16TTVBC1NE,SLAM 16 1 Boys,B16,2026-03-15,,6,False,-1.0,-1.0,0.46403129269122,-0.46403129269122
B16BVJVB2NE,Blast 16 Pyro,BVJVB,16,B15CAPIT1XL,CSVC 15 PANTHERS,MIXED,2026-01-18,,1,False,-13.0,-2.0,0.44503454691827327,-0.44503454691827327
B16BVJVB2NE,Blast 16 Pyro,BVJVB,16,B15SYRVB1XL,SVC 15 1 Boys,MIXED,2026-01-17,,1,False,-27.0,-2.0,0.24856576858157978,-0.24856576858157978
B16BVJVB2NE,Blast 16 Pyro,BVJVB,16,B15TTVBC1NE,SLAM 15 1 Boys,MIXED,2026-01-17,,1,True,10.0,2.0,0.5325236689920558,0.46747633100794417
B16BVJVB2NE,Blast 16 Pyro,BVJVB,16,B16118971XX,Supreme 16-1,B16,2026-02-01,,1,False,-10.0,-2.0,0.3683173605534795,-0.3683173605534795
B16BVJVB2NE,Blast 16 Pyro,BVJVB,16,B16CAPIT1XL,CSVC 16 WOLFJAW,B16,2026-01-18,,1,False,-15.0,-2.0,0.21832939692462122,-0.21832939692462122
B16BVJVB2NE,Blast 16 Pyro,BVJVB,16,B16CAPIT1XL,CSVC 16 WOLFJAW,B16,2026-03-14,,2,False,-13.0,-2.0,0.21832939692462122,-0.21832939692462122
B16BVJVB2NE,Blast 16 Pyro,BVJVB,16,B16HKJVB2NE,Husky 16.2,B16,2026-01-31,,1,False,-8.0,-1.0,0.5124813862713127,-0.5124813862713127
B16BVJVB2NE,Blast 16 Pyro,BVJVB,16,B16HKJVB2NE,Husky 16.2,B16,2026-02-01,,2,False,-11.0,-2.0,0.5124813862713127,-0.5124813862713127
B16BVJVB2NE,Blast 16 Pyro,BVJVB,16,B16LHVBC2NE,LHV Boys 16-2 Hunters,B16,2026-01-18,,1,False,-5.0,-2.0,0.37901951426374153,-0.37901951426374153
B16BVJVB2NE,Blast 16 Pyro,BVJVB,16,B16MVPVA2NE,MVP BOS 16 Blue,B16,2025-11-22,,1,False,-22.0,-2.0,0.5989506177368096,-0.5989506177368096
B16BVJVB2NE,Blast 16 Pyro,BVJVB,16,B16NESVC2NE,NE Storm 16 Monsoon,B16,2026-01-17,,1,False,-7.0,-1.0,0.30807286400375383,-0.30807286400375383
B16BVJVB2NE,Blast 16 Pyro,BVJVB,16,B16NEVBC3NE,NEVBC Boys 16 Blue,B16,2025-11-23,,1,True,-4.0,1.0,0.6007929896023291,0.3992070103976709
B16BVJVB2NE,Blast 16 Pyro,BVJVB,16,B16NEVBC3NE,NEVBC Boys 16 Blue,B16,2026-03-14,,2,False,-17.0,-2.0,0.6007929896023291,-0.6007929896023291
B16BVJVB2NE,Blast 16 Pyro,BVJVB,16,B16NEVBC4NE,NEVBC Boys 16 Orange,B16,2025-11-22,,1,True,12.0,2.0,0.6769581797075039,0.32304182029249606
B16BVJVB2NE,Blast 16 Pyro,BVJVB,16,B16NEVBC4NE,NEVBC Boys 16 Orange,B16,2025-11-23,,2,False,-19.0,-2.0,0.6769581797075039,-0.6769581797075039
B16BVJVB2NE,Blast 16 Pyro,BVJVB,16,B16NEVBC4NE,NEVBC Boys 16 Orange,B16,2026-03-15,,3,True,4.0,2.0,0.6769581797075039,0.32304182029249606
B16BVJVB2NE,Blast 16 Pyro,BVJVB,16,B16PVJVB1NE,PV Boys 16 1,B16,2026-01-31,,1,False,-12.0,-1.0,0.48729588103440036,-0.48729588103440036
B16BVJVB2NE,Blast 16 Pyro,BVJVB,16,B16PVJVB2NE,PV Boys 16 2,B16,2026-01-19,,1,False,-8.0,-2.0,0.5445422561865202,-0.5445422561865202
B16BVJVB2NE,Blast 16 Pyro,BVJVB,16,B16PVJVB2NE,PV Boys 16 2,B16,2026-01-31,,2,True,14.0,2.0,0.5445422561865202,0.4554577438134798
B16BVJVB2NE,Blast 16 Pyro,BVJVB,16,B16PVJVB2NE,PV Boys 16 2,B16,2026-03-15,,3,True,5.0,2.0,0.5445422561865202,0.4554577438134798
B16BVJVB2NE,Blast 16 Pyro,BVJVB,16,B16RRJVB3NE,Boston United Boys 16 Select 1,B16,2025-11-22,,1,False,-22.0,-2.0,0.3285807886959864,-0.3285807886959864
B16BVJVB2NE,Blast 16 Pyro,BVJVB,16,B16RRJVB3NE,Boston United Boys 16 Select 1,B16,2026-03-14,,2,False,-12.0,-2.0,0.3285807886959864,-0.3285807886959864
B16BVJVB2NE,Blast 16 Pyro,BVJVB,16,B16SAVBC1XL,Sporting Albany Boys 16u,B16,2026-01-31,,1,False,-15.0,-2.0,0.24555813556431955,-0.24555813556431955
B16CAPIT1XL,CSVC 16 WOLFJAW,CAPIT,16,B15CAPIT1XL,CSVC 15 PANTHERS,MIXED,2026-01-17,,1,True,19.0,2.0,0.6510775150279248,0.34892248497207523
B16CAPIT1XL,CSVC 16 WOLFJAW,CAPIT,16,B15LEGIO1XL,TeamLVC Boys 15 Black,MIXED,2026-01-19,,1,True,8.0,2.0,0.5125240826416616,0.4874759173583384
B16CAPIT1XL,CSVC 16 WOLFJAW,CAPIT,16,B15RRJVB2NE,Boston United Boys 15 Select 1,MIXED,2026-01-19,,1,True,11.0,2.0,0.6564522288105363,0.34354777118946367
B16CAPIT1XL,CSVC 16 WOLFJAW,CAPIT,16,B15SYRVB1XL,SVC 15 1 Boys,MIXED,2026-01-19,,1,False,-11.0,-2.0,0.43493520271484043,-0.43493520271484043
B16CAPIT1XL,CSVC 16 WOLFJAW,CAPIT,16,B15TTVBC1NE,SLAM 15 1 Boys,MIXED,2026-01-18,,1,True,24.0,2.0,0.7260774910232064,0.2739225089767936
B16CAPIT1XL,CSVC 16 WOLFJAW,CAPIT,16,B161130588XX,NY Strangers 16,B16,2026-02-07,,1,False,-20.0,-2.0,0.42026245772645354,-0.42026245772645354
B16CAPIT1XL,CSVC 16 WOLFJAW,CAPIT,16,B16118971XX,Supreme 16-1,B16,2026-03-15,,1,True,10.0,2.0,0.676117559767741,0.323882440232259
B16CAPIT1XL,CSVC 16 WOLFJAW,CAPIT,16,B16BVJVB2NE,Blast 16 Pyro,B16,2026-01-18,,1,True,15.0,2.0,0.7816706030753787,0.21832939692462128
B16CAPIT1XL,CSVC 16 WOLFJAW,CAPIT,16,B16BVJVB2NE,Blast 16 Pyro,B16,2026-03-14,,2,True,13.0,2.0,0.7816706030753787,0.21832939692462128
B16CAPIT1XL,CSVC 16 WOLFJAW,CAPIT,16,B16CORE12GE,CORE Boys 16 Titanium,B16,2026-02-06,,1,False,-15.0,-2.0,0.5482930375953555,-0.5482930375953555
B16CAPIT1XL,CSVC 16 WOLFJAW,CAPIT,16,B16LEGIO1XL,TeamLVC Boys 16 Black,B16,2025-12-20,,1,False,-7.0,-1.0,0.46769440117206806,-0.46769440117206806
B16CAPIT1XL,CSVC 16 WOLFJAW,CAPIT,16,B16LHVBC2NE,LHV Boys 16-2 Hunters,B16,2026-01-17,,1,True,9.0,2.0,0.6860499508776999,0.31395004912230007
B16CAPIT1XL,CSVC 16 WOLFJAW,CAPIT,16,B16LIFRY2GE,LI Fury 16 2,B16,2026-02-07,,1,True,7.0,2.0,0.7837917230059445,0.21620827699405554
B16CAPIT1XL,CSVC 16 WOLFJAW,CAPIT,16,B16MCJVB2NE,Mill City 16 Royal,B16,2025-12-20,,1,True,11.0,2.0,0.8630110929497884,0.1369889070502116
B16CAPIT1XL,CSVC 16 WOLFJAW,CAPIT,16,B16MVPVA2NE,MVP BOS 16 Blue,B16,2026-02-06,,1,True,20.0,2.0,0.8424435827093103,0.1575564172906897
B16CAPIT1XL,CSVC 16 WOLFJAW,CAPIT,16,B16NESVC2NE,NE Storm 16 Monsoon,B16,2026-03-15,,1,True,8.0,2.0,0.6145038958406371,0.38549610415936286
B16CAPIT1XL,CSVC 16 WOLFJAW,CAPIT,16,B16NEVBC1NE,NEVBC Boys 16.1,B16,2025-12-21,,1,True,5.0,1.0,0.5309898243237492,0.4690101756762508
B16CAPIT1XL,CSVC 16 WOLFJAW,CAPIT,16,B16NEVBC3NE,NEVBC Boys 16 Blue,B16,2026-03-14,,1,True,30.0,2.0,0.8434597261828538,0.1565402738171462
B16CAPIT1XL,CSVC 16 WOLFJAW,CAPIT,16,B16NYCIV2GE,NYC Impact 16U Travel,B16,2026-02-08,,1,False,-17.0,-2.0,0.43583727154652163,-0.43583727154652163
B16CAPIT1XL,CSVC 16 WOLFJAW,CAPIT,16,B16PVJVB2NE,PV Boys 16 2,B16,2026-01-18,,1,True,20.0,2.0,0.8106241914663646,0.18937580853363545
B16CAPIT1XL,CSVC 16 WOLFJAW,CAPIT,16,B16RRJVB1NE,Boston United Boys 16 National 1,B16,2025-12-20,,1,True,10.0,2.0,0.6546404566981427,0.34535954330185725
B16CAPIT1XL,CSVC 16 WOLFJAW,CAPIT,16,B16RRJVB3NE,Boston United Boys 16 Select 1,B16,2026-01-17,,1,True,3.0,1.0,0.6366416850489686,0.36335831495103144
B16CAPIT1XL,CSVC 16 WOLFJAW,CAPIT,16,B16RRJVB3NE,Boston United Boys 16 Select 1,B16,2026-03-14,,2,True,3.0,1.0,0.6366416850489686,0.36335831495103144
B16CAPIT1XL,CSVC 16 WOLFJAW,CAPIT,16,B16SAVBC1XL,Sporting Albany Boys 16u,B16,2026-03-15,,1,False,-27.0,-2.0,0.5381715841541757,-0.5381715841541757
B16CAPIT1XL,CSVC 16 WOLFJAW,CAPIT,16,B16SJJVB2NE,SMASH Boys 16's Fire,B16,2025-12-21,,1,False,-8.0,-2.0,0.5219081439215144,-0.5219081439215144
B16CAPIT1XL,CSVC 16 WOLFJAW,CAPIT,16,B16SPTMC3GE,Sportime 16 3,B16,2026-02-07,,1,True,8.0,2.0,0.6122955931445399,0.38770440685546015
B16CAPIT1XL,CSVC 16 WOLFJAW,CAPIT,16,B16SPTMC4GE,Sportime 16 4,B16,2026-02-06,,1,True,8.0,2.0,0.770428936549039,0.229571063450961
B16CORE11GE,CORE Boys 16 Platinum,CORE1,16,B16LCVBC1GE,Legacy Boys 16 National,B16,2026-02-07,,1,True,11.0,2.0,0.7343934422583525,0.26560655774164754
B16CORE11GE,CORE Boys 16 Platinum,CORE1,16,B16LHVBC1NE,LHV Boys 16-1 Valiants,B16,2026-02-06,,1,True,12.0,2.0,0.6782283112364689,0.3217716887635311
B16CORE11GE,CORE Boys 16 Platinum,CORE1,16,B16MVPVA1NE,MVP BOS 16 Black,B16,2026-02-06,,1,True,5.0,1.0,0.6301569074651125,0.36984309253488745
B16CORE11GE,CORE Boys 16 Platinum,CORE1,16,B16MVPVA1NE,MVP BOS 16 Black,B16,2026-02-08,,2,True,16.0,2.0,0.6301569074651125,0.36984309253488745
B16CORE11GE,CORE Boys 16 Platinum,CORE1,16,B16NYCVA1GE,NYC VBA 16 Hudson,B16,2026-02-07,,1,True,12.0,2.0,0.5825438051795735,0.4174561948204265
B16CORE11GE,CORE Boys 16 Platinum,CORE1,16,B16NYCVA1GE,NYC VBA 16 Hudson,B16,2026-02-08,,2,True,6.0,2.0,0.5825438051795735,0.4174561948204265
B16CORE11GE,CORE Boys 16 Platinum,CORE1,16,B16RRJVB1NE,Boston United Boys 16 National 1,B16,2026-02-06,,1,True,17.0,2.0,0.7046171199488357,0.2953828800511643
B16CORE11GE,CORE Boys 16 Platinum,CORE1,16,B16SJVBC1NE,South County Juniors Boys 16's Blue,B16,2026-02-07,,1,True,12.0,1.0,0.7536229619562992,0.2463770380437008
B16CORE12GE,CORE Boys 16 Titanium,CORE1,16,B161130588XX,NY Strangers 16,B16,2026-02-07,,1,False,-10.0,-2.0,0.3739115693703937,-0.3739115693703937
B16CORE12GE,CORE Boys 16 Titanium,CORE1,16,B16ALLIN1FL,AVA 16 Boys,B16,2026-02-07,,1,False,8.0,-1.0,0.6658734708268088,-0.6658734708268088
B16CORE12GE,CORE Boys 16 Titanium,CORE1,16,B16CAPIT1XL,CSVC 16 WOLFJAW,B16,2026-02-06,,1,True,15.0,2.0,0.4517069624046445,0.5482930375953555
B16CORE12GE,CORE Boys 16 Titanium,CORE1,16,B16MVPVA2NE,MVP BOS 16 Blue,B16,2026-02-06,,1,True,28.0,2.0,0.8149871205572922,0.18501287944270783
B16CORE12GE,CORE Boys 16 Titanium,CORE1,16,B16SPTMC3GE,Sportime 16 3,B16,2026-02-07,,1,True,6.0,1.0,0.5654217081822266,0.4345782918177734
B16CORE12GE,CORE Boys 16 Titanium,CORE1,16,B16SPTMC4GE,Sportime 16 4,B16,2026-02-06,,1,True,19.0,2.0,0.7343797417861142,0.2656202582138858
B16CORE12GE,CORE Boys 16 Titanium,CORE1,16,B16SPTMC6GE,Sportime 16 Lynbrook,B16,2026-02-08,,1,False,-7.0,-2.0,0.5391405585781908,-0.5391405585781908
B16DIGSV1GE,Digs Boys 16 Red,DIGSV,16,B161130588XX,NY Strangers 16,B16,2026-02-08,,1,False,-11.0,-2.0,0.42157810411420854,-0.42157810411420854
B16DIGSV1GE,Digs Boys 16 Red,DIGSV,16,B16LCVBC2GE,Legacy Boys 16 Premier,B16,2026-02-06,,1,True,4.0,2.0,0.6799222688653122,0.32007773113468785
B16DIGSV1GE,Digs Boys 16 Red,DIGSV,16,B16LCVBC2GE,Legacy Boys 16 Premier,B16,2026-02-07,,2,True,19.0,1.0,0.6799222688653122,0.32007773113468785
B16DIGSV1GE,Digs Boys 16 Red,DIGSV,16,B16LIFRY2GE,LI Fury 16 2,B16,2026-02-06,,1,True,18.0,2.0,0.7847050124725584,0.21529498752744158
B16DIGSV1GE,Digs Boys 16 Red,DIGSV,16,B16SPTMC3GE,Sportime 16 3,B16,2026-02-06,,1,True,11.0,2.0,0.6135761501423884,0.3864238498576116
B16DIGSV1GE,Digs Boys 16 Red,DIGSV,16,B16SPTMC4GE,Sportime 16 4,B16,2026-02-07,,1,True,20.0,2.0,0.7713822077429882,0.22861779225701184
B16DIGSV1GE,Digs Boys 16 Red,DIGSV,16,B16SPTMC6GE,Sportime 16 Lynbrook,B16,2026-02-07,,1,True,14.0,2.0,0.5880856233271294,0.41191437667287056
B16HKJVB1NE,Husky 16.1,HKJVB,16,B16LEGIO1XL,TeamLVC Boys 16 Black,B16,2026-03-14,,1,False,-9.0,-2.0,0.47229315672804645,-0.47229315672804645
B16HKJVB1NE,Husky 16.1,HKJVB,16,B16LEGIO1XL,TeamLVC Boys 16 Black,B16,2026-03-15,,2,False,-10.0,-1.0,0.47229315672804645,-0.47229315672804645
B16HKJVB1NE,Husky 16.1,HKJVB,16,B16MCJVB1NE,Mill City 16's,B16,2026-02-01,,1,True,16.0,2.0,0.5350606970841341,0.46493930291586594
B16HKJVB1NE,Husky 16.1,HKJVB,16,B16MCJVB1NE,Mill City 16's,B16,2026-03-15,,2,True,11.0,1.0,0.5350606970841341,0.46493930291586594
B16HKJVB1NE,Husky 16.1,HKJVB,16,B16MVPVA1NE,MVP BOS 16 Black,B16,2026-01-31,,1,True,5.0,1.0,0.5796823717365661,0.4203176282634339
B16HKJVB1NE,Husky 16.1,HKJVB,16,B16NESVC1NE,NE Storm 16 Lightning,B16,2026-03-14,,1,True,4.0,2.0,0.6232972482568839,0.37670275174311607
B16HKJVB1NE,Husky 16.1,HKJVB,16,B16NEVBC1NE,NEVBC Boys 16.1,B16,2026-02-01,,1,True,3.0,1.0,0.5355847458954905,0.46441525410450946
B16HKJVB1NE,Husky 16.1,HKJVB,16,B16RRJVB1NE,Boston United Boys 16 National 1,B16,2026-03-14,,1,True,8.0,1.0,0.6588023818006444,0.34119761819935557
B16HKJVB1NE,Husky 16.1,HKJVB,16,B16RRJVB1NE,Boston United Boys 16 National 1,B16,2026-03-15,,2,True,6.0,1.0,0.6588023818006444,0.34119761819935557
B16HKJVB1NE,Husky 16.1,HKJVB,16,B16SJJVB1NE,SMASH Boys 16-1,B16,2026-01-31,,1,False,-11.0,-2.0,0.45214357988999304,-0.45214357988999304
B16HKJVB1NE,Husky 16.1,HKJVB,16,B16SJJVB1NE,SMASH Boys 16-1,B16,2026-02-01,,2,False,-10.0,-1.0,0.45214357988999304,-0.45214357988999304
B16HKJVB1NE,Husky 16.1,HKJVB,16,B16SJJVB2NE,SMASH Boys 16's Fire,B16,2026-01-31,,1,True,5.0,2.0,0.5265127007384198,0.4734872992615802
B16HKJVB2NE,Husky 16.2,HKJVB,16,B16118971XX,Supreme 16-1,B16,2026-01-31,,1,False,-13.0,-2.0,0.3567775654795894,-0.3567775654795894
B16HKJVB2NE,Husky 16.2,HKJVB,16,B16118971XX,Supreme 16-1,B16,2026-03-14,,2,False,-20.0,-2.0,0.3567775654795894,-0.3567775654795894
B16HKJVB2NE,Husky 16.2,HKJVB,16,B16BVJVB2NE,Blast 16 Pyro,B16,2026-01-31,,1,True,8.0,1.0,0.4875186137286874,0.5124813862713127
B16HKJVB2NE,Husky 16.2,HKJVB,16,B16BVJVB2NE,Blast 16 Pyro,B16,2026-02-01,,2,True,11.0,2.0,0.4875186137286874,0.5124813862713127
B16HKJVB2NE,Husky 16.2,HKJVB,16,B16NEVBC2NE,NEVBC Boys 16.2,B16,2026-02-01,,1,False,-16.0,-2.0,0.33479434974730377,-0.33479434974730377
B16HKJVB2NE,Husky 16.2,HKJVB,16,B16NEVBC3NE,NEVBC Boys 16 Blue,B16,2026-03-15,,1,False,-1.0,-1.0,0.5887582476986484,-0.5887582476986484
B16HKJVB2NE,Husky 16.2,HKJVB,16,B16NEVBC4NE,NEVBC Boys 16 Orange,B16,2026-03-14,,1,True,18.0,2.0,0.6659428543436883,0.3340571456563117
B16HKJVB2NE,Husky 16.2,HKJVB,16,B16PVJVB1NE,PV Boys 16 1,B16,2026-01-31,,1,True,13.0,2.0,0.47483045879790614,0.5251695412020938
B16HKJVB2NE,Husky 16.2,HKJVB,16,B16PVJVB2NE,PV Boys 16 2,B16,2026-03-14,,1,True,13.0,2.0,0.5321323256659718,0.4678676743340282
B16HKJVB2NE,Husky 16.2,HKJVB,16,B16RRJVB3NE,Boston United Boys 16 Select 1,B16,2026-03-15,,1,False,-7.0,-1.0,0.3176599049813964,-0.3176599049813964
B16JHEAT1GE,CJ HEAT 16-1 Boys,JHEAT,16,B16LHVBC2NE,LHV Boys 16-2 Hunters,B16,2026-01-31,,1,True,14.0,1.0,0.42123047055722873,0.5787695294427713
B16JHEAT1GE,CJ HEAT 16-1 Boys,JHEAT,16,B16MVPVA2NE,MVP BOS 16 Blue,B16,2026-01-31,,1,True,19.0,2.0,0.640395772668511,0.359604227331489
B16JHEAT1GE,CJ HEAT 16-1 Boys,JHEAT,16,B16NESVC1NE,NE Storm 16 Lightning,B16,2026-01-31,,1,False,-12.0,-2.0,0.3510708907177411,-0.3510708907177411
B16JHEAT1GE,CJ HEAT 16-1 Boys,JHEAT,16,B16RRJVB3NE,Boston United Boys 16 Select 1,B16,2026-02-01,,1,False,-9.0,-2.0,0.3685079139213643,-0.3685079139213643
B16JHEAT1GE,CJ HEAT 16-1 Boys,JHEAT,16,B16SAVBC1XL,Sporting Albany Boys 16u,B16,2026-02-01,,1,False,-22.0,-2.0,0.27959795338421517,-0.27959795338421517
B16LCVBC1GE,Legacy Boys 16 National,LCVBC,16,B16CORE11GE,CORE Boys 16 Platinum,B16,2026-02-07,,1,False,-11.0,-2.0,0.2656065577416476,-0.2656065577416476
B16LCVBC1GE,Legacy Boys 16 National,LCVBC,16,B16LHVBC1NE,LHV Boys 16-1 Valiants,B16,2026-02-08,,1,False,-1.0,-1.0,0.4325666002301767,-0.4325666002301767
B16LCVBC1GE,Legacy Boys 16 National,LCVBC,16,B16LIFRY1GE,LI Fury 16 1,B16,2026-02-06,,1,False,-0.0,-1.0,0.36764273901834377,-0.36764273901834377
B16LCVBC1GE,Legacy Boys 16 National,LCVBC,16,B16MVPVA1NE,MVP BOS 16 Black,B16,2026-02-07,,1,False,-17.0,-2.0,0.3812752862876196,-0.3812752862876196
B16LCVBC1GE,Legacy Boys 16 National,LCVBC,16,B16NYCVA1GE,NYC VBA 16 Hudson,B16,2026-02-06,,1,False,-10.0,-2.0,0.33541281117435695,-0.33541281117435695
B16LCVBC1GE,Legacy Boys 16 National,LCVBC,16,B16RRJVB1NE,Boston United Boys 16 National 1,B16,2026-02-07,,1,False,-1.0,-1.0,0.4631552457619339,-0.4631552457619339
B16LCVBC1GE,Legacy Boys 16 National,LCVBC,16,B16RRJVB1NE,Boston United Boys 16 National 1,B16,2026-02-08,,2,True,1.0,1.0,0.4631552457619339,0.5368447542380661
B16LCVBC1GE,Legacy Boys 16 National,LCVBC,16,B16SJVBC1NE,South County Juniors Boys 16's Blue,B16,2026-02-06,,1,False,-9.0,-2.0,0.5252286452038911,-0.5252286452038911
B16LCVBC2GE,Legacy Boys 16 Premier,LCVBC,16,B16DIGSV1GE,Digs Boys 16 Red,B16,2026-02-06,,1,False,-4.0,-2.0,0.32007773113468785,-0.32007773113468785
B16LCVBC2GE,Legacy Boys 16 Premier,LCVBC,16,B16DIGSV1GE,Digs Boys 16 Red,B16,2026-02-07,,2,False,-19.0,-1.0,0.32007773113468785,-0.32007773113468785
B16LCVBC2GE,Legacy Boys 16 Premier,LCVBC,16,B16LIFRY2GE,LI Fury 16 2,B16,2026-02-06,,1,True,8.0,2.0,0.6317854651165971,0.36821453488340294
B16LCVBC2GE,Legacy Boys 16 Premier,LCVBC,16,B16MVPVA2NE,MVP BOS 16 Blue,B16,2026-02-07,,1,True,11.0,2.0,0.7167721070187228,0.28322789298127715
B16LCVBC2GE,Legacy Boys 16 Premier,LCVBC,16,B16NYCIV2GE,NYC Impact 16U Travel,B16,2026-02-07,,1,False,-11.0,-2.0,0.26774558593514247,-0.26774558593514247
B16LCVBC2GE,Legacy Boys 16 Premier,LCVBC,16,B16SPTMC3GE,Sportime 16 3,B16,2026-02-06,,1,False,-3.0,-1.0,0.42774804124767946,-0.42774804124767946
B16LCVBC2GE,Legacy Boys 16 Premier,LCVBC,16,B16SPTMC3GE,Sportime 16 3,B16,2026-02-08,,2,False,-9.0,-2.0,0.42774804124767946,-0.42774804124767946
B16LEGIO1XL,TeamLVC Boys 16 Black,LEGIO,16,B16BVJVB1NE,Blast 16 Inferno,B16,2026-01-17,,1,True,7.0,2.0,0.764461529222843,0.23553847077715695
B16LEGIO1XL,TeamLVC Boys 16 Black,LEGIO,16,B16CAPIT1XL,CSVC 16 WOLFJAW,B16,2025-12-20,,1,True,7.0,1.0,0.5323055988279319,0.46769440117206806
B16LEGIO1XL,TeamLVC Boys 16 Black,LEGIO,16,B16HKJVB1NE,Husky 16.1,B16,2026-03-14,,1,True,9.0,2.0,0.5277068432719536,0.4722931567280464
B16LEGIO1XL,TeamLVC Boys 16 Black,LEGIO,16,B16HKJVB1NE,Husky 16.1,B16,2026-03-15,,2,True,10.0,1.0,0.5277068432719536,0.4722931567280464
B16LEGIO1XL,TeamLVC Boys 16 Black,LEGIO,16,B16MCJVB1NE,Mill City 16's,B16,2025-12-21,,1,True,10.0,2.0,0.5625245894992613,0.4374754105007387
B16LEGIO1XL,TeamLVC Boys 16 Black,LEGIO,16,B16MCJVB2NE,Mill City 16 Royal,B16,2025-12-20,,1,True,21.0,2.0,0.8776036219433186,0.12239637805668135
B16LEGIO1XL,TeamLVC Boys 16 Black,LEGIO,16,B16MVNER1NE,Meraki VB 16 1,B16,2026-01-18,,1,True,17.0,2.0,0.8147544272010077,0.18524557279899234
B16LEGIO1XL,TeamLVC Boys 16 Black,LEGIO,16,B16NESVC1NE,NE Storm 16 Lightning,B16,2026-01-17,,1,True,13.0,2.0,0.6489684804248389,0.3510315195751611
B16LEGIO1XL,TeamLVC Boys 16 Black,LEGIO,16,B16NESVC1NE,NE Storm 16 Lightning,B16,2026-01-19,,2,True,16.0,2.0,0.6489684804248389,0.3510315195751611
B16LEGIO1XL,TeamLVC Boys 16 Black,LEGIO,16,B16NESVC1NE,NE Storm 16 Lightning,B16,2026-03-15,,3,True,13.0,2.0,0.6489684804248389,0.3510315195751611
B16LEGIO1XL,TeamLVC Boys 16 Black,LEGIO,16,B16NEVBC2NE,NEVBC Boys 16.2,B16,2026-03-14,,1,True,18.0,2.0,0.6831286432056465,0.3168713567943535
B16LEGIO1XL,TeamLVC Boys 16 Black,LEGIO,16,B16PVJVB1NE,PV Boys 16 1,B16,2026-01-18,,1,True,14.0,2.0,0.7947834231372993,0.20521657686270067
B16LEGIO1XL,TeamLVC Boys 16 Black,LEGIO,16,B16RRJVB1NE,Boston United Boys 16 National 1,B16,2025-12-20,,1,True,14.0,2.0,0.6832834994815614,0.3167165005184386
B16LEGIO1XL,TeamLVC Boys 16 Black,LEGIO,16,B16SAVBC1XL,Sporting Albany Boys 16u,B16,2025-12-21,,1,True,1.0,1.0,0.5701312519181992,0.42986874808180076
B16LEGIO1XL,TeamLVC Boys 16 Black,LEGIO,16,B16SJJVB2NE,SMASH Boys 16's Fire,B16,2025-12-21,,1,True,20.0,2.0,0.5540606956855186,0.44593930431448137
B16LEGIO1XL,TeamLVC Boys 16 Black,LEGIO,16,B16SJJVB2NE,SMASH Boys 16's Fire,B16,2026-03-15,,2,True,-3.0,1.0,0.5540606956855186,0.44593930431448137
B16LEGIO1XL,TeamLVC Boys 16 Black,LEGIO,16,B16SYRVB1XL,SVC 16 1 Boys,B16,2026-01-18,,1,False,-9.0,-1.0,0.5190095161132461,-0.5190095161132461
B16LEGIO1XL,TeamLVC Boys 16 Black,LEGIO,16,B16SYRVB1XL,SVC 16 1 Boys,B16,2026-01-19,,2,True,9.0,2.0,0.5190095161132461,0.4809904838867539
B16LEGIO1XL,TeamLVC Boys 16 Black,LEGIO,16,B16TTVBC1NE,SLAM 16 1 Boys,B16,2026-01-17,,1,True,18.0,2.0,0.737530712891961,0.26246928710803896
B16LEGIO1XL,TeamLVC Boys 16 Black,LEGIO,16,B16TTVBC1NE,SLAM 16 1 Boys,B16,2026-03-14,,2,True,20.0,2.0,0.737530712891961,0.26246928710803896
B16LHVBC1NE,LHV Boys 16-1 Valiants,LHVBC,16,B16118971XX,Supreme 16-1,B16,2025-11-22,,1,True,9.0,2.0,0.5548352165292165,0.4451647834707835
B16LHVBC1NE,LHV Boys 16-1 Valiants,LHVBC,16,B16118971XX,Supreme 16-1,B16,2025-11-23,,2,True,21.0,2.0,0.5548352165292165,0.4451647834707835
B16LHVBC1NE,LHV Boys 16-1 Valiants,LHVBC,16,B16CORE11GE,CORE Boys 16 Platinum,B16,2026-02-06,,1,False,-12.0,-2.0,0.3217716887635312,-0.3217716887635312
B16LHVBC1NE,LHV Boys 16-1 Valiants,LHVBC,16,B16LCVBC1GE,Legacy Boys 16 National,B16,2026-02-08,,1,True,1.0,1.0,0.5674333997698233,0.4325666002301767
B16LHVBC1NE,LHV Boys 16-1 Valiants,LHVBC,16,B16LIFRY1GE,LI Fury 16 1,B16,2026-02-07,,1,False,-15.0,-1.0,0.43267246496970924,-0.43267246496970924
B16LHVBC1NE,LHV Boys 16-1 Valiants,LHVBC,16,B16MCJVB2NE,Mill City 16 Royal,B16,2025-11-22,,1,True,6.0,2.0,0.7899738649588695,0.21002613504113055
B16LHVBC1NE,LHV Boys 16-1 Valiants,LHVBC,16,B16MVPVA1NE,MVP BOS 16 Black,B16,2026-01-31,,1,False,-4.0,-1.0,0.4470117892473704,-0.4470117892473704
B16LHVBC1NE,LHV Boys 16-1 Valiants,LHVBC,16,B16MVPVA1NE,MVP BOS 16 Black,B16,2026-02-06,,2,False,-9.0,-1.0,0.4470117892473704,-0.4470117892473704
B16LHVBC1NE,LHV Boys 16-1 Valiants,LHVBC,16,B16MVPVA2NE,MVP BOS 16 Blue,B16,2025-11-23,,1,True,26.0,2.0,0.7614713992743767,0.23852860072562332
B16LHVBC1NE,LHV Boys 16-1 Valiants,LHVBC,16,B16NEVBC1NE,NEVBC Boys 16.1,B16,2026-01-31,,1,False,-7.0,-1.0,0.40332225059923815,-0.40332225059923815
B16LHVBC1NE,LHV Boys 16-1 Valiants,LHVBC,16,B16NEVBC3NE,NEVBC Boys 16 Blue,B16,2025-11-22,,1,True,25.0,2.0,0.7628627655202722,0.2371372344797278
B16LHVBC1NE,LHV Boys 16-1 Valiants,LHVBC,16,B16NYCVA1GE,NYC VBA 16 Hudson,B16,2026-02-07,,1,False,-8.0,-2.0,0.3983327232199471,-0.3983327232199471
B16LHVBC1NE,LHV Boys 16-1 Valiants,LHVBC,16,B16RRJVB1NE,Boston United Boys 16 National 1,B16,2026-02-06,,1,False,-14.0,-2.0,0.5308956952362464,-0.5308956952362464
B16LHVBC1NE,LHV Boys 16-1 Valiants,LHVBC,16,B16RRJVB3NE,Boston United Boys 16 Select 1,B16,2025-11-23,,1,True,15.0,2.0,0.511262556300702,0.48873744369929795
B16LHVBC1NE,LHV Boys 16-1 Valiants,LHVBC,16,B16SJJVB2NE,SMASH Boys 16's Fire,B16,2026-01-31,,1,True,-2.0,1.0,0.39458705662089116,0.6054129433791089
B16LHVBC1NE,LHV Boys 16-1 Valiants,LHVBC,16,B16SJJVB2NE,SMASH Boys 16's Fire,B16,2026-02-01,,2,False,-10.0,-2.0,0.39458705662089116,-0.39458705662089116
B16LHVBC1NE,LHV Boys 16-1 Valiants,LHVBC,16,B16SJVBC1NE,South County Juniors Boys 16's Blue,B16,2026-02-07,,1,True,13.0,2.0,0.592035740537971,0.40796425946202897
B16LHVBC1NE,LHV Boys 16-1 Valiants,LHVBC,16,B16SJVBC1NE,South County Juniors Boys 16's Blue,B16,2026-02-08,,2,True,9.0,2.0,0.592035740537971,0.40796425946202897
B16LHVBC1NE,LHV Boys 16-1 Valiants,LHVBC,16,B16TTVBC1NE,SLAM 16 1 Boys,B16,2026-02-01,,1,True,8.0,1.0,0.5958038658005467,0.4041961341994533
B16LHVBC2NE,LHV Boys 16-2 Hunters,LHVBC,16,B15LEGIO1XL,TeamLVC Boys 15 Black,MIXED,2026-01-17,,1,False,-12.0,-2.0,0.38520537673045496,-0.38520537673045496
B16LHVBC2NE,LHV Boys 16-2 Hunters,LHVBC,16,B15RRJVB2NE,Boston United Boys 15 Select 1,MIXED,2026-01-17,,1,False,1.0,-1.0,0.5324307338563092,-0.5324307338563092
B16LHVBC2NE,LHV Boys 16-2 Hunters,LHVBC,16,B15SYRVB1XL,SVC 15 1 Boys,MIXED,2026-01-19,,1,False,-17.0,-2.0,0.31445745147650633,-0.31445745147650633
B16LHVBC2NE,LHV Boys 16-2 Hunters,LHVBC,16,B16118971XX,Supreme 16-1,B16,2025-11-23,,1,False,-11.0,-1.0,0.48856944419439646,-0.48856944419439646
B16LHVBC2NE,LHV Boys 16-2 Hunters,LHVBC,16,B16BVJVB2NE,Blast 16 Pyro,B16,2026-01-18,,1,True,5.0,2.0,0.6209804857362585,0.3790195142637415
B16LHVBC2NE,LHV Boys 16-2 Hunters,LHVBC,16,B16CAPIT1XL,CSVC 16 WOLFJAW,B16,2026-01-17,,1,False,-9.0,-2.0,0.3139500491223001,-0.3139500491223001
B16LHVBC2NE,LHV Boys 16-2 Hunters,LHVBC,16,B16JHEAT1GE,CJ HEAT 16-1 Boys,B16,2026-01-31,,1,False,-14.0,-1.0,0.5787695294427713,-0.5787695294427713
B16LHVBC2NE,LHV Boys 16-2 Hunters,LHVBC,16,B16MVPVA2NE,MVP BOS 16 Blue,B16,2026-01-31,,1,True,9.0,2.0,0.7098810791343473,0.2901189208656527
B16LHVBC2NE,LHV Boys 16-2 Hunters,LHVBC,16,B16MVPVA2NE,MVP BOS 16 Blue,B16,2026-02-01,,2,True,9.0,1.0,0.7098810791343473,0.2901189208656527
B16LHVBC2NE,LHV Boys 16-2 Hunters,LHVBC,16,B16NESVC1NE,NE Storm 16 Lightning,B16,2026-01-31,,1,False,-17.0,-2.0,0.4263861411089633,-0.4263861411089633
B16LHVBC2NE,LHV Boys 16-2 Hunters,LHVBC,16,B16NESVC2NE,NE Storm 16 Monsoon,B16,2025-11-22,,1,False,-17.0,-2.0,0.42178931730554503,-0.42178931730554503
B16LHVBC2NE,LHV Boys 16-2 Hunters,LHVBC,16,B16NESVC2NE,NE Storm 16 Monsoon,B16,2025-11-23,,2,False,-14.0,-2.0,0.42178931730554503,-0.42178931730554503
B16LHVBC2NE,LHV Boys 16-2 Hunters,LHVBC,16,B16NEVBC4NE,NEVBC Boys 16 Orange,B16,2025-11-22,,1,True,12.0,1.0,0.774437499400211,0.225562500599789
B16LHVBC2NE,LHV Boys 16-2 Hunters,LHVBC,16,B16PVJVB1NE,PV Boys 16 1,B16,2026-02-01,,1,False,-4.0,-2.0,0.6089461460982605,-0.6089461460982605
B16LHVBC2NE,LHV Boys 16-2 Hunters,LHVBC,16,B16PVJVB2NE,PV Boys 16 2,B16,2026-01-17,,1,False,1.0,-1.0,0.6620301853038798,-0.6620301853038798
B16LHVBC2NE,LHV Boys 16-2 Hunters,LHVBC,16,B16RRJVB3NE,Boston United Boys 16 Select 1,B16,2025-11-22,,1,True,15.0,2.0,0.4449987252049305,0.5550012747950694
B16LHVBC2NE,LHV Boys 16-2 Hunters,LHVBC,16,B16RRJVB3NE,Boston United Boys 16 Select 1,B16,2026-01-18,,2,False,-12.0,-2.0,0.4449987252049305,-0.4449987252049305
B16LIFRY1GE,LI Fury 16 1,LIFRY,16,B16LCVBC1GE,Legacy Boys 16 National,B16,2026-02-06,,1,True,0.0,1.0,0.6323572609816562,0.36764273901834377
B16LIFRY1GE,LI Fury 16 1,LIFRY,16,B16LHVBC1NE,LHV Boys 16-1 Valiants,B16,2026-02-07,,1,True,15.0,1.0,0.5673275350302908,0.43267246496970924
B16LIFRY1GE,LI Fury 16 1,LIFRY,16,B16MVPVA1NE,MVP BOS 16 Black,B16,2026-02-07,,1,True,8.0,2.0,0.5145469125375925,0.48545308746240745
B16LIFRY1GE,LI Fury 16 1,LIFRY,16,B16NYCVA1GE,NYC VBA 16 Hudson,B16,2026-02-06,,1,False,-1.0,-1.0,0.46469356710950793,-0.46469356710950793
B16LIFRY1GE,LI Fury 16 1,LIFRY,16,B16NYCVA1GE,NYC VBA 16 Hudson,B16,2026-02-08,,2,False,-10.0,-2.0,0.46469356710950793,-0.46469356710950793
B16LIFRY1GE,LI Fury 16 1,LIFRY,16,B16RRJVB1NE,Boston United Boys 16 National 1,B16,2026-02-07,,1,True,5.0,1.0,0.5974127055111396,0.40258729448886044
B16LIFRY1GE,LI Fury 16 1,LIFRY,16,B16SJVBC1NE,South County Juniors Boys 16's Blue,B16,2026-02-06,,1,True,5.0,1.0,0.6555088096147006,0.3444911903852994
B16LIFRY2GE,LI Fury 16 2,LIFRY,16,B161130588XX,NY Strangers 16,B16,2026-02-07,,1,False,-26.0,-2.0,0.16664454324472042,-0.16664454324472042
B16LIFRY2GE,LI Fury 16 2,LIFRY,16,B16ALLIN1FL,AVA 16 Boys,B16,2026-02-08,,1,False,-10.0,-1.0,0.4002208482442693,-0.4002208482442693
B16LIFRY2GE,LI Fury 16 2,LIFRY,16,B16CAPIT1XL,CSVC 16 WOLFJAW,B16,2026-02-07,,1,False,-7.0,-2.0,0.2162082769940555,-0.2162082769940555
B16LIFRY2GE,LI Fury 16 2,LIFRY,16,B16DIGSV1GE,Digs Boys 16 Red,B16,2026-02-06,,1,False,-18.0,-2.0,0.21529498752744156,-0.21529498752744156
B16LIFRY2GE,LI Fury 16 2,LIFRY,16,B16LCVBC2GE,Legacy Boys 16 Premier,B16,2026-02-06,,1,False,-8.0,-2.0,0.36821453488340294,-0.36821453488340294
B16LIFRY2GE,LI Fury 16 2,LIFRY,16,B16MVPVA2NE,MVP BOS 16 Blue,B16,2026-02-08,,1,True,8.0,2.0,0.595950920134983,0.40404907986501704
B16LIFRY2GE,LI Fury 16 2,LIFRY,16,B16SPTMC3GE,Sportime 16 3,B16,2026-02-06,,1,False,-19.0,-2.0,0.3034486342788949,-0.3034486342788949
B16LIFRY2GE,LI Fury 16 2,LIFRY,16,B16SPTMC4GE,Sportime 16 4,B16,2026-02-07,,1,True,-3.0,1.0,0.4807179813758517,0.5192820186241482
B16MCJVB1NE,Mill City 16's,MCJVB,16,B16BVJVB1NE,Blast 16 Inferno,B16,2025-11-22,,1,True,17.0,2.0,0.7162393091116717,0.28376069088832834
B16MCJVB1NE,Mill City 16's,MCJVB,16,B16BVJVB1NE,Blast 16 Inferno,B16,2026-01-31,,2,True,12.0,2.0,0.7162393091116717,0.28376069088832834
B16MCJVB1NE,Mill City 16's,MCJVB,16,B16BVJVB1NE,Blast 16 Inferno,B16,2026-03-14,,3,True,2.0,1.0,0.7162393091116717,0.28376069088832834
B16MCJVB1NE,Mill City 16's,MCJVB,16,B16HKJVB1NE,Husky 16.1,B16,2026-02-01,,1,False,-16.0,-2.0,0.464939302915866,-0.464939302915866
B16MCJVB1NE,Mill City 16's,MCJVB,16,B16HKJVB1NE,Husky 16.1,B16,2026-03-15,,2,False,-11.0,-1.0,0.464939302915866,-0.464939302915866
B16MCJVB1NE,Mill City 16's,MCJVB,16,B16LEGIO1XL,TeamLVC Boys 16 Black,B16,2025-12-21,,1,False,-10.0,-2.0,0.4374754105007386,-0.4374754105007386
B16MCJVB1NE,Mill City 16's,MCJVB,16,B16MCJVB2NE,Mill City 16 Royal,B16,2025-12-21,,1,True,21.0,2.0,0.8479375773135024,0.1520624226864976
B16MCJVB1NE,Mill City 16's,MCJVB,16,B16NESVC1NE,NE Storm 16 Lightning,B16,2025-11-23,,1,True,13.0,2.0,0.5897891446469726,0.41021085535302737
B16MCJVB1NE,Mill City 16's,MCJVB,16,B16NEVBC1NE,NEVBC Boys 16.1,B16,2025-12-20,,1,False,2.0,-1.0,0.5005266771960029,-0.5005266771960029
B16MCJVB1NE,Mill City 16's,MCJVB,16,B16NEVBC1NE,NEVBC Boys 16.1,B16,2026-02-01,,2,False,-6.0,-1.0,0.5005266771960029,-0.5005266771960029
B16MCJVB1NE,Mill City 16's,MCJVB,16,B16NYCVA1GE,NYC VBA 16 Hudson,B16,2026-01-31,,1,True,6.0,2.0,0.4953329030941728,0.5046670969058271
B16MCJVB1NE,Mill City 16's,MCJVB,16,B16RRJVB1NE,Boston United Boys 16 National 1,B16,2026-03-15,,1,True,13.0,2.0,0.626560294974691,0.373439705025309
B16MCJVB1NE,Mill City 16's,MCJVB,16,B16SAVBC1XL,Sporting Albany Boys 16u,B16,2025-12-20,,1,True,16.0,1.0,0.50774246298167,0.49225753701832997
B16MCJVB1NE,Mill City 16's,MCJVB,16,B16SJJVB2NE,SMASH Boys 16's Fire,B16,2025-12-20,,1,True,8.0,2.0,0.4914201017472355,0.5085798982527645
B16MCJVB1NE,Mill City 16's,MCJVB,16,B16SJJVB2NE,SMASH Boys 16's Fire,B16,2026-03-14,,2,True,7.0,2.0,0.4914201017472355,0.5085798982527645
B16MCJVB1NE,Mill City 16's,MCJVB,16,B16SJVBC1NE,South County Juniors Boys 16's Blue,B16,2025-11-22,,1,True,6.0,2.0,0.6826843231312262,0.3173156768687738
B16MCJVB1NE,Mill City 16's,MCJVB,16,B16SJVBC1NE,South County Juniors Boys 16's Blue,B16,2026-03-14,,2,True,7.0,2.0,0.6826843231312262,0.3173156768687738
B16MCJVB1NE,Mill City 16's,MCJVB,16,B16TACCU1GE,Accuracy 16 Champ,B16,2025-11-23,,1,True,22.0,2.0,0.604867429631159,0.395132570368841
B16MCJVB1NE,Mill City 16's,MCJVB,16,B16TTVBC1NE,SLAM 16 1 Boys,B16,2025-11-22,,1,True,19.0,2.0,0.6860591616266067,0.31394083837339326
B16MCJVB1NE,Mill City 16's,MCJVB,16,B16TTVBC1NE,SLAM 16 1 Boys,B16,2026-01-31,,2,True,10.0,2.0,0.6860591616266067,0.31394083837339326
B16MCJVB2NE,Mill City 16 Royal,MCJVB,16,B16118971XX,Supreme 16-1,B16,2025-11-22,,1,False,-30.0,-2.0,0.24888997056351397,-0.24888997056351397
B16MCJVB2NE,Mill City 16 Royal,MCJVB,16,B16118971XX,Supreme 16-1,B16,2026-01-31,,2,False,-27.0,-2.0,0.24888997056351397,-0.24888997056351397
B16MCJVB2NE,Mill City 16 Royal,MCJVB,16,B16CAPIT1XL,CSVC 16 WOLFJAW,B16,2025-12-20,,1,False,-11.0,-2.0,0.13698890705021158,-0.13698890705021158
B16MCJVB2NE,Mill City 16 Royal,MCJVB,16,B16LEGIO1XL,TeamLVC Boys 16 Black,B16,2025-12-20,,1,False,-21.0,-2.0,0.12239637805668126,-0.12239637805668126
B16MCJVB2NE,Mill City 16 Royal,MCJVB,16,B16LHVBC1NE,LHV Boys 16-1 Valiants,B16,2025-11-22,,1,False,-6.0,-2.0,0.21002613504113057,-0.21002613504113057
B16MCJVB2NE,Mill City 16 Royal,MCJVB,16,B16MCJVB1NE,Mill City 16's,B16,2025-12-21,,1,False,-21.0,-2.0,0.15206242268649756,-0.15206242268649756
B16MCJVB2NE,Mill City 16 Royal,MCJVB,16,B16MVPVA2NE,MVP BOS 16 Blue,B16,2026-02-01,,1,True,-7.0,1.0,0.4590905316691552,0.5409094683308449
B16MCJVB2NE,Mill City 16 Royal,MCJVB,16,B16NESVC2NE,NE Storm 16 Monsoon,B16,2026-03-14,,1,False,-23.0,-2.0,0.20193512462778349,-0.20193512462778349
B16MCJVB2NE,Mill City 16 Royal,MCJVB,16,B16NEVBC2NE,NEVBC Boys 16.2,B16,2026-01-31,,1,False,-27.0,-2.0,0.23116530186813744,-0.23116530186813744
B16MCJVB2NE,Mill City 16 Royal,MCJVB,16,B16NEVBC3NE,NEVBC Boys 16 Blue,B16,2025-11-22,,1,False,-1.0,-1.0,0.4609972101522546,-0.4609972101522546
B16MCJVB2NE,Mill City 16 Royal,MCJVB,16,B16NEVBC3NE,NEVBC Boys 16 Blue,B16,2025-11-23,,2,False,-1.0,-1.0,0.4609972101522546,-0.4609972101522546
B16MCJVB2NE,Mill City 16 Royal,MCJVB,16,B16NEVBC4NE,NEVBC Boys 16 Orange,B16,2025-11-23,,1,False,-13.0,-2.0,0.5435713598396584,-0.5435713598396584
B16MCJVB2NE,Mill City 16 Royal,MCJVB,16,B16NEVBC4NE,NEVBC Boys 16 Orange,B16,2026-03-15,,2,True,6.0,2.0,0.5435713598396584,0.45642864016034157
B16MCJVB2NE,Mill City 16 Royal,MCJVB,16,B16PVJVB1NE,PV Boys 16 1,B16,2026-03-14,,1,False,-13.0,-1.0,0.3507084719256686,-0.3507084719256686
B16MCJVB2NE,Mill City 16 Royal,MCJVB,16,B16PVJVB2NE,PV Boys 16 2,B16,2026-01-31,,1,False,4.0,-1.0,0.40457062102569746,-0.40457062102569746
B16MCJVB2NE,Mill City 16 Royal,MCJVB,16,B16PVJVB2NE,PV Boys 16 2,B16,2026-02-01,,2,False,3.0,-1.0,0.40457062102569746,-0.40457062102569746
B16MCJVB2NE,Mill City 16 Royal,MCJVB,16,B16PVJVB2NE,PV Boys 16 2,B16,2026-03-15,,3,False,-11.0,-1.0,0.40457062102569746,-0.40457062102569746
B16MCJVB2NE,Mill City 16 Royal,MCJVB,16,B16RRJVB1NE,Boston United Boys 16 National 1,B16,2025-12-20,,1,False,-29.0,-2.0,0.23129248789393964,-0.23129248789393964
B16MCJVB2NE,Mill City 16 Royal,MCJVB,16,B16SAVBC1XL,Sporting Albany Boys 16u,B16,2025-12-21,,1,False,-20.0,-2.0,0.1560991562480805,-0.1560991562480805
B16MCJVB2NE,Mill City 16 Royal,MCJVB,16,B16SAVBC1XL,Sporting Albany Boys 16u,B16,2026-03-14,,2,False,-18.0,-2.0,0.1560991562480805,-0.1560991562480805
B16MVNER1NE,Meraki VB 16 1,MVNER,16,B16BVJVB1NE,Blast 16 Inferno,B16,2026-01-17,,1,True,9.0,2.0,0.424602677774812,0.575397322225188
B16MVNER1NE,Meraki VB 16 1,MVNER,16,B16LEGIO1XL,TeamLVC Boys 16 Black,B16,2026-01-18,,1,False,-17.0,-2.0,0.18524557279899234,-0.18524557279899234
B16MVNER1NE,Meraki VB 16 1,MVNER,16,B16NESVC1NE,NE Storm 16 Lightning,B16,2026-01-17,,1,False,-23.0,-2.0,0.2959422071437406,-0.2959422071437406
B16MVNER1NE,Meraki VB 16 1,MVNER,16,B16PVJVB1NE,PV Boys 16 1,B16,2026-01-18,,1,True,11.0,2.0,0.4682426513724175,0.5317573486275825
B16MVNER1NE,Meraki VB 16 1,MVNER,16,B16PVJVB1NE,PV Boys 16 1,B16,2026-01-19,,2,False,-15.0,-2.0,0.4682426513724175,-0.4682426513724175
B16MVNER1NE,Meraki VB 16 1,MVNER,16,B16SYRVB1XL,SVC 16 1 Boys,B16,2026-01-17,,1,False,-26.0,-2.0,0.197003374496147,-0.197003374496147
B16MVNER1NE,Meraki VB 16 1,MVNER,16,B16TTVBC1NE,SLAM 16 1 Boys,B16,2026-01-18,,1,False,-18.0,-2.0,0.38982908002240263,-0.38982908002240263
B16MVPVA1NE,MVP BOS 16 Black,MVPVA,16,B16CORE11GE,CORE Boys 16 Platinum,B16,2026-02-06,,1,False,-5.0,-1.0,0.36984309253488745,-0.36984309253488745
B16MVPVA1NE,MVP BOS 16 Black,MVPVA,16,B16CORE11GE,CORE Boys 16 Platinum,B16,2026-02-08,,2,False,-16.0,-2.0,0.36984309253488745,-0.36984309253488745
B16MVPVA1NE,MVP BOS 16 Black,MVPVA,16,B16HKJVB1NE,Husky 16.1,B16,2026-01-31,,1,False,-5.0,-1.0,0.42031762826343394,-0.42031762826343394
B16MVPVA1NE,MVP BOS 16 Black,MVPVA,16,B16LCVBC1GE,Legacy Boys 16 National,B16,2026-02-07,,1,True,17.0,2.0,0.6187247137123804,0.38127528628761964
B16MVPVA1NE,MVP BOS 16 Black,MVPVA,16,B16LHVBC1NE,LHV Boys 16-1 Valiants,B16,2026-01-31,,1,True,4.0,1.0,0.5529882107526296,0.4470117892473704
B16MVPVA1NE,MVP BOS 16 Black,MVPVA,16,B16LHVBC1NE,LHV Boys 16-1 Valiants,B16,2026-02-06,,2,True,9.0,1.0,0.5529882107526296,0.4470117892473704
B16MVPVA1NE,MVP BOS 16 Black,MVPVA,16,B16LIFRY1GE,LI Fury 16 1,B16,2026-02-07,,1,False,-8.0,-2.0,0.48545308746240734,-0.48545308746240734
B16MVPVA1NE,MVP BOS 16 Black,MVPVA,16,B16NESVC1NE,NE Storm 16 Lightning,B16,2025-11-22,,1,False,-2.0,-1.0,0.5453989871967174,-0.5453989871967174
B16MVPVA1NE,MVP BOS 16 Black,MVPVA,16,B16NYCVA1GE,NYC VBA 16 Hudson,B16,2026-02-01,,1,False,-12.0,-2.0,0.4502488632259652,-0.4502488632259652
B16MVPVA1NE,MVP BOS 16 Black,MVPVA,16,B16RRJVB1NE,Boston United Boys 16 National 1,B16,2025-11-22,,1,True,9.0,2.0,0.5833381717678814,0.4166618282321186
B16MVPVA1NE,MVP BOS 16 Black,MVPVA,16,B16RRJVB1NE,Boston United Boys 16 National 1,B16,2025-11-23,,2,False,-7.0,-2.0,0.5833381717678814,-0.5833381717678814
B16MVPVA1NE,MVP BOS 16 Black,MVPVA,16,B16RRJVB1NE,Boston United Boys 16 National 1,B16,2026-02-06,,3,True,10.0,2.0,0.5833381717678814,0.4166618282321186
B16MVPVA1NE,MVP BOS 16 Black,MVPVA,16,B16SJJVB1NE,SMASH Boys 16-1,B16,2026-01-31,,1,False,-9.0,-2.0,0.3743773619374359,-0.3743773619374359
B16MVPVA1NE,MVP BOS 16 Black,MVPVA,16,B16SJJVB1NE,SMASH Boys 16-1,B16,2026-02-01,,2,False,-19.0,-2.0,0.3743773619374359,-0.3743773619374359
B16MVPVA1NE,MVP BOS 16 Black,MVPVA,16,B16SJVBC1NE,South County Juniors Boys 16's Blue,B16,2026-02-07,,1,True,16.0,2.0,0.6422490650840949,0.35775093491590515
B16MVPVA1NE,MVP BOS 16 Black,MVPVA,16,B16TACCU1GE,Accuracy 16 Champ,B16,2025-11-22,,1,False,-1.0,-1.0,0.5608941413642653,-0.5608941413642653
B16MVPVA1NE,MVP BOS 16 Black,MVPVA,16,B16TTVBC1NE,SLAM 16 1 Boys,B16,2025-11-23,,1,True,17.0,2.0,0.6458308496512724,0.35416915034872765
B16MVPVA2NE,MVP BOS 16 Blue,MVPVA,16,B16ALLIN1FL,AVA 16 Boys,B16,2026-02-07,,1,False,-1.0,-1.0,0.31148906841266716,-0.31148906841266716
B16MVPVA2NE,MVP BOS 16 Blue,MVPVA,16,B16BVJVB2NE,Blast 16 Pyro,B16,2025-11-22,,1,True,22.0,2.0,0.40104938226319037,0.5989506177368096
B16MVPVA2NE,MVP BOS 16 Blue,MVPVA,16,B16CAPIT1XL,CSVC 16 WOLFJAW,B16,2026-02-06,,1,False,-20.0,-2.0,0.15755641729068978,-0.15755641729068978
B16MVPVA2NE,MVP BOS 16 Blue,MVPVA,16,B16CORE12GE,CORE Boys 16 Titanium,B16,2026-02-06,,1,False,-28.0,-2.0,0.18501287944270792,-0.18501287944270792
B16MVPVA2NE,MVP BOS 16 Blue,MVPVA,16,B16JHEAT1GE,CJ HEAT 16-1 Boys,B16,2026-01-31,,1,False,-19.0,-2.0,0.35960422733148906,-0.35960422733148906
B16MVPVA2NE,MVP BOS 16 Blue,MVPVA,16,B16LCVBC2GE,Legacy Boys 16 Premier,B16,2026-02-07,,1,False,-11.0,-2.0,0.2832278929812771,-0.2832278929812771
B16MVPVA2NE,MVP BOS 16 Blue,MVPVA,16,B16LHVBC1NE,LHV Boys 16-1 Valiants,B16,2025-11-23,,1,False,-26.0,-2.0,0.23852860072562324,-0.23852860072562324
B16MVPVA2NE,MVP BOS 16 Blue,MVPVA,16,B16LHVBC2NE,LHV Boys 16-2 Hunters,B16,2026-01-31,,1,False,-9.0,-2.0,0.2901189208656527,-0.2901189208656527
B16MVPVA2NE,MVP BOS 16 Blue,MVPVA,16,B16LHVBC2NE,LHV Boys 16-2 Hunters,B16,2026-02-01,,2,False,-9.0,-1.0,0.2901189208656527,-0.2901189208656527
B16MVPVA2NE,MVP BOS 16 Blue,MVPVA,16,B16LIFRY2GE,LI Fury 16 2,B16,2026-02-08,,1,False,-8.0,-2.0,0.40404907986501704,-0.40404907986501704
B16MVPVA2NE,MVP BOS 16 Blue,MVPVA,16,B16MCJVB2NE,Mill City 16 Royal,B16,2026-02-01,,1,False,7.0,-1.0,0.5409094683308447,-0.5409094683308447
B16MVPVA2NE,MVP BOS 16 Blue,MVPVA,16,B16NESVC1NE,NE Storm 16 Lightning,B16,2026-01-31,,1,False,-20.0,-2.0,0.23300548948222433,-0.23300548948222433
B16MVPVA2NE,MVP BOS 16 Blue,MVPVA,16,B16NESVC2NE,NE Storm 16 Monsoon,B16,2025-11-22,,1,False,-11.0,-1.0,0.22965878045074511,-0.22965878045074511
B16MVPVA2NE,MVP BOS 16 Blue,MVPVA,16,B16NEVBC4NE,NEVBC Boys 16 Orange,B16,2025-11-22,,1,False,5.0,-1.0,0.5838827504791481,-0.5838827504791481
B16MVPVA2NE,MVP BOS 16 Blue,MVPVA,16,B16NYCIV2GE,NYC Impact 16U Travel,B16,2026-02-07,,1,False,-30.0,-2.0,0.12624264646688174,-0.12624264646688174
B16MVPVA2NE,MVP BOS 16 Blue,MVPVA,16,B16RRJVB3NE,Boston United Boys 16 Select 1,B16,2025-11-23,,1,False,-8.0,-2.0,0.24680872959453512,-0.24680872959453512
B16MVPVA2NE,MVP BOS 16 Blue,MVPVA,16,B16SPTMC4GE,Sportime 16 4,B16,2026-02-06,,1,False,-15.0,-2.0,0.38561357906043187,-0.38561357906043187
B16NESVC1NE,NE Storm 16 Lightning,NESVC,16,B16BVJVB1NE,Blast 16 Inferno,B16,2026-01-18,,1,True,24.0,2.0,0.6370976878159016,0.3629023121840984
B16NESVC1NE,NE Storm 16 Lightning,NESVC,16,B16HKJVB1NE,Husky 16.1,B16,2026-03-14,,1,False,-4.0,-2.0,0.37670275174311596,-0.37670275174311596
B16NESVC1NE,NE Storm 16 Lightning,NESVC,16,B16JHEAT1GE,CJ HEAT 16-1 Boys,B16,2026-01-31,,1,True,12.0,2.0,0.6489291092822589,0.3510708907177411
B16NESVC1NE,NE Storm 16 Lightning,NESVC,16,B16LEGIO1XL,TeamLVC Boys 16 Black,B16,2026-01-17,,1,False,-13.0,-2.0,0.35103151957516104,-0.35103151957516104
B16NESVC1NE,NE Storm 16 Lightning,NESVC,16,B16LEGIO1XL,TeamLVC Boys 16 Black,B16,2026-01-19,,2,False,-16.0,-2.0,0.35103151957516104,-0.35103151957516104
B16NESVC1NE,NE Storm 16 Lightning,NESVC,16,B16LEGIO1XL,TeamLVC Boys 16 Black,B16,2026-03-15,,3,False,-13.0,-2.0,0.35103151957516104,-0.35103151957516104
B16NESVC1NE,NE Storm 16 Lightning,NESVC,16,B16LHVBC2NE,LHV Boys 16-2 Hunters,B16,2026-01-31,,1,True,17.0,2.0,0.5736138588910368,0.4263861411089632
B16NESVC1NE,NE Storm 16 Lightning,NESVC,16,B16MCJVB1NE,Mill City 16's,B16,2025-11-23,,1,False,-13.0,-2.0,0.41021085535302737,-0.41021085535302737
B16NESVC1NE,NE Storm 16 Lightning,NESVC,16,B16MVNER1NE,Meraki VB 16 1,B16,2026-01-17,,1,True,23.0,2.0,0.7040577928562594,0.29594220714374064
B16NESVC1NE,NE Storm 16 Lightning,NESVC,16,B16MVPVA1NE,MVP BOS 16 Black,B16,2025-11-22,,1,True,2.0,1.0,0.45460101280328247,0.5453989871967175
B16NESVC1NE,NE Storm 16 Lightning,NESVC,16,B16MVPVA2NE,MVP BOS 16 Blue,B16,2026-01-31,,1,True,20.0,2.0,0.7669945105177757,0.23300548948222433
B16NESVC1NE,NE Storm 16 Lightning,NESVC,16,B16NEVBC2NE,NEVBC Boys 16.2,B16,2026-03-14,,1,True,14.0,2.0,0.5383443600399087,0.4616556399600913
B16NESVC1NE,NE Storm 16 Lightning,NESVC,16,B16PVJVB1NE,PV Boys 16 1,B16,2026-01-17,,1,True,9.0,2.0,0.6768855544501936,0.3231144455498064
B16NESVC1NE,NE Storm 16 Lightning,NESVC,16,B16RRJVB1NE,Boston United Boys 16 National 1,B16,2025-11-22,,1,True,6.0,2.0,0.53852217431784,0.46147782568216
B16NESVC1NE,NE Storm 16 Lightning,NESVC,16,B16RRJVB1NE,Boston United Boys 16 National 1,B16,2026-03-14,,2,False,-3.0,-1.0,0.53852217431784,-0.53852217431784
B16NESVC1NE,NE Storm 16 Lightning,NESVC,16,B16RRJVB3NE,Boston United Boys 16 Select 1,B16,2026-02-01,,1,True,16.0,2.0,0.51891898508728,0.48108101491272004
B16NESVC1NE,NE Storm 16 Lightning,NESVC,16,B16SAVBC1XL,Sporting Albany Boys 16u,B16,2026-02-01,,1,False,-12.0,-2.0,0.4177245302863206,-0.4177245302863206
B16NESVC1NE,NE Storm 16 Lightning,NESVC,16,B16SJJVB2NE,SMASH Boys 16's Fire,B16,2026-03-15,,1,False,-15.0,-2.0,0.40193315272823643,-0.40193315272823643
B16NESVC1NE,NE Storm 16 Lightning,NESVC,16,B16SJVBC1NE,South County Juniors Boys 16's Blue,B16,2025-11-23,,1,True,12.0,2.0,0.5994182352183096,0.4005817647816904
B16NESVC1NE,NE Storm 16 Lightning,NESVC,16,B16SYRVB1XL,SVC 16 1 Boys,B16,2026-01-18,,1,False,-21.0,-2.0,0.36855208906410136,-0.36855208906410136
B16NESVC1NE,NE Storm 16 Lightning,NESVC,16,B16TACCU1GE,Accuracy 16 Champ,B16,2025-11-22,,1,False,-4.0,-1.0,0.5156684175560089,-0.5156684175560089
B16NESVC1NE,NE Storm 16 Lightning,NESVC,16,B16TTVBC1NE,SLAM 16 1 Boys,B16,2026-01-17,,1,True,5.0,1.0,0.6031638783538902,0.3968361216461098
B16NESVC2NE,NE Storm 16 Monsoon,NESVC,16,B15CAPIT1XL,CSVC 15 PANTHERS,MIXED,2026-01-18,,1,True,12.0,2.0,0.5781115652586201,0.42188843474137994
B16NESVC2NE,NE Storm 16 Monsoon,NESVC,16,B15LEGIO1XL,TeamLVC Boys 15 Black,MIXED,2026-01-18,,1,False,-12.0,-2.0,0.4356965460987709,-0.4356965460987709
B16NESVC2NE,NE Storm 16 Monsoon,NESVC,16,B15RRJVB2NE,Boston United Boys 15 Select 1,MIXED,2026-01-17,,1,True,12.0,2.0,0.5838919045621357,0.4161080954378643
B16NESVC2NE,NE Storm 16 Monsoon,NESVC,16,B15SYRVB1XL,SVC 15 1 Boys,MIXED,2026-01-17,,1,False,-8.0,-2.0,0.36112231396416467,-0.36112231396416467
B16NESVC2NE,NE Storm 16 Monsoon,NESVC,16,B15SYRVB1XL,SVC 15 1 Boys,MIXED,2026-01-19,,2,False,-22.0,-2.0,0.36112231396416467,-0.36112231396416467
B16NESVC2NE,NE Storm 16 Monsoon,NESVC,16,B15TTVBC1NE,SLAM 15 1 Boys,MIXED,2026-01-18,,1,True,16.0,2.0,0.6606200398818132,0.33937996011818683
B16NESVC2NE,NE Storm 16 Monsoon,NESVC,16,B16118971XX,Supreme 16-1,B16,2025-11-23,,1,False,-6.0,-1.0,0.567019787389489,-0.567019787389489
B16NESVC2NE,NE Storm 16 Monsoon,NESVC,16,B16BVJVB2NE,Blast 16 Pyro,B16,2026-01-17,,1,True,7.0,1.0,0.6919271359962461,0.3080728640037539
B16NESVC2NE,NE Storm 16 Monsoon,NESVC,16,B16CAPIT1XL,CSVC 16 WOLFJAW,B16,2026-03-15,,1,False,-8.0,-2.0,0.3854961041593629,-0.3854961041593629
B16NESVC2NE,NE Storm 16 Monsoon,NESVC,16,B16LHVBC2NE,LHV Boys 16-2 Hunters,B16,2025-11-22,,1,True,17.0,2.0,0.578210682694455,0.42178931730554503
B16NESVC2NE,NE Storm 16 Monsoon,NESVC,16,B16LHVBC2NE,LHV Boys 16-2 Hunters,B16,2025-11-23,,2,True,14.0,2.0,0.578210682694455,0.42178931730554503
B16NESVC2NE,NE Storm 16 Monsoon,NESVC,16,B16MCJVB2NE,Mill City 16 Royal,B16,2026-03-14,,1,True,23.0,2.0,0.7980648753722166,0.2019351246277834
B16NESVC2NE,NE Storm 16 Monsoon,NESVC,16,B16MVPVA2NE,MVP BOS 16 Blue,B16,2025-11-22,,1,True,11.0,1.0,0.7703412195492549,0.22965878045074506
B16NESVC2NE,NE Storm 16 Monsoon,NESVC,16,B16PVJVB1NE,PV Boys 16 1,B16,2026-03-14,,1,False,-4.0,-1.0,0.6809882059848394,-0.6809882059848394
B16NESVC2NE,NE Storm 16 Monsoon,NESVC,16,B16PVJVB1NE,PV Boys 16 1,B16,2026-03-15,,2,True,4.0,1.0,0.6809882059848394,0.31901179401516055
B16NESVC2NE,NE Storm 16 Monsoon,NESVC,16,B16RRJVB3NE,Boston United Boys 16 Select 1,B16,2025-11-22,,1,False,-11.0,-2.0,0.5236157583254097,-0.5236157583254097
B16NESVC2NE,NE Storm 16 Monsoon,NESVC,16,B16RRJVB3NE,Boston United Boys 16 Select 1,B16,2026-01-19,,2,True,13.0,1.0,0.5236157583254097,0.47638424167459026
B16NESVC2NE,NE Storm 16 Monsoon,NESVC,16,B16SAVBC1XL,Sporting Albany Boys 16u,B16,2026-03-14,,1,False,-25.0,-2.0,0.42230940970932807,-0.42230940970932807
B16NEVBC1NE,NEVBC Boys 16.1,NEVBC,16,B16CAPIT1XL,CSVC 16 WOLFJAW,B16,2025-12-21,,1,False,-5.0,-1.0,0.4690101756762508,-0.4690101756762508
B16NEVBC1NE,NEVBC Boys 16.1,NEVBC,16,B16HKJVB1NE,Husky 16.1,B16,2026-02-01,,1,False,-3.0,-1.0,0.4644152541045094,-0.4644152541045094
B16NEVBC1NE,NEVBC Boys 16.1,NEVBC,16,B16LHVBC1NE,LHV Boys 16-1 Valiants,B16,2026-01-31,,1,True,7.0,1.0,0.5966777494007618,0.4033222505992382
B16NEVBC1NE,NEVBC Boys 16.1,NEVBC,16,B16MCJVB1NE,Mill City 16's,B16,2025-12-20,,1,True,-2.0,1.0,0.49947332280399714,0.5005266771960029
B16NEVBC1NE,NEVBC Boys 16.1,NEVBC,16,B16MCJVB1NE,Mill City 16's,B16,2026-02-01,,2,True,6.0,1.0,0.49947332280399714,0.5005266771960029
B16NEVBC1NE,NEVBC Boys 16.1,NEVBC,16,B16RRJVB1NE,Boston United Boys 16 National 1,B16,2025-12-21,,1,True,29.0,2.0,0.6260672305404035,0.3739327694595965
B16NEVBC1NE,NEVBC Boys 16.1,NEVBC,16,B16SAVBC1XL,Sporting Albany Boys 16u,B16,2025-12-20,,1,True,5.0,1.0,0.507215903485097,0.49278409651490296
B16NEVBC1NE,NEVBC Boys 16.1,NEVBC,16,B16SJJVB1NE,SMASH Boys 16-1,B16,2026-01-31,,1,False,-16.0,-2.0,0.41712337581718734,-0.41712337581718734
B16NEVBC1NE,NEVBC Boys 16.1,NEVBC,16,B16SJJVB2NE,SMASH Boys 16's Fire,B16,2025-12-20,,1,False,-15.0,-2.0,0.49089358915276876,-0.49089358915276876
B16NEVBC1NE,NEVBC Boys 16.1,NEVBC,16,B16SJJVB2NE,SMASH Boys 16's Fire,B16,2026-01-31,,2,True,1.0,1.0,0.49089358915276876,0.5091064108472312
B16NEVBC2NE,NEVBC Boys 16.2,NEVBC,16,B16118971XX,Supreme 16-1,B16,2026-02-01,,1,True,7.0,1.0,0.5242813112499908,0.4757186887500092
B16NEVBC2NE,NEVBC Boys 16.2,NEVBC,16,B16HKJVB2NE,Husky 16.2,B16,2026-02-01,,1,True,16.0,2.0,0.6652056502526964,0.3347943497473036
B16NEVBC2NE,NEVBC Boys 16.2,NEVBC,16,B16LEGIO1XL,TeamLVC Boys 16 Black,B16,2026-03-14,,1,False,-18.0,-2.0,0.3168713567943535,-0.3168713567943535
B16NEVBC2NE,NEVBC Boys 16.2,NEVBC,16,B16MCJVB2NE,Mill City 16 Royal,B16,2026-01-31,,1,True,27.0,2.0,0.7688346981318626,0.23116530186813744
B16NEVBC2NE,NEVBC Boys 16.2,NEVBC,16,B16NESVC1NE,NE Storm 16 Lightning,B16,2026-03-14,,1,False,-14.0,-2.0,0.46165563996009135,-0.46165563996009135
B16NEVBC2NE,NEVBC Boys 16.2,NEVBC,16,B16PVJVB2NE,PV Boys 16 2,B16,2026-01-31,,1,True,22.0,2.0,0.6932348716728262,0.30676512832717384
B16NEVBC2NE,NEVBC Boys 16.2,NEVBC,16,B16RRJVB3NE,Boston United Boys 16 Select 1,B16,2026-01-31,,1,True,21.0,2.0,0.4805180935128302,0.5194819064871699
B16NEVBC2NE,NEVBC Boys 16.2,NEVBC,16,B16SAVBC1XL,Sporting Albany Boys 16u,B16,2026-02-01,,1,False,-13.0,-2.0,0.380883327471474,-0.380883327471474
B16NEVBC2NE,NEVBC Boys 16.2,NEVBC,16,B16SJVBC1NE,South County Juniors Boys 16's Blue,B16,2026-03-15,,1,True,5.0,2.0,0.5620195816639099,0.43798041833609014
B16NEVBC2NE,NEVBC Boys 16.2,NEVBC,16,B16TTVBC1NE,SLAM 16 1 Boys,B16,2026-03-14,,1,True,3.0,1.0,0.5658616479318094,0.4341383520681906
B16NEVBC2NE,NEVBC Boys 16.2,NEVBC,16,B16TTVBC1NE,SLAM 16 1 Boys,B16,2026-03-15,,2,False,-7.0,-2.0,0.5658616479318094,-0.5658616479318094
B16NEVBC3NE,NEVBC Boys 16 Blue,NEVBC,16,B16118971XX,Supreme 16-1,B16,2025-11-22,,1,False,-24.0,-2.0,0.2792444482385572,-0.2792444482385572
B16NEVBC3NE,NEVBC Boys 16 Blue,NEVBC,16,B16BVJVB2NE,Blast 16 Pyro,B16,2025-11-23,,1,False,4.0,-1.0,0.39920701039767087,-0.39920701039767087
B16NEVBC3NE,NEVBC Boys 16 Blue,NEVBC,16,B16BVJVB2NE,Blast 16 Pyro,B16,2026-03-14,,2,True,17.0,2.0,0.39920701039767087,0.6007929896023292
B16NEVBC3NE,NEVBC Boys 16 Blue,NEVBC,16,B16CAPIT1XL,CSVC 16 WOLFJAW,B16,2026-03-14,,1,False,-30.0,-2.0,0.15654027381714614,-0.15654027381714614
B16NEVBC3NE,NEVBC Boys 16 Blue,NEVBC,16,B16HKJVB2NE,Husky 16.2,B16,2026-03-15,,1,True,1.0,1.0,0.4112417523013516,0.5887582476986484
B16NEVBC3NE,NEVBC Boys 16 Blue,NEVBC,16,B16LHVBC1NE,LHV Boys 16-1 Valiants,B16,2025-11-22,,1,False,-25.0,-2.0,0.2371372344797278,-0.2371372344797278
B16NEVBC3NE,NEVBC Boys 16 Blue,NEVBC,16,B16MCJVB2NE,Mill City 16 Royal,B16,2025-11-22,,1,True,1.0,1.0,0.5390027898477454,0.4609972101522546
B16NEVBC3NE,NEVBC Boys 16 Blue,NEVBC,16,B16MCJVB2NE,Mill City 16 Royal,B16,2025-11-23,,2,True,1.0,1.0,0.5390027898477454,0.4609972101522546
B16NEVBC3NE,NEVBC Boys 16 Blue,NEVBC,16,B16RRJVB3NE,Boston United Boys 16 Select 1,B16,2026-03-14,,1,False,-8.0,-1.0,0.24538462873425182,-0.24538462873425182
B16NEVBC3NE,NEVBC Boys 16 Blue,NEVBC,16,B16SAVBC1XL,Sporting Albany Boys 16u,B16,2026-03-15,,1,False,-19.0,-2.0,0.17781601176037126,-0.17781601176037126
B16NEVBC4NE,NEVBC Boys 16 Orange,NEVBC,16,B16118971XX,Supreme 16-1,B16,2026-03-14,,1,False,-28.0,-2.0,0.21767453441687618,-0.21767453441687618
B16NEVBC4NE,NEVBC Boys 16 Orange,NEVBC,16,B16BVJVB2NE,Blast 16 Pyro,B16,2025-11-22,,1,False,-12.0,-2.0,0.323041820292496,-0.323041820292496
B16NEVBC4NE,NEVBC Boys 16 Orange,NEVBC,16,B16BVJVB2NE,Blast 16 Pyro,B16,2025-11-23,,2,True,19.0,2.0,0.323041820292496,0.6769581797075039
B16NEVBC4NE,NEVBC Boys 16 Orange,NEVBC,16,B16BVJVB2NE,Blast 16 Pyro,B16,2026-03-15,,3,False,-4.0,-2.0,0.323041820292496,-0.323041820292496
B16NEVBC4NE,NEVBC Boys 16 Orange,NEVBC,16,B16HKJVB2NE,Husky 16.2,B16,2026-03-14,,1,False,-18.0,-2.0,0.33405714565631167,-0.33405714565631167
B16NEVBC4NE,NEVBC Boys 16 Orange,NEVBC,16,B16LHVBC2NE,LHV Boys 16-2 Hunters,B16,2025-11-22,,1,False,-12.0,-1.0,0.22556250059978894,-0.22556250059978894
B16NEVBC4NE,NEVBC Boys 16 Orange,NEVBC,16,B16MCJVB2NE,Mill City 16 Royal,B16,2025-11-23,,1,True,13.0,2.0,0.45642864016034157,0.5435713598396584
B16NEVBC4NE,NEVBC Boys 16 Orange,NEVBC,16,B16MCJVB2NE,Mill City 16 Royal,B16,2026-03-15,,2,False,-6.0,-2.0,0.45642864016034157,-0.45642864016034157
B16NEVBC4NE,NEVBC Boys 16 Orange,NEVBC,16,B16MVPVA2NE,MVP BOS 16 Blue,B16,2025-11-22,,1,True,-5.0,1.0,0.4161172495208519,0.5838827504791482
B16NEVBC4NE,NEVBC Boys 16 Orange,NEVBC,16,B16PVJVB2NE,PV Boys 16 2,B16,2026-03-14,,1,False,-13.0,-2.0,0.36327329310857165,-0.36327329310857165
B16NYCIV2GE,NYC Impact 16U Travel,NYCIV,16,B161130588XX,NY Strangers 16,B16,2026-02-06,,1,True,4.0,2.0,0.484099793005726,0.515900206994274
B16NYCIV2GE,NYC Impact 16U Travel,NYCIV,16,B161130588XX,NY Strangers 16,B16,2026-02-08,,2,False,-4.0,-1.0,0.484099793005726,-0.484099793005726
B16NYCIV2GE,NYC Impact 16U Travel,NYCIV,16,B16ALLIN1FL,AVA 16 Boys,B16,2026-02-06,,1,True,26.0,2.0,0.7579420805439765,0.2420579194560235
B16NYCIV2GE,NYC Impact 16U Travel,NYCIV,16,B16CAPIT1XL,CSVC 16 WOLFJAW,B16,2026-02-08,,1,True,17.0,2.0,0.5641627284534783,0.43583727154652174
B16NYCIV2GE,NYC Impact 16U Travel,NYCIV,16,B16LCVBC2GE,Legacy Boys 16 Premier,B16,2026-02-07,,1,True,11.0,2.0,0.7322544140648576,0.2677455859351424
B16NYCIV2GE,NYC Impact 16U Travel,NYCIV,16,B16MVPVA2NE,MVP BOS 16 Blue,B16,2026-02-07,,1,True,30.0,2.0,0.8737573535331181,0.12624264646688188
B16NYCIV2GE,NYC Impact 16U Travel,NYCIV,16,B16SPTMC6GE,Sportime 16 Lynbrook,B16,2026-02-06,,1,True,11.0,2.0,0.6476517820431611,0.3523482179568389
B16NYCIV2GE,NYC Impact 16U Travel,NYCIV,16,B16SPTMC6GE,Sportime 16 Lynbrook,B16,2026-02-07,,2,True,6.0,1.0,0.6476517820431611,0.3523482179568389
B16NYCVA1GE,NYC VBA 16 Hudson,NYCVA,16,B16BVJVB1NE,Blast 16 Inferno,B16,2026-01-31,,1,True,24.0,2.0,0.7200182278015776,0.27998177219842235
B16NYCVA1GE,NYC VBA 16 Hudson,NYCVA,16,B16CORE11GE,CORE Boys 16 Platinum,B16,2026-02-07,,1,False,-12.0,-2.0,0.4174561948204265,-0.4174561948204265
B16NYCVA1GE,NYC VBA 16 Hudson,NYCVA,16,B16CORE11GE,CORE Boys 16 Platinum,B16,2026-02-08,,2,False,-6.0,-2.0,0.4174561948204265,-0.4174561948204265
B16NYCVA1GE,NYC VBA 16 Hudson,NYCVA,16,B16LCVBC1GE,Legacy Boys 16 National,B16,2026-02-06,,1,True,10.0,2.0,0.664587188825643,0.33541281117435695
B16NYCVA1GE,NYC VBA 16 Hudson,NYCVA,16,B16LHVBC1NE,LHV Boys 16-1 Valiants,B16,2026-02-07,,1,True,8.0,2.0,0.6016672767800529,0.39833272321994706
B16NYCVA1GE,NYC VBA 16 Hudson,NYCVA,16,B16LIFRY1GE,LI Fury 16 1,B16,2026-02-06,,1,True,1.0,1.0,0.5353064328904921,0.46469356710950793
B16NYCVA1GE,NYC VBA 16 Hudson,NYCVA,16,B16LIFRY1GE,LI Fury 16 1,B16,2026-02-08,,2,True,10.0,2.0,0.5353064328904921,0.46469356710950793
B16NYCVA1GE,NYC VBA 16 Hudson,NYCVA,16,B16MCJVB1NE,Mill City 16's,B16,2026-01-31,,1,False,-6.0,-2.0,0.5046670969058271,-0.5046670969058271
B16NYCVA1GE,NYC VBA 16 Hudson,NYCVA,16,B16MVPVA1NE,MVP BOS 16 Black,B16,2026-02-01,,1,True,12.0,2.0,0.5497511367740349,0.45024886322596513
B16NYCVA1GE,NYC VBA 16 Hudson,NYCVA,16,B16RRJVB1NE,Boston United Boys 16 National 1,B16,2026-02-07,,1,True,10.0,1.0,0.6309180748028638,0.36908192519713623
B16NYCVA1GE,NYC VBA 16 Hudson,NYCVA,16,B16SJJVB1NE,SMASH Boys 16-1,B16,2026-02-01,,1,False,-18.0,-2.0,0.42218311740771763,-0.42218311740771763
B16NYCVA1GE,NYC VBA 16 Hudson,NYCVA,16,B16SJVBC1NE,South County Juniors Boys 16's Blue,B16,2026-02-06,,1,True,14.0,2.0,0.6867146443516218,0.3132853556483782
B16NYCVA1GE,NYC VBA 16 Hudson,NYCVA,16,B16TTVBC1NE,SLAM 16 1 Boys,B16,2026-01-31,,1,True,6.0,2.0,0.6900660783497502,0.3099339216502498
B16PVJVB1NE,PV Boys 16 1,PVJVB,16,B16118971XX,Supreme 16-1,B16,2026-03-15,,1,False,-14.0,-2.0,0.38021995365114436,-0.38021995365114436
B16PVJVB1NE,PV Boys 16 1,PVJVB,16,B16BVJVB1NE,Blast 16 Inferno,B16,2026-01-17,,1,False,-8.0,-2.0,0.4559380149775625,-0.4559380149775625
B16PVJVB1NE,PV Boys 16 1,PVJVB,16,B16BVJVB1NE,Blast 16 Inferno,B16,2026-01-19,,2,True,7.0,1.0,0.4559380149775625,0.5440619850224375
B16PVJVB1NE,PV Boys 16 1,PVJVB,16,B16BVJVB2NE,Blast 16 Pyro,B16,2026-01-31,,1,True,12.0,1.0,0.5127041189655996,0.48729588103440036
B16PVJVB1NE,PV Boys 16 1,PVJVB,16,B16HKJVB2NE,Husky 16.2,B16,2026-01-31,,1,False,-13.0,-2.0,0.5251695412020939,-0.5251695412020939
B16PVJVB1NE,PV Boys 16 1,PVJVB,16,B16LEGIO1XL,TeamLVC Boys 16 Black,B16,2026-01-18,,1,False,-14.0,-2.0,0.2052165768627006,-0.2052165768627006
B16PVJVB1NE,PV Boys 16 1,PVJVB,16,B16LHVBC2NE,LHV Boys 16-2 Hunters,B16,2026-02-01,,1,True,4.0,2.0,0.39105385390173947,0.6089461460982606
B16PVJVB1NE,PV Boys 16 1,PVJVB,16,B16MCJVB2NE,Mill City 16 Royal,B16,2026-03-14,,1,True,13.0,1.0,0.6492915280743313,0.3507084719256687
B16PVJVB1NE,PV Boys 16 1,PVJVB,16,B16MVNER1NE,Meraki VB 16 1,B16,2026-01-18,,1,False,-11.0,-2.0,0.5317573486275825,-0.5317573486275825
B16PVJVB1NE,PV Boys 16 1,PVJVB,16,B16MVNER1NE,Meraki VB 16 1,B16,2026-01-19,,2,True,15.0,2.0,0.5317573486275825,0.4682426513724175
B16PVJVB1NE,PV Boys 16 1,PVJVB,16,B16NESVC1NE,NE Storm 16 Lightning,B16,2026-01-17,,1,False,-9.0,-2.0,0.32311444554980645,-0.32311444554980645
B16PVJVB1NE,PV Boys 16 1,PVJVB,16,B16NESVC2NE,NE Storm 16 Monsoon,B16,2026-03-14,,1,True,4.0,1.0,0.31901179401516055,0.6809882059848394
B16PVJVB1NE,PV Boys 16 1,PVJVB,16,B16NESVC2NE,NE Storm 16 Monsoon,B16,2026-03-15,,2,False,-4.0,-1.0,0.31901179401516055,-0.31901179401516055
B16PVJVB1NE,PV Boys 16 1,PVJVB,16,B16PVJVB2NE,PV Boys 16 2,B16,2026-02-01,,1,False,-8.0,-1.0,0.5571170917295524,-0.5571170917295524
B16PVJVB1NE,PV Boys 16 1,PVJVB,16,B16RRJVB3NE,Boston United Boys 16 Select 1,B16,2026-01-31,,1,False,-9.0,-2.0,0.33989020400324543,-0.33989020400324543
B16PVJVB1NE,PV Boys 16 1,PVJVB,16,B16SAVBC1XL,Sporting Albany Boys 16u,B16,2026-03-14,,1,False,-15.0,-2.0,0.2550956811504695,-0.2550956811504695
B16PVJVB1NE,PV Boys 16 1,PVJVB,16,B16SYRVB1XL,SVC 16 1 Boys,B16,2026-01-17,,1,False,-19.0,-2.0,0.2179029551572488,-0.2179029551572488
B16PVJVB1NE,PV Boys 16 1,PVJVB,16,B16TTVBC1NE,SLAM 16 1 Boys,B16,2026-01-18,,1,True,7.0,1.0,0.4204734590630623,0.5795265409369377
B16PVJVB2NE,PV Boys 16 2,PVJVB,16,B15RRJVB2NE,Boston United Boys 15 Select 1,MIXED,2026-01-18,,1,False,-4.0,-2.0,0.42182198479499683,-0.42182198479499683
B16PVJVB2NE,PV Boys 16 2,PVJVB,16,B15SYRVB1XL,SVC 15 1 Boys,MIXED,2026-01-17,,1,False,-29.0,-2.0,0.22713400232480208,-0.22713400232480208
B16PVJVB2NE,PV Boys 16 2,PVJVB,16,B15TTVBC1NE,SLAM 15 1 Boys,MIXED,2026-01-18,,1,False,-17.0,-2.0,0.502997295323308,-0.502997295323308
B16PVJVB2NE,PV Boys 16 2,PVJVB,16,B15TTVBC1NE,SLAM 15 1 Boys,MIXED,2026-01-19,,2,True,12.0,2.0,0.502997295323308,0.49700270467669205
B16PVJVB2NE,PV Boys 16 2,PVJVB,16,B16118971XX,Supreme 16-1,B16,2026-03-14,,1,False,-20.0,-2.0,0.327814871802421,-0.327814871802421
B16PVJVB2NE,PV Boys 16 2,PVJVB,16,B16BVJVB2NE,Blast 16 Pyro,B16,2026-01-19,,1,True,8.0,2.0,0.4554577438134799,0.5445422561865201
B16PVJVB2NE,PV Boys 16 2,PVJVB,16,B16BVJVB2NE,Blast 16 Pyro,B16,2026-01-31,,2,False,-14.0,-2.0,0.4554577438134799,-0.4554577438134799
B16PVJVB2NE,PV Boys 16 2,PVJVB,16,B16BVJVB2NE,Blast 16 Pyro,B16,2026-03-15,,3,False,-5.0,-2.0,0.4554577438134799,-0.4554577438134799
B16PVJVB2NE,PV Boys 16 2,PVJVB,16,B16CAPIT1XL,CSVC 16 WOLFJAW,B16,2026-01-18,,1,False,-20.0,-2.0,0.18937580853363545,-0.18937580853363545
B16PVJVB2NE,PV Boys 16 2,PVJVB,16,B16HKJVB2NE,Husky 16.2,B16,2026-03-14,,1,False,-13.0,-2.0,0.46786767433402826,-0.46786767433402826
B16PVJVB2NE,PV Boys 16 2,PVJVB,16,B16LHVBC2NE,LHV Boys 16-2 Hunters,B16,2026-01-17,,1,True,-1.0,1.0,0.33796981469612025,0.6620301853038797
B16PVJVB2NE,PV Boys 16 2,PVJVB,16,B16MCJVB2NE,Mill City 16 Royal,B16,2026-01-31,,1,True,-4.0,1.0,0.5954293789743026,0.4045706210256974
B16PVJVB2NE,PV Boys 16 2,PVJVB,16,B16MCJVB2NE,Mill City 16 Royal,B16,2026-02-01,,2,True,-3.0,1.0,0.5954293789743026,0.4045706210256974
B16PVJVB2NE,PV Boys 16 2,PVJVB,16,B16MCJVB2NE,Mill City 16 Royal,B16,2026-03-15,,3,True,11.0,1.0,0.5954293789743026,0.4045706210256974
B16PVJVB2NE,PV Boys 16 2,PVJVB,16,B16NEVBC2NE,NEVBC Boys 16.2,B16,2026-01-31,,1,False,-22.0,-2.0,0.30676512832717395,-0.30676512832717395
B16PVJVB2NE,PV Boys 16 2,PVJVB,16,B16NEVBC4NE,NEVBC Boys 16 Orange,B16,2026-03-14,,1,True,13.0,2.0,0.6367267068914284,0.3632732931085716
B16PVJVB2NE,PV Boys 16 2,PVJVB,16,B16PVJVB1NE,PV Boys 16 1,B16,2026-02-01,,1,True,8.0,1.0,0.4428829082704477,0.5571170917295523
B16PVJVB2NE,PV Boys 16 2,PVJVB,16,B16RRJVB3NE,Boston United Boys 16 Select 1,B16,2026-01-17,,1,False,-7.0,-2.0,0.2904388635930798,-0.2904388635930798
B16RRJVB1NE,Boston United Boys 16 National 1,RRJVB,16,B16BVJVB1NE,Blast 16 Inferno,B16,2025-11-23,,1,True,16.0,2.0,0.6007028824446194,0.39929711755538055
B16RRJVB1NE,Boston United Boys 16 National 1,RRJVB,16,B16CAPIT1XL,CSVC 16 WOLFJAW,B16,2025-12-20,,1,False,-10.0,-2.0,0.3453595433018573,-0.3453595433018573
B16RRJVB1NE,Boston United Boys 16 National 1,RRJVB,16,B16CORE11GE,CORE Boys 16 Platinum,B16,2026-02-06,,1,False,-17.0,-2.0,0.2953828800511644,-0.2953828800511644
B16RRJVB1NE,Boston United Boys 16 National 1,RRJVB,16,B16HKJVB1NE,Husky 16.1,B16,2026-03-14,,1,False,-8.0,-1.0,0.3411976181993556,-0.3411976181993556
B16RRJVB1NE,Boston United Boys 16 National 1,RRJVB,16,B16HKJVB1NE,Husky 16.1,B16,2026-03-15,,2,False,-6.0,-1.0,0.3411976181993556,-0.3411976181993556
B16RRJVB1NE,Boston United Boys 16 National 1,RRJVB,16,B16LCVBC1GE,Legacy Boys 16 National,B16,2026-02-07,,1,True,1.0,1.0,0.5368447542380661,0.4631552457619339
B16RRJVB1NE,Boston United Boys 16 National 1,RRJVB,16,B16LCVBC1GE,Legacy Boys 16 National,B16,2026-02-08,,2,False,-1.0,-1.0,0.5368447542380661,-0.5368447542380661
B16RRJVB1NE,Boston United Boys 16 National 1,RRJVB,16,B16LEGIO1XL,TeamLVC Boys 16 Black,B16,2025-12-20,,1,False,-14.0,-2.0,0.3167165005184386,-0.3167165005184386
B16RRJVB1NE,Boston United Boys 16 National 1,RRJVB,16,B16LHVBC1NE,LHV Boys 16-1 Valiants,B16,2026-02-06,,1,True,14.0,2.0,0.4691043047637536,0.5308956952362465
B16RRJVB1NE,Boston United Boys 16 National 1,RRJVB,16,B16LIFRY1GE,LI Fury 16 1,B16,2026-02-07,,1,False,-5.0,-1.0,0.40258729448886044,-0.40258729448886044
B16RRJVB1NE,Boston United Boys 16 National 1,RRJVB,16,B16MCJVB1NE,Mill City 16's,B16,2026-03-15,,1,False,-13.0,-2.0,0.373439705025309,-0.373439705025309
B16RRJVB1NE,Boston United Boys 16 National 1,RRJVB,16,B16MCJVB2NE,Mill City 16 Royal,B16,2025-12-20,,1,True,29.0,2.0,0.7687075121060604,0.23129248789393964
B16RRJVB1NE,Boston United Boys 16 National 1,RRJVB,16,B16MVPVA1NE,MVP BOS 16 Black,B16,2025-11-22,,1,False,-9.0,-2.0,0.41666182823211856,-0.41666182823211856
B16RRJVB1NE,Boston United Boys 16 National 1,RRJVB,16,B16MVPVA1NE,MVP BOS 16 Black,B16,2025-11-23,,2,True,7.0,2.0,0.41666182823211856,0.5833381717678814
B16RRJVB1NE,Boston United Boys 16 National 1,RRJVB,16,B16MVPVA1NE,MVP BOS 16 Black,B16,2026-02-06,,3,False,-10.0,-2.0,0.41666182823211856,-0.41666182823211856
B16RRJVB1NE,Boston United Boys 16 National 1,RRJVB,16,B16NESVC1NE,NE Storm 16 Lightning,B16,2025-11-22,,1,False,-6.0,-2.0,0.46147782568216006,-0.46147782568216006
B16RRJVB1NE,Boston United Boys 16 National 1,RRJVB,16,B16NESVC1NE,NE Storm 16 Lightning,B16,2026-03-14,,2,True,3.0,1.0,0.46147782568216006,0.5385221743178399
B16RRJVB1NE,Boston United Boys 16 National 1,RRJVB,16,B16NEVBC1NE,NEVBC Boys 16.1,B16,2025-12-21,,1,False,-29.0,-2.0,0.3739327694595965,-0.3739327694595965
B16RRJVB1NE,Boston United Boys 16 National 1,RRJVB,16,B16NYCVA1GE,NYC VBA 16 Hudson,B16,2026-02-07,,1,False,-10.0,-1.0,0.3690819251971363,-0.3690819251971363
B16RRJVB1NE,Boston United Boys 16 National 1,RRJVB,16,B16SJJVB2NE,SMASH Boys 16's Fire,B16,2025-12-21,,1,False,-23.0,-2.0,0.3654442493813376,-0.3654442493813376
B16RRJVB1NE,Boston United Boys 16 National 1,RRJVB,16,B16TACCU1GE,Accuracy 16 Champ,B16,2025-11-22,,1,True,6.0,1.0,0.47709093328162083,0.5229090667183791
B16RRJVB1NE,Boston United Boys 16 National 1,RRJVB,16,B16TTVBC1NE,SLAM 16 1 Boys,B16,2026-03-14,,1,True,5.0,2.0,0.5656858721205019,0.4343141278794981
B16RRJVB3NE,Boston United Boys 16 Select 1,RRJVB,16,B15LEGIO1XL,TeamLVC Boys 15 Black,MIXED,2026-01-18,,1,False,-9.0,-2.0,0.4203730939742401,-0.4203730939742401
B16RRJVB3NE,Boston United Boys 16 Select 1,RRJVB,16,B15RRJVB2NE,Boston United Boys 15 Select 1,MIXED,2026-01-18,,1,True,7.0,2.0,0.5686082121430187,0.4313917878569813
B16RRJVB3NE,Boston United Boys 16 Select 1,RRJVB,16,B15SYRVB1XL,SVC 15 1 Boys,MIXED,2026-01-18,,1,False,-15.0,-2.0,0.34680973183516084,-0.34680973183516084
B16RRJVB3NE,Boston United Boys 16 Select 1,RRJVB,16,B16118971XX,Supreme 16-1,B16,2026-01-31,,1,False,-2.0,-1.0,0.5436805660279244,-0.5436805660279244
B16RRJVB3NE,Boston United Boys 16 Select 1,RRJVB,16,B16BVJVB2NE,Blast 16 Pyro,B16,2025-11-22,,1,True,22.0,2.0,0.6714192113040136,0.3285807886959864
B16RRJVB3NE,Boston United Boys 16 Select 1,RRJVB,16,B16BVJVB2NE,Blast 16 Pyro,B16,2026-03-14,,2,True,12.0,2.0,0.6714192113040136,0.3285807886959864
B16RRJVB3NE,Boston United Boys 16 Select 1,RRJVB,16,B16CAPIT1XL,CSVC 16 WOLFJAW,B16,2026-01-17,,1,False,-3.0,-1.0,0.3633583149510314,-0.3633583149510314
B16RRJVB3NE,Boston United Boys 16 Select 1,RRJVB,16,B16CAPIT1XL,CSVC 16 WOLFJAW,B16,2026-03-14,,2,False,-3.0,-1.0,0.3633583149510314,-0.3633583149510314
B16RRJVB3NE,Boston United Boys 16 Select 1,RRJVB,16,B16HKJVB2NE,Husky 16.2,B16,2026-03-15,,1,True,7.0,1.0,0.6823400950186035,0.3176599049813965
B16RRJVB3NE,Boston United Boys 16 Select 1,RRJVB,16,B16JHEAT1GE,CJ HEAT 16-1 Boys,B16,2026-02-01,,1,True,9.0,2.0,0.6314920860786357,0.3685079139213643
B16RRJVB3NE,Boston United Boys 16 Select 1,RRJVB,16,B16LHVBC1NE,LHV Boys 16-1 Valiants,B16,2025-11-23,,1,False,-15.0,-2.0,0.488737443699298,-0.488737443699298
B16RRJVB3NE,Boston United Boys 16 Select 1,RRJVB,16,B16LHVBC2NE,LHV Boys 16-2 Hunters,B16,2025-11-22,,1,False,-15.0,-2.0,0.5550012747950696,-0.5550012747950696
B16RRJVB3NE,Boston United Boys 16 Select 1,RRJVB,16,B16LHVBC2NE,LHV Boys 16-2 Hunters,B16,2026-01-18,,2,True,12.0,2.0,0.5550012747950696,0.44499872520493045
B16RRJVB3NE,Boston United Boys 16 Select 1,RRJVB,16,B16MVPVA2NE,MVP BOS 16 Blue,B16,2025-11-23,,1,True,8.0,2.0,0.7531912704054649,0.24680872959453515
B16RRJVB3NE,Boston United Boys 16 Select 1,RRJVB,16,B16NESVC1NE,NE Storm 16 Lightning,B16,2026-02-01,,1,False,-16.0,-2.0,0.4810810149127201,-0.4810810149127201
B16RRJVB3NE,Boston United Boys 16 Select 1,RRJVB,16,B16NESVC2NE,NE Storm 16 Monsoon,B16,2025-11-22,,1,True,11.0,2.0,0.47638424167459026,0.5236157583254097
B16RRJVB3NE,Boston United Boys 16 Select 1,RRJVB,16,B16NESVC2NE,NE Storm 16 Monsoon,B16,2026-01-19,,2,False,-13.0,-1.0,0.47638424167459026,-0.47638424167459026
B16RRJVB3NE,Boston United Boys 16 Select 1,RRJVB,16,B16NEVBC2NE,NEVBC Boys 16.2,B16,2026-01-31,,1,False,-21.0,-2.0,0.5194819064871699,-0.5194819064871699
B16RRJVB3NE,Boston United Boys 16 Select 1,RRJVB,16,B16NEVBC3NE,NEVBC Boys 16 Blue,B16,2026-03-14,,1,True,8.0,1.0,0.7546153712657482,0.24538462873425182
B16RRJVB3NE,Boston United Boys 16 Select 1,RRJVB,16,B16PVJVB1NE,PV Boys 16 1,B16,2026-01-31,,1,True,9.0,2.0,0.6601097959967546,0.33989020400324543
B16RRJVB3NE,Boston United Boys 16 Select 1,RRJVB,16,B16PVJVB2NE,PV Boys 16 2,B16,2026-01-17,,1,True,7.0,2.0,0.7095611364069202,0.2904388635930798
B16RRJVB3NE,Boston United Boys 16 Select 1,RRJVB,16,B16SAVBC1XL,Sporting Albany Boys 16u,B16,2026-01-31,,1,False,-20.0,-2.0,0.39943171087639795,-0.39943171087639795
B16RRJVB3NE,Boston United Boys 16 Select 1,RRJVB,16,B16SAVBC1XL,Sporting Albany Boys 16u,B16,2026-03-15,,2,False,-16.0,-2.0,0.39943171087639795,-0.39943171087639795
B16SAVBC1XL,Sporting Albany Boys 16u,SAVBC,16,B16118971XX,Supreme 16-1,B16,2026-01-31,,1,True,18.0,2.0,0.6417579525699453,0.3582420474300547
B16SAVBC1XL,Sporting Albany Boys 16u,SAVBC,16,B16BVJVB2NE,Blast 16 Pyro,B16,2026-01-31,,1,True,15.0,2.0,0.7544418644356804,0.2455581355643196
B16SAVBC1XL,Sporting Albany Boys 16u,SAVBC,16,B16CAPIT1XL,CSVC 16 WOLFJAW,B16,2026-03-15,,1,True,27.0,2.0,0.46182841584582435,0.5381715841541757
B16SAVBC1XL,Sporting Albany Boys 16u,SAVBC,16,B16JHEAT1GE,CJ HEAT 16-1 Boys,B16,2026-02-01,,1,True,22.0,2.0,0.7204020466157849,0.2795979533842151
B16SAVBC1XL,Sporting Albany Boys 16u,SAVBC,16,B16LEGIO1XL,TeamLVC Boys 16 Black,B16,2025-12-21,,1,False,-1.0,-1.0,0.4298687480818006,-0.4298687480818006
B16SAVBC1XL,Sporting Albany Boys 16u,SAVBC,16,B16MCJVB1NE,Mill City 16's,B16,2025-12-20,,1,False,-16.0,-1.0,0.49225753701832997,-0.49225753701832997
B16SAVBC1XL,Sporting Albany Boys 16u,SAVBC,16,B16MCJVB2NE,Mill City 16 Royal,B16,2025-12-21,,1,True,20.0,2.0,0.8439008437519195,0.15609915624808046
B16SAVBC1XL,Sporting Albany Boys 16u,SAVBC,16,B16MCJVB2NE,Mill City 16 Royal,B16,2026-03-14,,2,True,18.0,2.0,0.8439008437519195,0.15609915624808046
B16SAVBC1XL,Sporting Albany Boys 16u,SAVBC,16,B16NESVC1NE,NE Storm 16 Lightning,B16,2026-02-01,,1,True,12.0,2.0,0.5822754697136794,0.4177245302863206
B16SAVBC1XL,Sporting Albany Boys 16u,SAVBC,16,B16NESVC2NE,NE Storm 16 Monsoon,B16,2026-03-14,,1,True,25.0,2.0,0.5776905902906719,0.42230940970932807
B16SAVBC1XL,Sporting Albany Boys 16u,SAVBC,16,B16NEVBC1NE,NEVBC Boys 16.1,B16,2025-12-20,,1,False,-5.0,-1.0,0.4927840965149029,-0.4927840965149029
B16SAVBC1XL,Sporting Albany Boys 16u,SAVBC,16,B16NEVBC2NE,NEVBC Boys 16.2,B16,2026-02-01,,1,True,13.0,2.0,0.619116672528526,0.380883327471474
B16SAVBC1XL,Sporting Albany Boys 16u,SAVBC,16,B16NEVBC3NE,NEVBC Boys 16 Blue,B16,2026-03-15,,1,True,19.0,2.0,0.8221839882396288,0.1778160117603712
B16SAVBC1XL,Sporting Albany Boys 16u,SAVBC,16,B16PVJVB1NE,PV Boys 16 1,B16,2026-03-14,,1,True,15.0,2.0,0.7449043188495305,0.25509568115046954
B16SAVBC1XL,Sporting Albany Boys 16u,SAVBC,16,B16RRJVB3NE,Boston United Boys 16 Select 1,B16,2026-01-31,,1,True,20.0,2.0,0.600568289123602,0.39943171087639795
B16SAVBC1XL,Sporting Albany Boys 16u,SAVBC,16,B16RRJVB3NE,Boston United Boys 16 Select 1,B16,2026-03-15,,2,True,16.0,2.0,0.600568289123602,0.39943171087639795
B16SAVBC1XL,Sporting Albany Boys 16u,SAVBC,16,B16SJJVB2NE,SMASH Boys 16's Fire,B16,2025-12-20,,1,False,-3.0,-1.0,0.48368197476150765,-0.48368197476150765
B16SJJVB1NE,SMASH Boys 16-1,SJJVB,16,B16HKJVB1NE,Husky 16.1,B16,2026-01-31,,1,True,11.0,2.0,0.5478564201100069,0.4521435798899931
B16SJJVB1NE,SMASH Boys 16-1,SJJVB,16,B16HKJVB1NE,Husky 16.1,B16,2026-02-01,,2,True,10.0,1.0,0.5478564201100069,0.4521435798899931
B16SJJVB1NE,SMASH Boys 16-1,SJJVB,16,B16MVPVA1NE,MVP BOS 16 Black,B16,2026-01-31,,1,True,9.0,2.0,0.625622638062564,0.374377361937436
B16SJJVB1NE,SMASH Boys 16-1,SJJVB,16,B16MVPVA1NE,MVP BOS 16 Black,B16,2026-02-01,,2,True,19.0,2.0,0.625622638062564,0.374377361937436
B16SJJVB1NE,SMASH Boys 16-1,SJJVB,16,B16NEVBC1NE,NEVBC Boys 16.1,B16,2026-01-31,,1,True,16.0,2.0,0.5828766241828126,0.4171233758171874
B16SJJVB1NE,SMASH Boys 16-1,SJJVB,16,B16NYCVA1GE,NYC VBA 16 Hudson,B16,2026-02-01,,1,True,18.0,2.0,0.5778168825922823,0.42218311740771775
B16SJJVB1NE,SMASH Boys 16-1,SJJVB,16,B17CAPIT2XL,CSVC 17 SKYLIGHT,MIXED,2025-12-20,,1,True,24.0,2.0,0.7387250893539881,0.26127491064601194
B16SJJVB1NE,SMASH Boys 16-1,SJJVB,16,B17PVJVB1NE,PV Boys 17 1,MIXED,2025-12-20,,1,True,15.0,2.0,0.6319766876602417,0.36802331233975827
B16SJJVB1NE,SMASH Boys 16-1,SJJVB,16,B17SJJVB3NE,SMASH Boys 17's Shock,MIXED,2025-12-20,,1,True,15.0,2.0,0.6664193778643663,0.33358062213563366
B16SJJVB1NE,SMASH Boys 16-1,SJJVB,16,B18PVJVB3NE,PV Boys 18 3,MIXED,2025-12-21,,1,True,9.0,2.0,0.6332196109510798,0.3667803890489202
B16SJJVB1NE,SMASH Boys 16-1,SJJVB,16,B18SJJVB3NE,SMASH Boys 18's Surge,MIXED,2025-12-21,,1,True,9.0,2.0,0.5135107523821736,0.4864892476178264
B16SJJVB2NE,SMASH Boys 16's Fire,SJJVB,16,B16BVJVB1NE,Blast 16 Inferno,B16,2026-02-01,,1,True,12.0,2.0,0.7231630596059175,0.27683694039408246
B16SJJVB2NE,SMASH Boys 16's Fire,SJJVB,16,B16BVJVB1NE,Blast 16 Inferno,B16,2026-03-14,,2,True,18.0,2.0,0.7231630596059175,0.27683694039408246
B16SJJVB2NE,SMASH Boys 16's Fire,SJJVB,16,B16CAPIT1XL,CSVC 16 WOLFJAW,B16,2025-12-21,,1,True,8.0,2.0,0.47809185607848553,0.5219081439215145
B16SJJVB2NE,SMASH Boys 16's Fire,SJJVB,16,B16HKJVB1NE,Husky 16.1,B16,2026-01-31,,1,False,-5.0,-2.0,0.47348729926158023,-0.47348729926158023
B16SJJVB2NE,SMASH Boys 16's Fire,SJJVB,16,B16LEGIO1XL,TeamLVC Boys 16 Black,B16,2025-12-21,,1,False,-20.0,-2.0,0.4459393043144813,-0.4459393043144813
B16SJJVB2NE,SMASH Boys 16's Fire,SJJVB,16,B16LEGIO1XL,TeamLVC Boys 16 Black,B16,2026-03-15,,2,False,3.0,-1.0,0.4459393043144813,-0.4459393043144813
B16SJJVB2NE,SMASH Boys 16's Fire,SJJVB,16,B16LHVBC1NE,LHV Boys 16-1 Valiants,B16,2026-01-31,,1,False,2.0,-1.0,0.6054129433791089,-0.6054129433791089
B16SJJVB2NE,SMASH Boys 16's Fire,SJJVB,16,B16LHVBC1NE,LHV Boys 16-1 Valiants,B16,2026-02-01,,2,True,10.0,2.0,0.6054129433791089,0.3945870566208911
B16SJJVB2NE,SMASH Boys 16's Fire,SJJVB,16,B16MCJVB1NE,Mill City 16's,B16,2025-12-20,,1,False,-8.0,-2.0,0.5085798982527645,-0.5085798982527645
B16SJJVB2NE,SMASH Boys 16's Fire,SJJVB,16,B16MCJVB1NE,Mill City 16's,B16,2026-03-14,,2,False,-7.0,-2.0,0.5085798982527645,-0.5085798982527645
B16SJJVB2NE,SMASH Boys 16's Fire,SJJVB,16,B16NESVC1NE,NE Storm 16 Lightning,B16,2026-03-15,,1,True,15.0,2.0,0.5980668472717635,0.4019331527282365
B16SJJVB2NE,SMASH Boys 16's Fire,SJJVB,16,B16NEVBC1NE,NEVBC Boys 16.1,B16,2025-12-20,,1,True,15.0,2.0,0.5091064108472312,0.4908935891527688
B16SJJVB2NE,SMASH Boys 16's Fire,SJJVB,16,B16NEVBC1NE,NEVBC Boys 16.1,B16,2026-01-31,,2,False,-1.0,-1.0,0.5091064108472312,-0.5091064108472312
B16SJJVB2NE,SMASH Boys 16's Fire,SJJVB,16,B16RRJVB1NE,Boston United Boys 16 National 1,B16,2025-12-21,,1,True,23.0,2.0,0.6345557506186624,0.36544424938133757
B16SJJVB2NE,SMASH Boys 16's Fire,SJJVB,16,B16SAVBC1XL,Sporting Albany Boys 16u,B16,2025-12-20,,1,True,3.0,1.0,0.5163180252384925,0.48368197476150754
B16SJJVB2NE,SMASH Boys 16's Fire,SJJVB,16,B16SJVBC1NE,South County Juniors Boys 16's Blue,B16,2026-03-14,,1,True,11.0,2.0,0.6900725328207941,0.30992746717920594
B16SJVBC1NE,South County Juniors Boys 16's Blue,SJVBC,16,B16BVJVB1NE,Blast 16 Inferno,B16,2025-11-22,,1,True,4.0,1.0,0.5398521959423817,0.46014780405761835
B16SJVBC1NE,South County Juniors Boys 16's Blue,SJVBC,16,B16BVJVB1NE,Blast 16 Inferno,B16,2026-03-14,,2,False,-6.0,-1.0,0.5398521959423817,-0.5398521959423817
B16SJVBC1NE,South County Juniors Boys 16's Blue,SJVBC,16,B16BVJVB1NE,Blast 16 Inferno,B16,2026-03-15,,3,True,11.0,2.0,0.5398521959423817,0.46014780405761835
B16SJVBC1NE,South County Juniors Boys 16's Blue,SJVBC,16,B16CORE11GE,CORE Boys 16 Platinum,B16,2026-02-07,,1,False,-12.0,-1.0,0.2463770380437008,-0.2463770380437008
B16SJVBC1NE,South County Juniors Boys 16's Blue,SJVBC,16,B16LCVBC1GE,Legacy Boys 16 National,B16,2026-02-06,,1,True,9.0,2.0,0.4747713547961089,0.5252286452038911
B16SJVBC1NE,South County Juniors Boys 16's Blue,SJVBC,16,B16LHVBC1NE,LHV Boys 16-1 Valiants,B16,2026-02-07,,1,False,-13.0,-2.0,0.40796425946202897,-0.40796425946202897
B16SJVBC1NE,South County Juniors Boys 16's Blue,SJVBC,16,B16LHVBC1NE,LHV Boys 16-1 Valiants,B16,2026-02-08,,2,False,-9.0,-2.0,0.40796425946202897,-0.40796425946202897
B16SJVBC1NE,South County Juniors Boys 16's Blue,SJVBC,16,B16LIFRY1GE,LI Fury 16 1,B16,2026-02-06,,1,False,-5.0,-1.0,0.3444911903852994,-0.3444911903852994
B16SJVBC1NE,South County Juniors Boys 16's Blue,SJVBC,16,B16MCJVB1NE,Mill City 16's,B16,2025-11-22,,1,False,-6.0,-2.0,0.3173156768687739,-0.3173156768687739
B16SJVBC1NE,South County Juniors Boys 16's Blue,SJVBC,16,B16MCJVB1NE,Mill City 16's,B16,2026-03-14,,2,False,-7.0,-2.0,0.3173156768687739,-0.3173156768687739
B16SJVBC1NE,South County Juniors Boys 16's Blue,SJVBC,16,B16MVPVA1NE,MVP BOS 16 Black,B16,2026-02-07,,1,False,-16.0,-2.0,0.35775093491590515,-0.35775093491590515
B16SJVBC1NE,South County Juniors Boys 16's Blue,SJVBC,16,B16NESVC1NE,NE Storm 16 Lightning,B16,2025-11-23,,1,False,-12.0,-2.0,0.4005817647816904,-0.4005817647816904
B16SJVBC1NE,South County Juniors Boys 16's Blue,SJVBC,16,B16NEVBC2NE,NEVBC Boys 16.2,B16,2026-03-15,,1,False,-5.0,-2.0,0.4379804183360902,-0.4379804183360902
B16SJVBC1NE,South County Juniors Boys 16's Blue,SJVBC,16,B16NYCVA1GE,NYC VBA 16 Hudson,B16,2026-02-06,,1,False,-14.0,-2.0,0.3132853556483782,-0.3132853556483782
B16SJVBC1NE,South County Juniors Boys 16's Blue,SJVBC,16,B16SJJVB2NE,SMASH Boys 16's Fire,B16,2026-03-14,,1,False,-11.0,-2.0,0.30992746717920594,-0.30992746717920594
B16SJVBC1NE,South County Juniors Boys 16's Blue,SJVBC,16,B16TACCU1GE,Accuracy 16 Champ,B16,2025-11-23,,1,False,-18.0,-2.0,0.4157250732170238,-0.4157250732170238
B16SJVBC1NE,South County Juniors Boys 16's Blue,SJVBC,16,B16TTVBC1NE,SLAM 16 1 Boys,B16,2025-11-22,,1,False,-3.0,-1.0,0.5039058839090902,-0.5039058839090902
B16SPTMC3GE,Sportime 16 3,SPTMC,16,B16ALLIN1FL,AVA 16 Boys,B16,2026-02-07,,1,True,10.0,2.0,0.6050099179913884,0.39499008200861163
B16SPTMC3GE,Sportime 16 3,SPTMC,16,B16CAPIT1XL,CSVC 16 WOLFJAW,B16,2026-02-07,,1,False,-8.0,-2.0,0.38770440685546015,-0.38770440685546015
B16SPTMC3GE,Sportime 16 3,SPTMC,16,B16CORE12GE,CORE Boys 16 Titanium,B16,2026-02-07,,1,False,-6.0,-1.0,0.43457829181777335,-0.43457829181777335
B16SPTMC3GE,Sportime 16 3,SPTMC,16,B16DIGSV1GE,Digs Boys 16 Red,B16,2026-02-06,,1,False,-11.0,-2.0,0.3864238498576116,-0.3864238498576116
B16SPTMC3GE,Sportime 16 3,SPTMC,16,B16LCVBC2GE,Legacy Boys 16 Premier,B16,2026-02-06,,1,True,3.0,1.0,0.5722519587523206,0.4277480412476794
B16SPTMC3GE,Sportime 16 3,SPTMC,16,B16LCVBC2GE,Legacy Boys 16 Premier,B16,2026-02-08,,2,True,9.0,2.0,0.5722519587523206,0.4277480412476794
B16SPTMC3GE,Sportime 16 3,SPTMC,16,B16LIFRY2GE,LI Fury 16 2,B16,2026-02-06,,1,True,19.0,2.0,0.6965513657211051,0.3034486342788949
B16SPTMC3GE,Sportime 16 3,SPTMC,16,B16SPTMC6GE,Sportime 16 Lynbrook,B16,2026-02-08,,1,True,4.0,2.0,0.47344687821912085,0.5265531217808792
B16SPTMC4GE,Sportime 16 4,SPTMC,16,B16ALLIN1FL,AVA 16 Boys,B16,2026-02-08,,1,False,-10.0,-2.0,0.4188785747251269,-0.4188785747251269
B16SPTMC4GE,Sportime 16 4,SPTMC,16,B16CAPIT1XL,CSVC 16 WOLFJAW,B16,2026-02-06,,1,False,-8.0,-2.0,0.229571063450961,-0.229571063450961
B16SPTMC4GE,Sportime 16 4,SPTMC,16,B16CORE12GE,CORE Boys 16 Titanium,B16,2026-02-06,,1,False,-19.0,-2.0,0.26562025821388574,-0.26562025821388574
B16SPTMC4GE,Sportime 16 4,SPTMC,16,B16DIGSV1GE,Digs Boys 16 Red,B16,2026-02-07,,1,False,-20.0,-2.0,0.22861779225701195,-0.22861779225701195
B16SPTMC4GE,Sportime 16 4,SPTMC,16,B16LIFRY2GE,LI Fury 16 2,B16,2026-02-07,,1,False,3.0,-1.0,0.5192820186241485,-0.5192820186241485
B16SPTMC4GE,Sportime 16 4,SPTMC,16,B16MVPVA2NE,MVP BOS 16 Blue,B16,2026-02-06,,1,True,15.0,2.0,0.6143864209395682,0.3856135790604318
B16SPTMC4GE,Sportime 16 4,SPTMC,16,B16SPTMC6GE,Sportime 16 Lynbrook,B16,2026-02-07,,1,False,-18.0,-2.0,0.2973236031566112,-0.2973236031566112
B16SPTMC6GE,Sportime 16 Lynbrook,SPTMC,16,B161130588XX,NY Strangers 16,B16,2026-02-06,,1,False,-10.0,-2.0,0.33796960206833815,-0.33796960206833815
B16SPTMC6GE,Sportime 16 Lynbrook,SPTMC,16,B16ALLIN1FL,AVA 16 Boys,B16,2026-02-06,,1,True,5.0,2.0,0.6301118548215394,0.3698881451784606
B16SPTMC6GE,Sportime 16 Lynbrook,SPTMC,16,B16CORE12GE,CORE Boys 16 Titanium,B16,2026-02-08,,1,True,7.0,2.0,0.46085944142180923,0.5391405585781908
B16SPTMC6GE,Sportime 16 Lynbrook,SPTMC,16,B16DIGSV1GE,Digs Boys 16 Red,B16,2026-02-07,,1,False,-14.0,-2.0,0.41191437667287056,-0.41191437667287056
B16SPTMC6GE,Sportime 16 Lynbrook,SPTMC,16,B16NYCIV2GE,NYC Impact 16U Travel,B16,2026-02-06,,1,False,-11.0,-2.0,0.35234821795683885,-0.35234821795683885
B16SPTMC6GE,Sportime 16 Lynbrook,SPTMC,16,B16NYCIV2GE,NYC Impact 16U Travel,B16,2026-02-07,,2,False,-6.0,-1.0,0.35234821795683885,-0.35234821795683885
B16SPTMC6GE,Sportime 16 Lynbrook,SPTMC,16,B16SPTMC3GE,Sportime 16 3,B16,2026-02-08,,1,False,-4.0,-2.0,0.5265531217808791,-0.5265531217808791
B16SPTMC6GE,Sportime 16 Lynbrook,SPTMC,16,B16SPTMC4GE,Sportime 16 4,B16,2026-02-07,,1,True,18.0,2.0,0.7026763968433888,0.2973236031566112
B16SYRVB1XL,SVC 16 1 Boys,SYRVB,16,B16BVJVB1NE,Blast 16 Inferno,B16,2026-01-18,,1,True,20.0,2.0,0.7504891348941289,0.24951086510587106
B16SYRVB1XL,SVC 16 1 Boys,SYRVB,16,B16LEGIO1XL,TeamLVC Boys 16 Black,B16,2026-01-18,,1,True,9.0,1.0,0.480990483886754,0.519009516113246
B16SYRVB1XL,SVC 16 1 Boys,SYRVB,16,B16LEGIO1XL,TeamLVC Boys 16 Black,B16,2026-01-19,,2,False,-9.0,-2.0,0.480990483886754,-0.480990483886754
B16SYRVB1XL,SVC 16 1 Boys,SYRVB,16,B16MVNER1NE,Meraki VB 16 1,B16,2026-01-17,,1,True,26.0,2.0,0.802996625503853,0.19700337449614702
B16SYRVB1XL,SVC 16 1 Boys,SYRVB,16,B16NESVC1NE,NE Storm 16 Lightning,B16,2026-01-18,,1,True,21.0,2.0,0.6314479109358986,0.3685520890641014
B16SYRVB1XL,SVC 16 1 Boys,SYRVB,16,B16PVJVB1NE,PV Boys 16 1,B16,2026-01-17,,1,True,19.0,2.0,0.7820970448427511,0.2179029551572489
B16SYRVB1XL,SVC 16 1 Boys,SYRVB,16,B16TTVBC1NE,SLAM 16 1 Boys,B16,2026-01-17,,1,True,10.0,2.0,0.7225405858994498,0.2774594141005502
B16SYRVB1XL,SVC 16 1 Boys,SYRVB,16,B16TTVBC1NE,SLAM 16 1 Boys,B16,2026-01-19,,2,True,5.0,2.0,0.7225405858994498,0.2774594141005502
B16TACCU1GE,Accuracy 16 Champ,TACCU,16,B16MCJVB1NE,Mill City 16's,B16,2025-11-23,,1,False,-22.0,-2.0,0.3951325703688411,-0.3951325703688411
B16TACCU1GE,Accuracy 16 Champ,TACCU,16,B16MVPVA1NE,MVP BOS 16 Black,B16,2025-11-22,,1,True,1.0,1.0,0.43910585863573465,0.5608941413642654
B16TACCU1GE,Accuracy 16 Champ,TACCU,16,B16NESVC1NE,NE Storm 16 Lightning,B16,2025-11-22,,1,True,4.0,1.0,0.48433158244399105,0.5156684175560089
B16TACCU1GE,Accuracy 16 Champ,TACCU,16,B16RRJVB1NE,Boston United Boys 16 National 1,B16,2025-11-22,,1,False,-6.0,-1.0,0.5229090667183792,-0.5229090667183792
B16TACCU1GE,Accuracy 16 Champ,TACCU,16,B16SJVBC1NE,South County Juniors Boys 16's Blue,B16,2025-11-23,,1,True,18.0,2.0,0.5842749267829762,0.4157250732170238
B16TTVBC1NE,SLAM 16 1 Boys,TTVBC,16,B16BVJVB1NE,Blast 16 Inferno,B16,2025-11-22,,1,False,-5.0,-1.0,0.53596870730878,-0.53596870730878
B16TTVBC1NE,SLAM 16 1 Boys,TTVBC,16,B16BVJVB1NE,Blast 16 Inferno,B16,2025-11-23,,2,True,11.0,1.0,0.53596870730878,0.46403129269122
B16TTVBC1NE,SLAM 16 1 Boys,TTVBC,16,B16BVJVB1NE,Blast 16 Inferno,B16,2026-01-18,,3,True,-3.0,1.0,0.53596870730878,0.46403129269122
B16TTVBC1NE,SLAM 16 1 Boys,TTVBC,16,B16BVJVB1NE,Blast 16 Inferno,B16,2026-01-31,,4,False,-8.0,-2.0,0.53596870730878,-0.53596870730878
B16TTVBC1NE,SLAM 16 1 Boys,TTVBC,16,B16BVJVB1NE,Blast 16 Inferno,B16,2026-02-01,,5,False,-6.0,-1.0,0.53596870730878,-0.53596870730878
B16TTVBC1NE,SLAM 16 1 Boys,TTVBC,16,B16BVJVB1NE,Blast 16 Inferno,B16,2026-03-15,,6,True,1.0,1.0,0.53596870730878,0.46403129269122
B16TTVBC1NE,SLAM 16 1 Boys,TTVBC,16,B16LEGIO1XL,TeamLVC Boys 16 Black,B16,2026-01-17,,1,False,-18.0,-2.0,0.26246928710803896,-0.26246928710803896
B16TTVBC1NE,SLAM 16 1 Boys,TTVBC,16,B16LEGIO1XL,TeamLVC Boys 16 Black,B16,2026-03-14,,2,False,-20.0,-2.0,0.26246928710803896,-0.26246928710803896
B16TTVBC1NE,SLAM 16 1 Boys,TTVBC,16,B16LHVBC1NE,LHV Boys 16-1 Valiants,B16,2026-02-01,,1,False,-8.0,-1.0,0.40419613419945344,-0.40419613419945344
B16TTVBC1NE,SLAM 16 1 Boys,TTVBC,16,B16MCJVB1NE,Mill City 16's,B16,2025-11-22,,1,False,-19.0,-2.0,0.31394083837339326,-0.31394083837339326
B16TTVBC1NE,SLAM 16 1 Boys,TTVBC,16,B16MCJVB1NE,Mill City 16's,B16,2026-01-31,,2,False,-10.0,-2.0,0.31394083837339326,-0.31394083837339326
B16TTVBC1NE,SLAM 16 1 Boys,TTVBC,16,B16MVNER1NE,Meraki VB 16 1,B16,2026-01-18,,1,True,18.0,2.0,0.6101709199775974,0.3898290800224026
B16TTVBC1NE,SLAM 16 1 Boys,TTVBC,16,B16MVPVA1NE,MVP BOS 16 Black,B16,2025-11-23,,1,False,-17.0,-2.0,0.35416915034872765,-0.35416915034872765
B16TTVBC1NE,SLAM 16 1 Boys,TTVBC,16,B16NESVC1NE,NE Storm 16 Lightning,B16,2026-01-17,,1,False,-5.0,-1.0,0.39683612164610976,-0.39683612164610976
B16TTVBC1NE,SLAM 16 1 Boys,TTVBC,16,B16NEVBC2NE,NEVBC Boys 16.2,B16,2026-03-14,,1,False,-3.0,-1.0,0.43413835206819057,-0.43413835206819057
B16TTVBC1NE,SLAM 16 1 Boys,TTVBC,16,B16NEVBC2NE,NEVBC Boys 16.2,B16,2026-03-15,,2,True,7.0,2.0,0.43413835206819057,0.5658616479318095
B16TTVBC1NE,SLAM 16 1 Boys,TTVBC,16,B16NYCVA1GE,NYC VBA 16 Hudson,B16,2026-01-31,,1,False,-6.0,-2.0,0.30993392165024986,-0.30993392165024986
B16TTVBC1NE,SLAM 16 1 Boys,TTVBC,16,B16PVJVB1NE,PV Boys 16 1,B16,2026-01-18,,1,False,-7.0,-1.0,0.5795265409369377,-0.5795265409369377
B16TTVBC1NE,SLAM 16 1 Boys,TTVBC,16,B16RRJVB1NE,Boston United Boys 16 National 1,B16,2026-03-14,,1,False,-5.0,-2.0,0.434314127879498,-0.434314127879498
B16TTVBC1NE,SLAM 16 1 Boys,TTVBC,16,B16SJVBC1NE,South County Juniors Boys 16's Blue,B16,2025-11-22,,1,True,3.0,1.0,0.49609411609090975,0.5039058839090902
B16TTVBC1NE,SLAM 16 1 Boys,TTVBC,16,B16SYRVB1XL,SVC 16 1 Boys,B16,2026-01-17,,1,False,-10.0,-2.0,0.27745941410055025,-0.27745941410055025
B16TTVBC1NE,SLAM 16 1 Boys,TTVBC,16,B16SYRVB1XL,SVC 16 1 Boys,B16,2026-01-19,,2,False,-5.0,-2.0,0.27745941410055025,-0.27745941410055025
B17117902XX,Torrimar 17 2,11790,17,B17LCVBC2GE,Legacy Boys 17 Premier,B17,2026-02-07,,1,True,20.0,2.0,0.629800967849934,0.370199032150066
B17117902XX,Torrimar 17 2,11790,17,B17LCVBC2GE,Legacy Boys 17 Premier,B17,2026-02-07,,2,False,-7.0,-2.0,0.629800967849934,-0.629800967849934
B17117902XX,Torrimar 17 2,11790,17,B17LIFRY1GE,LI Fury 17 1,B17,2026-02-08,,1,True,2.0,1.0,0.48010567073646465,0.5198943292635354
B17117902XX,Torrimar 17 2,11790,17,B17MVPVA2NE,MVP BOS 17 Blue,B17,2026-02-06,,1,True,8.0,2.0,0.6825554076629821,0.31744459233701794
B17117902XX,Torrimar 17 2,11790,17,B17RIVAL1GE,Rival 17’s,B17,2026-02-06,,1,True,16.0,2.0,0.6677319511500815,0.33226804884991845
B17117902XX,Torrimar 17 2,11790,17,B17ROYAL1NO,Infinity Royals 17N,B17,2026-02-08,,1,True,9.0,2.0,0.5550977601857767,0.4449022398142233
B17117902XX,Torrimar 17 2,11790,17,B17SPTMC3GE,Sportime 17 3,B17,2026-02-08,,1,True,0.0,1.0,0.5159227846686893,0.48407721533131065
B17117902XX,Torrimar 17 2,11790,17,B17SPTMC6GE,Sportime 17 Lynbrook 2,B17,2026-02-06,,1,True,7.0,2.0,0.6652542112655132,0.3347457887344868
B17117902XX,Torrimar 17 2,11790,17,B17XTREM1GE,Xtreme 17 National Braulio,B17,2026-02-07,,1,True,4.0,2.0,0.6567630854287231,0.3432369145712769
B17ALLIN1FL,AVA 17 Boys,ALLIN,17,B17CAPIT1XL,CSVC 17 BIG SLIDE,B17,2026-02-06,,1,False,-12.0,-2.0,0.5164073290461062,-0.5164073290461062
B17ALLIN1FL,AVA 17 Boys,ALLIN,17,B17CAPIT1XL,CSVC 17 BIG SLIDE,B17,2026-02-08,,2,False,-6.0,-1.0,0.5164073290461062,-0.5164073290461062
B17ALLIN1FL,AVA 17 Boys,ALLIN,17,B17DIGSV1GE,Digs Boys 17 Red,B17,2026-02-07,,1,True,16.0,2.0,0.748227023426423,0.251772976573577
B17ALLIN1FL,AVA 17 Boys,ALLIN,17,B17MVPVA1NE,MVP BOS 17 Black,B17,2026-02-06,,1,True,19.0,1.0,0.6751045278001666,0.3248954721998334
B17ALLIN1FL,AVA 17 Boys,ALLIN,17,B17MVPVA1NE,MVP BOS 17 Black,B17,2026-02-07,,2,True,-2.0,1.0,0.6751045278001666,0.3248954721998334
B17ALLIN1FL,AVA 17 Boys,ALLIN,17,B17NYCIV1GE,NYC Impact 17U National,B17,2026-02-08,,1,True,4.0,2.0,0.5175388474656022,0.4824611525343978
B17ALLIN1FL,AVA 17 Boys,ALLIN,17,B17RRJVB1NE,Boston United Boys 17 National 1,B17,2026-02-07,,1,True,12.0,2.0,0.7128593095060128,0.28714069049398716
B17ALLIN1FL,AVA 17 Boys,ALLIN,17,B17SPTMC5GE,Sportime 17 Lynbrook,B17,2026-02-06,,1,True,24.0,2.0,0.6932518906909247,0.30674810930907526
B17BVJVB1NE,Blast 17 Ignite,BVJVB,17,B17CAPIT1XL,CSVC 17 BIG SLIDE,B17,2026-03-14,,1,False,-14.0,-2.0,0.33041489486353826,-0.33041489486353826
B17BVJVB1NE,Blast 17 Ignite,BVJVB,17,B17CAPIT2XL,CSVC 17 SKYLIGHT,B17,2026-01-17,,1,True,11.0,2.0,0.7022070961440805,0.2977929038559195
B17BVJVB1NE,Blast 17 Ignite,BVJVB,17,B17LHVBC1NE,LHV Boys 17-1 Ubuntu,B17,2026-01-31,,1,True,9.0,1.0,0.4623880687137901,0.5376119312862099
B17BVJVB1NE,Blast 17 Ignite,BVJVB,17,B17LHVBC2NE,LHV Boys 17-2 Boom,B17,2026-01-17,,1,True,20.0,2.0,0.792716680147346,0.20728331985265402
B17BVJVB1NE,Blast 17 Ignite,BVJVB,17,B17MVPVA1NE,MVP BOS 17 Black,B17,2026-01-31,,1,True,10.0,2.0,0.4898518907312387,0.5101481092687613
B17BVJVB1NE,Blast 17 Ignite,BVJVB,17,B17NESVC1NE,NE Storm 17 Tsunami,B17,2025-11-22,,1,False,-10.0,-2.0,0.4487750925234407,-0.4487750925234407
B17BVJVB1NE,Blast 17 Ignite,BVJVB,17,B17NESVC1NE,NE Storm 17 Tsunami,B17,2026-01-18,,2,False,-11.0,-1.0,0.4487750925234407,-0.4487750925234407
B17BVJVB1NE,Blast 17 Ignite,BVJVB,17,B17NESVC1NE,NE Storm 17 Tsunami,B17,2026-03-14,,3,True,4.0,1.0,0.4487750925234407,0.5512249074765593
B17BVJVB1NE,Blast 17 Ignite,BVJVB,17,B17NESVC1NE,NE Storm 17 Tsunami,B17,2026-03-15,,4,False,-5.0,-2.0,0.4487750925234407,-0.4487750925234407
B17BVJVB1NE,Blast 17 Ignite,BVJVB,17,B17PVJVB1NE,PV Boys 17 1,B17,2026-01-18,,1,True,7.0,2.0,0.5158538337109007,0.48414616628909934
B17BVJVB1NE,Blast 17 Ignite,BVJVB,17,B17PVJVB1NE,PV Boys 17 1,B17,2026-02-01,,2,False,-7.0,-2.0,0.5158538337109007,-0.5158538337109007
B17BVJVB1NE,Blast 17 Ignite,BVJVB,17,B17PVJVB2NE,PV Boys 17 2,B17,2026-01-17,,1,True,13.0,2.0,0.6784217966466026,0.3215782033533974
B17BVJVB1NE,Blast 17 Ignite,BVJVB,17,B17RRJVB1NE,Boston United Boys 17 National 1,B17,2025-11-23,,1,False,-9.0,-2.0,0.5342835534991482,-0.5342835534991482
B17BVJVB1NE,Blast 17 Ignite,BVJVB,17,B17RRJVB1NE,Boston United Boys 17 National 1,B17,2026-03-15,,2,False,-17.0,-2.0,0.5342835534991482,-0.5342835534991482
B17BVJVB1NE,Blast 17 Ignite,BVJVB,17,B17SJJVB1NE,SMASH Boys 17-1,B17,2026-01-31,,1,False,-17.0,-2.0,0.19994837491342896,-0.19994837491342896
B17BVJVB1NE,Blast 17 Ignite,BVJVB,17,B17SJJVB3NE,SMASH Boys 17's Shock,B17,2026-02-01,,1,False,-18.0,-2.0,0.5755465454028,-0.5755465454028
B17BVJVB1NE,Blast 17 Ignite,BVJVB,17,B17SJVBC1NE,South County Juniors Boys 17 1,B17,2025-11-22,,1,False,-10.0,-1.0,0.43596437059758225,-0.43596437059758225
B17BVJVB1NE,Blast 17 Ignite,BVJVB,17,B17SYRVB1XL,SVC 17 1 Boys,B17,2026-01-19,,1,False,-17.0,-2.0,0.25788064560791785,-0.25788064560791785
B17BVJVB1NE,Blast 17 Ignite,BVJVB,17,B17TTVBC1NE,SLAM 17 1 Boys,B17,2025-11-22,,1,False,-12.0,-2.0,0.4292290446527898,-0.4292290446527898
B17BVJVB1NE,Blast 17 Ignite,BVJVB,17,B17TTVBC1NE,SLAM 17 1 Boys,B17,2026-01-18,,2,True,3.0,1.0,0.4292290446527898,0.5707709553472102
B17BVJVB1NE,Blast 17 Ignite,BVJVB,17,B17TTVBC2NE,SLAM 17 2 Boys,B17,2025-11-23,,1,True,10.0,2.0,0.5995397116495695,0.40046028835043046
B17BVJVB1NE,Blast 17 Ignite,BVJVB,17,B17TTVBC2NE,SLAM 17 2 Boys,B17,2026-03-14,,2,True,10.0,1.0,0.5995397116495695,0.40046028835043046
B17CAMYV1NE,CYVB 17 1,CAMYV,17,B17CAPIT2XL,CSVC 17 SKYLIGHT,B17,2026-01-18,,1,True,3.0,1.0,0.6192360760061312,0.3807639239938688
B17CAMYV1NE,CYVB 17 1,CAMYV,17,B17LHVBC1NE,LHV Boys 17-1 Ubuntu,B17,2025-11-22,,1,False,-12.0,-1.0,0.3723249680515463,-0.3723249680515463
B17CAMYV1NE,CYVB 17 1,CAMYV,17,B17LHVBC1NE,LHV Boys 17-1 Ubuntu,B17,2025-11-23,,2,False,-9.0,-2.0,0.3723249680515463,-0.3723249680515463
B17CAMYV1NE,CYVB 17 1,CAMYV,17,B17LHVBC2NE,LHV Boys 17-2 Boom,B17,2025-11-23,,1,True,8.0,2.0,0.7250908491031187,0.2749091508968813
B17CAMYV1NE,CYVB 17 1,CAMYV,17,B17MMVBC1NE,Mayhem 17 1,B17,2025-11-23,,1,True,13.0,2.0,0.6105533258590524,0.3894466741409476
B17CAMYV1NE,CYVB 17 1,CAMYV,17,B17NESVC1NE,NE Storm 17 Tsunami,B17,2026-01-17,,1,False,-15.0,-2.0,0.3595899988500677,-0.3595899988500677
B17CAMYV1NE,CYVB 17 1,CAMYV,17,B17NESVC2NE,NE Storm 17 Landslide,B17,2025-11-22,,1,True,6.0,2.0,0.5308697985463324,0.4691302014536676
B17CAMYV1NE,CYVB 17 1,CAMYV,17,B17PVJVB3NE,PV Boys 17 3,B17,2026-01-17,,1,True,7.0,2.0,0.6589066860416313,0.3410933139583687
B17CAMYV1NE,CYVB 17 1,CAMYV,17,B17RRJVB2NE,Boston United Boys 17 Northeast,B17,2025-11-22,,1,True,13.0,2.0,0.5339143766911456,0.4660856233088544
B17CAMYV1NE,CYVB 17 1,CAMYV,17,B17RRJVB3NE,Boston United Boys 17 Select 1,B17,2026-01-17,,1,True,19.0,2.0,0.7114318395054694,0.2885681604945306
B17CAMYV1NE,CYVB 17 1,CAMYV,17,B17SYRVB1XL,SVC 17 1 Boys,B17,2026-01-18,,1,False,-12.0,-2.0,0.19332685164491648,-0.19332685164491648
B17CAMYV1NE,CYVB 17 1,CAMYV,17,B17TTVBC1NE,SLAM 17 1 Boys,B17,2026-01-19,,1,False,-8.0,-2.0,0.3415216933961438,-0.3415216933961438
B17CAMYV1NE,CYVB 17 1,CAMYV,17,B17TTVBC2NE,SLAM 17 2 Boys,B17,2026-01-18,,1,False,-18.0,-2.0,0.5080054536127998,-0.5080054536127998
B17CAPIT1XL,CSVC 17 BIG SLIDE,CAPIT,17,B17ALLIN1FL,AVA 17 Boys,B17,2026-02-06,,1,True,12.0,2.0,0.4835926709538938,0.5164073290461062
B17CAPIT1XL,CSVC 17 BIG SLIDE,CAPIT,17,B17ALLIN1FL,AVA 17 Boys,B17,2026-02-08,,2,True,6.0,1.0,0.4835926709538938,0.5164073290461062
B17CAPIT1XL,CSVC 17 BIG SLIDE,CAPIT,17,B17BVJVB1NE,Blast 17 Ignite,B17,2026-03-14,,1,True,14.0,2.0,0.6695851051364617,0.33041489486353826
B17CAPIT1XL,CSVC 17 BIG SLIDE,CAPIT,17,B17CORE11GE,CORE Boys 17 Platinum,B17,2026-02-08,,1,True,8.0,2.0,0.5081657102131054,0.4918342897868946
B17CAPIT1XL,CSVC 17 BIG SLIDE,CAPIT,17,B17CSJVB1NE,MEVBC/CT STARS 17 1,B17,2026-03-15,,1,True,20.0,2.0,0.7337733114070372,0.26622668859296283
B17CAPIT1XL,CSVC 17 BIG SLIDE,CAPIT,17,B17HKJVB1NE,Husky 17.1,B17,2026-03-15,,1,False,-15.0,-1.0,0.46028617140797035,-0.46028617140797035
B17CAPIT1XL,CSVC 17 BIG SLIDE,CAPIT,17,B17MVPVA1NE,MVP BOS 17 Black,B17,2026-02-06,,1,True,17.0,2.0,0.6605421475760623,0.33945785242393767
B17CAPIT1XL,CSVC 17 BIG SLIDE,CAPIT,17,B17NESVC1NE,NE Storm 17 Tsunami,B17,2026-03-14,,1,True,12.0,2.0,0.6226210238338468,0.37737897616615323
B17CAPIT1XL,CSVC 17 BIG SLIDE,CAPIT,17,B17NEVBC1NE,NEVBC Boys 17.1,B17,2025-12-21,,1,True,10.0,2.0,0.5463232982964709,0.45367670170352914
B17CAPIT1XL,CSVC 17 BIG SLIDE,CAPIT,17,B17NYCVA1GE,NYC VBA 17 Downtown,B17,2026-02-07,,1,True,22.0,2.0,0.7154541223210189,0.2845458776789811
B17CAPIT1XL,CSVC 17 BIG SLIDE,CAPIT,17,B17SJJVB2NE,SMASH Boys 17 Chaos,B17,2025-12-21,,1,True,5.0,1.0,0.5993073009349608,0.40069269906503924
B17CAPIT1XL,CSVC 17 BIG SLIDE,CAPIT,17,B17SJVBC1NE,South County Juniors Boys 17 1,B17,2026-02-07,,1,True,17.0,2.0,0.610342529657837,0.389657470342163
B17CAPIT1XL,CSVC 17 BIG SLIDE,CAPIT,17,B17SJVBC1NE,South County Juniors Boys 17 1,B17,2026-03-15,,2,True,8.0,2.0,0.610342529657837,0.389657470342163
B17CAPIT1XL,CSVC 17 BIG SLIDE,CAPIT,17,B17SPTMC5GE,Sportime 17 Lynbrook,B17,2026-02-06,,1,True,14.0,2.0,0.6791162916802643,0.32088370831973567
B17CAPIT1XL,CSVC 17 BIG SLIDE,CAPIT,17,B17SPTMC5GE,Sportime 17 Lynbrook,B17,2026-02-07,,2,True,14.0,2.0,0.6791162916802643,0.32088370831973567
B17CAPIT1XL,CSVC 17 BIG SLIDE,CAPIT,17,B17TTVBC2NE,SLAM 17 2 Boys,B17,2026-03-14,,1,True,11.0,2.0,0.7521024060585492,0.24789759394145083
B17CAPIT1XL,CSVC 17 BIG SLIDE,CAPIT,17,B18118281XX,PWVolleyball 18 1,MIXED,2026-01-17,,1,True,8.0,2.0,0.5791131245424516,0.42088687545754844
B17CAPIT1XL,CSVC 17 BIG SLIDE,CAPIT,17,B18BVJVB1NE,Blast 18 Fire,MIXED,2026-01-18,,1,True,10.0,2.0,0.5984274733332267,0.40157252666677334
B17CAPIT1XL,CSVC 17 BIG SLIDE,CAPIT,17,B18BVJVB2NE,Blast 18 Blaze,MIXED,2026-01-17,,1,True,28.0,2.0,0.7835590028094885,0.21644099719051146
B17CAPIT1XL,CSVC 17 BIG SLIDE,CAPIT,17,B18CAPIT1XL,CSVC 18 HAYSTACK,MIXED,2026-01-18,,1,True,12.0,1.0,0.6079947016930001,0.3920052983069999
B17CAPIT1XL,CSVC 17 BIG SLIDE,CAPIT,17,B18CAPIT1XL,CSVC 18 HAYSTACK,MIXED,2026-01-19,,2,True,7.0,2.0,0.6079947016930001,0.3920052983069999
B17CAPIT1XL,CSVC 17 BIG SLIDE,CAPIT,17,B18LEGIO1XL,TeamLVC Boys 18 Black,MIXED,2025-12-20,,1,True,6.0,1.0,0.5917760719397352,0.40822392806026475
B17CAPIT1XL,CSVC 17 BIG SLIDE,CAPIT,17,B18LEGIO1XL,TeamLVC Boys 18 Black,MIXED,2025-12-21,,2,True,14.0,2.0,0.5917760719397352,0.40822392806026475
B17CAPIT1XL,CSVC 17 BIG SLIDE,CAPIT,17,B18LHVBC2NE,LHV Boys 18-2 Blitz,MIXED,2026-01-18,,1,True,22.0,2.0,0.7063283270577982,0.29367167294220176
B17CAPIT1XL,CSVC 17 BIG SLIDE,CAPIT,17,B18NESVC1NE,NE Storm 18 Thunder,MIXED,2026-01-19,,1,True,17.0,2.0,0.6633277277229961,0.3366722722770039
B17CAPIT1XL,CSVC 17 BIG SLIDE,CAPIT,17,B18PVJVB1NE,PV Boys 18 1,MIXED,2025-12-20,,1,True,-2.0,1.0,0.44701752137371464,0.5529824786262854
B17CAPIT1XL,CSVC 17 BIG SLIDE,CAPIT,17,B18PVJVB2NE,PV Boys 18 2,MIXED,2025-12-20,,1,True,23.0,2.0,0.658858927727936,0.341141072272064
B17CAPIT1XL,CSVC 17 BIG SLIDE,CAPIT,17,B18PVJVB2NE,PV Boys 18 2,MIXED,2026-01-17,,2,True,10.0,2.0,0.658858927727936,0.341141072272064
B17CAPIT1XL,CSVC 17 BIG SLIDE,CAPIT,17,B18SJJVB2NE,SMASH Boys 18's Force,MIXED,2025-12-20,,1,True,10.0,2.0,0.5738734397003669,0.42612656029963314
B17CAPIT2XL,CSVC 17 SKYLIGHT,CAPIT,17,B16SJJVB1NE,SMASH Boys 16-1,MIXED,2025-12-20,,1,False,-24.0,-2.0,0.2612749106460119,-0.2612749106460119
B17CAPIT2XL,CSVC 17 SKYLIGHT,CAPIT,17,B17BVJVB1NE,Blast 17 Ignite,B17,2026-01-17,,1,False,-11.0,-2.0,0.29779290385591956,-0.29779290385591956
B17CAPIT2XL,CSVC 17 SKYLIGHT,CAPIT,17,B17CAMYV1NE,CYVB 17 1,B17,2026-01-18,,1,False,-3.0,-1.0,0.3807639239938688,-0.3807639239938688
B17CAPIT2XL,CSVC 17 SKYLIGHT,CAPIT,17,B17LHVBC2NE,LHV Boys 17-2 Boom,B17,2026-01-17,,1,True,17.0,2.0,0.6185856278497405,0.38141437215025953
B17CAPIT2XL,CSVC 17 SKYLIGHT,CAPIT,17,B17LIFRY1GE,LI Fury 17 1,B17,2026-02-07,,1,False,-4.0,-2.0,0.2753318882903161,-0.2753318882903161
B17CAPIT2XL,CSVC 17 SKYLIGHT,CAPIT,17,B17MVNER2NE,Meraki VB 17 2,B17,2026-03-14,,1,True,7.0,2.0,0.6790891672364376,0.32091083276356236
B17CAPIT2XL,CSVC 17 SKYLIGHT,CAPIT,17,B17MVPVA2NE,MVP BOS 17 Blue,B17,2026-02-08,,1,False,4.0,-1.0,0.46939411936213343,-0.46939411936213343
B17CAPIT2XL,CSVC 17 SKYLIGHT,CAPIT,17,B17NESVC1NE,NE Storm 17 Tsunami,B17,2026-02-06,,1,False,-15.0,-2.0,0.25665049193026845,-0.25665049193026845
B17CAPIT2XL,CSVC 17 SKYLIGHT,CAPIT,17,B17NESVC3NE,NE Storm 17 Wildfire,B17,2026-03-15,,1,False,7.0,-1.0,0.5169565365512877,-0.5169565365512877
B17CAPIT2XL,CSVC 17 SKYLIGHT,CAPIT,17,B17PVJVB1NE,PV Boys 17 1,B17,2025-12-20,,1,False,-8.0,-2.0,0.31122608384273975,-0.31122608384273975
B17CAPIT2XL,CSVC 17 SKYLIGHT,CAPIT,17,B17PVJVB1NE,PV Boys 17 1,B17,2026-01-19,,2,True,4.0,2.0,0.31122608384273975,0.6887739161572602
B17CAPIT2XL,CSVC 17 SKYLIGHT,CAPIT,17,B17PVJVB2NE,PV Boys 17 2,B17,2026-01-17,,1,True,10.0,2.0,0.47220328372924636,0.5277967162707536
B17CAPIT2XL,CSVC 17 SKYLIGHT,CAPIT,17,B17PVJVB2NE,PV Boys 17 2,B17,2026-03-14,,2,False,-7.0,-2.0,0.47220328372924636,-0.47220328372924636
B17CAPIT2XL,CSVC 17 SKYLIGHT,CAPIT,17,B17ROYAL1NO,Infinity Royals 17N,B17,2026-02-06,,1,False,-15.0,-2.0,0.33920757678593055,-0.33920757678593055
B17CAPIT2XL,CSVC 17 SKYLIGHT,CAPIT,17,B17RRJVB1NE,Boston United Boys 17 National 1,B17,2025-12-21,,1,False,-18.0,-2.0,0.32728721628567087,-0.32728721628567087
B17CAPIT2XL,CSVC 17 SKYLIGHT,CAPIT,17,B17RRJVB2NE,Boston United Boys 17 Northeast,B17,2026-02-07,,1,True,4.0,1.0,0.4132755087282446,0.5867244912717554
B17CAPIT2XL,CSVC 17 SKYLIGHT,CAPIT,17,B17RRJVB2NE,Boston United Boys 17 Northeast,B17,2026-03-15,,2,False,-5.0,-1.0,0.4132755087282446,-0.4132755087282446
B17CAPIT2XL,CSVC 17 SKYLIGHT,CAPIT,17,B17RRJVB3NE,Boston United Boys 17 Select 1,B17,2026-03-14,,1,True,28.0,2.0,0.6025355751206113,0.3974644248793887
B17CAPIT2XL,CSVC 17 SKYLIGHT,CAPIT,17,B17SJJVB3NE,SMASH Boys 17's Shock,B17,2025-12-20,,1,False,-12.0,-2.0,0.36509626581585564,-0.36509626581585564
B17CAPIT2XL,CSVC 17 SKYLIGHT,CAPIT,17,B17SPTMC3GE,Sportime 17 3,B17,2026-02-06,,1,False,-0.0,-1.0,0.30482950678508713,-0.30482950678508713
B17CAPIT2XL,CSVC 17 SKYLIGHT,CAPIT,17,B17SPTMC4GE,Sportime 17 4,B17,2026-02-07,,1,True,19.0,2.0,0.5459944383758332,0.45400556162416683
B17CAPIT2XL,CSVC 17 SKYLIGHT,CAPIT,17,B17SYRVB1XL,SVC 17 1 Boys,B17,2026-01-18,,1,False,-17.0,-2.0,0.1284377097806099,-0.1284377097806099
B17CAPIT2XL,CSVC 17 SKYLIGHT,CAPIT,17,B17TTVBC1NE,SLAM 17 1 Boys,B17,2026-01-19,,1,False,-30.0,-2.0,0.24180162560032178,-0.24180162560032178
B17CAPIT2XL,CSVC 17 SKYLIGHT,CAPIT,17,B17TTVBC2NE,SLAM 17 2 Boys,B17,2026-01-18,,1,True,-4.0,1.0,0.3883430540240812,0.6116569459759188
B17CAPIT2XL,CSVC 17 SKYLIGHT,CAPIT,17,B18SAVBC1XL,Sporting Albany Boys 18u,MIXED,2025-12-21,,1,True,0.0,1.0,0.5698918836470495,0.43010811635295054
B17CORE11GE,CORE Boys 17 Platinum,CORE1,17,B17CAPIT1XL,CSVC 17 BIG SLIDE,B17,2026-02-08,,1,False,-8.0,-2.0,0.4918342897868947,-0.4918342897868947
B17CORE11GE,CORE Boys 17 Platinum,CORE1,17,B17LCVBC1GE,Legacy Boys 17 National,B17,2026-02-07,,1,True,9.0,2.0,0.5748513990437312,0.42514860095626883
B17CORE11GE,CORE Boys 17 Platinum,CORE1,17,B17MVPVA1NE,MVP BOS 17 Black,B17,2026-02-07,,1,True,13.0,2.0,0.6531796752174519,0.3468203247825481
B17CORE11GE,CORE Boys 17 Platinum,CORE1,17,B17NYCVA1GE,NYC VBA 17 Downtown,B17,2026-02-06,,1,True,12.0,2.0,0.7087575104607292,0.2912424895392708
B17CORE11GE,CORE Boys 17 Platinum,CORE1,17,B17RAPTO1GE,NYC Raptors 17 Black,B17,2026-02-06,,1,True,22.0,2.0,0.7887776075293579,0.21122239247064212
B17CORE11GE,CORE Boys 17 Platinum,CORE1,17,B17RRJVB1NE,Boston United Boys 17 National 1,B17,2026-02-06,,1,False,2.0,-1.0,0.6923210959075512,-0.6923210959075512
B17CORE11GE,CORE Boys 17 Platinum,CORE1,17,B17RRJVB1NE,Boston United Boys 17 National 1,B17,2026-02-07,,2,True,5.0,1.0,0.6923210959075512,0.3076789040924488
B17CSJVB1NE,MEVBC/CT STARS 17 1,CSJVB,17,B17CAPIT1XL,CSVC 17 BIG SLIDE,B17,2026-03-15,,1,False,-20.0,-2.0,0.2662266885929628,-0.2662266885929628
B17CSJVB1NE,MEVBC/CT STARS 17 1,CSJVB,17,B17HKJVB1NE,Husky 17.1,B17,2026-01-31,,1,False,-17.0,-2.0,0.23630545563860317,-0.23630545563860317
B17CSJVB1NE,MEVBC/CT STARS 17 1,CSJVB,17,B17MVNER1NE,Meraki VB 17 1,B17,2026-03-14,,1,True,7.0,1.0,0.4878195933838288,0.5121804066161713
B17CSJVB1NE,MEVBC/CT STARS 17 1,CSJVB,17,B17RRJVB1NE,Boston United Boys 17 National 1,B17,2026-03-14,,1,False,-15.0,-2.0,0.45755413232370057,-0.45755413232370057
B17CSJVB1NE,MEVBC/CT STARS 17 1,CSJVB,17,B17SJJVB3NE,SMASH Boys 17's Shock,B17,2026-01-31,,1,False,-0.0,-1.0,0.4992437308902549,-0.4992437308902549
B17CSJVB1NE,MEVBC/CT STARS 17 1,CSJVB,17,B17SJVBC1NE,South County Juniors Boys 17 1,B17,2026-03-14,,1,False,-13.0,-2.0,0.3623683035357007,-0.3623683035357007
B17CSJVB1NE,MEVBC/CT STARS 17 1,CSJVB,17,B17TTVBC1NE,SLAM 17 1 Boys,B17,2026-01-31,,1,False,-5.0,-1.0,0.3560522384714681,-0.3560522384714681
B17CSJVB1NE,MEVBC/CT STARS 17 1,CSJVB,17,B17TTVBC1NE,SLAM 17 1 Boys,B17,2026-02-01,,2,False,-12.0,-2.0,0.3560522384714681,-0.3560522384714681
B17CSJVB1NE,MEVBC/CT STARS 17 1,CSJVB,17,B17TTVBC1NE,SLAM 17 1 Boys,B17,2026-03-15,,3,False,-22.0,-2.0,0.3560522384714681,-0.3560522384714681
B17CSJVB1NE,MEVBC/CT STARS 17 1,CSJVB,17,B17TTVBC2NE,SLAM 17 2 Boys,B17,2026-02-01,,1,False,4.0,-1.0,0.5239827765878025,-0.5239827765878025
B17DIGSV1GE,Digs Boys 17 Red,DIGSV,17,B17ALLIN1FL,AVA 17 Boys,B17,2026-02-07,,1,False,-16.0,-2.0,0.25177297657357695,-0.25177297657357695
B17DIGSV1GE,Digs Boys 17 Red,DIGSV,17,B17LCVBC1GE,Legacy Boys 17 National,B17,2026-02-06,,1,False,-9.0,-2.0,0.3342139096452914,-0.3342139096452914
B17DIGSV1GE,Digs Boys 17 Red,DIGSV,17,B17LCVBC1GE,Legacy Boys 17 National,B17,2026-02-08,,2,False,-18.0,-2.0,0.3342139096452914,-0.3342139096452914
B17DIGSV1GE,Digs Boys 17 Red,DIGSV,17,B17NYCIV1GE,NYC Impact 17U National,B17,2026-02-06,,1,False,-18.0,-2.0,0.26522331398578314,-0.26522331398578314
B17DIGSV1GE,Digs Boys 17 Red,DIGSV,17,B17NYCVA1GE,NYC VBA 17 Downtown,B17,2026-02-08,,1,True,7.0,2.0,0.4746460701032479,0.5253539298967521
B17DIGSV1GE,Digs Boys 17 Red,DIGSV,17,B17RAPTO1GE,NYC Raptors 17 Black,B17,2026-02-07,,1,True,10.0,2.0,0.5809593440801384,0.4190406559198616
B17DIGSV1GE,Digs Boys 17 Red,DIGSV,17,B17RRJVB1NE,Boston United Boys 17 National 1,B17,2026-02-07,,1,False,-9.0,-2.0,0.45515412176866255,-0.45515412176866255
B17DIGSV1GE,Digs Boys 17 Red,DIGSV,17,B17SJVBC1NE,South County Juniors Boys 17 1,B17,2026-02-06,,1,False,-18.0,-2.0,0.3601360947402092,-0.3601360947402092
B17HKJVB1NE,Husky 17.1,HKJVB,17,B17CAPIT1XL,CSVC 17 BIG SLIDE,B17,2026-03-15,,1,True,15.0,1.0,0.5397138285920297,0.46028617140797035
B17HKJVB1NE,Husky 17.1,HKJVB,17,B17CSJVB1NE,MEVBC/CT STARS 17 1,B17,2026-01-31,,1,True,17.0,2.0,0.7636945443613968,0.23630545563860317
B17HKJVB1NE,Husky 17.1,HKJVB,17,B17LHVBC1NE,LHV Boys 17-1 Ubuntu,B17,2026-02-01,,1,True,17.0,1.0,0.671453708050955,0.32854629194904506
B17HKJVB1NE,Husky 17.1,HKJVB,17,B17NESVC1NE,NE Storm 17 Tsunami,B17,2026-03-15,,1,True,11.0,1.0,0.6592331496976224,0.34076685030237763
B17HKJVB1NE,Husky 17.1,HKJVB,17,B17NESVC2NE,NE Storm 17 Landslide,B17,2026-03-14,,1,True,19.0,2.0,0.795866830111527,0.20413316988847297
B17HKJVB1NE,Husky 17.1,HKJVB,17,B17NEVBC1NE,NEVBC Boys 17.1,B17,2026-02-01,,1,False,-5.0,-2.0,0.5854086302207876,-0.5854086302207876
B17HKJVB1NE,Husky 17.1,HKJVB,17,B17NEVBC2NE,NEVBC Boys 17.2,B17,2026-03-14,,1,True,1.0,1.0,0.6706007701472959,0.3293992298527041
B17HKJVB1NE,Husky 17.1,HKJVB,17,B17RRJVB1NE,Boston United Boys 17 National 1,B17,2026-03-15,,1,True,13.0,1.0,0.731618460999952,0.268381539000048
B17HKJVB1NE,Husky 17.1,HKJVB,17,B17SJJVB3NE,SMASH Boys 17's Shock,B17,2026-01-31,,1,False,2.0,-1.0,0.7631481875485902,-0.7631481875485902
B17HKJVB1NE,Husky 17.1,HKJVB,17,B17TTVBC1NE,SLAM 17 1 Boys,B17,2026-01-31,,1,True,13.0,2.0,0.6411830180141292,0.35881698198587075
B17HKJVB1NE,Husky 17.1,HKJVB,17,B17TTVBC1NE,SLAM 17 1 Boys,B17,2026-03-14,,2,True,8.0,2.0,0.6411830180141292,0.35881698198587075
B17HKJVB2NE,Husky 17.2,HKJVB,17,B17HKJVB3NE,Husky 17.3,B17,2026-01-31,,1,True,12.0,1.0,0.6056204870128764,0.3943795129871236
B17HKJVB2NE,Husky 17.2,HKJVB,17,B17NESVC2NE,NE Storm 17 Landslide,B17,2026-02-01,,1,True,22.0,2.0,0.5656160027240981,0.43438399727590193
B17HKJVB2NE,Husky 17.2,HKJVB,17,B17NEVBC2NE,NEVBC Boys 17.2,B17,2026-02-01,,1,False,-10.0,-2.0,0.4047361648908521,-0.4047361648908521
B17HKJVB2NE,Husky 17.2,HKJVB,17,B17PVJVB2NE,PV Boys 17 2,B17,2026-01-31,,1,False,-8.0,-1.0,0.6260610708597084,-0.6260610708597084
B17HKJVB2NE,Husky 17.2,HKJVB,17,B17RRJVB3NE,Boston United Boys 17 Select 1,B17,2026-01-31,,1,True,15.0,2.0,0.7393703152030332,0.2606296847969668
B17HKJVB2NE,Husky 17.2,HKJVB,17,B18315VB1XL,315VB 18 USA,MIXED,2026-03-15,,1,False,-14.0,-2.0,0.3720133801119367,-0.3720133801119367
B17HKJVB2NE,Husky 17.2,HKJVB,17,B18CAPIT1XL,CSVC 18 HAYSTACK,MIXED,2026-03-14,,1,False,-8.0,-2.0,0.46267619266816157,-0.46267619266816157
B17HKJVB2NE,Husky 17.2,HKJVB,17,B18NEVBC3NE,NEVBC Boys 18 Blue,MIXED,2026-03-14,,1,True,13.0,2.0,0.6268185482296356,0.37318145177036444
B17HKJVB2NE,Husky 17.2,HKJVB,17,B18PVJVB4NE,PV Boys 18 4,MIXED,2026-03-15,,1,True,4.0,1.0,0.488779778480568,0.511220221519432
B17HKJVB2NE,Husky 17.2,HKJVB,17,B18TTVBC1NE,SLAM 18 1 Boys,MIXED,2026-03-14,,1,True,13.0,2.0,0.6268185482296356,0.37318145177036444
B17HKJVB3NE,Husky 17.3,HKJVB,17,B17HKJVB2NE,Husky 17.2,B17,2026-01-31,,1,False,-12.0,-1.0,0.3943795129871235,-0.3943795129871235
B17HKJVB3NE,Husky 17.3,HKJVB,17,B17NESVC2NE,NE Storm 17 Landslide,B17,2026-01-31,,1,False,-11.0,-2.0,0.45885490891475667,-0.45885490891475667
B17HKJVB3NE,Husky 17.3,HKJVB,17,B17NESVC2NE,NE Storm 17 Landslide,B17,2026-02-01,,2,True,8.0,2.0,0.45885490891475667,0.5411450910852433
B17HKJVB3NE,Husky 17.3,HKJVB,17,B17NEVBC2NE,NEVBC Boys 17.2,B17,2026-02-01,,1,True,-6.0,1.0,0.3068879086205232,0.6931120913794768
B17HKJVB3NE,Husky 17.3,HKJVB,17,B17NYCVA1GE,NYC VBA 17 Downtown,B17,2026-01-31,,1,False,-12.0,-2.0,0.39069326414079114,-0.39069326414079114
B17HKJVB3NE,Husky 17.3,HKJVB,17,B17NYCVA1GE,NYC VBA 17 Downtown,B17,2026-02-01,,2,False,-7.0,-2.0,0.39069326414079114,-0.39069326414079114
B17HKJVB3NE,Husky 17.3,HKJVB,17,B17PVJVB3NE,PV Boys 17 3,B17,2026-01-31,,1,True,14.0,2.0,0.5914193534403192,0.40858064655968085
B17HKJVB3NE,Husky 17.3,HKJVB,17,B18315VB1XL,315VB 18 USA,MIXED,2026-03-15,,1,False,-19.0,-2.0,0.3115596943707153,-0.3115596943707153
B17HKJVB3NE,Husky 17.3,HKJVB,17,B18BVJVB2NE,Blast 18 Blaze,MIXED,2026-03-14,,1,True,15.0,2.0,0.6055907831364811,0.39440921686351893
B17HKJVB3NE,Husky 17.3,HKJVB,17,B18MVNER2NE,Meraki VB 18 2,MIXED,2026-03-14,,1,False,4.0,-1.0,0.539807290813647,-0.539807290813647
B17HKJVB3NE,Husky 17.3,HKJVB,17,B18NESVC2NE,NE Storm 18 Squall,MIXED,2026-03-14,,1,True,1.0,1.0,0.5099716071905557,0.4900283928094443
B17HKJVB3NE,Husky 17.3,HKJVB,17,B18PVJVB4NE,PV Boys 18 4,MIXED,2026-03-15,,1,False,-13.0,-1.0,0.42210525672830246,-0.42210525672830246
B17HKJVB4NE,Husky 17.4,HKJVB,17,B17MMVBC1NE,Mayhem 17 1,B17,2026-01-31,,1,True,9.0,1.0,0.4559596717281866,0.5440403282718134
B17HKJVB4NE,Husky 17.4,HKJVB,17,B17MVNER2NE,Meraki VB 17 2,B17,2026-01-31,,1,True,11.0,1.0,0.6478583247126377,0.3521416752873623
B17HKJVB4NE,Husky 17.4,HKJVB,17,B17MVNER2NE,Meraki VB 17 2,B17,2026-03-15,,2,True,20.0,2.0,0.6478583247126377,0.3521416752873623
B17HKJVB4NE,Husky 17.4,HKJVB,17,B17MVPVA2NE,MVP BOS 17 Blue,B17,2026-01-31,,1,False,-9.0,-2.0,0.4347425072765001,-0.4347425072765001
B17HKJVB4NE,Husky 17.4,HKJVB,17,B17MVPVA2NE,MVP BOS 17 Blue,B17,2026-02-01,,2,True,8.0,2.0,0.4347425072765001,0.5652574927234999
B17HKJVB4NE,Husky 17.4,HKJVB,17,B17NESVC3NE,NE Storm 17 Wildfire,B17,2026-03-14,,1,False,-16.0,-2.0,0.4819831757860274,-0.4819831757860274
B17HKJVB4NE,Husky 17.4,HKJVB,17,B17NYCVA1GE,NYC VBA 17 Downtown,B17,2026-02-01,,1,False,-18.0,-2.0,0.3138745864110697,-0.3138745864110697
B17HKJVB4NE,Husky 17.4,HKJVB,17,B17PVJVB3NE,PV Boys 17 3,B17,2026-03-14,,1,True,5.0,2.0,0.5080413407471375,0.49195865925286253
B17HKJVB4NE,Husky 17.4,HKJVB,17,B17PVJVB3NE,PV Boys 17 3,B17,2026-03-15,,2,False,-4.0,-2.0,0.5080413407471375,-0.5080413407471375
B17HKJVB4NE,Husky 17.4,HKJVB,17,B17RRJVB2NE,Boston United Boys 17 Northeast,B17,2026-03-14,,1,False,-18.0,-2.0,0.37980132667081407,-0.37980132667081407
B17LCVBC1GE,Legacy Boys 17 National,LCVBC,17,B17CORE11GE,CORE Boys 17 Platinum,B17,2026-02-07,,1,False,-9.0,-2.0,0.4251486009562688,-0.4251486009562688
B17LCVBC1GE,Legacy Boys 17 National,LCVBC,17,B17DIGSV1GE,Digs Boys 17 Red,B17,2026-02-06,,1,True,9.0,2.0,0.6657860903547086,0.3342139096452914
B17LCVBC1GE,Legacy Boys 17 National,LCVBC,17,B17DIGSV1GE,Digs Boys 17 Red,B17,2026-02-08,,2,True,18.0,2.0,0.6657860903547086,0.3342139096452914
B17LCVBC1GE,Legacy Boys 17 National,LCVBC,17,B17MVPVA1NE,MVP BOS 17 Black,B17,2026-02-07,,1,False,0.0,-1.0,0.5820933094747388,-0.5820933094747388
B17LCVBC1GE,Legacy Boys 17 National,LCVBC,17,B17NYCIV1GE,NYC Impact 17U National,B17,2026-02-06,,1,False,-3.0,-1.0,0.4182875200670858,-0.4182875200670858
B17LCVBC1GE,Legacy Boys 17 National,LCVBC,17,B17NYCVA1GE,NYC VBA 17 Downtown,B17,2026-02-07,,1,True,13.0,1.0,0.6428336680036695,0.3571663319963305
B17LCVBC1GE,Legacy Boys 17 National,LCVBC,17,B17RAPTO1GE,NYC Raptors 17 Black,B17,2026-02-08,,1,True,16.0,2.0,0.7341732059859665,0.26582679401403353
B17LCVBC1GE,Legacy Boys 17 National,LCVBC,17,B17SJVBC1NE,South County Juniors Boys 17 1,B17,2026-02-06,,1,True,0.0,1.0,0.5285722611804908,0.47142773881950917
B17LCVBC2GE,Legacy Boys 17 Premier,LCVBC,17,B17117902XX,Torrimar 17 2,B17,2026-02-07,,1,False,-20.0,-2.0,0.370199032150066,-0.370199032150066
B17LCVBC2GE,Legacy Boys 17 Premier,LCVBC,17,B17117902XX,Torrimar 17 2,B17,2026-02-07,,2,True,7.0,2.0,0.370199032150066,0.629800967849934
B17LCVBC2GE,Legacy Boys 17 Premier,LCVBC,17,B17MVPVA2NE,MVP BOS 17 Blue,B17,2026-02-06,,1,True,3.0,1.0,0.5582782553359701,0.4417217446640299
B17LCVBC2GE,Legacy Boys 17 Premier,LCVBC,17,B17RIVAL1GE,Rival 17’s,B17,2026-02-06,,1,True,1.0,1.0,0.541549399074604,0.458450600925396
B17LCVBC2GE,Legacy Boys 17 Premier,LCVBC,17,B17ROYAL1NO,Infinity Royals 17N,B17,2026-02-08,,1,False,-7.0,-2.0,0.4230968254997152,-0.4230968254997152
B17LCVBC2GE,Legacy Boys 17 Premier,LCVBC,17,B17SPTMC6GE,Sportime 17 Lynbrook 2,B17,2026-02-07,,1,True,9.0,2.0,0.538780647234873,0.46121935276512704
B17LCVBC2GE,Legacy Boys 17 Premier,LCVBC,17,B17XTREM1GE,Xtreme 17 National Braulio,B17,2026-02-06,,1,False,-4.0,-1.0,0.5293510589975856,-0.5293510589975856
B17LHVBC1NE,LHV Boys 17-1 Ubuntu,LHVBC,17,B17BVJVB1NE,Blast 17 Ignite,B17,2026-01-31,,1,False,-9.0,-1.0,0.5376119312862099,-0.5376119312862099
B17LHVBC1NE,LHV Boys 17-1 Ubuntu,LHVBC,17,B17CAMYV1NE,CYVB 17 1,B17,2025-11-22,,1,True,12.0,1.0,0.6276750319484536,0.37232496805154636
B17LHVBC1NE,LHV Boys 17-1 Ubuntu,LHVBC,17,B17CAMYV1NE,CYVB 17 1,B17,2025-11-23,,2,True,9.0,2.0,0.6276750319484536,0.37232496805154636
B17LHVBC1NE,LHV Boys 17-1 Ubuntu,LHVBC,17,B17HKJVB1NE,Husky 17.1,B17,2026-02-01,,1,False,-17.0,-1.0,0.3285462919490451,-0.3285462919490451
B17LHVBC1NE,LHV Boys 17-1 Ubuntu,LHVBC,17,B17MVNER2NE,Meraki VB 17 2,B17,2025-11-23,,1,True,27.0,2.0,0.8529780202322204,0.14702197976777964
B17LHVBC1NE,LHV Boys 17-1 Ubuntu,LHVBC,17,B17MVPVA1NE,MVP BOS 17 Black,B17,2026-01-31,,1,True,9.0,1.0,0.5275058167970366,0.47249418320296344
B17LHVBC1NE,LHV Boys 17-1 Ubuntu,LHVBC,17,B17NESVC2NE,NE Storm 17 Landslide,B17,2025-11-22,,1,True,12.0,2.0,0.6560841313762048,0.3439158686237952
B17LHVBC1NE,LHV Boys 17-1 Ubuntu,LHVBC,17,B17RRJVB2NE,Boston United Boys 17 Northeast,B17,2025-11-22,,1,True,16.0,2.0,0.6588383168391906,0.3411616831608094
B17LHVBC1NE,LHV Boys 17-1 Ubuntu,LHVBC,17,B17RRJVB3NE,Boston United Boys 17 Select 1,B17,2025-11-23,,1,True,26.0,2.0,0.8060591361893816,0.19394086381061837
B17LHVBC1NE,LHV Boys 17-1 Ubuntu,LHVBC,17,B17SJJVB1NE,SMASH Boys 17-1,B17,2026-01-31,,1,False,-15.0,-2.0,0.22515314632855202,-0.22515314632855202
B17LHVBC1NE,LHV Boys 17-1 Ubuntu,LHVBC,17,B17SJJVB1NE,SMASH Boys 17-1,B17,2026-02-01,,2,False,-29.0,-2.0,0.22515314632855202,-0.22515314632855202
B17LHVBC2NE,LHV Boys 17-2 Boom,LHVBC,17,B17BVJVB1NE,Blast 17 Ignite,B17,2026-01-17,,1,False,-20.0,-2.0,0.207283319852654,-0.207283319852654
B17LHVBC2NE,LHV Boys 17-2 Boom,LHVBC,17,B17CAMYV1NE,CYVB 17 1,B17,2025-11-23,,1,False,-8.0,-2.0,0.2749091508968813,-0.2749091508968813
B17LHVBC2NE,LHV Boys 17-2 Boom,LHVBC,17,B17CAPIT2XL,CSVC 17 SKYLIGHT,B17,2026-01-17,,1,False,-17.0,-2.0,0.3814143721502596,-0.3814143721502596
B17LHVBC2NE,LHV Boys 17-2 Boom,LHVBC,17,B17MMVBC1NE,Mayhem 17 1,B17,2025-11-22,,1,False,-2.0,-1.0,0.372801356850446,-0.372801356850446
B17LHVBC2NE,LHV Boys 17-2 Boom,LHVBC,17,B17MMVBC1NE,Mayhem 17 1,B17,2025-11-23,,2,False,-18.0,-2.0,0.372801356850446,-0.372801356850446
B17LHVBC2NE,LHV Boys 17-2 Boom,LHVBC,17,B17MVNER1NE,Meraki VB 17 1,B17,2026-01-18,,1,False,-19.0,-2.0,0.2530203981228547,-0.2530203981228547
B17LHVBC2NE,LHV Boys 17-2 Boom,LHVBC,17,B17MVPVA2NE,MVP BOS 17 Blue,B17,2025-11-22,,1,True,-2.0,1.0,0.35294341059072387,0.6470565894092761
B17LHVBC2NE,LHV Boys 17-2 Boom,LHVBC,17,B17NEVBC2NE,NEVBC Boys 17.2,B17,2026-01-31,,1,False,-30.0,-2.0,0.1830265125665965,-0.1830265125665965
B17LHVBC2NE,LHV Boys 17-2 Boom,LHVBC,17,B17PVJVB2NE,PV Boys 17 2,B17,2026-01-17,,1,False,-10.0,-2.0,0.35552261393856494,-0.35552261393856494
B17LHVBC2NE,LHV Boys 17-2 Boom,LHVBC,17,B17PVJVB2NE,PV Boys 17 2,B17,2026-01-31,,2,False,-17.0,-2.0,0.35552261393856494,-0.35552261393856494
B17LHVBC2NE,LHV Boys 17-2 Boom,LHVBC,17,B17PVJVB3NE,PV Boys 17 3,B17,2026-01-19,,1,False,-7.0,-2.0,0.42276562410293644,-0.42276562410293644
B17LHVBC2NE,LHV Boys 17-2 Boom,LHVBC,17,B17PVJVB3NE,PV Boys 17 3,B17,2026-01-31,,2,False,0.0,-1.0,0.42276562410293644,-0.42276562410293644
B17LHVBC2NE,LHV Boys 17-2 Boom,LHVBC,17,B17PVJVB3NE,PV Boys 17 3,B17,2026-02-01,,3,False,-6.0,-1.0,0.42276562410293644,-0.42276562410293644
B17LHVBC2NE,LHV Boys 17-2 Boom,LHVBC,17,B17RRJVB2NE,Boston United Boys 17 Northeast,B17,2026-01-18,,1,False,-8.0,-1.0,0.3028020358126083,-0.3028020358126083
B17LHVBC2NE,LHV Boys 17-2 Boom,LHVBC,17,B17RRJVB3NE,Boston United Boys 17 Select 1,B17,2025-11-22,,1,True,9.0,1.0,0.483129412822436,0.5168705871775641
B17LHVBC2NE,LHV Boys 17-2 Boom,LHVBC,17,B17RRJVB3NE,Boston United Boys 17 Select 1,B17,2026-01-18,,2,True,19.0,2.0,0.483129412822436,0.5168705871775641
B17LHVBC2NE,LHV Boys 17-2 Boom,LHVBC,17,B17RRJVB3NE,Boston United Boys 17 Select 1,B17,2026-02-01,,3,False,-25.0,-2.0,0.483129412822436,-0.483129412822436
B17LIFRY1GE,LI Fury 17 1,LIFRY,17,B17117902XX,Torrimar 17 2,B17,2026-02-08,,1,False,-2.0,-1.0,0.5198943292635354,-0.5198943292635354
B17LIFRY1GE,LI Fury 17 1,LIFRY,17,B17CAPIT2XL,CSVC 17 SKYLIGHT,B17,2026-02-07,,1,True,4.0,2.0,0.724668111709684,0.27533188829031596
B17LIFRY1GE,LI Fury 17 1,LIFRY,17,B17NESVC1NE,NE Storm 17 Tsunami,B17,2026-02-07,,1,True,17.0,2.0,0.4760896031353345,0.5239103968646655
B17LIFRY1GE,LI Fury 17 1,LIFRY,17,B17ROYAL1NO,Infinity Royals 17N,B17,2026-02-06,,1,False,-4.0,-1.0,0.5746647196020769,-0.5746647196020769
B17LIFRY1GE,LI Fury 17 1,LIFRY,17,B17RRJVB2NE,Boston United Boys 17 Northeast,B17,2026-02-06,,1,True,19.0,2.0,0.6496032343659122,0.35039676563408784
B17LIFRY1GE,LI Fury 17 1,LIFRY,17,B17SPTMC3GE,Sportime 17 3,B17,2026-02-07,,1,False,-4.0,-1.0,0.5357717877688049,-0.5357717877688049
B17LIFRY1GE,LI Fury 17 1,LIFRY,17,B17SPTMC4GE,Sportime 17 4,B17,2026-02-06,,1,True,14.0,2.0,0.759919072186644,0.240080927813356
B17MMVBC1NE,Mayhem 17 1,MMVBC,17,B17CAMYV1NE,CYVB 17 1,B17,2025-11-23,,1,False,-13.0,-2.0,0.38944667414094764,-0.38944667414094764
B17MMVBC1NE,Mayhem 17 1,MMVBC,17,B17HKJVB4NE,Husky 17.4,B17,2026-01-31,,1,False,-9.0,-1.0,0.5440403282718134,-0.5440403282718134
B17MMVBC1NE,Mayhem 17 1,MMVBC,17,B17LHVBC2NE,LHV Boys 17-2 Boom,B17,2025-11-22,,1,True,2.0,1.0,0.627198643149554,0.372801356850446
B17MMVBC1NE,Mayhem 17 1,MMVBC,17,B17LHVBC2NE,LHV Boys 17-2 Boom,B17,2025-11-23,,2,True,18.0,2.0,0.627198643149554,0.372801356850446
B17MMVBC1NE,Mayhem 17 1,MMVBC,17,B17MVNER2NE,Meraki VB 17 2,B17,2025-11-22,,1,True,19.0,2.0,0.6870271718317815,0.3129728281682185
B17MMVBC1NE,Mayhem 17 1,MMVBC,17,B17MVNER2NE,Meraki VB 17 2,B17,2026-01-31,,2,True,13.0,2.0,0.6870271718317815,0.3129728281682185
B17MMVBC1NE,Mayhem 17 1,MMVBC,17,B17MVPVA2NE,MVP BOS 17 Blue,B17,2026-01-31,,1,False,-14.0,-1.0,0.4785360897499576,-0.4785360897499576
B17MMVBC1NE,Mayhem 17 1,MMVBC,17,B17PVJVB3NE,PV Boys 17 3,B17,2026-02-01,,1,True,15.0,2.0,0.5520079958886499,0.4479920041113501
B17MMVBC1NE,Mayhem 17 1,MMVBC,17,B17RRJVB3NE,Boston United Boys 17 Select 1,B17,2025-11-22,,1,True,7.0,2.0,0.6112832741159588,0.38871672588404116
B17MMVBC1NE,Mayhem 17 1,MMVBC,17,B17RRJVB3NE,Boston United Boys 17 Select 1,B17,2026-02-01,,2,True,15.0,1.0,0.6112832741159588,0.38871672588404116
B17MVNER1NE,Meraki VB 17 1,MVNER,17,B17CSJVB1NE,MEVBC/CT STARS 17 1,B17,2026-03-14,,1,False,-7.0,-1.0,0.5121804066161711,-0.5121804066161711
B17MVNER1NE,Meraki VB 17 1,MVNER,17,B17LHVBC2NE,LHV Boys 17-2 Boom,B17,2026-01-18,,1,True,19.0,2.0,0.7469796018771453,0.2530203981228547
B17MVNER1NE,Meraki VB 17 1,MVNER,17,B17MVPVA1NE,MVP BOS 17 Black,B17,2025-11-22,,1,False,-13.0,-2.0,0.4257018240370482,-0.4257018240370482
B17MVNER1NE,Meraki VB 17 1,MVNER,17,B17MVPVA1NE,MVP BOS 17 Black,B17,2025-11-23,,2,True,1.0,1.0,0.4257018240370482,0.5742981759629517
B17MVNER1NE,Meraki VB 17 1,MVNER,17,B17NESVC1NE,NE Storm 17 Tsunami,B17,2025-11-23,,1,False,-12.0,-2.0,0.38593481294423765,-0.38593481294423765
B17MVNER1NE,Meraki VB 17 1,MVNER,17,B17NESVC3NE,NE Storm 17 Wildfire,B17,2026-01-17,,1,True,12.0,1.0,0.6608020988950896,0.33919790110491044
B17MVNER1NE,Meraki VB 17 1,MVNER,17,B17NESVC3NE,NE Storm 17 Wildfire,B17,2026-01-19,,2,False,-11.0,-1.0,0.6608020988950896,-0.6608020988950896
B17MVNER1NE,Meraki VB 17 1,MVNER,17,B17NEVBC2NE,NEVBC Boys 17.2,B17,2026-03-15,,1,False,-18.0,-2.0,0.39809526343175955,-0.39809526343175955
B17MVNER1NE,Meraki VB 17 1,MVNER,17,B17PVJVB1NE,PV Boys 17 1,B17,2026-01-17,,1,False,4.0,-1.0,0.4513110380908143,-0.4513110380908143
B17MVNER1NE,Meraki VB 17 1,MVNER,17,B17RRJVB1NE,Boston United Boys 17 National 1,B17,2025-11-22,,1,True,-0.0,1.0,0.46967181930048174,0.5303281806995183
B17MVNER1NE,Meraki VB 17 1,MVNER,17,B17RRJVB1NE,Boston United Boys 17 National 1,B17,2026-03-14,,2,False,-12.0,-2.0,0.46967181930048174,-0.46967181930048174
B17MVNER1NE,Meraki VB 17 1,MVNER,17,B17RRJVB2NE,Boston United Boys 17 Northeast,B17,2026-01-18,,1,True,20.0,2.0,0.5618263734735283,0.43817362652647174
B17MVNER1NE,Meraki VB 17 1,MVNER,17,B17RRJVB3NE,Boston United Boys 17 Select 1,B17,2026-01-18,,1,True,4.0,2.0,0.7340091905631826,0.2659908094368174
B17MVNER1NE,Meraki VB 17 1,MVNER,17,B17SJVBC1NE,South County Juniors Boys 17 1,B17,2026-03-14,,1,False,-3.0,-1.0,0.3737017998759516,-0.3737017998759516
B17MVNER1NE,Meraki VB 17 1,MVNER,17,B17TTVBC2NE,SLAM 17 2 Boys,B17,2025-11-22,,1,True,13.0,2.0,0.5361209765695161,0.4638790234304839
B17MVNER1NE,Meraki VB 17 1,MVNER,17,B17TTVBC2NE,SLAM 17 2 Boys,B17,2026-01-17,,2,True,5.0,1.0,0.5361209765695161,0.4638790234304839
B17MVNER1NE,Meraki VB 17 1,MVNER,17,B17TTVBC2NE,SLAM 17 2 Boys,B17,2026-03-15,,3,True,3.0,1.0,0.5361209765695161,0.4638790234304839
B17MVNER2NE,Meraki VB 17 2,MVNER,17,B17CAPIT2XL,CSVC 17 SKYLIGHT,B17,2026-03-14,,1,False,-7.0,-2.0,0.3209108327635623,-0.3209108327635623
B17MVNER2NE,Meraki VB 17 2,MVNER,17,B17HKJVB4NE,Husky 17.4,B17,2026-01-31,,1,False,-11.0,-1.0,0.35214167528736223,-0.35214167528736223
B17MVNER2NE,Meraki VB 17 2,MVNER,17,B17HKJVB4NE,Husky 17.4,B17,2026-03-15,,2,False,-20.0,-2.0,0.35214167528736223,-0.35214167528736223
B17MVNER2NE,Meraki VB 17 2,MVNER,17,B17LHVBC1NE,LHV Boys 17-1 Ubuntu,B17,2025-11-23,,1,False,-27.0,-2.0,0.14702197976777961,-0.14702197976777961
B17MVNER2NE,Meraki VB 17 2,MVNER,17,B17MMVBC1NE,Mayhem 17 1,B17,2025-11-22,,1,False,-19.0,-2.0,0.31297282816821853,-0.31297282816821853
B17MVNER2NE,Meraki VB 17 2,MVNER,17,B17MMVBC1NE,Mayhem 17 1,B17,2026-01-31,,2,False,-13.0,-2.0,0.31297282816821853,-0.31297282816821853
B17MVNER2NE,Meraki VB 17 2,MVNER,17,B17MVPVA2NE,MVP BOS 17 Blue,B17,2025-11-22,,1,False,-4.0,-1.0,0.29480382224368645,-0.29480382224368645
B17MVNER2NE,Meraki VB 17 2,MVNER,17,B17MVPVA2NE,MVP BOS 17 Blue,B17,2026-01-31,,2,False,-26.0,-2.0,0.29480382224368645,-0.29480382224368645
B17MVNER2NE,Meraki VB 17 2,MVNER,17,B17NESVC3NE,NE Storm 17 Wildfire,B17,2025-11-22,,1,True,8.0,1.0,0.33587373943821064,0.6641262605617894
B17MVNER2NE,Meraki VB 17 2,MVNER,17,B17PVJVB2NE,PV Boys 17 2,B17,2026-03-14,,1,False,-14.0,-1.0,0.2971532741466461,-0.2971532741466461
B17MVNER2NE,Meraki VB 17 2,MVNER,17,B17PVJVB3NE,PV Boys 17 3,B17,2026-02-01,,1,False,-8.0,-2.0,0.35951488051068964,-0.35951488051068964
B17MVNER2NE,Meraki VB 17 2,MVNER,17,B17RRJVB3NE,Boston United Boys 17 Select 1,B17,2025-11-23,,1,False,-12.0,-1.0,0.41737762569014747,-0.41737762569014747
B17MVNER2NE,Meraki VB 17 2,MVNER,17,B17RRJVB3NE,Boston United Boys 17 Select 1,B17,2026-02-01,,2,False,-12.0,-2.0,0.41737762569014747,-0.41737762569014747
B17MVNER2NE,Meraki VB 17 2,MVNER,17,B17RRJVB3NE,Boston United Boys 17 Select 1,B17,2026-03-14,,3,True,10.0,2.0,0.41737762569014747,0.5826223743098525
B17MVNER2NE,Meraki VB 17 2,MVNER,17,B17RRJVB3NE,Boston United Boys 17 Select 1,B17,2026-03-15,,4,False,-16.0,-2.0,0.41737762569014747,-0.41737762569014747
B17MVPVA1NE,MVP BOS 17 Black,MVPVA,17,B17ALLIN1FL,AVA 17 Boys,B17,2026-02-06,,1,False,-19.0,-1.0,0.3248954721998334,-0.3248954721998334
B17MVPVA1NE,MVP BOS 17 Black,MVPVA,17,B17ALLIN1FL,AVA 17 Boys,B17,2026-02-07,,2,False,2.0,-1.0,0.3248954721998334,-0.3248954721998334
B17MVPVA1NE,MVP BOS 17 Black,MVPVA,17,B17BVJVB1NE,Blast 17 Ignite,B17,2026-01-31,,1,False,-10.0,-2.0,0.5101481092687613,-0.5101481092687613
B17MVPVA1NE,MVP BOS 17 Black,MVPVA,17,B17CAPIT1XL,CSVC 17 BIG SLIDE,B17,2026-02-06,,1,False,-17.0,-2.0,0.3394578524239377,-0.3394578524239377
B17MVPVA1NE,MVP BOS 17 Black,MVPVA,17,B17CORE11GE,CORE Boys 17 Platinum,B17,2026-02-07,,1,False,-13.0,-2.0,0.3468203247825481,-0.3468203247825481
B17MVPVA1NE,MVP BOS 17 Black,MVPVA,17,B17LCVBC1GE,Legacy Boys 17 National,B17,2026-02-07,,1,True,-0.0,1.0,0.41790669052526125,0.5820933094747387
B17MVPVA1NE,MVP BOS 17 Black,MVPVA,17,B17LHVBC1NE,LHV Boys 17-1 Ubuntu,B17,2026-01-31,,1,False,-9.0,-1.0,0.4724941832029635,-0.4724941832029635
B17MVPVA1NE,MVP BOS 17 Black,MVPVA,17,B17MVNER1NE,Meraki VB 17 1,B17,2025-11-22,,1,True,13.0,2.0,0.5742981759629519,0.42570182403704815
B17MVPVA1NE,MVP BOS 17 Black,MVPVA,17,B17MVNER1NE,Meraki VB 17 1,B17,2025-11-23,,2,False,-1.0,-1.0,0.5742981759629519,-0.5742981759629519
B17MVPVA1NE,MVP BOS 17 Black,MVPVA,17,B17RRJVB1NE,Boston United Boys 17 National 1,B17,2025-11-22,,1,True,-2.0,1.0,0.5443699152427792,0.4556300847572208
B17MVPVA1NE,MVP BOS 17 Black,MVPVA,17,B17RRJVB1NE,Boston United Boys 17 National 1,B17,2026-02-08,,2,False,-19.0,-2.0,0.5443699152427792,-0.5443699152427792
B17MVPVA1NE,MVP BOS 17 Black,MVPVA,17,B17SJJVB1NE,SMASH Boys 17-1,B17,2026-01-31,,1,False,-13.0,-2.0,0.2065219726658946,-0.2065219726658946
B17MVPVA1NE,MVP BOS 17 Black,MVPVA,17,B17SJVBC1NE,South County Juniors Boys 17 1,B17,2025-11-23,,1,False,-9.0,-2.0,0.44597204163053095,-0.44597204163053095
B17MVPVA1NE,MVP BOS 17 Black,MVPVA,17,B17SPTMC5GE,Sportime 17 Lynbrook,B17,2026-02-06,,1,False,-3.0,-1.0,0.5209882755065834,-0.5209882755065834
B17MVPVA1NE,MVP BOS 17 Black,MVPVA,17,B17SPTMC5GE,Sportime 17 Lynbrook,B17,2026-02-08,,2,True,9.0,2.0,0.5209882755065834,0.47901172449341656
B17MVPVA1NE,MVP BOS 17 Black,MVPVA,17,B17TTVBC1NE,SLAM 17 1 Boys,B17,2026-02-01,,1,True,2.0,1.0,0.439202496949159,0.560797503050841
B17MVPVA1NE,MVP BOS 17 Black,MVPVA,17,B17TTVBC2NE,SLAM 17 2 Boys,B17,2025-11-22,,1,True,9.0,1.0,0.6092464043235104,0.3907535956764896
B17MVPVA1NE,MVP BOS 17 Black,MVPVA,17,B17TTVBC2NE,SLAM 17 2 Boys,B17,2026-02-01,,2,True,9.0,2.0,0.6092464043235104,0.3907535956764896
B17MVPVA2NE,MVP BOS 17 Blue,MVPVA,17,B17117902XX,Torrimar 17 2,B17,2026-02-06,,1,False,-8.0,-2.0,0.31744459233701794,-0.31744459233701794
B17MVPVA2NE,MVP BOS 17 Blue,MVPVA,17,B17CAPIT2XL,CSVC 17 SKYLIGHT,B17,2026-02-08,,1,True,-4.0,1.0,0.5306058806378666,0.4693941193621334
B17MVPVA2NE,MVP BOS 17 Blue,MVPVA,17,B17HKJVB4NE,Husky 17.4,B17,2026-01-31,,1,True,9.0,2.0,0.5652574927234999,0.4347425072765001
B17MVPVA2NE,MVP BOS 17 Blue,MVPVA,17,B17HKJVB4NE,Husky 17.4,B17,2026-02-01,,2,False,-8.0,-2.0,0.5652574927234999,-0.5652574927234999
B17MVPVA2NE,MVP BOS 17 Blue,MVPVA,17,B17LCVBC2GE,Legacy Boys 17 Premier,B17,2026-02-06,,1,False,-3.0,-1.0,0.44172174466402997,-0.44172174466402997
B17MVPVA2NE,MVP BOS 17 Blue,MVPVA,17,B17LHVBC2NE,LHV Boys 17-2 Boom,B17,2025-11-22,,1,False,2.0,-1.0,0.6470565894092761,-0.6470565894092761
B17MVPVA2NE,MVP BOS 17 Blue,MVPVA,17,B17MMVBC1NE,Mayhem 17 1,B17,2026-01-31,,1,True,14.0,1.0,0.5214639102500424,0.47853608974995765
B17MVPVA2NE,MVP BOS 17 Blue,MVPVA,17,B17MVNER2NE,Meraki VB 17 2,B17,2025-11-22,,1,True,4.0,1.0,0.7051961777563136,0.2948038222436864
B17MVPVA2NE,MVP BOS 17 Blue,MVPVA,17,B17MVNER2NE,Meraki VB 17 2,B17,2026-01-31,,2,True,26.0,2.0,0.7051961777563136,0.2948038222436864
B17MVPVA2NE,MVP BOS 17 Blue,MVPVA,17,B17NESVC2NE,NE Storm 17 Landslide,B17,2025-11-23,,1,False,0.0,-1.0,0.4402632336472508,-0.4402632336472508
B17MVPVA2NE,MVP BOS 17 Blue,MVPVA,17,B17NESVC3NE,NE Storm 17 Wildfire,B17,2025-11-22,,1,False,-6.0,-1.0,0.5474638879040866,-0.5474638879040866
B17MVPVA2NE,MVP BOS 17 Blue,MVPVA,17,B17NESVC3NE,NE Storm 17 Wildfire,B17,2025-11-23,,2,False,-4.0,-2.0,0.5474638879040866,-0.5474638879040866
B17MVPVA2NE,MVP BOS 17 Blue,MVPVA,17,B17PVJVB2NE,PV Boys 17 2,B17,2026-02-01,,1,False,-8.0,-1.0,0.502818756516391,-0.502818756516391
B17MVPVA2NE,MVP BOS 17 Blue,MVPVA,17,B17RIVAL1GE,Rival 17’s,B17,2026-02-07,,1,True,13.0,2.0,0.48310752822418906,0.516892471775811
B17MVPVA2NE,MVP BOS 17 Blue,MVPVA,17,B17SPTMC4GE,Sportime 17 4,B17,2026-02-08,,1,True,12.0,1.0,0.5761714129331117,0.4238285870668883
B17MVPVA2NE,MVP BOS 17 Blue,MVPVA,17,B17SPTMC6GE,Sportime 17 Lynbrook 2,B17,2026-02-06,,1,False,-12.0,-2.0,0.4803245201732056,-0.4803245201732056
B17MVPVA2NE,MVP BOS 17 Blue,MVPVA,17,B17SPTMC6GE,Sportime 17 Lynbrook 2,B17,2026-02-07,,2,False,-7.0,-1.0,0.4803245201732056,-0.4803245201732056
B17MVPVA2NE,MVP BOS 17 Blue,MVPVA,17,B17XTREM1GE,Xtreme 17 National Braulio,B17,2026-02-07,,1,True,4.0,2.0,0.47087351694287977,0.5291264830571203
B17MVPVA2NE,MVP BOS 17 Blue,MVPVA,17,B17XTREM1GE,Xtreme 17 National Braulio,B17,2026-02-08,,2,True,8.0,1.0,0.47087351694287977,0.5291264830571203
B17NESVC1NE,NE Storm 17 Tsunami,NESVC,17,B17BVJVB1NE,Blast 17 Ignite,B17,2025-11-22,,1,True,10.0,2.0,0.5512249074765594,0.4487750925234406
B17NESVC1NE,NE Storm 17 Tsunami,NESVC,17,B17BVJVB1NE,Blast 17 Ignite,B17,2026-01-18,,2,True,11.0,1.0,0.5512249074765594,0.4487750925234406
B17NESVC1NE,NE Storm 17 Tsunami,NESVC,17,B17BVJVB1NE,Blast 17 Ignite,B17,2026-03-14,,3,False,-4.0,-1.0,0.5512249074765594,-0.5512249074765594
B17NESVC1NE,NE Storm 17 Tsunami,NESVC,17,B17BVJVB1NE,Blast 17 Ignite,B17,2026-03-15,,4,True,5.0,2.0,0.5512249074765594,0.4487750925234406
B17NESVC1NE,NE Storm 17 Tsunami,NESVC,17,B17CAMYV1NE,CYVB 17 1,B17,2026-01-17,,1,True,15.0,2.0,0.6404100011499323,0.3595899988500677
B17NESVC1NE,NE Storm 17 Tsunami,NESVC,17,B17CAPIT1XL,CSVC 17 BIG SLIDE,B17,2026-03-14,,1,False,-12.0,-2.0,0.37737897616615323,-0.37737897616615323
B17NESVC1NE,NE Storm 17 Tsunami,NESVC,17,B17CAPIT2XL,CSVC 17 SKYLIGHT,B17,2026-02-06,,1,True,15.0,2.0,0.7433495080697315,0.25665049193026845
B17NESVC1NE,NE Storm 17 Tsunami,NESVC,17,B17HKJVB1NE,Husky 17.1,B17,2026-03-15,,1,False,-11.0,-1.0,0.3407668503023775,-0.3407668503023775
B17NESVC1NE,NE Storm 17 Tsunami,NESVC,17,B17LIFRY1GE,LI Fury 17 1,B17,2026-02-07,,1,False,-17.0,-2.0,0.5239103968646656,-0.5239103968646656
B17NESVC1NE,NE Storm 17 Tsunami,NESVC,17,B17MVNER1NE,Meraki VB 17 1,B17,2025-11-23,,1,True,12.0,2.0,0.6140651870557624,0.3859348129442376
B17NESVC1NE,NE Storm 17 Tsunami,NESVC,17,B17PVJVB1NE,PV Boys 17 1,B17,2026-01-18,,1,False,-4.0,-2.0,0.5668615451581345,-0.5668615451581345
B17NESVC1NE,NE Storm 17 Tsunami,NESVC,17,B17PVJVB3NE,PV Boys 17 3,B17,2026-01-17,,1,True,15.0,2.0,0.7747919578442634,0.22520804215573664
B17NESVC1NE,NE Storm 17 Tsunami,NESVC,17,B17RIVAL1GE,Rival 17’s,B17,2026-02-08,,1,True,14.0,2.0,0.7054274787383191,0.2945725212616809
B17NESVC1NE,NE Storm 17 Tsunami,NESVC,17,B17ROYAL1NO,Infinity Royals 17N,B17,2026-02-07,,1,True,11.0,2.0,0.597876177562873,0.40212382243712697
B17NESVC1NE,NE Storm 17 Tsunami,NESVC,17,B17RRJVB2NE,Boston United Boys 17 Northeast,B17,2026-02-06,,1,True,9.0,2.0,0.6710659695876781,0.32893403041232194
B17NESVC1NE,NE Storm 17 Tsunami,NESVC,17,B17RRJVB3NE,Boston United Boys 17 Select 1,B17,2026-01-17,,1,True,20.0,2.0,0.8144958994018611,0.18550410059813893
B17NESVC1NE,NE Storm 17 Tsunami,NESVC,17,B17SJVBC1NE,South County Juniors Boys 17 1,B17,2025-11-22,,1,True,8.0,1.0,0.4870189553874951,0.5129810446125049
B17NESVC1NE,NE Storm 17 Tsunami,NESVC,17,B17SJVBC1NE,South County Juniors Boys 17 1,B17,2025-11-23,,2,True,-6.0,1.0,0.4870189553874951,0.5129810446125049
B17NESVC1NE,NE Storm 17 Tsunami,NESVC,17,B17SPTMC3GE,Sportime 17 3,B17,2026-02-06,,1,True,14.0,1.0,0.5594786919353028,0.44052130806469725
B17NESVC1NE,NE Storm 17 Tsunami,NESVC,17,B17SPTMC3GE,Sportime 17 3,B17,2026-02-08,,2,False,-10.0,-1.0,0.5594786919353028,-0.5594786919353028
B17NESVC1NE,NE Storm 17 Tsunami,NESVC,17,B17SPTMC4GE,Sportime 17 4,B17,2026-02-06,,1,True,16.0,2.0,0.776944876245825,0.22305512375417502
B17NESVC1NE,NE Storm 17 Tsunami,NESVC,17,B17SYRVB1XL,SVC 17 1 Boys,B17,2026-01-19,,1,False,-21.0,-2.0,0.29914089975710895,-0.29914089975710895
B17NESVC1NE,NE Storm 17 Tsunami,NESVC,17,B17TTVBC1NE,SLAM 17 1 Boys,B17,2025-11-22,,1,True,1.0,1.0,0.480166345443901,0.519833654556099
B17NESVC1NE,NE Storm 17 Tsunami,NESVC,17,B17TTVBC1NE,SLAM 17 1 Boys,B17,2026-01-18,,2,True,7.0,1.0,0.480166345443901,0.519833654556099
B17NESVC1NE,NE Storm 17 Tsunami,NESVC,17,B17TTVBC2NE,SLAM 17 2 Boys,B17,2026-01-19,,1,True,12.0,2.0,0.6477511386045293,0.35224886139547074
B17NESVC1NE,NE Storm 17 Tsunami,NESVC,17,B17TTVBC2NE,SLAM 17 2 Boys,B17,2026-03-14,,2,True,15.0,2.0,0.6477511386045293,0.35224886139547074
B17NESVC2NE,NE Storm 17 Landslide,NESVC,17,B17CAMYV1NE,CYVB 17 1,B17,2025-11-22,,1,False,-6.0,-2.0,0.4691302014536676,-0.4691302014536676
B17NESVC2NE,NE Storm 17 Landslide,NESVC,17,B17HKJVB1NE,Husky 17.1,B17,2026-03-14,,1,False,-19.0,-2.0,0.20413316988847302,-0.20413316988847302
B17NESVC2NE,NE Storm 17 Landslide,NESVC,17,B17HKJVB2NE,Husky 17.2,B17,2026-02-01,,1,False,-22.0,-2.0,0.43438399727590193,-0.43438399727590193
B17NESVC2NE,NE Storm 17 Landslide,NESVC,17,B17HKJVB3NE,Husky 17.3,B17,2026-01-31,,1,True,11.0,2.0,0.5411450910852432,0.4588549089147568
B17NESVC2NE,NE Storm 17 Landslide,NESVC,17,B17HKJVB3NE,Husky 17.3,B17,2026-02-01,,2,False,-8.0,-2.0,0.5411450910852432,-0.5411450910852432
B17NESVC2NE,NE Storm 17 Landslide,NESVC,17,B17LHVBC1NE,LHV Boys 17-1 Ubuntu,B17,2025-11-22,,1,False,-12.0,-2.0,0.3439158686237953,-0.3439158686237953
B17NESVC2NE,NE Storm 17 Landslide,NESVC,17,B17MVPVA2NE,MVP BOS 17 Blue,B17,2025-11-23,,1,True,-0.0,1.0,0.5597367663527492,0.44026323364725084
B17NESVC2NE,NE Storm 17 Landslide,NESVC,17,B17NESVC3NE,NE Storm 17 Wildfire,B17,2026-01-18,,1,True,-3.0,1.0,0.6059984875964106,0.3940015124035894
B17NESVC2NE,NE Storm 17 Landslide,NESVC,17,B17NESVC3NE,NE Storm 17 Wildfire,B17,2026-01-19,,2,True,12.0,2.0,0.6059984875964106,0.3940015124035894
B17NESVC2NE,NE Storm 17 Landslide,NESVC,17,B17NEVBC2NE,NEVBC Boys 17.2,B17,2026-03-14,,1,True,-5.0,1.0,0.34304457029719365,0.6569554297028064
B17NESVC2NE,NE Storm 17 Landslide,NESVC,17,B17NEVBC2NE,NEVBC Boys 17.2,B17,2026-03-15,,2,False,-5.0,-1.0,0.34304457029719365,-0.34304457029719365
B17NESVC2NE,NE Storm 17 Landslide,NESVC,17,B17NYCVA1GE,NYC VBA 17 Downtown,B17,2026-01-31,,1,True,-6.0,1.0,0.4305896814749909,0.5694103185250091
B17NESVC2NE,NE Storm 17 Landslide,NESVC,17,B17PVJVB2NE,PV Boys 17 2,B17,2026-01-18,,1,True,10.0,2.0,0.5625134179818225,0.4374865820181775
B17NESVC2NE,NE Storm 17 Landslide,NESVC,17,B17PVJVB2NE,PV Boys 17 2,B17,2026-01-31,,2,True,4.0,2.0,0.5625134179818225,0.4374865820181775
B17NESVC2NE,NE Storm 17 Landslide,NESVC,17,B17PVJVB3NE,PV Boys 17 3,B17,2026-01-18,,1,True,14.0,2.0,0.6305994670808621,0.3694005329191379
B17NESVC2NE,NE Storm 17 Landslide,NESVC,17,B17RRJVB2NE,Boston United Boys 17 Northeast,B17,2025-11-22,,1,False,-7.0,-1.0,0.503057381602608,-0.503057381602608
B17NESVC2NE,NE Storm 17 Landslide,NESVC,17,B17RRJVB2NE,Boston United Boys 17 Northeast,B17,2025-11-23,,2,True,4.0,2.0,0.503057381602608,0.49694261839739196
B17NESVC2NE,NE Storm 17 Landslide,NESVC,17,B17RRJVB2NE,Boston United Boys 17 Northeast,B17,2026-01-17,,3,False,-16.0,-1.0,0.503057381602608,-0.503057381602608
B17NESVC2NE,NE Storm 17 Landslide,NESVC,17,B17RRJVB2NE,Boston United Boys 17 Northeast,B17,2026-01-19,,4,True,6.0,2.0,0.503057381602608,0.49694261839739196
B17NESVC2NE,NE Storm 17 Landslide,NESVC,17,B17SYRVB1XL,SVC 17 1 Boys,B17,2026-01-17,,1,False,-28.0,-2.0,0.17477268096190304,-0.17477268096190304
B17NESVC2NE,NE Storm 17 Landslide,NESVC,17,B17TTVBC1NE,SLAM 17 1 Boys,B17,2026-01-17,,1,False,-5.0,-2.0,0.3142860883405722,-0.3142860883405722
B17NESVC2NE,NE Storm 17 Landslide,NESVC,17,B17TTVBC1NE,SLAM 17 1 Boys,B17,2026-03-14,,2,False,-8.0,-2.0,0.3142860883405722,-0.3142860883405722
B17NESVC2NE,NE Storm 17 Landslide,NESVC,17,B17TTVBC2NE,SLAM 17 2 Boys,B17,2026-03-15,,1,True,8.0,1.0,0.47711303113842707,0.5228869688615729
B17NESVC3NE,NE Storm 17 Wildfire,NESVC,17,B17CAPIT2XL,CSVC 17 SKYLIGHT,B17,2026-03-15,,1,True,-7.0,1.0,0.48304346344871235,0.5169565365512876
B17NESVC3NE,NE Storm 17 Wildfire,NESVC,17,B17HKJVB4NE,Husky 17.4,B17,2026-03-14,,1,True,16.0,2.0,0.5180168242139727,0.48198317578602734
B17NESVC3NE,NE Storm 17 Wildfire,NESVC,17,B17MVNER1NE,Meraki VB 17 1,B17,2026-01-17,,1,False,-12.0,-1.0,0.33919790110491044,-0.33919790110491044
B17NESVC3NE,NE Storm 17 Wildfire,NESVC,17,B17MVNER1NE,Meraki VB 17 1,B17,2026-01-19,,2,True,11.0,1.0,0.33919790110491044,0.6608020988950896
B17NESVC3NE,NE Storm 17 Wildfire,NESVC,17,B17MVNER2NE,Meraki VB 17 2,B17,2025-11-22,,1,False,-8.0,-1.0,0.6641262605617894,-0.6641262605617894
B17NESVC3NE,NE Storm 17 Wildfire,NESVC,17,B17MVPVA2NE,MVP BOS 17 Blue,B17,2025-11-22,,1,True,6.0,1.0,0.45253611209591343,0.5474638879040865
B17NESVC3NE,NE Storm 17 Wildfire,NESVC,17,B17MVPVA2NE,MVP BOS 17 Blue,B17,2025-11-23,,2,True,4.0,2.0,0.45253611209591343,0.5474638879040865
B17NESVC3NE,NE Storm 17 Wildfire,NESVC,17,B17NESVC2NE,NE Storm 17 Landslide,B17,2026-01-18,,1,False,3.0,-1.0,0.39400151240358944,-0.39400151240358944
B17NESVC3NE,NE Storm 17 Wildfire,NESVC,17,B17NESVC2NE,NE Storm 17 Landslide,B17,2026-01-19,,2,False,-12.0,-2.0,0.39400151240358944,-0.39400151240358944
B17NESVC3NE,NE Storm 17 Wildfire,NESVC,17,B17PVJVB1NE,PV Boys 17 1,B17,2026-01-17,,1,False,-23.0,-2.0,0.29687037979271147,-0.29687037979271147
B17NESVC3NE,NE Storm 17 Wildfire,NESVC,17,B17PVJVB2NE,PV Boys 17 2,B17,2026-01-18,,1,True,5.0,1.0,0.45533096368389725,0.5446690363161028
B17NESVC3NE,NE Storm 17 Wildfire,NESVC,17,B17PVJVB2NE,PV Boys 17 2,B17,2026-03-15,,2,False,-5.0,-1.0,0.45533096368389725,-0.45533096368389725
B17NESVC3NE,NE Storm 17 Wildfire,NESVC,17,B17PVJVB3NE,PV Boys 17 3,B17,2026-01-18,,1,True,6.0,2.0,0.5260430725398519,0.47395692746014806
B17NESVC3NE,NE Storm 17 Wildfire,NESVC,17,B17PVJVB3NE,PV Boys 17 3,B17,2026-03-14,,2,False,-11.0,-2.0,0.5260430725398519,-0.5260430725398519
B17NESVC3NE,NE Storm 17 Wildfire,NESVC,17,B17RRJVB2NE,Boston United Boys 17 Northeast,B17,2025-11-23,,1,False,-4.0,-2.0,0.3969252770777655,-0.3969252770777655
B17NESVC3NE,NE Storm 17 Wildfire,NESVC,17,B17RRJVB2NE,Boston United Boys 17 Northeast,B17,2026-03-14,,2,False,-12.0,-2.0,0.3969252770777655,-0.3969252770777655
B17NESVC3NE,NE Storm 17 Wildfire,NESVC,17,B17RRJVB3NE,Boston United Boys 17 Select 1,B17,2025-11-22,,1,False,-9.0,-1.0,0.586178374078631,-0.586178374078631
B17NESVC3NE,NE Storm 17 Wildfire,NESVC,17,B17TTVBC2NE,SLAM 17 2 Boys,B17,2026-01-17,,1,False,-17.0,-2.0,0.37235321977135755,-0.37235321977135755
B17NEVBC1NE,NEVBC Boys 17.1,NEVBC,17,B17CAPIT1XL,CSVC 17 BIG SLIDE,B17,2025-12-21,,1,False,-10.0,-2.0,0.4536767017035292,-0.4536767017035292
B17NEVBC1NE,NEVBC Boys 17.1,NEVBC,17,B17HKJVB1NE,Husky 17.1,B17,2026-02-01,,1,True,5.0,2.0,0.41459136977921246,0.5854086302207875
B17NEVBC1NE,NEVBC Boys 17.1,NEVBC,17,B17PVJVB1NE,PV Boys 17 1,B17,2026-01-31,,1,True,7.0,1.0,0.6419688213866842,0.3580311786133158
B17NEVBC1NE,NEVBC Boys 17.1,NEVBC,17,B17SJJVB1NE,SMASH Boys 17-1,B17,2026-02-01,,1,False,-27.0,-2.0,0.29605937557579626,-0.29605937557579626
B17NEVBC1NE,NEVBC Boys 17.1,NEVBC,17,B17SJJVB2NE,SMASH Boys 17 Chaos,B17,2025-12-21,,1,False,-8.0,-2.0,0.5539772359707749,-0.5539772359707749
B17NEVBC1NE,NEVBC Boys 17.1,NEVBC,17,B17SJJVB2NE,SMASH Boys 17 Chaos,B17,2026-01-31,,2,False,-15.0,-2.0,0.5539772359707749,-0.5539772359707749
B17NEVBC1NE,NEVBC Boys 17.1,NEVBC,17,B17TTVBC2NE,SLAM 17 2 Boys,B17,2026-01-31,,1,True,14.0,2.0,0.7158626704279714,0.28413732957202864
B17NEVBC1NE,NEVBC Boys 17.1,NEVBC,17,B18CAPIT1XL,CSVC 18 HAYSTACK,MIXED,2025-12-20,,1,True,12.0,2.0,0.5798716303011892,0.42012836969881084
B17NEVBC1NE,NEVBC Boys 17.1,NEVBC,17,B18LEGIO1XL,TeamLVC Boys 18 Black,MIXED,2025-12-20,,1,True,5.0,2.0,0.5633251372260889,0.4366748627739111
B17NEVBC1NE,NEVBC Boys 17.1,NEVBC,17,B18SJJVB2NE,SMASH Boys 18's Force,MIXED,2025-12-20,,1,False,2.0,-1.0,0.5451338410926624,-0.5451338410926624
B17NEVBC2NE,NEVBC Boys 17.2,NEVBC,17,B17HKJVB1NE,Husky 17.1,B17,2026-03-14,,1,False,-1.0,-1.0,0.3293992298527041,-0.3293992298527041
B17NEVBC2NE,NEVBC Boys 17.2,NEVBC,17,B17HKJVB2NE,Husky 17.2,B17,2026-02-01,,1,True,10.0,2.0,0.5952638351091479,0.40473616489085207
B17NEVBC2NE,NEVBC Boys 17.2,NEVBC,17,B17HKJVB3NE,Husky 17.3,B17,2026-02-01,,1,False,6.0,-1.0,0.6931120913794768,-0.6931120913794768
B17NEVBC2NE,NEVBC Boys 17.2,NEVBC,17,B17LHVBC2NE,LHV Boys 17-2 Boom,B17,2026-01-31,,1,True,30.0,2.0,0.8169734874334035,0.18302651256659652
B17NEVBC2NE,NEVBC Boys 17.2,NEVBC,17,B17MVNER1NE,Meraki VB 17 1,B17,2026-03-15,,1,True,18.0,2.0,0.6019047365682404,0.3980952634317596
B17NEVBC2NE,NEVBC Boys 17.2,NEVBC,17,B17NESVC2NE,NE Storm 17 Landslide,B17,2026-03-14,,1,False,5.0,-1.0,0.6569554297028064,-0.6569554297028064
B17NEVBC2NE,NEVBC Boys 17.2,NEVBC,17,B17NESVC2NE,NE Storm 17 Landslide,B17,2026-03-15,,2,True,5.0,1.0,0.6569554297028064,0.3430445702971936
B17NEVBC2NE,NEVBC Boys 17.2,NEVBC,17,B17NYCVA1GE,NYC VBA 17 Downtown,B17,2026-01-31,,1,False,-4.0,-1.0,0.5915339124420269,-0.5915339124420269
B17NEVBC2NE,NEVBC Boys 17.2,NEVBC,17,B17PVJVB3NE,PV Boys 17 3,B17,2026-01-31,,1,True,13.0,2.0,0.7657640561829657,0.23423594381703428
B17NEVBC2NE,NEVBC Boys 17.2,NEVBC,17,B17TTVBC1NE,SLAM 17 1 Boys,B17,2026-03-14,,1,False,-3.0,-1.0,0.4674458607844178,-0.4674458607844178
B17NYCIV1GE,NYC Impact 17U National,NYCIV,17,B17ALLIN1FL,AVA 17 Boys,B17,2026-02-08,,1,False,-4.0,-2.0,0.48246115253439775,-0.48246115253439775
B17NYCIV1GE,NYC Impact 17U National,NYCIV,17,B17DIGSV1GE,Digs Boys 17 Red,B17,2026-02-06,,1,True,18.0,2.0,0.7347766860142169,0.26522331398578314
B17NYCIV1GE,NYC Impact 17U National,NYCIV,17,B17LCVBC1GE,Legacy Boys 17 National,B17,2026-02-06,,1,True,3.0,1.0,0.5817124799329142,0.4182875200670858
B17NYCIV1GE,NYC Impact 17U National,NYCIV,17,B17RAPTO1GE,NYC Raptors 17 Black,B17,2026-02-07,,1,True,18.0,2.0,0.7934269367754133,0.20657306322458668
B17NYCIV1GE,NYC Impact 17U National,NYCIV,17,B17SJVBC1NE,South County Juniors Boys 17 1,B17,2026-02-06,,1,True,14.0,2.0,0.6092643387965416,0.3907356612034584
B17NYCIV1GE,NYC Impact 17U National,NYCIV,17,B17SJVBC1NE,South County Juniors Boys 17 1,B17,2026-02-07,,2,True,10.0,1.0,0.6092643387965416,0.3907356612034584
B17NYCIV1GE,NYC Impact 17U National,NYCIV,17,B17SPTMC5GE,Sportime 17 Lynbrook,B17,2026-02-07,,1,True,8.0,2.0,0.6781280429771809,0.3218719570228191
B17NYCVA1GE,NYC VBA 17 Downtown,NYCVA,17,B17CAPIT1XL,CSVC 17 BIG SLIDE,B17,2026-02-07,,1,False,-22.0,-2.0,0.2845458776789811,-0.2845458776789811
B17NYCVA1GE,NYC VBA 17 Downtown,NYCVA,17,B17CORE11GE,CORE Boys 17 Platinum,B17,2026-02-06,,1,False,-12.0,-2.0,0.29124248953927073,-0.29124248953927073
B17NYCVA1GE,NYC VBA 17 Downtown,NYCVA,17,B17DIGSV1GE,Digs Boys 17 Red,B17,2026-02-08,,1,False,-7.0,-2.0,0.5253539298967521,-0.5253539298967521
B17NYCVA1GE,NYC VBA 17 Downtown,NYCVA,17,B17HKJVB3NE,Husky 17.3,B17,2026-01-31,,1,True,12.0,2.0,0.6093067358592089,0.3906932641407911
B17NYCVA1GE,NYC VBA 17 Downtown,NYCVA,17,B17HKJVB3NE,Husky 17.3,B17,2026-02-01,,2,True,7.0,2.0,0.6093067358592089,0.3906932641407911
B17NYCVA1GE,NYC VBA 17 Downtown,NYCVA,17,B17HKJVB4NE,Husky 17.4,B17,2026-02-01,,1,True,18.0,2.0,0.6861254135889303,0.3138745864110697
B17NYCVA1GE,NYC VBA 17 Downtown,NYCVA,17,B17LCVBC1GE,Legacy Boys 17 National,B17,2026-02-07,,1,False,-13.0,-1.0,0.3571663319963306,-0.3571663319963306
B17NYCVA1GE,NYC VBA 17 Downtown,NYCVA,17,B17NESVC2NE,NE Storm 17 Landslide,B17,2026-01-31,,1,False,6.0,-1.0,0.5694103185250092,-0.5694103185250092
B17NYCVA1GE,NYC VBA 17 Downtown,NYCVA,17,B17NEVBC2NE,NEVBC Boys 17.2,B17,2026-01-31,,1,True,4.0,1.0,0.40846608755797315,0.5915339124420269
B17NYCVA1GE,NYC VBA 17 Downtown,NYCVA,17,B17PVJVB2NE,PV Boys 17 2,B17,2026-02-01,,1,True,11.0,2.0,0.6296730907905961,0.3703269092094039
B17NYCVA1GE,NYC VBA 17 Downtown,NYCVA,17,B17RAPTO1GE,NYC Raptors 17 Black,B17,2026-02-06,,1,True,2.0,1.0,0.6054474920565206,0.3945525079434794
B17NYCVA1GE,NYC VBA 17 Downtown,NYCVA,17,B17RRJVB1NE,Boston United Boys 17 National 1,B17,2026-02-06,,1,False,-9.0,-2.0,0.4804189957501268,-0.4804189957501268
B17NYCVA1GE,NYC VBA 17 Downtown,NYCVA,17,B17RRJVB3NE,Boston United Boys 17 Select 1,B17,2026-01-31,,1,True,14.0,2.0,0.7423382890135132,0.2576617109864868
B17NYCVA1GE,NYC VBA 17 Downtown,NYCVA,17,B17SJVBC1NE,South County Juniors Boys 17 1,B17,2026-02-07,,1,False,-13.0,-2.0,0.3838423989233146,-0.3838423989233146
B17PVJVB1NE,PV Boys 17 1,PVJVB,17,B16SJJVB1NE,SMASH Boys 16-1,MIXED,2025-12-20,,1,False,-15.0,-2.0,0.3680233123397582,-0.3680233123397582
B17PVJVB1NE,PV Boys 17 1,PVJVB,17,B17BVJVB1NE,Blast 17 Ignite,B17,2026-01-18,,1,False,-7.0,-2.0,0.4841461662890993,-0.4841461662890993
B17PVJVB1NE,PV Boys 17 1,PVJVB,17,B17BVJVB1NE,Blast 17 Ignite,B17,2026-02-01,,2,True,7.0,2.0,0.4841461662890993,0.5158538337109007
B17PVJVB1NE,PV Boys 17 1,PVJVB,17,B17CAPIT2XL,CSVC 17 SKYLIGHT,B17,2025-12-20,,1,True,8.0,2.0,0.6887739161572602,0.31122608384273975
B17PVJVB1NE,PV Boys 17 1,PVJVB,17,B17CAPIT2XL,CSVC 17 SKYLIGHT,B17,2026-01-19,,2,False,-4.0,-2.0,0.6887739161572602,-0.6887739161572602
B17PVJVB1NE,PV Boys 17 1,PVJVB,17,B17MVNER1NE,Meraki VB 17 1,B17,2026-01-17,,1,True,-4.0,1.0,0.5486889619091857,0.4513110380908143
B17PVJVB1NE,PV Boys 17 1,PVJVB,17,B17NESVC1NE,NE Storm 17 Tsunami,B17,2026-01-18,,1,True,4.0,2.0,0.4331384548418655,0.5668615451581345
B17PVJVB1NE,PV Boys 17 1,PVJVB,17,B17NESVC3NE,NE Storm 17 Wildfire,B17,2026-01-17,,1,True,23.0,2.0,0.7031296202072885,0.29687037979271147
B17PVJVB1NE,PV Boys 17 1,PVJVB,17,B17NEVBC1NE,NEVBC Boys 17.1,B17,2026-01-31,,1,False,-7.0,-1.0,0.35803117861331585,-0.35803117861331585
B17PVJVB1NE,PV Boys 17 1,PVJVB,17,B17RRJVB1NE,Boston United Boys 17 National 1,B17,2025-12-21,,1,True,3.0,1.0,0.5184698751997867,0.4815301248002133
B17PVJVB1NE,PV Boys 17 1,PVJVB,17,B17SJJVB2NE,SMASH Boys 17 Chaos,B17,2026-01-31,,1,False,-13.0,-2.0,0.40922597857132165,-0.40922597857132165
B17PVJVB1NE,PV Boys 17 1,PVJVB,17,B17SJJVB2NE,SMASH Boys 17 Chaos,B17,2026-02-01,,2,False,-8.0,-2.0,0.40922597857132165,-0.40922597857132165
B17PVJVB1NE,PV Boys 17 1,PVJVB,17,B17SJJVB3NE,SMASH Boys 17's Shock,B17,2025-12-20,,1,False,-7.0,-2.0,0.5599800647543153,-0.5599800647543153
B17PVJVB1NE,PV Boys 17 1,PVJVB,17,B17TTVBC1NE,SLAM 17 1 Boys,B17,2026-01-18,,1,False,-7.0,-2.0,0.41376224287668595,-0.41376224287668595
B17PVJVB1NE,PV Boys 17 1,PVJVB,17,B17TTVBC2NE,SLAM 17 2 Boys,B17,2026-01-17,,1,False,-2.0,-1.0,0.5842174877040414,-0.5842174877040414
B17PVJVB1NE,PV Boys 17 1,PVJVB,17,B17TTVBC2NE,SLAM 17 2 Boys,B17,2026-01-31,,2,True,15.0,2.0,0.5842174877040414,0.41578251229595864
B17PVJVB1NE,PV Boys 17 1,PVJVB,17,B18SAVBC1XL,Sporting Albany Boys 18u,MIXED,2025-12-21,,1,True,21.0,2.0,0.6856922973822281,0.31430770261777186
B17PVJVB2NE,PV Boys 17 2,PVJVB,17,B17BVJVB1NE,Blast 17 Ignite,B17,2026-01-17,,1,False,-13.0,-2.0,0.3215782033533974,-0.3215782033533974
B17PVJVB2NE,PV Boys 17 2,PVJVB,17,B17CAPIT2XL,CSVC 17 SKYLIGHT,B17,2026-01-17,,1,False,-10.0,-2.0,0.5277967162707536,-0.5277967162707536
B17PVJVB2NE,PV Boys 17 2,PVJVB,17,B17CAPIT2XL,CSVC 17 SKYLIGHT,B17,2026-03-14,,2,True,7.0,2.0,0.5277967162707536,0.47220328372924636
B17PVJVB2NE,PV Boys 17 2,PVJVB,17,B17HKJVB2NE,Husky 17.2,B17,2026-01-31,,1,True,8.0,1.0,0.3739389291402916,0.6260610708597084
B17PVJVB2NE,PV Boys 17 2,PVJVB,17,B17LHVBC2NE,LHV Boys 17-2 Boom,B17,2026-01-17,,1,True,10.0,2.0,0.6444773860614351,0.3555226139385649
B17PVJVB2NE,PV Boys 17 2,PVJVB,17,B17LHVBC2NE,LHV Boys 17-2 Boom,B17,2026-01-31,,2,True,17.0,2.0,0.6444773860614351,0.3555226139385649
B17PVJVB2NE,PV Boys 17 2,PVJVB,17,B17MVNER2NE,Meraki VB 17 2,B17,2026-03-14,,1,True,14.0,1.0,0.7028467258533538,0.29715327414664616
B17PVJVB2NE,PV Boys 17 2,PVJVB,17,B17MVPVA2NE,MVP BOS 17 Blue,B17,2026-02-01,,1,True,8.0,1.0,0.4971812434836089,0.5028187565163911
B17PVJVB2NE,PV Boys 17 2,PVJVB,17,B17NESVC2NE,NE Storm 17 Landslide,B17,2026-01-18,,1,False,-10.0,-2.0,0.4374865820181776,-0.4374865820181776
B17PVJVB2NE,PV Boys 17 2,PVJVB,17,B17NESVC2NE,NE Storm 17 Landslide,B17,2026-01-31,,2,False,-4.0,-2.0,0.4374865820181776,-0.4374865820181776
B17PVJVB2NE,PV Boys 17 2,PVJVB,17,B17NESVC3NE,NE Storm 17 Wildfire,B17,2026-01-18,,1,False,-5.0,-1.0,0.5446690363161028,-0.5446690363161028
B17PVJVB2NE,PV Boys 17 2,PVJVB,17,B17NESVC3NE,NE Storm 17 Wildfire,B17,2026-03-15,,2,True,5.0,1.0,0.5446690363161028,0.45533096368389725
B17PVJVB2NE,PV Boys 17 2,PVJVB,17,B17NYCVA1GE,NYC VBA 17 Downtown,B17,2026-02-01,,1,False,-11.0,-2.0,0.3703269092094039,-0.3703269092094039
B17PVJVB2NE,PV Boys 17 2,PVJVB,17,B17PVJVB3NE,PV Boys 17 3,B17,2026-01-18,,1,True,12.0,2.0,0.5703845899460029,0.42961541005399706
B17PVJVB2NE,PV Boys 17 2,PVJVB,17,B17PVJVB3NE,PV Boys 17 3,B17,2026-01-19,,2,True,-4.0,1.0,0.5703845899460029,0.42961541005399706
B17PVJVB2NE,PV Boys 17 2,PVJVB,17,B17RRJVB2NE,Boston United Boys 17 Northeast,B17,2026-03-15,,1,False,-13.0,-2.0,0.4404984741392257,-0.4404984741392257
B17PVJVB2NE,PV Boys 17 2,PVJVB,17,B17RRJVB3NE,Boston United Boys 17 Select 1,B17,2026-01-19,,1,True,1.0,1.0,0.6288631727243846,0.37113682727561537
B17PVJVB2NE,PV Boys 17 2,PVJVB,17,B17RRJVB3NE,Boston United Boys 17 Select 1,B17,2026-01-31,,2,False,-2.0,-1.0,0.6288631727243846,-0.6288631727243846
B17PVJVB2NE,PV Boys 17 2,PVJVB,17,B17RRJVB3NE,Boston United Boys 17 Select 1,B17,2026-03-14,,3,True,13.0,2.0,0.6288631727243846,0.37113682727561537
B17PVJVB3NE,PV Boys 17 3,PVJVB,17,B17CAMYV1NE,CYVB 17 1,B17,2026-01-17,,1,False,-7.0,-2.0,0.3410933139583687,-0.3410933139583687
B17PVJVB3NE,PV Boys 17 3,PVJVB,17,B17HKJVB3NE,Husky 17.3,B17,2026-01-31,,1,False,-14.0,-2.0,0.40858064655968074,-0.40858064655968074
B17PVJVB3NE,PV Boys 17 3,PVJVB,17,B17HKJVB4NE,Husky 17.4,B17,2026-03-14,,1,False,-5.0,-2.0,0.4919586592528625,-0.4919586592528625
B17PVJVB3NE,PV Boys 17 3,PVJVB,17,B17HKJVB4NE,Husky 17.4,B17,2026-03-15,,2,True,4.0,2.0,0.4919586592528625,0.5080413407471376
B17PVJVB3NE,PV Boys 17 3,PVJVB,17,B17LHVBC2NE,LHV Boys 17-2 Boom,B17,2026-01-19,,1,True,7.0,2.0,0.5772343758970636,0.4227656241029364
B17PVJVB3NE,PV Boys 17 3,PVJVB,17,B17LHVBC2NE,LHV Boys 17-2 Boom,B17,2026-01-31,,2,True,-0.0,1.0,0.5772343758970636,0.4227656241029364
B17PVJVB3NE,PV Boys 17 3,PVJVB,17,B17LHVBC2NE,LHV Boys 17-2 Boom,B17,2026-02-01,,3,True,6.0,1.0,0.5772343758970636,0.4227656241029364
B17PVJVB3NE,PV Boys 17 3,PVJVB,17,B17MMVBC1NE,Mayhem 17 1,B17,2026-02-01,,1,False,-15.0,-2.0,0.44799200411135004,-0.44799200411135004
B17PVJVB3NE,PV Boys 17 3,PVJVB,17,B17MVNER2NE,Meraki VB 17 2,B17,2026-02-01,,1,True,8.0,2.0,0.6404851194893104,0.3595148805106896
B17PVJVB3NE,PV Boys 17 3,PVJVB,17,B17NESVC1NE,NE Storm 17 Tsunami,B17,2026-01-17,,1,False,-15.0,-2.0,0.22520804215573662,-0.22520804215573662
B17PVJVB3NE,PV Boys 17 3,PVJVB,17,B17NESVC2NE,NE Storm 17 Landslide,B17,2026-01-18,,1,False,-14.0,-2.0,0.3694005329191378,-0.3694005329191378
B17PVJVB3NE,PV Boys 17 3,PVJVB,17,B17NESVC3NE,NE Storm 17 Wildfire,B17,2026-01-18,,1,False,-6.0,-2.0,0.473956927460148,-0.473956927460148
B17PVJVB3NE,PV Boys 17 3,PVJVB,17,B17NESVC3NE,NE Storm 17 Wildfire,B17,2026-03-14,,2,True,11.0,2.0,0.473956927460148,0.5260430725398519
B17PVJVB3NE,PV Boys 17 3,PVJVB,17,B17NEVBC2NE,NEVBC Boys 17.2,B17,2026-01-31,,1,False,-13.0,-2.0,0.23423594381703428,-0.23423594381703428
B17PVJVB3NE,PV Boys 17 3,PVJVB,17,B17PVJVB2NE,PV Boys 17 2,B17,2026-01-18,,1,False,-12.0,-2.0,0.42961541005399706,-0.42961541005399706
B17PVJVB3NE,PV Boys 17 3,PVJVB,17,B17PVJVB2NE,PV Boys 17 2,B17,2026-01-19,,2,False,4.0,-1.0,0.42961541005399706,-0.42961541005399706
B17PVJVB3NE,PV Boys 17 3,PVJVB,17,B17RRJVB2NE,Boston United Boys 17 Northeast,B17,2026-03-14,,1,False,-19.0,-2.0,0.37225388230197126,-0.37225388230197126
B17PVJVB3NE,PV Boys 17 3,PVJVB,17,B17RRJVB3NE,Boston United Boys 17 Select 1,B17,2026-01-17,,1,True,10.0,2.0,0.5606800505389274,0.43931994946107256
B17PVJVB3NE,PV Boys 17 3,PVJVB,17,B17RRJVB3NE,Boston United Boys 17 Select 1,B17,2026-03-15,,2,True,8.0,1.0,0.5606800505389274,0.43931994946107256
B17RAPTO1GE,NYC Raptors 17 Black,RAPTO,17,B17CORE11GE,CORE Boys 17 Platinum,B17,2026-02-06,,1,False,-22.0,-2.0,0.21122239247064206,-0.21122239247064206
B17RAPTO1GE,NYC Raptors 17 Black,RAPTO,17,B17DIGSV1GE,Digs Boys 17 Red,B17,2026-02-07,,1,False,-10.0,-2.0,0.41904065591986156,-0.41904065591986156
B17RAPTO1GE,NYC Raptors 17 Black,RAPTO,17,B17LCVBC1GE,Legacy Boys 17 National,B17,2026-02-08,,1,False,-16.0,-2.0,0.26582679401403353,-0.26582679401403353
B17RAPTO1GE,NYC Raptors 17 Black,RAPTO,17,B17NYCIV1GE,NYC Impact 17U National,B17,2026-02-07,,1,False,-18.0,-2.0,0.2065730632245867,-0.2065730632245867
B17RAPTO1GE,NYC Raptors 17 Black,RAPTO,17,B17NYCVA1GE,NYC VBA 17 Downtown,B17,2026-02-06,,1,False,-2.0,-1.0,0.39455250794347935,-0.39455250794347935
B17RAPTO1GE,NYC Raptors 17 Black,RAPTO,17,B17RRJVB1NE,Boston United Boys 17 National 1,B17,2026-02-06,,1,False,-10.0,-2.0,0.37599566432613335,-0.37599566432613335
B17RAPTO1GE,NYC Raptors 17 Black,RAPTO,17,B17SPTMC5GE,Sportime 17 Lynbrook,B17,2026-02-07,,1,False,-17.0,-2.0,0.35422359464695746,-0.35422359464695746
B17RIVAL1GE,Rival 17’s,RIVAL,17,B17117902XX,Torrimar 17 2,B17,2026-02-06,,1,False,-16.0,-2.0,0.3322680488499185,-0.3322680488499185
B17RIVAL1GE,Rival 17’s,RIVAL,17,B17LCVBC2GE,Legacy Boys 17 Premier,B17,2026-02-06,,1,False,-1.0,-1.0,0.4584506009253959,-0.4584506009253959
B17RIVAL1GE,Rival 17’s,RIVAL,17,B17MVPVA2NE,MVP BOS 17 Blue,B17,2026-02-07,,1,False,-13.0,-2.0,0.516892471775811,-0.516892471775811
B17RIVAL1GE,Rival 17’s,RIVAL,17,B17NESVC1NE,NE Storm 17 Tsunami,B17,2026-02-08,,1,False,-14.0,-2.0,0.2945725212616808,-0.2945725212616808
B17RIVAL1GE,Rival 17’s,RIVAL,17,B17SPTMC6GE,Sportime 17 Lynbrook 2,B17,2026-02-07,,1,True,4.0,1.0,0.49721328709795237,0.5027867129020476
B17RIVAL1GE,Rival 17’s,RIVAL,17,B17XTREM1GE,Xtreme 17 National Braulio,B17,2026-02-06,,1,True,5.0,1.0,0.48774186380971735,0.5122581361902827
B17RIVAL1GE,Rival 17’s,RIVAL,17,B17XTREM1GE,Xtreme 17 National Braulio,B17,2026-02-07,,2,True,7.0,1.0,0.48774186380971735,0.5122581361902827
B17ROYAL1NO,Infinity Royals 17N,ROYAL,17,B17117902XX,Torrimar 17 2,B17,2026-02-08,,1,False,-9.0,-2.0,0.44490223981422344,-0.44490223981422344
B17ROYAL1NO,Infinity Royals 17N,ROYAL,17,B17CAPIT2XL,CSVC 17 SKYLIGHT,B17,2026-02-06,,1,True,15.0,2.0,0.6607924232140695,0.3392075767859305
B17ROYAL1NO,Infinity Royals 17N,ROYAL,17,B17LCVBC2GE,Legacy Boys 17 Premier,B17,2026-02-08,,1,True,7.0,2.0,0.5769031745002847,0.4230968254997153
B17ROYAL1NO,Infinity Royals 17N,ROYAL,17,B17LIFRY1GE,LI Fury 17 1,B17,2026-02-06,,1,True,4.0,1.0,0.4253352803979232,0.5746647196020769
B17ROYAL1NO,Infinity Royals 17N,ROYAL,17,B17NESVC1NE,NE Storm 17 Tsunami,B17,2026-02-07,,1,False,-11.0,-2.0,0.40212382243712697,-0.40212382243712697
B17ROYAL1NO,Infinity Royals 17N,ROYAL,17,B17RRJVB2NE,Boston United Boys 17 Northeast,B17,2026-02-07,,1,True,10.0,2.0,0.5784433917202646,0.4215566082797354
B17ROYAL1NO,Infinity Royals 17N,ROYAL,17,B17SPTMC3GE,Sportime 17 3,B17,2026-02-07,,1,False,-8.0,-2.0,0.4606870659983816,-0.4606870659983816
B17ROYAL1NO,Infinity Royals 17N,ROYAL,17,B17SPTMC4GE,Sportime 17 4,B17,2026-02-06,,1,False,3.0,-1.0,0.7008454068115161,-0.7008454068115161
B17RRJVB1NE,Boston United Boys 17 National 1,RRJVB,17,B17ALLIN1FL,AVA 17 Boys,B17,2026-02-07,,1,False,-12.0,-2.0,0.2871406904939872,-0.2871406904939872
B17RRJVB1NE,Boston United Boys 17 National 1,RRJVB,17,B17BVJVB1NE,Blast 17 Ignite,B17,2025-11-23,,1,True,9.0,2.0,0.46571644650085164,0.5342835534991484
B17RRJVB1NE,Boston United Boys 17 National 1,RRJVB,17,B17BVJVB1NE,Blast 17 Ignite,B17,2026-03-15,,2,True,17.0,2.0,0.46571644650085164,0.5342835534991484
B17RRJVB1NE,Boston United Boys 17 National 1,RRJVB,17,B17CAPIT2XL,CSVC 17 SKYLIGHT,B17,2025-12-21,,1,True,18.0,2.0,0.6727127837143291,0.3272872162856709
B17RRJVB1NE,Boston United Boys 17 National 1,RRJVB,17,B17CORE11GE,CORE Boys 17 Platinum,B17,2026-02-06,,1,True,-2.0,1.0,0.3076789040924488,0.6923210959075512
B17RRJVB1NE,Boston United Boys 17 National 1,RRJVB,17,B17CORE11GE,CORE Boys 17 Platinum,B17,2026-02-07,,2,False,-5.0,-1.0,0.3076789040924488,-0.3076789040924488
B17RRJVB1NE,Boston United Boys 17 National 1,RRJVB,17,B17CSJVB1NE,MEVBC/CT STARS 17 1,B17,2026-03-14,,1,True,15.0,2.0,0.5424458676762994,0.45755413232370057
B17RRJVB1NE,Boston United Boys 17 National 1,RRJVB,17,B17DIGSV1GE,Digs Boys 17 Red,B17,2026-02-07,,1,True,9.0,2.0,0.5448458782313375,0.45515412176866255
B17RRJVB1NE,Boston United Boys 17 National 1,RRJVB,17,B17HKJVB1NE,Husky 17.1,B17,2026-03-15,,1,False,-13.0,-1.0,0.268381539000048,-0.268381539000048
B17RRJVB1NE,Boston United Boys 17 National 1,RRJVB,17,B17MVNER1NE,Meraki VB 17 1,B17,2025-11-22,,1,False,0.0,-1.0,0.5303281806995183,-0.5303281806995183
B17RRJVB1NE,Boston United Boys 17 National 1,RRJVB,17,B17MVNER1NE,Meraki VB 17 1,B17,2026-03-14,,2,True,12.0,2.0,0.5303281806995183,0.46967181930048174
B17RRJVB1NE,Boston United Boys 17 National 1,RRJVB,17,B17MVPVA1NE,MVP BOS 17 Black,B17,2025-11-22,,1,False,2.0,-1.0,0.4556300847572207,-0.4556300847572207
B17RRJVB1NE,Boston United Boys 17 National 1,RRJVB,17,B17MVPVA1NE,MVP BOS 17 Black,B17,2026-02-08,,2,True,19.0,2.0,0.4556300847572207,0.5443699152427792
B17RRJVB1NE,Boston United Boys 17 National 1,RRJVB,17,B17NYCVA1GE,NYC VBA 17 Downtown,B17,2026-02-06,,1,True,9.0,2.0,0.5195810042498732,0.4804189957501268
B17RRJVB1NE,Boston United Boys 17 National 1,RRJVB,17,B17PVJVB1NE,PV Boys 17 1,B17,2025-12-21,,1,False,-3.0,-1.0,0.4815301248002133,-0.4815301248002133
B17RRJVB1NE,Boston United Boys 17 National 1,RRJVB,17,B17RAPTO1GE,NYC Raptors 17 Black,B17,2026-02-06,,1,True,10.0,2.0,0.6240043356738666,0.3759956643261334
B17RRJVB1NE,Boston United Boys 17 National 1,RRJVB,17,B17SJVBC1NE,South County Juniors Boys 17 1,B17,2026-02-08,,1,True,-0.0,1.0,0.40253668879796894,0.5974633112020311
B17RRJVB1NE,Boston United Boys 17 National 1,RRJVB,17,B17SJVBC1NE,South County Juniors Boys 17 1,B17,2026-03-14,,2,True,7.0,2.0,0.40253668879796894,0.5974633112020311
B17RRJVB1NE,Boston United Boys 17 National 1,RRJVB,17,B17TTVBC1NE,SLAM 17 1 Boys,B17,2025-11-23,,1,False,-9.0,-2.0,0.39595525779297414,-0.39595525779297414
B17RRJVB1NE,Boston United Boys 17 National 1,RRJVB,17,B17TTVBC2NE,SLAM 17 2 Boys,B17,2025-11-22,,1,True,14.0,1.0,0.5661592517930121,0.4338407482069879
B17RRJVB1NE,Boston United Boys 17 National 1,RRJVB,17,B18PVJVB3NE,PV Boys 18 3,MIXED,2025-12-20,,1,False,-2.0,-1.0,0.48973944072504033,-0.48973944072504033
B17RRJVB1NE,Boston United Boys 17 National 1,RRJVB,17,B18SAVBC1XL,Sporting Albany Boys 18u,MIXED,2025-12-20,,1,True,19.0,2.0,0.6756080794683258,0.3243919205316742
B17RRJVB1NE,Boston United Boys 17 National 1,RRJVB,17,B18SJJVB3NE,SMASH Boys 18's Surge,MIXED,2025-12-20,,1,False,-13.0,-2.0,0.3698067711357105,-0.3698067711357105
B17RRJVB2NE,Boston United Boys 17 Northeast,RRJVB,17,B17CAMYV1NE,CYVB 17 1,B17,2025-11-22,,1,False,-13.0,-2.0,0.4660856233088545,-0.4660856233088545
B17RRJVB2NE,Boston United Boys 17 Northeast,RRJVB,17,B17CAPIT2XL,CSVC 17 SKYLIGHT,B17,2026-02-07,,1,False,-4.0,-1.0,0.5867244912717553,-0.5867244912717553
B17RRJVB2NE,Boston United Boys 17 Northeast,RRJVB,17,B17CAPIT2XL,CSVC 17 SKYLIGHT,B17,2026-03-15,,2,True,5.0,1.0,0.5867244912717553,0.4132755087282447
B17RRJVB2NE,Boston United Boys 17 Northeast,RRJVB,17,B17HKJVB4NE,Husky 17.4,B17,2026-03-14,,1,True,18.0,2.0,0.620198673329186,0.379801326670814
B17RRJVB2NE,Boston United Boys 17 Northeast,RRJVB,17,B17LHVBC1NE,LHV Boys 17-1 Ubuntu,B17,2025-11-22,,1,False,-16.0,-2.0,0.34116168316080936,-0.34116168316080936
B17RRJVB2NE,Boston United Boys 17 Northeast,RRJVB,17,B17LHVBC2NE,LHV Boys 17-2 Boom,B17,2026-01-18,,1,True,8.0,1.0,0.6971979641873918,0.30280203581260823
B17RRJVB2NE,Boston United Boys 17 Northeast,RRJVB,17,B17LIFRY1GE,LI Fury 17 1,B17,2026-02-06,,1,False,-19.0,-2.0,0.3503967656340878,-0.3503967656340878
B17RRJVB2NE,Boston United Boys 17 Northeast,RRJVB,17,B17MVNER1NE,Meraki VB 17 1,B17,2026-01-18,,1,False,-20.0,-2.0,0.4381736265264718,-0.4381736265264718
B17RRJVB2NE,Boston United Boys 17 Northeast,RRJVB,17,B17NESVC1NE,NE Storm 17 Tsunami,B17,2026-02-06,,1,False,-9.0,-2.0,0.32893403041232194,-0.32893403041232194
B17RRJVB2NE,Boston United Boys 17 Northeast,RRJVB,17,B17NESVC2NE,NE Storm 17 Landslide,B17,2025-11-22,,1,True,7.0,1.0,0.496942618397392,0.503057381602608
B17RRJVB2NE,Boston United Boys 17 Northeast,RRJVB,17,B17NESVC2NE,NE Storm 17 Landslide,B17,2025-11-23,,2,False,-4.0,-2.0,0.496942618397392,-0.496942618397392
B17RRJVB2NE,Boston United Boys 17 Northeast,RRJVB,17,B17NESVC2NE,NE Storm 17 Landslide,B17,2026-01-17,,3,True,16.0,1.0,0.496942618397392,0.503057381602608
B17RRJVB2NE,Boston United Boys 17 Northeast,RRJVB,17,B17NESVC2NE,NE Storm 17 Landslide,B17,2026-01-19,,4,False,-6.0,-2.0,0.496942618397392,-0.496942618397392
B17RRJVB2NE,Boston United Boys 17 Northeast,RRJVB,17,B17NESVC3NE,NE Storm 17 Wildfire,B17,2025-11-23,,1,True,4.0,2.0,0.6030747229222346,0.39692527707776537
B17RRJVB2NE,Boston United Boys 17 Northeast,RRJVB,17,B17NESVC3NE,NE Storm 17 Wildfire,B17,2026-03-14,,2,True,12.0,2.0,0.6030747229222346,0.39692527707776537
B17RRJVB2NE,Boston United Boys 17 Northeast,RRJVB,17,B17PVJVB2NE,PV Boys 17 2,B17,2026-03-15,,1,True,13.0,2.0,0.5595015258607743,0.4404984741392257
B17RRJVB2NE,Boston United Boys 17 Northeast,RRJVB,17,B17PVJVB3NE,PV Boys 17 3,B17,2026-03-14,,1,True,19.0,2.0,0.6277461176980287,0.3722538823019713
B17RRJVB2NE,Boston United Boys 17 Northeast,RRJVB,17,B17ROYAL1NO,Infinity Royals 17N,B17,2026-02-07,,1,False,-10.0,-2.0,0.42155660827973535,-0.42155660827973535
B17RRJVB2NE,Boston United Boys 17 Northeast,RRJVB,17,B17RRJVB3NE,Boston United Boys 17 Select 1,B17,2026-01-18,,1,True,20.0,2.0,0.682759426472568,0.31724057352743196
B17RRJVB2NE,Boston United Boys 17 Northeast,RRJVB,17,B17SPTMC3GE,Sportime 17 3,B17,2026-02-06,,1,False,-3.0,-1.0,0.3836785412918989,-0.3836785412918989
B17RRJVB2NE,Boston United Boys 17 Northeast,RRJVB,17,B17SPTMC4GE,Sportime 17 4,B17,2026-02-07,,1,True,14.0,2.0,0.6306346052612234,0.3693653947387766
B17RRJVB2NE,Boston United Boys 17 Northeast,RRJVB,17,B17SYRVB1XL,SVC 17 1 Boys,B17,2026-01-17,,1,False,-27.0,-2.0,0.17301583834487638,-0.17301583834487638
B17RRJVB2NE,Boston United Boys 17 Northeast,RRJVB,17,B17TTVBC1NE,SLAM 17 1 Boys,B17,2026-01-17,,1,False,-19.0,-2.0,0.31165647127729457,-0.31165647127729457
B17RRJVB2NE,Boston United Boys 17 Northeast,RRJVB,17,B17XTREM1GE,Xtreme 17 National Braulio,B17,2026-02-08,,1,False,-6.0,-2.0,0.5277779042896359,-0.5277779042896359
B17RRJVB3NE,Boston United Boys 17 Select 1,RRJVB,17,B17CAMYV1NE,CYVB 17 1,B17,2026-01-17,,1,False,-19.0,-2.0,0.28856816049453066,-0.28856816049453066
B17RRJVB3NE,Boston United Boys 17 Select 1,RRJVB,17,B17CAPIT2XL,CSVC 17 SKYLIGHT,B17,2026-03-14,,1,False,-28.0,-2.0,0.39746442487938866,-0.39746442487938866
B17RRJVB3NE,Boston United Boys 17 Select 1,RRJVB,17,B17HKJVB2NE,Husky 17.2,B17,2026-01-31,,1,False,-15.0,-2.0,0.26062968479696685,-0.26062968479696685
B17RRJVB3NE,Boston United Boys 17 Select 1,RRJVB,17,B17LHVBC1NE,LHV Boys 17-1 Ubuntu,B17,2025-11-23,,1,False,-26.0,-2.0,0.19394086381061837,-0.19394086381061837
B17RRJVB3NE,Boston United Boys 17 Select 1,RRJVB,17,B17LHVBC2NE,LHV Boys 17-2 Boom,B17,2025-11-22,,1,False,-9.0,-1.0,0.5168705871775641,-0.5168705871775641
B17RRJVB3NE,Boston United Boys 17 Select 1,RRJVB,17,B17LHVBC2NE,LHV Boys 17-2 Boom,B17,2026-01-18,,2,False,-19.0,-2.0,0.5168705871775641,-0.5168705871775641
B17RRJVB3NE,Boston United Boys 17 Select 1,RRJVB,17,B17LHVBC2NE,LHV Boys 17-2 Boom,B17,2026-02-01,,3,True,25.0,2.0,0.5168705871775641,0.48312941282243593
B17RRJVB3NE,Boston United Boys 17 Select 1,RRJVB,17,B17MMVBC1NE,Mayhem 17 1,B17,2025-11-22,,1,False,-7.0,-2.0,0.38871672588404116,-0.38871672588404116
B17RRJVB3NE,Boston United Boys 17 Select 1,RRJVB,17,B17MMVBC1NE,Mayhem 17 1,B17,2026-02-01,,2,False,-15.0,-1.0,0.38871672588404116,-0.38871672588404116
B17RRJVB3NE,Boston United Boys 17 Select 1,RRJVB,17,B17MVNER1NE,Meraki VB 17 1,B17,2026-01-18,,1,False,-4.0,-2.0,0.2659908094368173,-0.2659908094368173
B17RRJVB3NE,Boston United Boys 17 Select 1,RRJVB,17,B17MVNER2NE,Meraki VB 17 2,B17,2025-11-23,,1,True,12.0,1.0,0.5826223743098524,0.4173776256901476
B17RRJVB3NE,Boston United Boys 17 Select 1,RRJVB,17,B17MVNER2NE,Meraki VB 17 2,B17,2026-02-01,,2,True,12.0,2.0,0.5826223743098524,0.4173776256901476
B17RRJVB3NE,Boston United Boys 17 Select 1,RRJVB,17,B17MVNER2NE,Meraki VB 17 2,B17,2026-03-14,,3,False,-10.0,-2.0,0.5826223743098524,-0.5826223743098524
B17RRJVB3NE,Boston United Boys 17 Select 1,RRJVB,17,B17MVNER2NE,Meraki VB 17 2,B17,2026-03-15,,4,True,16.0,2.0,0.5826223743098524,0.4173776256901476
B17RRJVB3NE,Boston United Boys 17 Select 1,RRJVB,17,B17NESVC1NE,NE Storm 17 Tsunami,B17,2026-01-17,,1,False,-20.0,-2.0,0.18550410059813885,-0.18550410059813885
B17RRJVB3NE,Boston United Boys 17 Select 1,RRJVB,17,B17NESVC3NE,NE Storm 17 Wildfire,B17,2025-11-22,,1,True,9.0,1.0,0.413821625921369,0.586178374078631
B17RRJVB3NE,Boston United Boys 17 Select 1,RRJVB,17,B17NYCVA1GE,NYC VBA 17 Downtown,B17,2026-01-31,,1,False,-14.0,-2.0,0.2576617109864868,-0.2576617109864868
B17RRJVB3NE,Boston United Boys 17 Select 1,RRJVB,17,B17PVJVB2NE,PV Boys 17 2,B17,2026-01-19,,1,False,-1.0,-1.0,0.37113682727561537,-0.37113682727561537
B17RRJVB3NE,Boston United Boys 17 Select 1,RRJVB,17,B17PVJVB2NE,PV Boys 17 2,B17,2026-01-31,,2,True,2.0,1.0,0.37113682727561537,0.6288631727243846
B17RRJVB3NE,Boston United Boys 17 Select 1,RRJVB,17,B17PVJVB2NE,PV Boys 17 2,B17,2026-03-14,,3,False,-13.0,-2.0,0.37113682727561537,-0.37113682727561537
B17RRJVB3NE,Boston United Boys 17 Select 1,RRJVB,17,B17PVJVB3NE,PV Boys 17 3,B17,2026-01-17,,1,False,-10.0,-2.0,0.4393199494610725,-0.4393199494610725
B17RRJVB3NE,Boston United Boys 17 Select 1,RRJVB,17,B17PVJVB3NE,PV Boys 17 3,B17,2026-03-15,,2,False,-8.0,-1.0,0.4393199494610725,-0.4393199494610725
B17RRJVB3NE,Boston United Boys 17 Select 1,RRJVB,17,B17RRJVB2NE,Boston United Boys 17 Northeast,B17,2026-01-18,,1,False,-20.0,-2.0,0.317240573527432,-0.317240573527432
B17SJJVB1NE,SMASH Boys 17-1,SJJVB,17,B17BVJVB1NE,Blast 17 Ignite,B17,2026-01-31,,1,True,17.0,2.0,0.800051625086571,0.19994837491342898
B17SJJVB1NE,SMASH Boys 17-1,SJJVB,17,B17LHVBC1NE,LHV Boys 17-1 Ubuntu,B17,2026-01-31,,1,True,15.0,2.0,0.7748468536714479,0.2251531463285521
B17SJJVB1NE,SMASH Boys 17-1,SJJVB,17,B17LHVBC1NE,LHV Boys 17-1 Ubuntu,B17,2026-02-01,,2,True,29.0,2.0,0.7748468536714479,0.2251531463285521
B17SJJVB1NE,SMASH Boys 17-1,SJJVB,17,B17MVPVA1NE,MVP BOS 17 Black,B17,2026-01-31,,1,True,13.0,2.0,0.7934780273341053,0.20652197266589467
B17SJJVB1NE,SMASH Boys 17-1,SJJVB,17,B17NEVBC1NE,NEVBC Boys 17.1,B17,2026-02-01,,1,True,27.0,2.0,0.7039406244242038,0.2960593755757962
B17SJJVB1NE,SMASH Boys 17-1,SJJVB,17,B17SJJVB2NE,SMASH Boys 17 Chaos,B17,2026-02-01,,1,True,0.0,1.0,0.7470400437694336,0.25295995623056644
B17SJJVB2NE,SMASH Boys 17 Chaos,SJJVB,17,B17CAPIT1XL,CSVC 17 BIG SLIDE,B17,2025-12-21,,1,False,-5.0,-1.0,0.4006926990650393,-0.4006926990650393
B17SJJVB2NE,SMASH Boys 17 Chaos,SJJVB,17,B17NEVBC1NE,NEVBC Boys 17.1,B17,2025-12-21,,1,True,8.0,2.0,0.44602276402922514,0.5539772359707749
B17SJJVB2NE,SMASH Boys 17 Chaos,SJJVB,17,B17NEVBC1NE,NEVBC Boys 17.1,B17,2026-01-31,,2,True,15.0,2.0,0.44602276402922514,0.5539772359707749
B17SJJVB2NE,SMASH Boys 17 Chaos,SJJVB,17,B17PVJVB1NE,PV Boys 17 1,B17,2026-01-31,,1,True,13.0,2.0,0.5907740214286783,0.4092259785713217
B17SJJVB2NE,SMASH Boys 17 Chaos,SJJVB,17,B17PVJVB1NE,PV Boys 17 1,B17,2026-02-01,,2,True,8.0,2.0,0.5907740214286783,0.4092259785713217
B17SJJVB2NE,SMASH Boys 17 Chaos,SJJVB,17,B17SJJVB1NE,SMASH Boys 17-1,B17,2026-02-01,,1,False,-0.0,-1.0,0.2529599562305665,-0.2529599562305665
B17SJJVB2NE,SMASH Boys 17 Chaos,SJJVB,17,B17SJJVB3NE,SMASH Boys 17's Shock,B17,2026-02-01,,1,True,13.0,2.0,0.6475408635421015,0.3524591364578985
B17SJJVB2NE,SMASH Boys 17 Chaos,SJJVB,17,B17TTVBC2NE,SLAM 17 2 Boys,B17,2026-01-31,,1,True,14.0,2.0,0.6697992122078824,0.3302007877921176
B17SJJVB2NE,SMASH Boys 17 Chaos,SJJVB,17,B18CAPIT1XL,CSVC 18 HAYSTACK,MIXED,2025-12-20,,1,True,8.0,2.0,0.5464131605185474,0.4535868394814526
B17SJJVB2NE,SMASH Boys 17 Chaos,SJJVB,17,B18MCJVB1NE,Mill City 18's,MIXED,2025-12-20,,1,False,-1.0,-1.0,0.49002839280944793,-0.49002839280944793
B17SJJVB2NE,SMASH Boys 17 Chaos,SJJVB,17,B18PVJVB1NE,PV Boys 18 1,MIXED,2025-12-20,,1,False,-15.0,-2.0,0.385698308570191,-0.385698308570191
B17SJJVB3NE,SMASH Boys 17's Shock,SJJVB,17,B16SJJVB1NE,SMASH Boys 16-1,MIXED,2025-12-20,,1,False,-15.0,-2.0,0.33358062213563366,-0.33358062213563366
B17SJJVB3NE,SMASH Boys 17's Shock,SJJVB,17,B17BVJVB1NE,Blast 17 Ignite,B17,2026-02-01,,1,True,18.0,2.0,0.42445345459719996,0.5755465454028
B17SJJVB3NE,SMASH Boys 17's Shock,SJJVB,17,B17CAPIT2XL,CSVC 17 SKYLIGHT,B17,2025-12-20,,1,True,12.0,2.0,0.6349037341841444,0.36509626581585564
B17SJJVB3NE,SMASH Boys 17's Shock,SJJVB,17,B17CSJVB1NE,MEVBC/CT STARS 17 1,B17,2026-01-31,,1,True,0.0,1.0,0.500756269109745,0.499243730890255
B17SJJVB3NE,SMASH Boys 17's Shock,SJJVB,17,B17HKJVB1NE,Husky 17.1,B17,2026-01-31,,1,True,-2.0,1.0,0.2368518124514098,0.7631481875485902
B17SJJVB3NE,SMASH Boys 17's Shock,SJJVB,17,B17PVJVB1NE,PV Boys 17 1,B17,2025-12-20,,1,True,7.0,2.0,0.4400199352456848,0.5599800647543152
B17SJJVB3NE,SMASH Boys 17's Shock,SJJVB,17,B17SJJVB2NE,SMASH Boys 17 Chaos,B17,2026-02-01,,1,False,-13.0,-2.0,0.3524591364578985,-0.3524591364578985
B17SJJVB3NE,SMASH Boys 17's Shock,SJJVB,17,B17TTVBC1NE,SLAM 17 1 Boys,B17,2026-01-31,,1,True,11.0,1.0,0.3567461272551657,0.6432538727448343
B17SJJVB3NE,SMASH Boys 17's Shock,SJJVB,17,B18PVJVB3NE,PV Boys 18 3,MIXED,2025-12-21,,1,True,2.0,1.0,0.4635695318439906,0.5364304681560095
B17SJJVB3NE,SMASH Boys 17's Shock,SJJVB,17,B18SJJVB3NE,SMASH Boys 18's Surge,MIXED,2025-12-21,,1,False,-24.0,-2.0,0.34570366350580606,-0.34570366350580606
B17SJVBC1NE,South County Juniors Boys 17 1,SJVBC,17,B17BVJVB1NE,Blast 17 Ignite,B17,2025-11-22,,1,True,10.0,1.0,0.5640356294024177,0.4359643705975823
B17SJVBC1NE,South County Juniors Boys 17 1,SJVBC,17,B17CAPIT1XL,CSVC 17 BIG SLIDE,B17,2026-02-07,,1,False,-17.0,-2.0,0.389657470342163,-0.389657470342163
B17SJVBC1NE,South County Juniors Boys 17 1,SJVBC,17,B17CAPIT1XL,CSVC 17 BIG SLIDE,B17,2026-03-15,,2,False,-8.0,-2.0,0.389657470342163,-0.389657470342163
B17SJVBC1NE,South County Juniors Boys 17 1,SJVBC,17,B17CSJVB1NE,MEVBC/CT STARS 17 1,B17,2026-03-14,,1,True,13.0,2.0,0.6376316964642993,0.3623683035357007
B17SJVBC1NE,South County Juniors Boys 17 1,SJVBC,17,B17DIGSV1GE,Digs Boys 17 Red,B17,2026-02-06,,1,True,18.0,2.0,0.6398639052597908,0.36013609474020924
B17SJVBC1NE,South County Juniors Boys 17 1,SJVBC,17,B17LCVBC1GE,Legacy Boys 17 National,B17,2026-02-06,,1,False,-0.0,-1.0,0.47142773881950917,-0.47142773881950917
B17SJVBC1NE,South County Juniors Boys 17 1,SJVBC,17,B17MVNER1NE,Meraki VB 17 1,B17,2026-03-14,,1,True,3.0,1.0,0.6262982001240484,0.37370179987595165
B17SJVBC1NE,South County Juniors Boys 17 1,SJVBC,17,B17MVPVA1NE,MVP BOS 17 Black,B17,2025-11-23,,1,True,9.0,2.0,0.554027958369469,0.44597204163053095
B17SJVBC1NE,South County Juniors Boys 17 1,SJVBC,17,B17NESVC1NE,NE Storm 17 Tsunami,B17,2025-11-22,,1,False,-8.0,-1.0,0.5129810446125048,-0.5129810446125048
B17SJVBC1NE,South County Juniors Boys 17 1,SJVBC,17,B17NESVC1NE,NE Storm 17 Tsunami,B17,2025-11-23,,2,False,6.0,-1.0,0.5129810446125048,-0.5129810446125048
B17SJVBC1NE,South County Juniors Boys 17 1,SJVBC,17,B17NYCIV1GE,NYC Impact 17U National,B17,2026-02-06,,1,False,-14.0,-2.0,0.3907356612034583,-0.3907356612034583
B17SJVBC1NE,South County Juniors Boys 17 1,SJVBC,17,B17NYCIV1GE,NYC Impact 17U National,B17,2026-02-07,,2,False,-10.0,-1.0,0.3907356612034583,-0.3907356612034583
B17SJVBC1NE,South County Juniors Boys 17 1,SJVBC,17,B17NYCVA1GE,NYC VBA 17 Downtown,B17,2026-02-07,,1,True,13.0,2.0,0.6161576010766854,0.3838423989233146
B17SJVBC1NE,South County Juniors Boys 17 1,SJVBC,17,B17RRJVB1NE,Boston United Boys 17 National 1,B17,2026-02-08,,1,False,0.0,-1.0,0.597463311202031,-0.597463311202031
B17SJVBC1NE,South County Juniors Boys 17 1,SJVBC,17,B17RRJVB1NE,Boston United Boys 17 National 1,B17,2026-03-14,,2,False,-7.0,-2.0,0.597463311202031,-0.597463311202031
B17SJVBC1NE,South County Juniors Boys 17 1,SJVBC,17,B17TTVBC1NE,SLAM 17 1 Boys,B17,2025-11-22,,1,True,0.0,1.0,0.493140325646713,0.5068596743532869
B17SJVBC1NE,South County Juniors Boys 17 1,SJVBC,17,B17TTVBC1NE,SLAM 17 1 Boys,B17,2026-03-15,,2,True,-2.0,1.0,0.493140325646713,0.5068596743532869
B17SPTMC3GE,Sportime 17 3,SPTMC,17,B17117902XX,Torrimar 17 2,B17,2026-02-08,,1,False,-0.0,-1.0,0.48407721533131065,-0.48407721533131065
B17SPTMC3GE,Sportime 17 3,SPTMC,17,B17CAPIT2XL,CSVC 17 SKYLIGHT,B17,2026-02-06,,1,True,0.0,1.0,0.6951704932149129,0.30482950678508713
B17SPTMC3GE,Sportime 17 3,SPTMC,17,B17LIFRY1GE,LI Fury 17 1,B17,2026-02-07,,1,True,4.0,1.0,0.46422821223119515,0.5357717877688049
B17SPTMC3GE,Sportime 17 3,SPTMC,17,B17NESVC1NE,NE Storm 17 Tsunami,B17,2026-02-06,,1,False,-14.0,-1.0,0.4405213080646972,-0.4405213080646972
B17SPTMC3GE,Sportime 17 3,SPTMC,17,B17NESVC1NE,NE Storm 17 Tsunami,B17,2026-02-08,,2,True,10.0,1.0,0.4405213080646972,0.5594786919353028
B17SPTMC3GE,Sportime 17 3,SPTMC,17,B17ROYAL1NO,Infinity Royals 17N,B17,2026-02-07,,1,True,8.0,2.0,0.5393129340016184,0.4606870659983816
B17SPTMC3GE,Sportime 17 3,SPTMC,17,B17RRJVB2NE,Boston United Boys 17 Northeast,B17,2026-02-06,,1,True,3.0,1.0,0.6163214587081011,0.38367854129189893
B17SPTMC3GE,Sportime 17 3,SPTMC,17,B17SPTMC4GE,Sportime 17 4,B17,2026-02-06,,1,True,11.0,1.0,0.7328055750801663,0.2671944249198337
B17SPTMC3GE,Sportime 17 3,SPTMC,17,B17SPTMC6GE,Sportime 17 Lynbrook 2,B17,2026-02-08,,1,True,10.0,2.0,0.650919893014295,0.349080106985705
B17SPTMC4GE,Sportime 17 4,SPTMC,17,B17CAPIT2XL,CSVC 17 SKYLIGHT,B17,2026-02-07,,1,False,-19.0,-2.0,0.4540055616241669,-0.4540055616241669
B17SPTMC4GE,Sportime 17 4,SPTMC,17,B17LIFRY1GE,LI Fury 17 1,B17,2026-02-06,,1,False,-14.0,-2.0,0.24008092781335608,-0.24008092781335608
B17SPTMC4GE,Sportime 17 4,SPTMC,17,B17MVPVA2NE,MVP BOS 17 Blue,B17,2026-02-08,,1,False,-12.0,-1.0,0.4238285870668883,-0.4238285870668883
B17SPTMC4GE,Sportime 17 4,SPTMC,17,B17NESVC1NE,NE Storm 17 Tsunami,B17,2026-02-06,,1,False,-16.0,-2.0,0.2230551237541749,-0.2230551237541749
B17SPTMC4GE,Sportime 17 4,SPTMC,17,B17ROYAL1NO,Infinity Royals 17N,B17,2026-02-06,,1,True,-3.0,1.0,0.2991545931884839,0.7008454068115161
B17SPTMC4GE,Sportime 17 4,SPTMC,17,B17RRJVB2NE,Boston United Boys 17 Northeast,B17,2026-02-07,,1,False,-14.0,-2.0,0.36936539473877655,-0.36936539473877655
B17SPTMC4GE,Sportime 17 4,SPTMC,17,B17SPTMC3GE,Sportime 17 3,B17,2026-02-06,,1,False,-11.0,-1.0,0.26719442491983364,-0.26719442491983364
B17SPTMC5GE,Sportime 17 Lynbrook,SPTMC,17,B17ALLIN1FL,AVA 17 Boys,B17,2026-02-06,,1,False,-24.0,-2.0,0.3067481093090752,-0.3067481093090752
B17SPTMC5GE,Sportime 17 Lynbrook,SPTMC,17,B17CAPIT1XL,CSVC 17 BIG SLIDE,B17,2026-02-06,,1,False,-14.0,-2.0,0.3208837083197357,-0.3208837083197357
B17SPTMC5GE,Sportime 17 Lynbrook,SPTMC,17,B17CAPIT1XL,CSVC 17 BIG SLIDE,B17,2026-02-07,,2,False,-14.0,-2.0,0.3208837083197357,-0.3208837083197357
B17SPTMC5GE,Sportime 17 Lynbrook,SPTMC,17,B17MVPVA1NE,MVP BOS 17 Black,B17,2026-02-06,,1,True,3.0,1.0,0.4790117244934165,0.5209882755065836
B17SPTMC5GE,Sportime 17 Lynbrook,SPTMC,17,B17MVPVA1NE,MVP BOS 17 Black,B17,2026-02-08,,2,False,-9.0,-2.0,0.4790117244934165,-0.4790117244934165
B17SPTMC5GE,Sportime 17 Lynbrook,SPTMC,17,B17NYCIV1GE,NYC Impact 17U National,B17,2026-02-07,,1,False,-8.0,-2.0,0.3218719570228192,-0.3218719570228192
B17SPTMC5GE,Sportime 17 Lynbrook,SPTMC,17,B17RAPTO1GE,NYC Raptors 17 Black,B17,2026-02-07,,1,True,17.0,2.0,0.6457764053530425,0.3542235946469575
B17SPTMC6GE,Sportime 17 Lynbrook 2,SPTMC,17,B17117902XX,Torrimar 17 2,B17,2026-02-06,,1,False,-7.0,-2.0,0.3347457887344869,-0.3347457887344869
B17SPTMC6GE,Sportime 17 Lynbrook 2,SPTMC,17,B17LCVBC2GE,Legacy Boys 17 Premier,B17,2026-02-07,,1,False,-9.0,-2.0,0.461219352765127,-0.461219352765127
B17SPTMC6GE,Sportime 17 Lynbrook 2,SPTMC,17,B17MVPVA2NE,MVP BOS 17 Blue,B17,2026-02-06,,1,True,12.0,2.0,0.5196754798267944,0.4803245201732056
B17SPTMC6GE,Sportime 17 Lynbrook 2,SPTMC,17,B17MVPVA2NE,MVP BOS 17 Blue,B17,2026-02-07,,2,True,7.0,1.0,0.5196754798267944,0.4803245201732056
B17SPTMC6GE,Sportime 17 Lynbrook 2,SPTMC,17,B17RIVAL1GE,Rival 17’s,B17,2026-02-07,,1,False,-4.0,-1.0,0.5027867129020476,-0.5027867129020476
B17SPTMC6GE,Sportime 17 Lynbrook 2,SPTMC,17,B17SPTMC3GE,Sportime 17 3,B17,2026-02-08,,1,False,-10.0,-2.0,0.34908010698570496,-0.34908010698570496
B17SPTMC6GE,Sportime 17 Lynbrook 2,SPTMC,17,B17XTREM1GE,Xtreme 17 National Braulio,B17,2026-02-06,,1,False,-10.0,-1.0,0.4905272823631783,-0.4905272823631783
B17SYRVB1XL,SVC 17 1 Boys,SYRVB,17,B17BVJVB1NE,Blast 17 Ignite,B17,2026-01-19,,1,True,17.0,2.0,0.7421193543920821,0.2578806456079179
B17SYRVB1XL,SVC 17 1 Boys,SYRVB,17,B17CAMYV1NE,CYVB 17 1,B17,2026-01-18,,1,True,12.0,2.0,0.8066731483550835,0.19332685164491648
B17SYRVB1XL,SVC 17 1 Boys,SYRVB,17,B17CAPIT2XL,CSVC 17 SKYLIGHT,B17,2026-01-18,,1,True,17.0,2.0,0.8715622902193901,0.12843770978060987
B17SYRVB1XL,SVC 17 1 Boys,SYRVB,17,B17NESVC1NE,NE Storm 17 Tsunami,B17,2026-01-19,,1,True,21.0,2.0,0.700859100242891,0.299140899757109
B17SYRVB1XL,SVC 17 1 Boys,SYRVB,17,B17NESVC2NE,NE Storm 17 Landslide,B17,2026-01-17,,1,True,28.0,2.0,0.825227319038097,0.17477268096190302
B17SYRVB1XL,SVC 17 1 Boys,SYRVB,17,B17RRJVB2NE,Boston United Boys 17 Northeast,B17,2026-01-17,,1,True,27.0,2.0,0.8269841616551236,0.17301583834487644
B17SYRVB1XL,SVC 17 1 Boys,SYRVB,17,B17TTVBC1NE,SLAM 17 1 Boys,B17,2026-01-17,,1,True,14.0,2.0,0.6839568122123173,0.3160431877876827
B17SYRVB1XL,SVC 17 1 Boys,SYRVB,17,B17TTVBC2NE,SLAM 17 2 Boys,B17,2026-01-18,,1,True,25.0,2.0,0.8116184370401748,0.18838156295982522
B17TTVBC1NE,SLAM 17 1 Boys,TTVBC,17,B17BVJVB1NE,Blast 17 Ignite,B17,2025-11-22,,1,True,12.0,2.0,0.5707709553472102,0.42922904465278977
B17TTVBC1NE,SLAM 17 1 Boys,TTVBC,17,B17BVJVB1NE,Blast 17 Ignite,B17,2026-01-18,,2,False,-3.0,-1.0,0.5707709553472102,-0.5707709553472102
B17TTVBC1NE,SLAM 17 1 Boys,TTVBC,17,B17CAMYV1NE,CYVB 17 1,B17,2026-01-19,,1,True,8.0,2.0,0.6584783066038562,0.3415216933961438
B17TTVBC1NE,SLAM 17 1 Boys,TTVBC,17,B17CAPIT2XL,CSVC 17 SKYLIGHT,B17,2026-01-19,,1,True,30.0,2.0,0.7581983743996783,0.2418016256003217
B17TTVBC1NE,SLAM 17 1 Boys,TTVBC,17,B17CSJVB1NE,MEVBC/CT STARS 17 1,B17,2026-01-31,,1,True,5.0,1.0,0.6439477615285318,0.35605223847146816
B17TTVBC1NE,SLAM 17 1 Boys,TTVBC,17,B17CSJVB1NE,MEVBC/CT STARS 17 1,B17,2026-02-01,,2,True,12.0,2.0,0.6439477615285318,0.35605223847146816
B17TTVBC1NE,SLAM 17 1 Boys,TTVBC,17,B17CSJVB1NE,MEVBC/CT STARS 17 1,B17,2026-03-15,,3,True,22.0,2.0,0.6439477615285318,0.35605223847146816
B17TTVBC1NE,SLAM 17 1 Boys,TTVBC,17,B17HKJVB1NE,Husky 17.1,B17,2026-01-31,,1,False,-13.0,-2.0,0.3588169819858708,-0.3588169819858708
B17TTVBC1NE,SLAM 17 1 Boys,TTVBC,17,B17HKJVB1NE,Husky 17.1,B17,2026-03-14,,2,False,-8.0,-2.0,0.3588169819858708,-0.3588169819858708
B17TTVBC1NE,SLAM 17 1 Boys,TTVBC,17,B17MVPVA1NE,MVP BOS 17 Black,B17,2026-02-01,,1,False,-2.0,-1.0,0.560797503050841,-0.560797503050841
B17TTVBC1NE,SLAM 17 1 Boys,TTVBC,17,B17NESVC1NE,NE Storm 17 Tsunami,B17,2025-11-22,,1,False,-1.0,-1.0,0.519833654556099,-0.519833654556099
B17TTVBC1NE,SLAM 17 1 Boys,TTVBC,17,B17NESVC1NE,NE Storm 17 Tsunami,B17,2026-01-18,,2,False,-7.0,-1.0,0.519833654556099,-0.519833654556099
B17TTVBC1NE,SLAM 17 1 Boys,TTVBC,17,B17NESVC2NE,NE Storm 17 Landslide,B17,2026-01-17,,1,True,5.0,2.0,0.6857139116594277,0.31428608834057226
B17TTVBC1NE,SLAM 17 1 Boys,TTVBC,17,B17NESVC2NE,NE Storm 17 Landslide,B17,2026-03-14,,2,True,8.0,2.0,0.6857139116594277,0.31428608834057226
B17TTVBC1NE,SLAM 17 1 Boys,TTVBC,17,B17NEVBC2NE,NEVBC Boys 17.2,B17,2026-03-14,,1,True,3.0,1.0,0.5325541392155823,0.46744586078441774
B17TTVBC1NE,SLAM 17 1 Boys,TTVBC,17,B17PVJVB1NE,PV Boys 17 1,B17,2026-01-18,,1,True,7.0,2.0,0.586237757123314,0.41376224287668595
B17TTVBC1NE,SLAM 17 1 Boys,TTVBC,17,B17RRJVB1NE,Boston United Boys 17 National 1,B17,2025-11-23,,1,True,9.0,2.0,0.6040447422070259,0.39595525779297414
B17TTVBC1NE,SLAM 17 1 Boys,TTVBC,17,B17RRJVB2NE,Boston United Boys 17 Northeast,B17,2026-01-17,,1,True,19.0,2.0,0.6883435287227053,0.3116564712772947
B17TTVBC1NE,SLAM 17 1 Boys,TTVBC,17,B17SJJVB3NE,SMASH Boys 17's Shock,B17,2026-01-31,,1,False,-11.0,-1.0,0.6432538727448343,-0.6432538727448343
B17TTVBC1NE,SLAM 17 1 Boys,TTVBC,17,B17SJVBC1NE,South County Juniors Boys 17 1,B17,2025-11-22,,1,False,-0.0,-1.0,0.5068596743532869,-0.5068596743532869
B17TTVBC1NE,SLAM 17 1 Boys,TTVBC,17,B17SJVBC1NE,South County Juniors Boys 17 1,B17,2026-03-15,,2,False,2.0,-1.0,0.5068596743532869,-0.5068596743532869
B17TTVBC1NE,SLAM 17 1 Boys,TTVBC,17,B17SYRVB1XL,SVC 17 1 Boys,B17,2026-01-17,,1,False,-14.0,-2.0,0.31604318778768276,-0.31604318778768276
B17TTVBC1NE,SLAM 17 1 Boys,TTVBC,17,B17TTVBC2NE,SLAM 17 2 Boys,B17,2025-11-23,,1,True,7.0,2.0,0.6656431604466437,0.33435683955335627
B17TTVBC2NE,SLAM 17 2 Boys,TTVBC,17,B17BVJVB1NE,Blast 17 Ignite,B17,2025-11-23,,1,False,-10.0,-2.0,0.4004602883504304,-0.4004602883504304
B17TTVBC2NE,SLAM 17 2 Boys,TTVBC,17,B17BVJVB1NE,Blast 17 Ignite,B17,2026-03-14,,2,False,-10.0,-1.0,0.4004602883504304,-0.4004602883504304
B17TTVBC2NE,SLAM 17 2 Boys,TTVBC,17,B17CAMYV1NE,CYVB 17 1,B17,2026-01-18,,1,True,18.0,2.0,0.4919945463872002,0.5080054536127998
B17TTVBC2NE,SLAM 17 2 Boys,TTVBC,17,B17CAPIT1XL,CSVC 17 BIG SLIDE,B17,2026-03-14,,1,False,-11.0,-2.0,0.24789759394145083,-0.24789759394145083
B17TTVBC2NE,SLAM 17 2 Boys,TTVBC,17,B17CAPIT2XL,CSVC 17 SKYLIGHT,B17,2026-01-18,,1,False,4.0,-1.0,0.6116569459759188,-0.6116569459759188
B17TTVBC2NE,SLAM 17 2 Boys,TTVBC,17,B17CSJVB1NE,MEVBC/CT STARS 17 1,B17,2026-02-01,,1,True,-4.0,1.0,0.47601722341219754,0.5239827765878025
B17TTVBC2NE,SLAM 17 2 Boys,TTVBC,17,B17MVNER1NE,Meraki VB 17 1,B17,2025-11-22,,1,False,-13.0,-2.0,0.4638790234304839,-0.4638790234304839
B17TTVBC2NE,SLAM 17 2 Boys,TTVBC,17,B17MVNER1NE,Meraki VB 17 1,B17,2026-01-17,,2,False,-5.0,-1.0,0.4638790234304839,-0.4638790234304839
B17TTVBC2NE,SLAM 17 2 Boys,TTVBC,17,B17MVNER1NE,Meraki VB 17 1,B17,2026-03-15,,3,False,-3.0,-1.0,0.4638790234304839,-0.4638790234304839
B17TTVBC2NE,SLAM 17 2 Boys,TTVBC,17,B17MVPVA1NE,MVP BOS 17 Black,B17,2025-11-22,,1,False,-9.0,-1.0,0.39075359567648954,-0.39075359567648954
B17TTVBC2NE,SLAM 17 2 Boys,TTVBC,17,B17MVPVA1NE,MVP BOS 17 Black,B17,2026-02-01,,2,False,-9.0,-2.0,0.39075359567648954,-0.39075359567648954
B17TTVBC2NE,SLAM 17 2 Boys,TTVBC,17,B17NESVC1NE,NE Storm 17 Tsunami,B17,2026-01-19,,1,False,-12.0,-2.0,0.35224886139547074,-0.35224886139547074
B17TTVBC2NE,SLAM 17 2 Boys,TTVBC,17,B17NESVC1NE,NE Storm 17 Tsunami,B17,2026-03-14,,2,False,-15.0,-2.0,0.35224886139547074,-0.35224886139547074
B17TTVBC2NE,SLAM 17 2 Boys,TTVBC,17,B17NESVC2NE,NE Storm 17 Landslide,B17,2026-03-15,,1,False,-8.0,-1.0,0.5228869688615729,-0.5228869688615729
B17TTVBC2NE,SLAM 17 2 Boys,TTVBC,17,B17NESVC3NE,NE Storm 17 Wildfire,B17,2026-01-17,,1,True,17.0,2.0,0.6276467802286424,0.3723532197713576
B17TTVBC2NE,SLAM 17 2 Boys,TTVBC,17,B17NEVBC1NE,NEVBC Boys 17.1,B17,2026-01-31,,1,False,-14.0,-2.0,0.28413732957202864,-0.28413732957202864
B17TTVBC2NE,SLAM 17 2 Boys,TTVBC,17,B17PVJVB1NE,PV Boys 17 1,B17,2026-01-17,,1,True,2.0,1.0,0.4157825122959586,0.5842174877040414
B17TTVBC2NE,SLAM 17 2 Boys,TTVBC,17,B17PVJVB1NE,PV Boys 17 1,B17,2026-01-31,,2,False,-15.0,-2.0,0.4157825122959586,-0.4157825122959586
B17TTVBC2NE,SLAM 17 2 Boys,TTVBC,17,B17RRJVB1NE,Boston United Boys 17 National 1,B17,2025-11-22,,1,False,-14.0,-1.0,0.433840748206988,-0.433840748206988
B17TTVBC2NE,SLAM 17 2 Boys,TTVBC,17,B17SJJVB2NE,SMASH Boys 17 Chaos,B17,2026-01-31,,1,False,-14.0,-2.0,0.3302007877921176,-0.3302007877921176
B17TTVBC2NE,SLAM 17 2 Boys,TTVBC,17,B17SYRVB1XL,SVC 17 1 Boys,B17,2026-01-18,,1,False,-25.0,-2.0,0.18838156295982522,-0.18838156295982522
B17TTVBC2NE,SLAM 17 2 Boys,TTVBC,17,B17TTVBC1NE,SLAM 17 1 Boys,B17,2025-11-23,,1,False,-7.0,-2.0,0.3343568395533562,-0.3343568395533562
B17XTREM1GE,Xtreme 17 National Braulio,XTREM,17,B17117902XX,Torrimar 17 2,B17,2026-02-07,,1,False,-4.0,-2.0,0.34323691457127686,-0.34323691457127686
B17XTREM1GE,Xtreme 17 National Braulio,XTREM,17,B17LCVBC2GE,Legacy Boys 17 Premier,B17,2026-02-06,,1,True,4.0,1.0,0.47064894100241433,0.5293510589975856
B17XTREM1GE,Xtreme 17 National Braulio,XTREM,17,B17MVPVA2NE,MVP BOS 17 Blue,B17,2026-02-07,,1,False,-4.0,-2.0,0.5291264830571203,-0.5291264830571203
B17XTREM1GE,Xtreme 17 National Braulio,XTREM,17,B17MVPVA2NE,MVP BOS 17 Blue,B17,2026-02-08,,2,False,-8.0,-1.0,0.5291264830571203,-0.5291264830571203
B17XTREM1GE,Xtreme 17 National Braulio,XTREM,17,B17RIVAL1GE,Rival 17’s,B17,2026-02-06,,1,False,-5.0,-1.0,0.5122581361902826,-0.5122581361902826
B17XTREM1GE,Xtreme 17 National Braulio,XTREM,17,B17RIVAL1GE,Rival 17’s,B17,2026-02-07,,2,False,-7.0,-1.0,0.5122581361902826,-0.5122581361902826
B17XTREM1GE,Xtreme 17 National Braulio,XTREM,17,B17RRJVB2NE,Boston United Boys 17 Northeast,B17,2026-02-08,,1,True,6.0,2.0,0.47222209571036416,0.5277779042896358
B17XTREM1GE,Xtreme 17 National Braulio,XTREM,17,B17SPTMC6GE,Sportime 17 Lynbrook 2,B17,2026-02-06,,1,True,10.0,1.0,0.5094727176368217,0.49052728236317833
B18118281XX,PWVolleyball 18 1,11828,18,B17CAPIT1XL,CSVC 17 BIG SLIDE,MIXED,2026-01-17,,1,False,-8.0,-2.0,0.4208868754575485,-0.4208868754575485
B18118281XX,PW-VB Quarter-Zip Elite 67-Matcha,11828,18,B18BVJVB1NE,Blast 18 Fire,B18,2026-03-14,,1,False,-13.0,-2.0,0.5293042695731481,-0.5293042695731481
B18118281XX,PWVolleyball 18 1,11828,18,B18BVJVB2NE,Blast 18 Blaze,B18,2026-01-17,,1,True,11.0,2.0,0.8057954401604704,0.19420455983952956
B18118281XX,PWVolleyball 18 1,11828,18,B18CAPIT1XL,CSVC 18 HAYSTACK,B18,2026-01-19,,1,False,-3.0,-1.0,0.5439234459700464,-0.5439234459700464
B18118281XX,PW-VB Quarter-Zip Elite 67-Matcha,11828,18,B18HKJVB2NE,Husky 18.2,B18,2026-03-15,,1,True,4.0,1.0,0.5823332113667294,0.41766678863327056
B18118281XX,PW-VB Quarter-Zip Elite 67-Matcha,11828,18,B18LCVBC5GE,Legacy Boys 18 Premier Billy,B18,2026-02-07,,1,True,7.0,2.0,0.8047912850428166,0.1952087149571834
B18118281XX,PW-VB Quarter-Zip Elite 67-Matcha,11828,18,B18MVPVA2NE,MVP BOS 18 Blue,B18,2026-02-06,,1,True,7.0,2.0,0.5934095094452488,0.40659049055475116
B18118281XX,PWVolleyball 18 1,11828,18,B18NESVC1NE,NE Storm 18 Thunder,B18,2026-01-18,,1,True,14.0,2.0,0.629035670584861,0.370964329415139
B18118281XX,PW-VB Quarter-Zip Elite 67-Matcha,11828,18,B18NEVBC2NE,NEVBC Boys 18.2,B18,2026-03-14,,1,True,12.0,2.0,0.6406852674066927,0.35931473259330726
B18118281XX,PW-VB Quarter-Zip Elite 67-Matcha,11828,18,B18NYCIV2GE,NYC Impact 18 Travel,B18,2026-02-07,,1,True,13.0,1.0,0.5657252666805799,0.4342747333194201
B18118281XX,PWVolleyball 18 1,11828,18,B18PVJVB2NE,PV Boys 18 2,B18,2026-01-17,,1,True,10.0,1.0,0.6221641593313132,0.3778358406686868
B18118281XX,PW-VB Quarter-Zip Elite 67-Matcha,11828,18,B18ROYAL1NO,Infinity Royals 18N,B18,2026-02-06,,1,True,1.0,1.0,0.5136469183331185,0.4863530816668815
B18118281XX,PW-VB Quarter-Zip Elite 67-Matcha,11828,18,B18RRJVB1NE,Boston United Boys 18 1,B18,2026-02-08,,1,True,4.0,2.0,0.6446816480145043,0.35531835198549566
B18118281XX,PWVolleyball 18 1,11828,18,B18RRJVB2NE,Boston United Boys 18 Select 1,B18,2026-01-18,,1,True,9.0,1.0,0.7309121696155033,0.2690878303844967
B18118281XX,PW-VB Quarter-Zip Elite 67-Matcha,11828,18,B18RRJVB2NE,Boston United Boys 18 Select 1,B18,2026-03-14,,2,True,14.0,2.0,0.7309121696155033,0.2690878303844967
B18118281XX,PW-VB Quarter-Zip Elite 67-Matcha,11828,18,B18SAVBC1XL,Sporting Albany Boys 18u,B18,2026-02-07,,1,True,8.0,2.0,0.8003767908668514,0.19962320913314857
B18118281XX,PW-VB Quarter-Zip Elite 67-Matcha,11828,18,B18SJVBC2NE,South County Juniors Boys 18's Gold,B18,2026-03-15,,1,True,7.0,2.0,0.5932346608804452,0.4067653391195548
B18118281XX,PWVolleyball 18 1,11828,18,B18VTVBC1NE,VTV 18 1,B18,2026-01-18,,1,False,1.0,-1.0,0.5590186018133165,-0.5590186018133165
B18118281XX,PW-VB Quarter-Zip Elite 67-Matcha,11828,18,B18XTREM2GE,Xtreme 18 National Kelly,B18,2026-02-06,,1,True,5.0,1.0,0.5094256262718049,0.4905743737281951
B18118281XX,PW-VB Quarter-Zip Elite 67-Matcha,11828,18,B18XTREM2GE,Xtreme 18 National Kelly,B18,2026-02-08,,2,False,-0.0,-1.0,0.5094256262718049,-0.5094256262718049
B18315VB1XL,315VB 18 USA,315VB,18,B17HKJVB2NE,Husky 17.2,MIXED,2026-03-15,,1,True,14.0,2.0,0.6279866198880633,0.37201338011193674
B18315VB1XL,315VB 18 USA,315VB,18,B17HKJVB3NE,Husky 17.3,MIXED,2026-03-15,,1,True,19.0,2.0,0.6884403056292847,0.3115596943707153
B18315VB1XL,315VB 18 USA,315VB,18,B18CAPIT1XL,CSVC 18 HAYSTACK,B18,2026-03-15,,1,True,4.0,1.0,0.6341659033715242,0.36583409662847577
B18315VB1XL,315VB 18 USA,315VB,18,B18GEVBC1NE,Generations vbc 18 1,B18,2026-03-14,,1,True,22.0,2.0,0.8631429197129994,0.1368570802870006
B18315VB1XL,315VB 18 USA,315VB,18,B18HKJVB3NE,Husky 18.3,B18,2026-03-14,,1,True,11.0,2.0,0.7026478193201113,0.29735218067988867
B18315VB1XL,315VB 18 USA,315VB,18,B18SAVBC1XL,Sporting Albany Boys 18u,B18,2026-03-14,,1,True,17.0,2.0,0.8535392169176104,0.14646078308238963
B18BVJVB1NE,Blast 18 Fire,BVJVB,18,B17CAPIT1XL,CSVC 17 BIG SLIDE,MIXED,2026-01-18,,1,False,-10.0,-2.0,0.40157252666677334,-0.40157252666677334
B18BVJVB1NE,Blast 18 Fire,BVJVB,18,B18118281XX,PW-VB Quarter-Zip Elite 67-Matcha,B18,2026-03-14,,1,True,13.0,2.0,0.4706957304268518,0.5293042695731482
B18BVJVB1NE,Blast 18 Fire,BVJVB,18,B18CAPIT1XL,CSVC 18 HAYSTACK,B18,2026-01-18,,1,False,-20.0,-2.0,0.5146948338954818,-0.5146948338954818
B18BVJVB1NE,Blast 18 Fire,BVJVB,18,B18HKJVB2NE,Husky 18.2,B18,2026-02-01,,1,False,-0.0,-1.0,0.5535457038033522,-0.5535457038033522
B18BVJVB1NE,Blast 18 Fire,BVJVB,18,B18HKJVB2NE,Husky 18.2,B18,2026-03-15,,2,False,-5.0,-1.0,0.5535457038033522,-0.5535457038033522
B18BVJVB1NE,Blast 18 Fire,BVJVB,18,B18LHVBC1NE,LHV Boys 18-1 Rafiki,B18,2025-11-22,,1,False,-5.0,-2.0,0.4370630327417198,-0.4370630327417198
B18BVJVB1NE,Blast 18 Fire,BVJVB,18,B18LHVBC2NE,LHV Boys 18-2 Blitz,B18,2026-01-18,,1,True,6.0,1.0,0.6690982497401585,0.3309017502598415
B18BVJVB1NE,Blast 18 Fire,BVJVB,18,B18MCJVB1NE,Mill City 18's,B18,2026-01-31,,1,False,-10.0,-2.0,0.43198916148823635,-0.43198916148823635
B18BVJVB1NE,Blast 18 Fire,BVJVB,18,B18MMVBC1NE,Mayhem 18 1,B18,2025-11-23,,1,False,-14.0,-2.0,0.479008102313586,-0.479008102313586
B18BVJVB1NE,Blast 18 Fire,BVJVB,18,B18MVNER1NE,Meraki VB 18 1,B18,2026-01-31,,1,False,-18.0,-2.0,0.40504489526859877,-0.40504489526859877
B18BVJVB1NE,Blast 18 Fire,BVJVB,18,B18MVPVA1NE,MVP BOS 18 Black,B18,2025-11-22,,1,True,-0.0,1.0,0.4257156182590274,0.5742843817409726
B18BVJVB1NE,Blast 18 Fire,BVJVB,18,B18MVPVA1NE,MVP BOS 18 Black,B18,2026-02-01,,2,False,-1.0,-1.0,0.4257156182590274,-0.4257156182590274
B18BVJVB1NE,Blast 18 Fire,BVJVB,18,B18NESVC3NE,NE Storm 18 Tornado,B18,2026-01-17,,1,True,22.0,2.0,0.7596209505253778,0.2403790494746222
B18BVJVB1NE,Blast 18 Fire,BVJVB,18,B18NEVBC2NE,NEVBC Boys 18.2,B18,2026-03-14,,1,True,14.0,2.0,0.6132485474677258,0.38675145253227416
B18BVJVB1NE,Blast 18 Fire,BVJVB,18,B18PVJVB3NE,PV Boys 18 3,B18,2026-01-17,,1,True,17.0,1.0,0.5329020539926705,0.46709794600732946
B18BVJVB1NE,Blast 18 Fire,BVJVB,18,B18RRJVB1NE,Boston United Boys 18 1,B18,2025-11-22,,1,True,15.0,1.0,0.6173678383989916,0.38263216160100844
B18BVJVB1NE,Blast 18 Fire,BVJVB,18,B18RRJVB1NE,Boston United Boys 18 1,B18,2025-11-23,,2,False,-4.0,-1.0,0.6173678383989916,-0.6173678383989916
B18BVJVB1NE,Blast 18 Fire,BVJVB,18,B18RRJVB2NE,Boston United Boys 18 Select 1,B18,2026-01-19,,1,True,24.0,2.0,0.7072166006619099,0.29278339933809006
B18BVJVB1NE,Blast 18 Fire,BVJVB,18,B18RRJVB2NE,Boston United Boys 18 Select 1,B18,2026-03-14,,2,True,25.0,2.0,0.7072166006619099,0.29278339933809006
B18BVJVB1NE,Blast 18 Fire,BVJVB,18,B18SJJVB1NE,SMASH Boys 18-1,B18,2026-01-31,,1,False,-22.0,-2.0,0.20308104298656732,-0.20308104298656732
B18BVJVB1NE,Blast 18 Fire,BVJVB,18,B18SJVBC2NE,South County Juniors Boys 18's Gold,B18,2026-03-15,,1,True,15.0,2.0,0.5646367870088225,0.43536321299117753
B18BVJVB1NE,Blast 18 Fire,BVJVB,18,B18VTVBC1NE,VTV 18 1,B18,2026-01-17,,1,False,-11.0,-1.0,0.5299213276277198,-0.5299213276277198
B18BVJVB1NE,Blast 18 Fire,BVJVB,18,B18VTVBC1NE,VTV 18 1,B18,2026-01-19,,2,True,15.0,2.0,0.5299213276277198,0.4700786723722802
B18BVJVB2NE,Blast 18 Blaze,BVJVB,18,B17CAPIT1XL,CSVC 17 BIG SLIDE,MIXED,2026-01-17,,1,False,-28.0,-2.0,0.2164409971905115,-0.2164409971905115
B18BVJVB2NE,Blast 18 Blaze,BVJVB,18,B17HKJVB3NE,Husky 17.3,MIXED,2026-03-14,,1,False,-15.0,-2.0,0.394409216863519,-0.394409216863519
B18BVJVB2NE,Blast 18 Blaze,BVJVB,18,B18118281XX,PWVolleyball 18 1,B18,2026-01-17,,1,False,-11.0,-2.0,0.19420455983952964,-0.19420455983952964
B18BVJVB2NE,Blast 18 Blaze,BVJVB,18,B18LHVBC2NE,LHV Boys 18-2 Blitz,B18,2025-11-22,,1,False,-18.0,-2.0,0.3540104476417643,-0.3540104476417643
B18BVJVB2NE,Blast 18 Blaze,BVJVB,18,B18LHVBC2NE,LHV Boys 18-2 Blitz,B18,2026-01-31,,2,False,-24.0,-2.0,0.3540104476417643,-0.3540104476417643
B18BVJVB2NE,Blast 18 Blaze,BVJVB,18,B18LHVBC3NE,LHV Boys 18-3 Thunder,B18,2026-01-18,,1,False,-22.0,-2.0,0.4623516143962947,-0.4623516143962947
B18BVJVB2NE,Blast 18 Blaze,BVJVB,18,B18LHVBC3NE,LHV Boys 18-3 Thunder,B18,2026-02-01,,2,False,-8.0,-1.0,0.4623516143962947,-0.4623516143962947
B18BVJVB2NE,Blast 18 Blaze,BVJVB,18,B18MMVBC2NE,Mayhem 18 2,B18,2026-01-31,,1,False,-21.0,-2.0,0.2621174776274237,-0.2621174776274237
B18BVJVB2NE,Blast 18 Blaze,BVJVB,18,B18MVNER2NE,Meraki VB 18 2,B18,2026-03-14,,1,False,-18.0,-2.0,0.4022662062960002,-0.4022662062960002
B18BVJVB2NE,Blast 18 Blaze,BVJVB,18,B18NESVC2NE,NE Storm 18 Squall,B18,2025-11-22,,1,False,-12.0,-2.0,0.36076191001972296,-0.36076191001972296
B18BVJVB2NE,Blast 18 Blaze,BVJVB,18,B18NESVC2NE,NE Storm 18 Squall,B18,2026-03-14,,2,False,-11.0,-2.0,0.36076191001972296,-0.36076191001972296
B18BVJVB2NE,Blast 18 Blaze,BVJVB,18,B18NEVBC2NE,NEVBC Boys 18.2,B18,2026-02-01,,1,False,-20.0,-2.0,0.30057143047290413,-0.30057143047290413
B18BVJVB2NE,Blast 18 Blaze,BVJVB,18,B18NEVBC3NE,NEVBC Boys 18 Blue,B18,2025-11-23,,1,True,5.0,1.0,0.4343853960762599,0.5656146039237401
B18BVJVB2NE,Blast 18 Blaze,BVJVB,18,B18PVJVB2NE,PV Boys 18 2,B18,2026-01-17,,1,False,-24.0,-2.0,0.284108234731897,-0.284108234731897
B18BVJVB2NE,Blast 18 Blaze,BVJVB,18,B18PVJVB3NE,PV Boys 18 3,B18,2026-01-18,,1,False,-11.0,-2.0,0.2361746414655753,-0.2361746414655753
B18BVJVB2NE,Blast 18 Blaze,BVJVB,18,B18PVJVB4NE,PV Boys 18 4,B18,2026-01-19,,1,False,-17.0,-2.0,0.25109302445407317,-0.25109302445407317
B18BVJVB2NE,Blast 18 Blaze,BVJVB,18,B18PVJVB4NE,PV Boys 18 4,B18,2026-01-31,,2,False,-8.0,-2.0,0.25109302445407317,-0.25109302445407317
B18BVJVB2NE,Blast 18 Blaze,BVJVB,18,B18RRJVB1NE,Boston United Boys 18 1,B18,2026-01-18,,1,False,-17.0,-2.0,0.3042426467437698,-0.3042426467437698
B18BVJVB2NE,Blast 18 Blaze,BVJVB,18,B18SAVBC1XL,Sporting Albany Boys 18u,B18,2026-03-15,,1,False,-14.0,-2.0,0.4914341111123705,-0.4914341111123705
B18BVJVB2NE,Blast 18 Blaze,BVJVB,18,B18SJVBC2NE,South County Juniors Boys 18's Gold,B18,2025-11-22,,1,False,-25.0,-2.0,0.26007778697993794,-0.26007778697993794
B18BVJVB2NE,Blast 18 Blaze,BVJVB,18,B18TTVBC1NE,SLAM 18 1 Boys,B18,2026-03-15,,1,True,7.0,1.0,0.43438539607625987,0.5656146039237402
B18BVJVB2NE,Blast 18 Blaze,BVJVB,18,B18TTVBC2NE,SLAM 18 2 Boys,B18,2025-11-23,,1,False,-22.0,-2.0,0.4701710706441232,-0.4701710706441232
B18CAPIT1XL,CSVC 18 HAYSTACK,CAPIT,18,B17CAPIT1XL,CSVC 17 BIG SLIDE,MIXED,2026-01-18,,1,False,-12.0,-1.0,0.3920052983069999,-0.3920052983069999
B18CAPIT1XL,CSVC 18 HAYSTACK,CAPIT,18,B17CAPIT1XL,CSVC 17 BIG SLIDE,MIXED,2026-01-19,,2,False,-7.0,-2.0,0.3920052983069999,-0.3920052983069999
B18CAPIT1XL,CSVC 18 HAYSTACK,CAPIT,18,B17HKJVB2NE,Husky 17.2,MIXED,2026-03-14,,1,True,8.0,2.0,0.5373238073318384,0.4626761926681616
B18CAPIT1XL,CSVC 18 HAYSTACK,CAPIT,18,B17NEVBC1NE,NEVBC Boys 17.1,MIXED,2025-12-20,,1,False,-12.0,-2.0,0.42012836969881084,-0.42012836969881084
B18CAPIT1XL,CSVC 18 HAYSTACK,CAPIT,18,B17SJJVB2NE,SMASH Boys 17 Chaos,MIXED,2025-12-20,,1,False,-8.0,-2.0,0.4535868394814526,-0.4535868394814526
B18CAPIT1XL,CSVC 18 HAYSTACK,CAPIT,18,B18118281XX,PWVolleyball 18 1,B18,2026-01-19,,1,True,3.0,1.0,0.4560765540299536,0.5439234459700464
B18CAPIT1XL,CSVC 18 HAYSTACK,CAPIT,18,B18315VB1XL,315VB 18 USA,B18,2026-03-15,,1,False,-4.0,-1.0,0.36583409662847577,-0.36583409662847577
B18CAPIT1XL,CSVC 18 HAYSTACK,CAPIT,18,B18BVJVB1NE,Blast 18 Fire,B18,2026-01-18,,1,True,20.0,2.0,0.4853051661045182,0.5146948338954818
B18CAPIT1XL,CSVC 18 HAYSTACK,CAPIT,18,B18LCVBC2GE,Legacy Boys 18 Premier Anthony,B18,2026-02-07,,1,True,15.0,2.0,0.6225845677627949,0.3774154322372051
B18CAPIT1XL,CSVC 18 HAYSTACK,CAPIT,18,B18LHVBC2NE,LHV Boys 18-2 Blitz,B18,2026-01-18,,1,True,13.0,2.0,0.6559535131007181,0.34404648689928186
B18CAPIT1XL,CSVC 18 HAYSTACK,CAPIT,18,B18LHVBC3NE,LHV Boys 18-3 Thunder,B18,2026-01-17,,1,True,10.0,2.0,0.7494893974864839,0.2505106025135161
B18CAPIT1XL,CSVC 18 HAYSTACK,CAPIT,18,B18MCJVB1NE,Mill City 18's,B18,2025-12-21,,1,True,3.0,1.0,0.4176236379654374,0.5823763620345626
B18CAPIT1XL,CSVC 18 HAYSTACK,CAPIT,18,B18NESVC2NE,NE Storm 18 Squall,B18,2026-01-17,,1,True,14.0,2.0,0.6625572877241529,0.3374427122758471
B18CAPIT1XL,CSVC 18 HAYSTACK,CAPIT,18,B18NESVC2NE,NE Storm 18 Squall,B18,2026-03-15,,2,True,12.0,2.0,0.6625572877241529,0.3374427122758471
B18CAPIT1XL,CSVC 18 HAYSTACK,CAPIT,18,B18NEVBC3NE,NEVBC Boys 18 Blue,B18,2026-03-14,,1,True,16.0,2.0,0.7276613153029107,0.27233868469708933
B18CAPIT1XL,CSVC 18 HAYSTACK,CAPIT,18,B18NEVBC3NE,NEVBC Boys 18 Blue,B18,2026-03-15,,2,True,19.0,2.0,0.7276613153029107,0.27233868469708933
B18CAPIT1XL,CSVC 18 HAYSTACK,CAPIT,18,B18NYCIV2GE,NYC Impact 18 Travel,B18,2026-02-08,,1,True,10.0,1.0,0.5220565188203796,0.4779434811796204
B18CAPIT1XL,CSVC 18 HAYSTACK,CAPIT,18,B18PINVA1GE,PVA Boys 18 National,B18,2026-02-06,,1,True,11.0,2.0,0.5031995704265237,0.49680042957347625
B18CAPIT1XL,CSVC 18 HAYSTACK,CAPIT,18,B18PVJVB2NE,PV Boys 18 2,B18,2025-12-20,,1,True,7.0,2.0,0.5799568662329708,0.4200431337670292
B18CAPIT1XL,CSVC 18 HAYSTACK,CAPIT,18,B18PVJVB2NE,PV Boys 18 2,B18,2025-12-21,,2,True,11.0,2.0,0.5799568662329708,0.4200431337670292
B18CAPIT1XL,CSVC 18 HAYSTACK,CAPIT,18,B18PVJVB4NE,PV Boys 18 4,B18,2026-03-14,,1,True,7.0,1.0,0.5384188102862023,0.4615811897137977
B18CAPIT1XL,CSVC 18 HAYSTACK,CAPIT,18,B18RAPTO1GE,NYC Raptors 18 Black,B18,2026-02-07,,1,True,11.0,2.0,0.5861861061440968,0.41381389385590317
B18CAPIT1XL,CSVC 18 HAYSTACK,CAPIT,18,B18RRJVB2NE,Boston United Boys 18 Select 1,B18,2026-01-17,,1,True,16.0,2.0,0.6948956057904555,0.3051043942095445
B18CAPIT1XL,CSVC 18 HAYSTACK,CAPIT,18,B18SJJVB2NE,SMASH Boys 18's Force,B18,2025-12-20,,1,False,-6.0,-2.0,0.4482572337584897,-0.4482572337584897
B18CAPIT1XL,CSVC 18 HAYSTACK,CAPIT,18,B18SPTMC3GE,Sportime 18 3,B18,2026-02-06,,1,True,12.0,2.0,0.6785880159013397,0.32141198409866034
B18CAPIT1XL,CSVC 18 HAYSTACK,CAPIT,18,B18TUSVA1GE,Train Up VB 18 1,B18,2026-02-06,,1,True,10.0,2.0,0.5667585471157196,0.4332414528842804
B18CAPIT1XL,CSVC 18 HAYSTACK,CAPIT,18,B18VENGE1OV,18 - Lusher,B18,2026-02-07,,1,False,-9.0,-1.0,0.36306442525515514,-0.36306442525515514
B18CAPIT1XL,CSVC 18 HAYSTACK,CAPIT,18,B18VENGE1OV,18 - Lusher,B18,2026-02-08,,2,False,-8.0,-2.0,0.36306442525515514,-0.36306442525515514
B18CORE11GE,CORE Boys 18 Platinum,CORE1,18,B18DSTJN1GE,Downstate (N-B) 18 Cobras,B18,2026-02-06,,1,True,19.0,2.0,0.6498861778622392,0.35011382213776077
B18CORE11GE,CORE Boys 18 Platinum,CORE1,18,B18LCVBC1GE,Legacy Boys 18 National,B18,2026-02-07,,1,False,-2.0,-1.0,0.550381134671664,-0.550381134671664
B18CORE11GE,CORE Boys 18 Platinum,CORE1,18,B18NYCIV1GE,NYC Impact 18 National,B18,2026-02-06,,1,True,9.0,2.0,0.4950460812118812,0.5049539187881188
B18CORE11GE,CORE Boys 18 Platinum,CORE1,18,B18PWRSP1SU,PSA Power 18,B18,2026-02-07,,1,False,-6.0,-1.0,0.4651863811433558,-0.4651863811433558
B18CORE11GE,CORE Boys 18 Platinum,CORE1,18,B18SPTMC2GE,Sportime 18 2,B18,2026-02-08,,1,False,1.0,-1.0,0.6925877400131741,-0.6925877400131741
B18CORE11GE,CORE Boys 18 Platinum,CORE1,18,B18UNVBC1NE,Unity 18 Boys National Vikings,B18,2026-02-06,,1,True,15.0,2.0,0.7000208100573336,0.29997918994266637
B18CORE11GE,CORE Boys 18 Platinum,CORE1,18,B18UNVBC1NE,Unity 18 Boys National Vikings,B18,2026-02-07,,2,True,18.0,2.0,0.7000208100573336,0.29997918994266637
B18CSJVB1NE,MEVBC/CT STARS 18 1,CSJVB,18,B18HKJVB1NE,Husky 18.1,B18,2026-01-31,,1,False,-13.0,-1.0,0.2885415582361316,-0.2885415582361316
B18CSJVB1NE,MEVBC/CT STARS 18 1,CSJVB,18,B18LHVBC1NE,LHV Boys 18-1 Rafiki,B18,2026-03-14,,1,False,-9.0,-2.0,0.32802922258866013,-0.32802922258866013
B18CSJVB1NE,MEVBC/CT STARS 18 1,CSJVB,18,B18MCJVB1NE,Mill City 18's,B18,2026-02-01,,1,False,-14.0,-2.0,0.3234937442516307,-0.3234937442516307
B18CSJVB1NE,MEVBC/CT STARS 18 1,CSJVB,18,B18MCJVB1NE,Mill City 18's,B18,2026-03-15,,2,True,3.0,1.0,0.3234937442516307,0.6765062557483693
B18CSJVB1NE,MEVBC/CT STARS 18 1,CSJVB,18,B18MMVBC1NE,Mayhem 18 1,B18,2026-01-31,,1,False,-8.0,-1.0,0.3663195199245629,-0.3663195199245629
B18CSJVB1NE,MEVBC/CT STARS 18 1,CSJVB,18,B18NEVBC1NE,NEVBC Boys 18.1,B18,2026-01-31,,1,False,-26.0,-2.0,0.18620254533943323,-0.18620254533943323
B18CSJVB1NE,MEVBC/CT STARS 18 1,CSJVB,18,B18SJJVB3NE,SMASH Boys 18's Surge,B18,2026-02-01,,1,False,-15.0,-2.0,0.2580954259666683,-0.2580954259666683
B18CSJVB1NE,MEVBC/CT STARS 18 1,CSJVB,18,B18SJVBC1NE,South County Juniors Boys 18's Blue,B18,2026-03-14,,1,False,-22.0,-1.0,0.22739166363437355,-0.22739166363437355
B18CSJVB1NE,MEVBC/CT STARS 18 1,CSJVB,18,B18UNVBC1NE,Unity 18 Boys National Vikings,B18,2026-03-15,,1,False,-8.0,-1.0,0.4518842182356284,-0.4518842182356284
B18CSJVB1NE,MEVBC/CT STARS 18 1,CSJVB,18,B18VTVBC1NE,VTV 18 1,B18,2026-03-14,,1,False,-11.0,-2.0,0.41479120407900266,-0.41479120407900266
B18DIGSV1GE,Digs Boys 18 Red,DIGSV,18,B18MVPVA1NE,MVP BOS 18 Black,B18,2026-02-07,,1,True,4.0,2.0,0.5289275398086395,0.4710724601913605
B18DIGSV1GE,Digs Boys 18 Red,DIGSV,18,B18NYCIV1GE,NYC Impact 18 National,B18,2026-02-07,,1,False,-5.0,-1.0,0.4548584425602694,-0.4548584425602694
B18DIGSV1GE,Digs Boys 18 Red,DIGSV,18,B18NYCVA1GE,NYC VBA 18 Riverside,B18,2026-02-06,,1,True,9.0,2.0,0.5457516577786393,0.4542483422213607
B18DIGSV1GE,Digs Boys 18 Red,DIGSV,18,B18PWRSP1SU,PSA Power 18,B18,2026-02-06,,1,False,-4.0,-1.0,0.42538072838676566,-0.42538072838676566
B18DIGSV1GE,Digs Boys 18 Red,DIGSV,18,B18PWRSP1SU,PSA Power 18,B18,2026-02-07,,2,True,-7.0,1.0,0.42538072838676566,0.5746192716132343
B18DIGSV1GE,Digs Boys 18 Red,DIGSV,18,B18SJVBC1NE,South County Juniors Boys 18's Blue,B18,2026-02-08,,1,False,-9.0,-1.0,0.4148663823890536,-0.4148663823890536
B18DIGSV1GE,Digs Boys 18 Red,DIGSV,18,B18SPTMC2GE,Sportime 18 2,B18,2026-02-06,,1,True,9.0,1.0,0.6572362924062095,0.3427637075937905
B18DSTJN1GE,Downstate (N-B) 18 Cobras,DSTJN,18,B18CORE11GE,CORE Boys 18 Platinum,B18,2026-02-06,,1,False,-19.0,-2.0,0.3501138221377607,-0.3501138221377607
B18DSTJN1GE,Downstate (N-B) 18 Cobras,DSTJN,18,B18LCVBC1GE,Legacy Boys 18 National,B18,2026-02-08,,1,False,-19.0,-2.0,0.3973957182599588,-0.3973957182599588
B18DSTJN1GE,Downstate (N-B) 18 Cobras,DSTJN,18,B18LHVBC1NE,LHV Boys 18-1 Rafiki,B18,2026-02-07,,1,False,-4.0,-2.0,0.4267328721827877,-0.4267328721827877
B18DSTJN1GE,Downstate (N-B) 18 Cobras,DSTJN,18,B18NYCIV1GE,NYC Impact 18 National,B18,2026-02-06,,1,True,-4.0,1.0,0.3456184313997391,0.654381568600261
B18DSTJN1GE,Downstate (N-B) 18 Cobras,DSTJN,18,B18SJVBC1NE,South County Juniors Boys 18's Blue,B18,2026-02-07,,1,False,-17.0,-2.0,0.3097732181646268,-0.3097732181646268
B18DSTJN1GE,Downstate (N-B) 18 Cobras,DSTJN,18,B18SPTMC2GE,Sportime 18 2,B18,2026-02-07,,1,True,11.0,2.0,0.5482757157929269,0.4517242842070731
B18DSTJN1GE,Downstate (N-B) 18 Cobras,DSTJN,18,B18UNVBC1NE,Unity 18 Boys National Vikings,B18,2026-02-06,,1,True,12.0,2.0,0.5569660860619527,0.44303391393804725
B18GEVBC1NE,Generations vbc 18 1,GEVBC,18,B18315VB1XL,315VB 18 USA,B18,2026-03-14,,1,False,-22.0,-2.0,0.1368570802870006,-0.1368570802870006
B18GEVBC1NE,Generations vbc 18 1,GEVBC,18,B18HKJVB3NE,Husky 18.3,B18,2026-03-14,,1,False,-15.0,-2.0,0.27255369554163605,-0.27255369554163605
B18GEVBC1NE,Generations vbc 18 1,GEVBC,18,B18MVNER2NE,Meraki VB 18 2,B18,2026-03-15,,1,False,-15.0,-2.0,0.39155659510896584,-0.39155659510896584
B18GEVBC1NE,Generations vbc 18 1,GEVBC,18,B18NESVC3NE,NE Storm 18 Tornado,B18,2026-03-15,,1,False,-5.0,-1.0,0.4502387197627757,-0.4502387197627757
B18GEVBC1NE,Generations vbc 18 1,GEVBC,18,B18SAVBC1XL,Sporting Albany Boys 18u,B18,2026-03-14,,1,False,-10.0,-1.0,0.4802579377529089,-0.4802579377529089
B18HKJVB1NE,Husky 18.1,HKJVB,18,B18CSJVB1NE,MEVBC/CT STARS 18 1,B18,2026-01-31,,1,True,13.0,1.0,0.7114584417638684,0.2885415582361316
B18HKJVB1NE,Husky 18.1,HKJVB,18,B18LEGIO1XL,TeamLVC Boys 18 Black,B18,2026-02-01,,1,False,-5.0,-2.0,0.5981716640626397,-0.5981716640626397
B18HKJVB1NE,Husky 18.1,HKJVB,18,B18LEGIO1XL,TeamLVC Boys 18 Black,B18,2026-03-14,,2,True,9.0,2.0,0.5981716640626397,0.40182833593736034
B18HKJVB1NE,Husky 18.1,HKJVB,18,B18LHVBC1NE,LHV Boys 18-1 Rafiki,B18,2026-02-01,,1,False,-9.0,-2.0,0.5462091930637838,-0.5462091930637838
B18HKJVB1NE,Husky 18.1,HKJVB,18,B18LHVBC1NE,LHV Boys 18-1 Rafiki,B18,2026-03-15,,2,True,4.0,1.0,0.5462091930637838,0.4537908069362162
B18HKJVB1NE,Husky 18.1,HKJVB,18,B18MCJVB1NE,Mill City 18's,B18,2026-03-14,,1,True,10.0,2.0,0.5410861391561643,0.4589138608438357
B18HKJVB1NE,Husky 18.1,HKJVB,18,B18MMVBC1NE,Mayhem 18 1,B18,2026-01-31,,1,True,4.0,2.0,0.5876936061196808,0.4123063938803192
B18HKJVB1NE,Husky 18.1,HKJVB,18,B18NEVBC1NE,NEVBC Boys 18.1,B18,2026-01-31,,1,False,-8.0,-2.0,0.36068354677510184,-0.36068354677510184
B18HKJVB1NE,Husky 18.1,HKJVB,18,B18SJVBC1NE,South County Juniors Boys 18's Blue,B18,2026-03-15,,1,False,-10.0,-2.0,0.4205245499373203,-0.4205245499373203
B18HKJVB1NE,Husky 18.1,HKJVB,18,B18UNVBC1NE,Unity 18 Boys National Vikings,B18,2026-03-14,,1,True,15.0,2.0,0.6702723980428033,0.32972760195719675
B18HKJVB2NE,Husky 18.2,HKJVB,18,B18118281XX,PW-VB Quarter-Zip Elite 67-Matcha,B18,2026-03-15,,1,False,-4.0,-1.0,0.41766678863327067,-0.41766678863327067
B18HKJVB2NE,Husky 18.2,HKJVB,18,B18BVJVB1NE,Blast 18 Fire,B18,2026-02-01,,1,True,0.0,1.0,0.4464542961966478,0.5535457038033522
B18HKJVB2NE,Husky 18.2,HKJVB,18,B18BVJVB1NE,Blast 18 Fire,B18,2026-03-15,,2,True,5.0,1.0,0.4464542961966478,0.5535457038033522
B18HKJVB2NE,Husky 18.2,HKJVB,18,B18LEGIO1XL,TeamLVC Boys 18 Black,B18,2026-01-31,,1,False,-21.0,-2.0,0.43644306215065637,-0.43644306215065637
B18HKJVB2NE,Husky 18.2,HKJVB,18,B18MMVBC1NE,Mayhem 18 1,B18,2026-02-01,,1,False,-9.0,-2.0,0.42579602726978244,-0.42579602726978244
B18HKJVB2NE,Husky 18.2,HKJVB,18,B18NESVC1NE,NE Storm 18 Thunder,B18,2026-03-14,,1,False,-16.0,-1.0,0.5487751944978881,-0.5487751944978881
B18HKJVB2NE,Husky 18.2,HKJVB,18,B18PVJVB1NE,PV Boys 18 1,B18,2026-01-31,,1,True,-1.0,1.0,0.24700268102184367,0.7529973189781564
B18HKJVB2NE,Husky 18.2,HKJVB,18,B18RRJVB1NE,Boston United Boys 18 1,B18,2026-03-14,,1,True,15.0,2.0,0.5654678774943716,0.43453212250562845
B18HKJVB2NE,Husky 18.2,HKJVB,18,B18SJJVB3NE,SMASH Boys 18's Surge,B18,2026-01-31,,1,False,-10.0,-2.0,0.3085564696182098,-0.3085564696182098
B18HKJVB2NE,Husky 18.2,HKJVB,18,B18SJVBC2NE,South County Juniors Boys 18's Gold,B18,2026-03-14,,1,False,-11.0,-2.0,0.5112467846938242,-0.5112467846938242
B18HKJVB3NE,Husky 18.3,HKJVB,18,B18315VB1XL,315VB 18 USA,B18,2026-03-14,,1,False,-11.0,-2.0,0.29735218067988867,-0.29735218067988867
B18HKJVB3NE,Husky 18.3,HKJVB,18,B18GEVBC1NE,Generations vbc 18 1,B18,2026-03-14,,1,True,15.0,2.0,0.7274463044583639,0.2725536955416361
B18HKJVB3NE,Husky 18.3,HKJVB,18,B18MVNER2NE,Meraki VB 18 2,B18,2026-01-31,,1,False,3.0,-1.0,0.6320288979332637,-0.6320288979332637
B18HKJVB3NE,Husky 18.3,HKJVB,18,B18MVPVA2NE,MVP BOS 18 Blue,B18,2026-02-01,,1,True,4.0,1.0,0.4730567421257648,0.5269432578742352
B18HKJVB3NE,Husky 18.3,HKJVB,18,B18NESVC1NE,NE Storm 18 Thunder,B18,2026-01-31,,1,False,2.0,-1.0,0.5105300191047607,-0.5105300191047607
B18HKJVB3NE,Husky 18.3,HKJVB,18,B18NESVC2NE,NE Storm 18 Squall,B18,2026-03-15,,1,False,-4.0,-2.0,0.5902268784286901,-0.5902268784286901
B18HKJVB3NE,Husky 18.3,HKJVB,18,B18NEVBC2NE,NEVBC Boys 18.2,B18,2026-01-31,,1,True,14.0,2.0,0.5230795593979705,0.47692044060202954
B18HKJVB3NE,Husky 18.3,HKJVB,18,B18NEVBC3NE,NEVBC Boys 18 Blue,B18,2026-03-15,,1,True,6.0,1.0,0.6621704102687218,0.3378295897312782
B18HKJVB3NE,Husky 18.3,HKJVB,18,B18PVJVB2NE,PV Boys 18 2,B18,2026-02-01,,1,False,-14.0,-1.0,0.5031970597486773,-0.5031970597486773
B18HKJVB3NE,Husky 18.3,HKJVB,18,B18SAVBC1XL,Sporting Albany Boys 18u,B18,2026-03-14,,1,True,13.0,2.0,0.7115030563046854,0.28849694369531464
B18LCVBC1GE,Legacy Boys 18 National,LCVBC,18,B18CORE11GE,CORE Boys 18 Platinum,B18,2026-02-07,,1,True,2.0,1.0,0.449618865328336,0.550381134671664
B18LCVBC1GE,Legacy Boys 18 National,LCVBC,18,B18DSTJN1GE,Downstate (N-B) 18 Cobras,B18,2026-02-08,,1,True,19.0,2.0,0.6026042817400412,0.3973957182599588
B18LCVBC1GE,Legacy Boys 18 National,LCVBC,18,B18LHVBC1NE,LHV Boys 18-1 Rafiki,B18,2026-02-06,,1,False,-9.0,-2.0,0.5302466739523005,-0.5302466739523005
B18LCVBC1GE,Legacy Boys 18 National,LCVBC,18,B18MVPVA1NE,MVP BOS 18 Black,B18,2026-02-06,,1,True,7.0,2.0,0.518709183186082,0.48129081681391805
B18LCVBC1GE,Legacy Boys 18 National,LCVBC,18,B18NYCIV1GE,NYC Impact 18 National,B18,2026-02-07,,1,False,-10.0,-1.0,0.44472013443106106,-0.44472013443106106
B18LCVBC1GE,Legacy Boys 18 National,LCVBC,18,B18PWRSP1SU,PSA Power 18,B18,2026-02-07,,1,False,-7.0,-2.0,0.41539879150168874,-0.41539879150168874
B18LCVBC1GE,Legacy Boys 18 National,LCVBC,18,B18PWRSP1SU,PSA Power 18,B18,2026-02-08,,2,False,-9.0,-2.0,0.41539879150168874,-0.41539879150168874
B18LCVBC1GE,Legacy Boys 18 National,LCVBC,18,B18SJVBC1NE,South County Juniors Boys 18's Blue,B18,2026-02-06,,1,False,-8.0,-1.0,0.4049572945065014,-0.4049572945065014
B18LCVBC2GE,Legacy Boys 18 Premier Anthony,LCVBC,18,B18CAPIT1XL,CSVC 18 HAYSTACK,B18,2026-02-07,,1,False,-15.0,-2.0,0.3774154322372051,-0.3774154322372051
B18LCVBC2GE,Legacy Boys 18 Premier Anthony,LCVBC,18,B18RAPTO1GE,NYC Raptors 18 Black,B18,2026-02-06,,1,False,-9.0,-2.0,0.46199545306791495,-0.46199545306791495
B18LCVBC2GE,Legacy Boys 18 Premier Anthony,LCVBC,18,B18ROYAL1NO,Infinity Royals 18N,B18,2026-02-08,,1,False,-14.0,-2.0,0.3493086383464131,-0.3493086383464131
B18LCVBC2GE,Legacy Boys 18 Premier Anthony,LCVBC,18,B18RRJVB1NE,Boston United Boys 18 1,B18,2026-02-06,,1,False,-6.0,-1.0,0.47977646136076973,-0.47977646136076973
B18LCVBC2GE,Legacy Boys 18 Premier Anthony,LCVBC,18,B18SJVBC2NE,South County Juniors Boys 18's Gold,B18,2026-02-08,,1,True,2.0,1.0,0.4257219626345586,0.5742780373654415
B18LCVBC2GE,Legacy Boys 18 Premier Anthony,LCVBC,18,B18SPTMC3GE,Sportime 18 3,B18,2026-02-07,,1,True,8.0,2.0,0.5613782519883144,0.43862174801168563
B18LCVBC2GE,Legacy Boys 18 Premier Anthony,LCVBC,18,B18TUSVA1GE,Train Up VB 18 1,B18,2026-02-07,,1,False,-6.0,-1.0,0.442284711482533,-0.442284711482533
B18LCVBC2GE,Legacy Boys 18 Premier Anthony,LCVBC,18,B18VENGE1OV,18 - Lusher,B18,2026-02-06,,1,False,-10.0,-2.0,0.25680886610144804,-0.25680886610144804
B18LCVBC5GE,Legacy Boys 18 Premier Billy,LCVBC,18,B18118281XX,PW-VB Quarter-Zip Elite 67-Matcha,B18,2026-02-07,,1,False,-7.0,-2.0,0.1952087149571833,-0.1952087149571833
B18LCVBC5GE,Legacy Boys 18 Premier Billy,LCVBC,18,B18NYCIV2GE,NYC Impact 18 Travel,B18,2026-02-07,,1,False,-22.0,-2.0,0.2401089214799254,-0.2401089214799254
B18LCVBC5GE,Legacy Boys 18 Premier Billy,LCVBC,18,B18ROYAL1NO,Infinity Royals 18N,B18,2026-02-06,,1,False,-23.0,-2.0,0.2039296602458869,-0.2039296602458869
B18LCVBC5GE,Legacy Boys 18 Premier Billy,LCVBC,18,B18SAVBC1XL,Sporting Albany Boys 18u,B18,2026-02-06,,1,False,-12.0,-2.0,0.49303478028971115,-0.49303478028971115
B18LCVBC5GE,Legacy Boys 18 Premier Billy,LCVBC,18,B18SJVBC2NE,South County Juniors Boys 18's Gold,B18,2026-02-06,,1,False,-25.0,-2.0,0.26131209164252334,-0.26131209164252334
B18LCVBC5GE,Legacy Boys 18 Premier Billy,LCVBC,18,B18SLCTD1SC,Selected 18s - Bubba,B18,2026-02-07,,1,False,-7.0,-2.0,0.3252952841468526,-0.3252952841468526
B18LCVBC5GE,Legacy Boys 18 Premier Billy,LCVBC,18,B18SPTMC3GE,Sportime 18 3,B18,2026-02-08,,1,False,-15.0,-2.0,0.37916935871709984,-0.37916935871709984
B18LEGIO1XL,TeamLVC Boys 18 Black,LEGIO,18,B17CAPIT1XL,CSVC 17 BIG SLIDE,MIXED,2025-12-20,,1,False,-6.0,-1.0,0.4082239280602648,-0.4082239280602648
B18LEGIO1XL,TeamLVC Boys 18 Black,LEGIO,18,B17CAPIT1XL,CSVC 17 BIG SLIDE,MIXED,2025-12-21,,2,False,-14.0,-2.0,0.4082239280602648,-0.4082239280602648
B18LEGIO1XL,TeamLVC Boys 18 Black,LEGIO,18,B17NEVBC1NE,NEVBC Boys 17.1,MIXED,2025-12-20,,1,False,-5.0,-2.0,0.43667486277391115,-0.43667486277391115
B18LEGIO1XL,TeamLVC Boys 18 Black,LEGIO,18,B18HKJVB1NE,Husky 18.1,B18,2026-02-01,,1,True,5.0,2.0,0.40182833593736034,0.5981716640626397
B18LEGIO1XL,TeamLVC Boys 18 Black,LEGIO,18,B18HKJVB1NE,Husky 18.1,B18,2026-03-14,,2,False,-9.0,-2.0,0.40182833593736034,-0.40182833593736034
B18LEGIO1XL,TeamLVC Boys 18 Black,LEGIO,18,B18HKJVB2NE,Husky 18.2,B18,2026-01-31,,1,True,21.0,2.0,0.5635569378493436,0.4364430621506564
B18LEGIO1XL,TeamLVC Boys 18 Black,LEGIO,18,B18LHVBC1NE,LHV Boys 18-1 Rafiki,B18,2026-03-15,,1,True,17.0,2.0,0.4470772060860577,0.5529227939139423
B18LEGIO1XL,TeamLVC Boys 18 Black,LEGIO,18,B18MCJVB1NE,Mill City 18's,B18,2025-12-20,,1,True,4.0,2.0,0.44197835511643446,0.5580216448835655
B18LEGIO1XL,TeamLVC Boys 18 Black,LEGIO,18,B18MCJVB1NE,Mill City 18's,B18,2026-03-14,,2,True,11.0,2.0,0.44197835511643446,0.5580216448835655
B18LEGIO1XL,TeamLVC Boys 18 Black,LEGIO,18,B18PVJVB1NE,PV Boys 18 1,B18,2025-12-21,,1,True,14.0,2.0,0.2975374418391128,0.7024625581608872
B18LEGIO1XL,TeamLVC Boys 18 Black,LEGIO,18,B18PVJVB1NE,PV Boys 18 1,B18,2026-01-31,,2,True,3.0,1.0,0.2975374418391128,0.7024625581608872
B18LEGIO1XL,TeamLVC Boys 18 Black,LEGIO,18,B18PVJVB2NE,PV Boys 18 2,B18,2025-12-20,,1,True,5.0,1.0,0.6039607177809111,0.3960392822190889
B18LEGIO1XL,TeamLVC Boys 18 Black,LEGIO,18,B18SJJVB1NE,SMASH Boys 18-1,B18,2026-02-01,,1,False,-16.0,-2.0,0.2097314863609213,-0.2097314863609213
B18LEGIO1XL,TeamLVC Boys 18 Black,LEGIO,18,B18SJJVB2NE,SMASH Boys 18's Force,B18,2025-12-21,,1,True,3.0,1.0,0.47294762948643715,0.5270523705135628
B18LEGIO1XL,TeamLVC Boys 18 Black,LEGIO,18,B18SJJVB3NE,SMASH Boys 18's Surge,B18,2026-01-31,,1,True,20.0,2.0,0.3655706986549178,0.6344293013450821
B18LEGIO1XL,TeamLVC Boys 18 Black,LEGIO,18,B18SJVBC1NE,South County Juniors Boys 18's Blue,B18,2026-03-15,,1,False,-4.0,-1.0,0.32772927412768116,-0.32772927412768116
B18LEGIO1XL,TeamLVC Boys 18 Black,LEGIO,18,B18UNVBC1NE,Unity 18 Boys National Vikings,B18,2026-03-14,,1,True,15.0,2.0,0.5772670979309431,0.4227329020690569
B18LHVBC1NE,LHV Boys 18-1 Rafiki,LHVBC,18,B18BVJVB1NE,Blast 18 Fire,B18,2025-11-22,,1,True,5.0,2.0,0.5629369672582801,0.43706303274171987
B18LHVBC1NE,LHV Boys 18-1 Rafiki,LHVBC,18,B18CSJVB1NE,MEVBC/CT STARS 18 1,B18,2026-03-14,,1,True,9.0,2.0,0.6719707774113399,0.3280292225886601
B18LHVBC1NE,LHV Boys 18-1 Rafiki,LHVBC,18,B18DSTJN1GE,Downstate (N-B) 18 Cobras,B18,2026-02-07,,1,True,4.0,2.0,0.5732671278172122,0.42673287218278777
B18LHVBC1NE,LHV Boys 18-1 Rafiki,LHVBC,18,B18HKJVB1NE,Husky 18.1,B18,2026-02-01,,1,True,9.0,2.0,0.45379080693621626,0.5462091930637838
B18LHVBC1NE,LHV Boys 18-1 Rafiki,LHVBC,18,B18HKJVB1NE,Husky 18.1,B18,2026-03-15,,2,False,-4.0,-1.0,0.45379080693621626,-0.45379080693621626
B18LHVBC1NE,LHV Boys 18-1 Rafiki,LHVBC,18,B18LCVBC1GE,Legacy Boys 18 National,B18,2026-02-06,,1,True,9.0,2.0,0.4697533260476994,0.5302466739523006
B18LHVBC1NE,LHV Boys 18-1 Rafiki,LHVBC,18,B18LEGIO1XL,TeamLVC Boys 18 Black,B18,2026-03-15,,1,False,-17.0,-2.0,0.5529227939139422,-0.5529227939139422
B18LHVBC1NE,LHV Boys 18-1 Rafiki,LHVBC,18,B18MVNER1NE,Meraki VB 18 1,B18,2025-11-23,,1,False,-10.0,-2.0,0.4671977326823744,-0.4671977326823744
B18LHVBC1NE,LHV Boys 18-1 Rafiki,LHVBC,18,B18MVPVA1NE,MVP BOS 18 Black,B18,2025-11-22,,1,False,-6.0,-1.0,0.4884363341562482,-0.4884363341562482
B18LHVBC1NE,LHV Boys 18-1 Rafiki,LHVBC,18,B18MVPVA1NE,MVP BOS 18 Black,B18,2026-01-31,,2,True,7.0,1.0,0.4884363341562482,0.5115636658437518
B18LHVBC1NE,LHV Boys 18-1 Rafiki,LHVBC,18,B18MVPVA1NE,MVP BOS 18 Black,B18,2026-02-06,,3,False,-10.0,-2.0,0.4884363341562482,-0.4884363341562482
B18LHVBC1NE,LHV Boys 18-1 Rafiki,LHVBC,18,B18NYCIV1GE,NYC Impact 18 National,B18,2026-02-08,,1,False,-11.0,-1.0,0.4150416726703919,-0.4150416726703919
B18LHVBC1NE,LHV Boys 18-1 Rafiki,LHVBC,18,B18NYCVA1GE,NYC VBA 18 Riverside,B18,2026-01-31,,1,True,8.0,1.0,0.5053541806392476,0.49464581936075236
B18LHVBC1NE,LHV Boys 18-1 Rafiki,LHVBC,18,B18NYCVA1GE,NYC VBA 18 Riverside,B18,2026-02-07,,2,True,-1.0,1.0,0.5053541806392476,0.49464581936075236
B18LHVBC1NE,LHV Boys 18-1 Rafiki,LHVBC,18,B18RRJVB1NE,Boston United Boys 18 1,B18,2025-11-22,,1,True,2.0,1.0,0.6751302151160534,0.3248697848839466
B18LHVBC1NE,LHV Boys 18-1 Rafiki,LHVBC,18,B18SJJVB1NE,SMASH Boys 18-1,B18,2026-02-01,,1,False,-22.0,-2.0,0.247115196192119,-0.247115196192119
B18LHVBC1NE,LHV Boys 18-1 Rafiki,LHVBC,18,B18SJJVB2NE,SMASH Boys 18's Force,B18,2026-01-31,,1,False,-7.0,-1.0,0.5260194301228746,-0.5260194301228746
B18LHVBC1NE,LHV Boys 18-1 Rafiki,LHVBC,18,B18SJVBC1NE,South County Juniors Boys 18's Blue,B18,2025-11-23,,1,False,-8.0,-2.0,0.37613493293291217,-0.37613493293291217
B18LHVBC1NE,LHV Boys 18-1 Rafiki,LHVBC,18,B18SJVBC1NE,South County Juniors Boys 18's Blue,B18,2026-02-06,,2,True,10.0,2.0,0.37613493293291217,0.6238650670670878
B18LHVBC1NE,LHV Boys 18-1 Rafiki,LHVBC,18,B18SJVBC1NE,South County Juniors Boys 18's Blue,B18,2026-03-14,,3,False,-0.0,-1.0,0.37613493293291217,-0.37613493293291217
B18LHVBC1NE,LHV Boys 18-1 Rafiki,LHVBC,18,B18SPTMC2GE,Sportime 18 2,B18,2026-02-07,,1,False,1.0,-1.0,0.6198472339000554,-0.6198472339000554
B18LHVBC1NE,LHV Boys 18-1 Rafiki,LHVBC,18,B18VTVBC1NE,VTV 18 1,B18,2026-03-14,,1,True,12.0,2.0,0.5921640571013391,0.4078359428986609
B18LHVBC2NE,LHV Boys 18-2 Blitz,LHVBC,18,B17CAPIT1XL,CSVC 17 BIG SLIDE,MIXED,2026-01-18,,1,False,-22.0,-2.0,0.29367167294220176,-0.29367167294220176
B18LHVBC2NE,LHV Boys 18-2 Blitz,LHVBC,18,B18BVJVB1NE,Blast 18 Fire,B18,2026-01-18,,1,False,-6.0,-1.0,0.3309017502598415,-0.3309017502598415
B18LHVBC2NE,LHV Boys 18-2 Blitz,LHVBC,18,B18BVJVB2NE,Blast 18 Blaze,B18,2025-11-22,,1,True,18.0,2.0,0.6459895523582356,0.35401044764176437
B18LHVBC2NE,LHV Boys 18-2 Blitz,LHVBC,18,B18BVJVB2NE,Blast 18 Blaze,B18,2026-01-31,,2,True,24.0,2.0,0.6459895523582356,0.35401044764176437
B18LHVBC2NE,LHV Boys 18-2 Blitz,LHVBC,18,B18CAPIT1XL,CSVC 18 HAYSTACK,B18,2026-01-18,,1,False,-13.0,-2.0,0.3440464868992819,-0.3440464868992819
B18LHVBC2NE,LHV Boys 18-2 Blitz,LHVBC,18,B18MMVBC2NE,Mayhem 18 2,B18,2026-01-31,,1,False,-7.0,-1.0,0.3932825391262062,-0.3932825391262062
B18LHVBC2NE,LHV Boys 18-2 Blitz,LHVBC,18,B18MVPVA2NE,MVP BOS 18 Blue,B18,2026-02-01,,1,False,-18.0,-2.0,0.3909352226850542,-0.3909352226850542
B18LHVBC2NE,LHV Boys 18-2 Blitz,LHVBC,18,B18NESVC1NE,NE Storm 18 Thunder,B18,2025-11-23,,1,False,-7.0,-1.0,0.42717685372283576,-0.42717685372283576
B18LHVBC2NE,LHV Boys 18-2 Blitz,LHVBC,18,B18NESVC1NE,NE Storm 18 Thunder,B18,2026-01-17,,2,False,-4.0,-2.0,0.42717685372283576,-0.42717685372283576
B18LHVBC2NE,LHV Boys 18-2 Blitz,LHVBC,18,B18NESVC2NE,NE Storm 18 Squall,B18,2025-11-22,,1,True,7.0,2.0,0.5073490042208975,0.49265099577910254
B18LHVBC2NE,LHV Boys 18-2 Blitz,LHVBC,18,B18PVJVB2NE,PV Boys 18 2,B18,2026-02-01,,1,False,-14.0,-2.0,0.4200137832782129,-0.4200137832782129
B18LHVBC2NE,LHV Boys 18-2 Blitz,LHVBC,18,B18PVJVB4NE,PV Boys 18 4,B18,2026-01-17,,1,True,14.0,2.0,0.379579270656554,0.620420729343446
B18LHVBC2NE,LHV Boys 18-2 Blitz,LHVBC,18,B18PVJVB4NE,PV Boys 18 4,B18,2026-01-31,,2,True,19.0,2.0,0.379579270656554,0.620420729343446
B18LHVBC2NE,LHV Boys 18-2 Blitz,LHVBC,18,B18RRJVB1NE,Boston United Boys 18 1,B18,2026-01-17,,1,True,3.0,1.0,0.4438087456782796,0.5561912543217205
B18LHVBC2NE,LHV Boys 18-2 Blitz,LHVBC,18,B18RRJVB2NE,Boston United Boys 18 Select 1,B18,2025-11-23,,1,True,16.0,2.0,0.5443319043364772,0.45566809566352284
B18LHVBC2NE,LHV Boys 18-2 Blitz,LHVBC,18,B18SJVBC2NE,South County Juniors Boys 18's Gold,B18,2025-11-22,,1,False,-12.0,-2.0,0.39076269653949003,-0.39076269653949003
B18LHVBC2NE,LHV Boys 18-2 Blitz,LHVBC,18,B18VTVBC1NE,VTV 18 1,B18,2026-01-19,,1,False,-5.0,-2.0,0.3579481506639726,-0.3579481506639726
B18LHVBC3NE,LHV Boys 18-3 Thunder,LHVBC,18,B18BVJVB2NE,Blast 18 Blaze,B18,2026-01-18,,1,True,22.0,2.0,0.5376483856037054,0.4623516143962946
B18LHVBC3NE,LHV Boys 18-3 Thunder,LHVBC,18,B18BVJVB2NE,Blast 18 Blaze,B18,2026-02-01,,2,True,8.0,1.0,0.5376483856037054,0.4623516143962946
B18LHVBC3NE,LHV Boys 18-3 Thunder,LHVBC,18,B18CAPIT1XL,CSVC 18 HAYSTACK,B18,2026-01-17,,1,False,-10.0,-2.0,0.2505106025135161,-0.2505106025135161
B18LHVBC3NE,LHV Boys 18-3 Thunder,LHVBC,18,B18NESVC2NE,NE Storm 18 Squall,B18,2026-01-17,,1,False,-6.0,-1.0,0.3962345036295423,-0.3962345036295423
B18LHVBC3NE,LHV Boys 18-3 Thunder,LHVBC,18,B18NESVC3NE,NE Storm 18 Tornado,B18,2026-01-19,,1,False,-8.0,-2.0,0.49897883018133155,-0.49897883018133155
B18LHVBC3NE,LHV Boys 18-3 Thunder,LHVBC,18,B18NEVBC2NE,NEVBC Boys 18.2,B18,2026-02-01,,1,False,-18.0,-2.0,0.33321069032415723,-0.33321069032415723
B18LHVBC3NE,LHV Boys 18-3 Thunder,LHVBC,18,B18PVJVB2NE,PV Boys 18 2,B18,2026-01-31,,1,False,-18.0,-2.0,0.315766849518508,-0.315766849518508
B18LHVBC3NE,LHV Boys 18-3 Thunder,LHVBC,18,B18PVJVB3NE,PV Boys 18 3,B18,2026-01-18,,1,False,-10.0,-1.0,0.2644651337202096,-0.2644651337202096
B18LHVBC3NE,LHV Boys 18-3 Thunder,LHVBC,18,B18RRJVB1NE,Boston United Boys 18 1,B18,2026-01-18,,1,False,-10.0,-2.0,0.33708843303018554,-0.33708843303018554
B18LHVBC3NE,LHV Boys 18-3 Thunder,LHVBC,18,B18RRJVB2NE,Boston United Boys 18 Select 1,B18,2026-01-17,,1,False,-11.0,-2.0,0.43222392851648134,-0.43222392851648134
B18LHVBC3NE,LHV Boys 18-3 Thunder,LHVBC,18,B18RRJVB2NE,Boston United Boys 18 Select 1,B18,2026-01-31,,2,False,-24.0,-2.0,0.43222392851648134,-0.43222392851648134
B18LHVBC3NE,LHV Boys 18-3 Thunder,LHVBC,18,B18SGHVB1NE,Starlings GH 18 1 Boys,B18,2026-01-31,,1,True,19.0,2.0,0.6957625638316058,0.30423743616839416
B18MCJVB1NE,Mill City 18's,MCJVB,18,B17SJJVB2NE,SMASH Boys 17 Chaos,MIXED,2025-12-20,,1,True,1.0,1.0,0.5099716071905521,0.4900283928094479
B18MCJVB1NE,Mill City 18's,MCJVB,18,B18BVJVB1NE,Blast 18 Fire,B18,2026-01-31,,1,True,10.0,2.0,0.5680108385117636,0.4319891614882364
B18MCJVB1NE,Mill City 18's,MCJVB,18,B18CAPIT1XL,CSVC 18 HAYSTACK,B18,2025-12-21,,1,False,-3.0,-1.0,0.5823763620345627,-0.5823763620345627
B18MCJVB1NE,Mill City 18's,MCJVB,18,B18CSJVB1NE,MEVBC/CT STARS 18 1,B18,2026-02-01,,1,True,14.0,2.0,0.6765062557483693,0.3234937442516307
B18MCJVB1NE,Mill City 18's,MCJVB,18,B18CSJVB1NE,MEVBC/CT STARS 18 1,B18,2026-03-15,,2,False,-3.0,-1.0,0.6765062557483693,-0.6765062557483693
B18MCJVB1NE,Mill City 18's,MCJVB,18,B18HKJVB1NE,Husky 18.1,B18,2026-03-14,,1,False,-10.0,-2.0,0.45891386084383573,-0.45891386084383573
B18MCJVB1NE,Mill City 18's,MCJVB,18,B18LEGIO1XL,TeamLVC Boys 18 Black,B18,2025-12-20,,1,False,-4.0,-2.0,0.5580216448835655,-0.5580216448835655
B18MCJVB1NE,Mill City 18's,MCJVB,18,B18LEGIO1XL,TeamLVC Boys 18 Black,B18,2026-03-14,,2,False,-11.0,-2.0,0.5580216448835655,-0.5580216448835655
B18MCJVB1NE,Mill City 18's,MCJVB,18,B18MMVBC1NE,Mayhem 18 1,B18,2025-11-22,,1,True,12.0,2.0,0.5472889943813285,0.4527110056186715
B18MCJVB1NE,Mill City 18's,MCJVB,18,B18MMVBC1NE,Mayhem 18 1,B18,2025-11-23,,2,False,-7.0,-1.0,0.5472889943813285,-0.5472889943813285
B18MCJVB1NE,Mill City 18's,MCJVB,18,B18MVNER1NE,Meraki VB 18 1,B18,2025-11-22,,1,False,-11.0,-2.0,0.4723412557208842,-0.4723412557208842
B18MCJVB1NE,Mill City 18's,MCJVB,18,B18MVNER1NE,Meraki VB 18 1,B18,2026-01-31,,2,False,-9.0,-2.0,0.4723412557208842,-0.4723412557208842
B18MCJVB1NE,Mill City 18's,MCJVB,18,B18NYCVA1GE,NYC VBA 18 Riverside,B18,2026-02-01,,1,False,-4.0,-1.0,0.5105152753580874,-0.5105152753580874
B18MCJVB1NE,Mill City 18's,MCJVB,18,B18PVJVB1NE,PV Boys 18 1,B18,2025-12-20,,1,False,-16.0,-2.0,0.34843733238916774,-0.34843733238916774
B18MCJVB1NE,Mill City 18's,MCJVB,18,B18PVJVB2NE,PV Boys 18 2,B18,2025-12-21,,1,True,5.0,1.0,0.6581661476638322,0.3418338523361678
B18MCJVB1NE,Mill City 18's,MCJVB,18,B18RRJVB1NE,Boston United Boys 18 1,B18,2025-11-23,,1,True,1.0,1.0,0.6796428355886402,0.32035716441135975
B18MCJVB1NE,Mill City 18's,MCJVB,18,B18SJJVB1NE,SMASH Boys 18-1,B18,2026-01-31,,1,False,-16.0,-2.0,0.25097709928980655,-0.25097709928980655
B18MCJVB1NE,Mill City 18's,MCJVB,18,B18SJVBC1NE,South County Juniors Boys 18's Blue,B18,2025-11-22,,1,False,-2.0,-1.0,0.3809928062954718,-0.3809928062954718
B18MCJVB1NE,Mill City 18's,MCJVB,18,B18UNVBC1NE,Unity 18 Boys National Vikings,B18,2026-03-14,,1,False,-8.0,-2.0,0.63290539600503,-0.63290539600503
B18MCJVB1NE,Mill City 18's,MCJVB,18,B18VTVBC1NE,VTV 18 1,B18,2026-03-15,,1,False,-8.0,-2.0,0.597141444656796,-0.597141444656796
B18MMVBC1NE,Mayhem 18 1,MMVBC,18,B18BVJVB1NE,Blast 18 Fire,B18,2025-11-23,,1,True,14.0,2.0,0.5209918976864141,0.4790081023135859
B18MMVBC1NE,Mayhem 18 1,MMVBC,18,B18CSJVB1NE,MEVBC/CT STARS 18 1,B18,2026-01-31,,1,True,8.0,1.0,0.633680480075437,0.366319519924563
B18MMVBC1NE,Mayhem 18 1,MMVBC,18,B18HKJVB1NE,Husky 18.1,B18,2026-01-31,,1,False,-4.0,-2.0,0.41230639388031926,-0.41230639388031926
B18MMVBC1NE,Mayhem 18 1,MMVBC,18,B18HKJVB2NE,Husky 18.2,B18,2026-02-01,,1,True,9.0,2.0,0.5742039727302175,0.4257960272697825
B18MMVBC1NE,Mayhem 18 1,MMVBC,18,B18MCJVB1NE,Mill City 18's,B18,2025-11-22,,1,False,-12.0,-2.0,0.45271100561867156,-0.45271100561867156
B18MMVBC1NE,Mayhem 18 1,MMVBC,18,B18MCJVB1NE,Mill City 18's,B18,2025-11-23,,2,True,7.0,1.0,0.45271100561867156,0.5472889943813284
B18MMVBC1NE,Mayhem 18 1,MMVBC,18,B18MVNER1NE,Meraki VB 18 1,B18,2025-11-22,,1,False,-1.0,-1.0,0.4254423333931163,-0.4254423333931163
B18MMVBC1NE,Mayhem 18 1,MMVBC,18,B18MVPVA1NE,MVP BOS 18 Black,B18,2026-02-01,,1,False,-2.0,-1.0,0.4463730186917815,-0.4463730186917815
B18MMVBC1NE,Mayhem 18 1,MMVBC,18,B18NEVBC1NE,NEVBC Boys 18.1,B18,2026-01-31,,1,False,-16.0,-2.0,0.283566741530639,-0.283566741530639
B18MMVBC1NE,Mayhem 18 1,MMVBC,18,B18SJVBC1NE,South County Juniors Boys 18's Blue,B18,2025-11-22,,1,False,-26.0,-2.0,0.33736487845900126,-0.33736487845900126
B18MMVBC2NE,Mayhem 18 2,MMVBC,18,B18BVJVB2NE,Blast 18 Blaze,B18,2026-01-31,,1,True,21.0,2.0,0.7378825223725763,0.26211747762742366
B18MMVBC2NE,Mayhem 18 2,MMVBC,18,B18LHVBC2NE,LHV Boys 18-2 Blitz,B18,2026-01-31,,1,True,7.0,1.0,0.6067174608737939,0.39328253912620614
B18MMVBC2NE,Mayhem 18 2,MMVBC,18,B18MVNER2NE,Meraki VB 18 2,B18,2025-11-23,,1,True,4.0,2.0,0.6545184237395754,0.34548157626042464
B18MMVBC2NE,Mayhem 18 2,MMVBC,18,B18NESVC1NE,NE Storm 18 Thunder,B18,2025-11-22,,1,True,7.0,1.0,0.53498175769308,0.46501824230692
B18MMVBC2NE,Mayhem 18 2,MMVBC,18,B18NESVC1NE,NE Storm 18 Thunder,B18,2026-02-01,,2,False,-7.0,-2.0,0.53498175769308,-0.53498175769308
B18MMVBC2NE,Mayhem 18 2,MMVBC,18,B18NESVC2NE,NE Storm 18 Squall,B18,2025-11-23,,1,False,-5.0,-2.0,0.6137097498451412,-0.6137097498451412
B18MMVBC2NE,Mayhem 18 2,MMVBC,18,B18PVJVB4NE,PV Boys 18 4,B18,2026-01-31,,1,True,18.0,2.0,0.4855541577760904,0.5144458422239095
B18MMVBC2NE,Mayhem 18 2,MMVBC,18,B18RRJVB2NE,Boston United Boys 18 Select 1,B18,2025-11-22,,1,True,10.0,1.0,0.6482440026615935,0.35175599733840646
B18MMVBC2NE,Mayhem 18 2,MMVBC,18,B18RRJVB2NE,Boston United Boys 18 Select 1,B18,2026-02-01,,2,True,13.0,1.0,0.6482440026615935,0.35175599733840646
B18MMVBC2NE,Mayhem 18 2,MMVBC,18,B18TTVBC2NE,SLAM 18 2 Boys,B18,2025-11-22,,1,True,15.0,2.0,0.7141313084582804,0.28586869154171957
B18MVNER1NE,Meraki VB 18 1,MVNER,18,B18BVJVB1NE,Blast 18 Fire,B18,2026-01-31,,1,True,18.0,2.0,0.5949551047314012,0.40504489526859877
B18MVNER1NE,Meraki VB 18 1,MVNER,18,B18LHVBC1NE,LHV Boys 18-1 Rafiki,B18,2025-11-23,,1,True,10.0,2.0,0.5328022673176256,0.4671977326823744
B18MVNER1NE,Meraki VB 18 1,MVNER,18,B18MCJVB1NE,Mill City 18's,B18,2025-11-22,,1,True,11.0,2.0,0.5276587442791159,0.47234125572088415
B18MVNER1NE,Meraki VB 18 1,MVNER,18,B18MCJVB1NE,Mill City 18's,B18,2026-01-31,,2,True,9.0,2.0,0.5276587442791159,0.47234125572088415
B18MVNER1NE,Meraki VB 18 1,MVNER,18,B18MMVBC1NE,Mayhem 18 1,B18,2025-11-22,,1,True,1.0,1.0,0.5745576666068837,0.4254423333931163
B18MVNER1NE,Meraki VB 18 1,MVNER,18,B18MVPVA1NE,MVP BOS 18 Black,B18,2025-11-23,,1,False,-7.0,-2.0,0.5212708748753871,-0.5212708748753871
B18MVNER1NE,Meraki VB 18 1,MVNER,18,B18NEVBC1NE,NEVBC Boys 18.1,B18,2026-02-01,,1,False,-16.0,-2.0,0.34833487395179913,-0.34833487395179913
B18MVNER1NE,Meraki VB 18 1,MVNER,18,B18SJJVB1NE,SMASH Boys 18-1,B18,2026-01-31,,1,False,-15.0,-2.0,0.2723643346362775,-0.2723643346362775
B18MVNER1NE,Meraki VB 18 1,MVNER,18,B18SJJVB2NE,SMASH Boys 18's Force,B18,2026-02-01,,1,True,-1.0,1.0,0.5586215642870739,0.4413784357129261
B18MVNER1NE,Meraki VB 18 1,MVNER,18,B18SJVBC1NE,South County Juniors Boys 18's Blue,B18,2025-11-22,,1,False,-16.0,-1.0,0.40743277736826417,-0.40743277736826417
B18MVNER2NE,Meraki VB 18 2,MVNER,18,B17HKJVB3NE,Husky 17.3,MIXED,2026-03-14,,1,True,-4.0,1.0,0.4601927091863531,0.5398072908136469
B18MVNER2NE,Meraki VB 18 2,MVNER,18,B18BVJVB2NE,Blast 18 Blaze,B18,2026-03-14,,1,True,18.0,2.0,0.5977337937039998,0.4022662062960002
B18MVNER2NE,Meraki VB 18 2,MVNER,18,B18GEVBC1NE,Generations vbc 18 1,B18,2026-03-15,,1,True,15.0,2.0,0.6084434048910342,0.3915565951089658
B18MVNER2NE,Meraki VB 18 2,MVNER,18,B18HKJVB3NE,Husky 18.3,B18,2026-01-31,,1,True,-3.0,1.0,0.3679711020667364,0.6320288979332636
B18MVNER2NE,Meraki VB 18 2,MVNER,18,B18MMVBC2NE,Mayhem 18 2,B18,2025-11-23,,1,False,-4.0,-2.0,0.34548157626042464,-0.34548157626042464
B18MVNER2NE,Meraki VB 18 2,MVNER,18,B18MVPVA2NE,MVP BOS 18 Blue,B18,2025-11-22,,1,False,-7.0,-2.0,0.3432581482297847,-0.3432581482297847
B18MVNER2NE,Meraki VB 18 2,MVNER,18,B18MVPVA2NE,MVP BOS 18 Blue,B18,2026-01-31,,2,True,10.0,1.0,0.3432581482297847,0.6567418517702153
B18MVNER2NE,Meraki VB 18 2,MVNER,18,B18NESVC1NE,NE Storm 18 Thunder,B18,2026-02-01,,1,False,-13.0,-2.0,0.3778216793111532,-0.3778216793111532
B18MVNER2NE,Meraki VB 18 2,MVNER,18,B18NESVC2NE,NE Storm 18 Squall,B18,2026-03-14,,1,False,-12.0,-1.0,0.4561064427806492,-0.4561064427806492
B18MVNER2NE,Meraki VB 18 2,MVNER,18,B18NESVC3NE,NE Storm 18 Tornado,B18,2025-11-22,,1,True,20.0,2.0,0.5599767302109315,0.44002326978906847
B18MVNER2NE,Meraki VB 18 2,MVNER,18,B18NESVC3NE,NE Storm 18 Tornado,B18,2026-03-15,,2,True,-1.0,1.0,0.5599767302109315,0.44002326978906847
B18MVNER2NE,Meraki VB 18 2,MVNER,18,B18NEVBC3NE,NEVBC Boys 18 Blue,B18,2025-11-22,,1,True,11.0,1.0,0.5329647709885189,0.4670352290114811
B18MVNER2NE,Meraki VB 18 2,MVNER,18,B18PVJVB3NE,PV Boys 18 3,B18,2026-01-31,,1,True,5.0,2.0,0.31480798797353504,0.685192012026465
B18MVNER2NE,Meraki VB 18 2,MVNER,18,B18RRJVB2NE,Boston United Boys 18 Select 1,B18,2026-02-01,,1,False,-9.0,-2.0,0.49309269185000953,-0.49309269185000953
B18MVNER2NE,Meraki VB 18 2,MVNER,18,B18SAVBC1XL,Sporting Albany Boys 18u,B18,2026-03-15,,1,False,-10.0,-2.0,0.5894675053017798,-0.5894675053017798
B18MVNER2NE,Meraki VB 18 2,MVNER,18,B18SJVBC2NE,South County Juniors Boys 18's Gold,B18,2025-11-23,,1,False,-10.0,-2.0,0.34309481025019534,-0.34309481025019534
B18MVPVA1NE,MVP BOS 18 Black,MVPVA,18,B18BVJVB1NE,Blast 18 Fire,B18,2025-11-22,,1,False,0.0,-1.0,0.5742843817409726,-0.5742843817409726
B18MVPVA1NE,MVP BOS 18 Black,MVPVA,18,B18BVJVB1NE,Blast 18 Fire,B18,2026-02-01,,2,True,1.0,1.0,0.5742843817409726,0.4257156182590274
B18MVPVA1NE,MVP BOS 18 Black,MVPVA,18,B18DIGSV1GE,Digs Boys 18 Red,B18,2026-02-07,,1,False,-4.0,-2.0,0.4710724601913605,-0.4710724601913605
B18MVPVA1NE,MVP BOS 18 Black,MVPVA,18,B18LCVBC1GE,Legacy Boys 18 National,B18,2026-02-06,,1,False,-7.0,-2.0,0.48129081681391817,-0.48129081681391817
B18MVPVA1NE,MVP BOS 18 Black,MVPVA,18,B18LHVBC1NE,LHV Boys 18-1 Rafiki,B18,2025-11-22,,1,True,6.0,1.0,0.5115636658437518,0.4884363341562482
B18MVPVA1NE,MVP BOS 18 Black,MVPVA,18,B18LHVBC1NE,LHV Boys 18-1 Rafiki,B18,2026-01-31,,2,False,-7.0,-1.0,0.5115636658437518,-0.5115636658437518
B18MVPVA1NE,MVP BOS 18 Black,MVPVA,18,B18LHVBC1NE,LHV Boys 18-1 Rafiki,B18,2026-02-06,,3,True,10.0,2.0,0.5115636658437518,0.4884363341562482
B18MVPVA1NE,MVP BOS 18 Black,MVPVA,18,B18MMVBC1NE,Mayhem 18 1,B18,2026-02-01,,1,True,2.0,1.0,0.5536269813082185,0.4463730186917815
B18MVPVA1NE,MVP BOS 18 Black,MVPVA,18,B18MVNER1NE,Meraki VB 18 1,B18,2025-11-23,,1,True,7.0,2.0,0.4787291251246128,0.5212708748753871
B18MVPVA1NE,MVP BOS 18 Black,MVPVA,18,B18NYCIV1GE,NYC Impact 18 National,B18,2026-02-07,,1,False,-8.0,-2.0,0.42631578024819805,-0.42631578024819805
B18MVPVA1NE,MVP BOS 18 Black,MVPVA,18,B18NYCVA1GE,NYC VBA 18 Riverside,B18,2026-01-31,,1,True,-0.0,1.0,0.5169136577171756,0.48308634228282443
B18MVPVA1NE,MVP BOS 18 Black,MVPVA,18,B18RRJVB1NE,Boston United Boys 18 1,B18,2025-11-22,,1,True,21.0,2.0,0.6851937028603249,0.3148062971396751
B18MVPVA1NE,MVP BOS 18 Black,MVPVA,18,B18SJJVB2NE,SMASH Boys 18's Force,B18,2026-01-31,,1,False,-6.0,-2.0,0.5375379183318484,-0.5375379183318484
B18MVPVA1NE,MVP BOS 18 Black,MVPVA,18,B18SJJVB3NE,SMASH Boys 18's Surge,B18,2026-02-01,,1,False,-5.0,-1.0,0.4273879776358253,-0.4273879776358253
B18MVPVA1NE,MVP BOS 18 Black,MVPVA,18,B18SJVBC1NE,South County Juniors Boys 18's Blue,B18,2025-11-23,,1,False,-11.0,-2.0,0.38705147863625283,-0.38705147863625283
B18MVPVA1NE,MVP BOS 18 Black,MVPVA,18,B18SJVBC1NE,South County Juniors Boys 18's Blue,B18,2026-02-06,,2,False,-11.0,-2.0,0.38705147863625283,-0.38705147863625283
B18MVPVA1NE,MVP BOS 18 Black,MVPVA,18,B18SPTMC2GE,Sportime 18 2,B18,2026-02-07,,1,True,14.0,2.0,0.6306864403165399,0.36931355968346014
B18MVPVA1NE,MVP BOS 18 Black,MVPVA,18,B18SPTMC2GE,Sportime 18 2,B18,2026-02-08,,2,True,5.0,1.0,0.6306864403165399,0.36931355968346014
B18MVPVA1NE,MVP BOS 18 Black,MVPVA,18,B18UNVBC1NE,Unity 18 Boys National Vikings,B18,2026-02-08,,1,True,22.0,1.0,0.6388357449479221,0.36116425505207794
B18MVPVA2NE,MVP BOS 18 Blue,MVPVA,18,B18118281XX,PW-VB Quarter-Zip Elite 67-Matcha,B18,2026-02-06,,1,False,-7.0,-2.0,0.40659049055475116,-0.40659049055475116
B18MVPVA2NE,MVP BOS 18 Blue,MVPVA,18,B18HKJVB3NE,Husky 18.3,B18,2026-02-01,,1,False,-4.0,-1.0,0.5269432578742352,-0.5269432578742352
B18MVPVA2NE,MVP BOS 18 Blue,MVPVA,18,B18LHVBC2NE,LHV Boys 18-2 Blitz,B18,2026-02-01,,1,True,18.0,2.0,0.6090647773149459,0.3909352226850541
B18MVPVA2NE,MVP BOS 18 Blue,MVPVA,18,B18MVNER2NE,Meraki VB 18 2,B18,2025-11-22,,1,True,7.0,2.0,0.6567418517702153,0.34325814822978473
B18MVPVA2NE,MVP BOS 18 Blue,MVPVA,18,B18MVNER2NE,Meraki VB 18 2,B18,2026-01-31,,2,False,-10.0,-1.0,0.6567418517702153,-0.6567418517702153
B18MVPVA2NE,MVP BOS 18 Blue,MVPVA,18,B18NESVC1NE,NE Storm 18 Thunder,B18,2025-11-23,,1,True,9.0,1.0,0.5374307985593707,0.4625692014406293
B18MVPVA2NE,MVP BOS 18 Blue,MVPVA,18,B18NESVC3NE,NE Storm 18 Tornado,B18,2025-11-22,,1,True,28.0,2.0,0.7088645531503297,0.2911354468496703
B18MVPVA2NE,MVP BOS 18 Blue,MVPVA,18,B18NEVBC2NE,NEVBC Boys 18.2,B18,2026-01-31,,1,True,8.0,2.0,0.5498987015332637,0.4501012984667363
B18MVPVA2NE,MVP BOS 18 Blue,MVPVA,18,B18NEVBC3NE,NEVBC Boys 18 Blue,B18,2025-11-22,,1,True,11.0,2.0,0.6858651912828713,0.31413480871712873
B18MVPVA2NE,MVP BOS 18 Blue,MVPVA,18,B18NYCIV2GE,NYC Impact 18 Travel,B18,2026-02-06,,1,False,-18.0,-2.0,0.4716187867350446,-0.4716187867350446
B18MVPVA2NE,MVP BOS 18 Blue,MVPVA,18,B18PVJVB3NE,PV Boys 18 3,B18,2026-01-31,,1,False,-4.0,-2.0,0.46781257903763096,-0.46781257903763096
B18MVPVA2NE,MVP BOS 18 Blue,MVPVA,18,B18ROYAL1NO,Infinity Royals 18N,B18,2026-02-07,,1,True,4.0,1.0,0.4198286143681787,0.5801713856318214
B18MVPVA2NE,MVP BOS 18 Blue,MVPVA,18,B18RRJVB2NE,Boston United Boys 18 Select 1,B18,2025-11-23,,1,True,12.0,2.0,0.6504862479554824,0.3495137520445176
B18MVPVA2NE,MVP BOS 18 Blue,MVPVA,18,B18SAVBC1XL,Sporting Albany Boys 18u,B18,2026-02-07,,1,True,3.0,1.0,0.7331322224054888,0.2668677775945112
B18MVPVA2NE,MVP BOS 18 Blue,MVPVA,18,B18SJVBC2NE,South County Juniors Boys 18's Gold,B18,2025-11-23,,1,False,-7.0,-1.0,0.4998188405621677,-0.4998188405621677
B18MVPVA2NE,MVP BOS 18 Blue,MVPVA,18,B18SJVBC2NE,South County Juniors Boys 18's Gold,B18,2026-02-07,,2,True,13.0,2.0,0.4998188405621677,0.5001811594378323
B18MVPVA2NE,MVP BOS 18 Blue,MVPVA,18,B18SLCTD1SC,Selected 18s - Bubba,B18,2026-02-06,,1,True,4.0,2.0,0.5766151859849417,0.42338481401505834
B18MVPVA2NE,MVP BOS 18 Blue,MVPVA,18,B18VENGE1OV,18 - Lusher,B18,2026-02-08,,1,False,-4.0,-2.0,0.3177744217269312,-0.3177744217269312
B18NESVC1NE,NE Storm 18 Thunder,NESVC,18,B17CAPIT1XL,CSVC 17 BIG SLIDE,MIXED,2026-01-19,,1,False,-17.0,-2.0,0.33667227227700397,-0.33667227227700397
B18NESVC1NE,NE Storm 18 Thunder,NESVC,18,B18118281XX,PWVolleyball 18 1,B18,2026-01-18,,1,False,-14.0,-2.0,0.370964329415139,-0.370964329415139
B18NESVC1NE,NE Storm 18 Thunder,NESVC,18,B18HKJVB2NE,Husky 18.2,B18,2026-03-14,,1,True,16.0,1.0,0.45122480550211186,0.5487751944978881
B18NESVC1NE,NE Storm 18 Thunder,NESVC,18,B18HKJVB3NE,Husky 18.3,B18,2026-01-31,,1,True,-2.0,1.0,0.4894699808952393,0.5105300191047607
B18NESVC1NE,NE Storm 18 Thunder,NESVC,18,B18LHVBC2NE,LHV Boys 18-2 Blitz,B18,2025-11-23,,1,True,7.0,1.0,0.5728231462771642,0.42717685372283576
B18NESVC1NE,NE Storm 18 Thunder,NESVC,18,B18LHVBC2NE,LHV Boys 18-2 Blitz,B18,2026-01-17,,2,True,4.0,2.0,0.5728231462771642,0.42717685372283576
B18NESVC1NE,NE Storm 18 Thunder,NESVC,18,B18MMVBC2NE,Mayhem 18 2,B18,2025-11-22,,1,False,-7.0,-1.0,0.46501824230692,-0.46501824230692
B18NESVC1NE,NE Storm 18 Thunder,NESVC,18,B18MMVBC2NE,Mayhem 18 2,B18,2026-02-01,,2,True,7.0,2.0,0.46501824230692,0.53498175769308
B18NESVC1NE,NE Storm 18 Thunder,NESVC,18,B18MVNER2NE,Meraki VB 18 2,B18,2026-02-01,,1,True,13.0,2.0,0.6221783206888468,0.3778216793111532
B18NESVC1NE,NE Storm 18 Thunder,NESVC,18,B18MVPVA2NE,MVP BOS 18 Blue,B18,2025-11-23,,1,False,-9.0,-1.0,0.4625692014406293,-0.4625692014406293
B18NESVC1NE,NE Storm 18 Thunder,NESVC,18,B18NEVBC2NE,NEVBC Boys 18.2,B18,2026-01-31,,1,False,-4.0,-2.0,0.5125617517329296,-0.5125617517329296
B18NESVC1NE,NE Storm 18 Thunder,NESVC,18,B18NEVBC2NE,NEVBC Boys 18.2,B18,2026-03-15,,2,True,0.0,1.0,0.5125617517329296,0.4874382482670704
B18NESVC1NE,NE Storm 18 Thunder,NESVC,18,B18PVJVB2NE,PV Boys 18 2,B18,2026-02-01,,1,True,10.0,1.0,0.49266605305168015,0.5073339469483198
B18NESVC1NE,NE Storm 18 Thunder,NESVC,18,B18PVJVB3NE,PV Boys 18 3,B18,2026-01-31,,1,True,-2.0,1.0,0.43071567573492003,0.56928432426508
B18NESVC1NE,NE Storm 18 Thunder,NESVC,18,B18PVJVB4NE,PV Boys 18 4,B18,2026-01-17,,1,True,11.0,2.0,0.45067210969526633,0.5493278903047336
B18NESVC1NE,NE Storm 18 Thunder,NESVC,18,B18RRJVB1NE,Boston United Boys 18 1,B18,2026-01-17,,1,True,1.0,1.0,0.5169086544298489,0.4830913455701511
B18NESVC1NE,NE Storm 18 Thunder,NESVC,18,B18RRJVB1NE,Boston United Boys 18 1,B18,2026-03-14,,2,False,-8.0,-1.0,0.5169086544298489,-0.5169086544298489
B18NESVC1NE,NE Storm 18 Thunder,NESVC,18,B18RRJVB1NE,Boston United Boys 18 1,B18,2026-03-15,,3,False,4.0,-1.0,0.5169086544298489,-0.5169086544298489
B18NESVC1NE,NE Storm 18 Thunder,NESVC,18,B18RRJVB2NE,Boston United Boys 18 Select 1,B18,2025-11-22,,1,True,15.0,2.0,0.6156614501142494,0.38433854988575056
B18NESVC1NE,NE Storm 18 Thunder,NESVC,18,B18RRJVB2NE,Boston United Boys 18 Select 1,B18,2026-01-18,,2,True,6.0,1.0,0.6156614501142494,0.38433854988575056
B18NESVC1NE,NE Storm 18 Thunder,NESVC,18,B18SJVBC2NE,South County Juniors Boys 18's Gold,B18,2026-03-14,,1,False,-15.0,-2.0,0.4623890621532133,-0.4623890621532133
B18NESVC1NE,NE Storm 18 Thunder,NESVC,18,B18TTVBC2NE,SLAM 18 2 Boys,B18,2025-11-22,,1,True,10.0,2.0,0.6846831678653358,0.3153168321346642
B18NESVC1NE,NE Storm 18 Thunder,NESVC,18,B18VTVBC1NE,VTV 18 1,B18,2026-01-18,,1,True,18.0,2.0,0.4277830573159499,0.5722169426840501
B18NESVC2NE,NE Storm 18 Squall,NESVC,18,B17HKJVB3NE,Husky 17.3,MIXED,2026-03-14,,1,False,-1.0,-1.0,0.49002839280944427,-0.49002839280944427
B18NESVC2NE,NE Storm 18 Squall,NESVC,18,B18BVJVB2NE,Blast 18 Blaze,B18,2025-11-22,,1,True,12.0,2.0,0.6392380899802771,0.3607619100197229
B18NESVC2NE,NE Storm 18 Squall,NESVC,18,B18BVJVB2NE,Blast 18 Blaze,B18,2026-03-14,,2,True,11.0,2.0,0.6392380899802771,0.3607619100197229
B18NESVC2NE,NE Storm 18 Squall,NESVC,18,B18CAPIT1XL,CSVC 18 HAYSTACK,B18,2026-01-17,,1,False,-14.0,-2.0,0.3374427122758471,-0.3374427122758471
B18NESVC2NE,NE Storm 18 Squall,NESVC,18,B18CAPIT1XL,CSVC 18 HAYSTACK,B18,2026-03-15,,2,False,-12.0,-2.0,0.3374427122758471,-0.3374427122758471
B18NESVC2NE,NE Storm 18 Squall,NESVC,18,B18HKJVB3NE,Husky 18.3,B18,2026-03-15,,1,True,4.0,2.0,0.40977312157130985,0.5902268784286901
B18NESVC2NE,NE Storm 18 Squall,NESVC,18,B18LHVBC2NE,LHV Boys 18-2 Blitz,B18,2025-11-22,,1,False,-7.0,-2.0,0.4926509957791025,-0.4926509957791025
B18NESVC2NE,NE Storm 18 Squall,NESVC,18,B18LHVBC3NE,LHV Boys 18-3 Thunder,B18,2026-01-17,,1,True,6.0,1.0,0.6037654963704577,0.39623450362954227
B18NESVC2NE,NE Storm 18 Squall,NESVC,18,B18MMVBC2NE,Mayhem 18 2,B18,2025-11-23,,1,True,5.0,2.0,0.3862902501548589,0.6137097498451412
B18NESVC2NE,NE Storm 18 Squall,NESVC,18,B18MVNER2NE,Meraki VB 18 2,B18,2026-03-14,,1,True,12.0,1.0,0.5438935572193507,0.45610644278064927
B18NESVC2NE,NE Storm 18 Squall,NESVC,18,B18NESVC3NE,NE Storm 18 Tornado,B18,2026-01-18,,1,True,15.0,2.0,0.6027878930740915,0.39721210692590847
B18NESVC2NE,NE Storm 18 Squall,NESVC,18,B18PVJVB2NE,PV Boys 18 2,B18,2026-01-18,,1,False,-8.0,-1.0,0.4128696465816198,-0.4128696465816198
B18NESVC2NE,NE Storm 18 Squall,NESVC,18,B18PVJVB2NE,PV Boys 18 2,B18,2026-01-19,,2,False,-21.0,-2.0,0.4128696465816198,-0.4128696465816198
B18NESVC2NE,NE Storm 18 Squall,NESVC,18,B18PVJVB3NE,PV Boys 18 3,B18,2026-01-19,,1,True,15.0,2.0,0.35395282952029955,0.6460471704797004
B18NESVC2NE,NE Storm 18 Squall,NESVC,18,B18PVJVB4NE,PV Boys 18 4,B18,2026-01-18,,1,True,6.0,1.0,0.3726809617994264,0.6273190382005736
B18NESVC2NE,NE Storm 18 Squall,NESVC,18,B18RRJVB2NE,Boston United Boys 18 Select 1,B18,2026-01-17,,1,False,-0.0,-1.0,0.5370311584327792,-0.5370311584327792
B18NESVC2NE,NE Storm 18 Squall,NESVC,18,B18SJVBC2NE,South County Juniors Boys 18's Gold,B18,2025-11-22,,1,False,-14.0,-1.0,0.3837868691395223,-0.3837868691395223
B18NESVC2NE,NE Storm 18 Squall,NESVC,18,B18SJVBC2NE,South County Juniors Boys 18's Gold,B18,2025-11-23,,2,False,-5.0,-1.0,0.3837868691395223,-0.3837868691395223
B18NESVC3NE,NE Storm 18 Tornado,NESVC,18,B18BVJVB1NE,Blast 18 Fire,B18,2026-01-17,,1,False,-22.0,-2.0,0.24037904947462216,-0.24037904947462216
B18NESVC3NE,NE Storm 18 Tornado,NESVC,18,B18GEVBC1NE,Generations vbc 18 1,B18,2026-03-15,,1,True,5.0,1.0,0.5497612802372243,0.45023871976277574
B18NESVC3NE,NE Storm 18 Tornado,NESVC,18,B18LHVBC3NE,LHV Boys 18-3 Thunder,B18,2026-01-19,,1,True,8.0,2.0,0.5010211698186684,0.4989788301813316
B18NESVC3NE,NE Storm 18 Tornado,NESVC,18,B18MVNER2NE,Meraki VB 18 2,B18,2025-11-22,,1,False,-20.0,-2.0,0.44002326978906847,-0.44002326978906847
B18NESVC3NE,NE Storm 18 Tornado,NESVC,18,B18MVNER2NE,Meraki VB 18 2,B18,2026-03-15,,2,False,1.0,-1.0,0.44002326978906847,-0.44002326978906847
B18NESVC3NE,NE Storm 18 Tornado,NESVC,18,B18MVPVA2NE,MVP BOS 18 Blue,B18,2025-11-22,,1,False,-28.0,-2.0,0.2911354468496703,-0.2911354468496703
B18NESVC3NE,NE Storm 18 Tornado,NESVC,18,B18NESVC2NE,NE Storm 18 Squall,B18,2026-01-18,,1,False,-15.0,-2.0,0.39721210692590847,-0.39721210692590847
B18NESVC3NE,NE Storm 18 Tornado,NESVC,18,B18NEVBC3NE,NEVBC Boys 18 Blue,B18,2025-11-22,,1,True,10.0,2.0,0.47277271442389074,0.5272272855761093
B18NESVC3NE,NE Storm 18 Tornado,NESVC,18,B18NEVBC3NE,NEVBC Boys 18 Blue,B18,2025-11-23,,2,True,-4.0,1.0,0.47277271442389074,0.5272272855761093
B18NESVC3NE,NE Storm 18 Tornado,NESVC,18,B18NEVBC3NE,NEVBC Boys 18 Blue,B18,2026-03-14,,3,False,-2.0,-1.0,0.47277271442389074,-0.47277271442389074
B18NESVC3NE,NE Storm 18 Tornado,NESVC,18,B18PVJVB2NE,PV Boys 18 2,B18,2026-01-18,,1,False,-15.0,-2.0,0.3166500423827441,-0.3166500423827441
B18NESVC3NE,NE Storm 18 Tornado,NESVC,18,B18PVJVB3NE,PV Boys 18 3,B18,2026-01-17,,1,False,-12.0,-1.0,0.2652604642966234,-0.2652604642966234
B18NESVC3NE,NE Storm 18 Tornado,NESVC,18,B18PVJVB4NE,PV Boys 18 4,B18,2026-01-18,,1,False,-7.0,-2.0,0.28133938820730864,-0.28133938820730864
B18NESVC3NE,NE Storm 18 Tornado,NESVC,18,B18PVJVB4NE,PV Boys 18 4,B18,2026-01-19,,2,False,-3.0,-1.0,0.28133938820730864,-0.28133938820730864
B18NESVC3NE,NE Storm 18 Tornado,NESVC,18,B18PVJVB4NE,PV Boys 18 4,B18,2026-03-14,,3,False,-10.0,-2.0,0.28133938820730864,-0.28133938820730864
B18NESVC3NE,NE Storm 18 Tornado,NESVC,18,B18TTVBC1NE,SLAM 18 1 Boys,B18,2026-03-14,,1,True,9.0,2.0,0.47277271442389057,0.5272272855761094
B18NESVC3NE,NE Storm 18 Tornado,NESVC,18,B18TTVBC2NE,SLAM 18 2 Boys,B18,2025-11-23,,1,True,10.0,2.0,0.5088756251392699,0.49112437486073013
B18NESVC3NE,NE Storm 18 Tornado,NESVC,18,B18VTVBC1NE,VTV 18 1,B18,2026-01-17,,1,False,-21.0,-2.0,0.2629340715842715,-0.2629340715842715
B18NEVBC1NE,NEVBC Boys 18.1,NEVBC,18,B18CSJVB1NE,MEVBC/CT STARS 18 1,B18,2026-01-31,,1,True,26.0,2.0,0.8137974546605667,0.18620254533943326
B18NEVBC1NE,NEVBC Boys 18.1,NEVBC,18,B18HKJVB1NE,Husky 18.1,B18,2026-01-31,,1,True,8.0,2.0,0.6393164532248982,0.36068354677510184
B18NEVBC1NE,NEVBC Boys 18.1,NEVBC,18,B18MMVBC1NE,Mayhem 18 1,B18,2026-01-31,,1,True,16.0,2.0,0.716433258469361,0.283566741530639
B18NEVBC1NE,NEVBC Boys 18.1,NEVBC,18,B18MVNER1NE,Meraki VB 18 1,B18,2026-02-01,,1,True,16.0,2.0,0.6516651260482008,0.3483348739517992
B18NEVBC1NE,NEVBC Boys 18.1,NEVBC,18,B18PVJVB1NE,PV Boys 18 1,B18,2026-02-01,,1,True,7.0,2.0,0.5277712307159599,0.4722287692840401
B18NEVBC1NE,NEVBC Boys 18.1,NEVBC,18,B18SJJVB1NE,SMASH Boys 18-1,B18,2026-02-01,,1,False,-9.0,-1.0,0.41185714710528454,-0.41185714710528454
B18NEVBC2NE,NEVBC Boys 18.2,NEVBC,18,B18118281XX,PW-VB Quarter-Zip Elite 67-Matcha,B18,2026-03-14,,1,False,-12.0,-2.0,0.3593147325933073,-0.3593147325933073
B18NEVBC2NE,NEVBC Boys 18.2,NEVBC,18,B18BVJVB1NE,Blast 18 Fire,B18,2026-03-14,,1,False,-14.0,-2.0,0.3867514525322742,-0.3867514525322742
B18NEVBC2NE,NEVBC Boys 18.2,NEVBC,18,B18BVJVB2NE,Blast 18 Blaze,B18,2026-02-01,,1,True,20.0,2.0,0.6994285695270959,0.30057143047290413
B18NEVBC2NE,NEVBC Boys 18.2,NEVBC,18,B18HKJVB3NE,Husky 18.3,B18,2026-01-31,,1,False,-14.0,-2.0,0.4769204406020295,-0.4769204406020295
B18NEVBC2NE,NEVBC Boys 18.2,NEVBC,18,B18LHVBC3NE,LHV Boys 18-3 Thunder,B18,2026-02-01,,1,True,18.0,2.0,0.6667893096758428,0.3332106903241572
B18NEVBC2NE,NEVBC Boys 18.2,NEVBC,18,B18MVPVA2NE,MVP BOS 18 Blue,B18,2026-01-31,,1,False,-8.0,-2.0,0.4501012984667362,-0.4501012984667362
B18NEVBC2NE,NEVBC Boys 18.2,NEVBC,18,B18NESVC1NE,NE Storm 18 Thunder,B18,2026-01-31,,1,True,4.0,2.0,0.48743824826707033,0.5125617517329297
B18NEVBC2NE,NEVBC Boys 18.2,NEVBC,18,B18NESVC1NE,NE Storm 18 Thunder,B18,2026-03-15,,2,False,-0.0,-1.0,0.48743824826707033,-0.48743824826707033
B18NEVBC2NE,NEVBC Boys 18.2,NEVBC,18,B18PVJVB4NE,PV Boys 18 4,B18,2026-02-01,,1,False,-5.0,-2.0,0.4382633770500084,-0.4382633770500084
B18NEVBC2NE,NEVBC Boys 18.2,NEVBC,18,B18RRJVB2NE,Boston United Boys 18 Select 1,B18,2026-03-14,,1,True,23.0,2.0,0.6037023794526452,0.39629762054735485
B18NEVBC2NE,NEVBC Boys 18.2,NEVBC,18,B18RRJVB2NE,Boston United Boys 18 Select 1,B18,2026-03-15,,2,True,18.0,2.0,0.6037023794526452,0.39629762054735485
B18NEVBC3NE,NEVBC Boys 18 Blue,NEVBC,18,B17HKJVB2NE,Husky 17.2,MIXED,2026-03-14,,1,False,-13.0,-2.0,0.3731814517703644,-0.3731814517703644
B18NEVBC3NE,NEVBC Boys 18 Blue,NEVBC,18,B18BVJVB2NE,Blast 18 Blaze,B18,2025-11-23,,1,False,-5.0,-1.0,0.5656146039237401,-0.5656146039237401
B18NEVBC3NE,NEVBC Boys 18 Blue,NEVBC,18,B18CAPIT1XL,CSVC 18 HAYSTACK,B18,2026-03-14,,1,False,-16.0,-2.0,0.27233868469708933,-0.27233868469708933
B18NEVBC3NE,NEVBC Boys 18 Blue,NEVBC,18,B18CAPIT1XL,CSVC 18 HAYSTACK,B18,2026-03-15,,2,False,-19.0,-2.0,0.27233868469708933,-0.27233868469708933
B18NEVBC3NE,NEVBC Boys 18 Blue,NEVBC,18,B18HKJVB3NE,Husky 18.3,B18,2026-03-15,,1,False,-6.0,-1.0,0.33782958973127825,-0.33782958973127825
B18NEVBC3NE,NEVBC Boys 18 Blue,NEVBC,18,B18MVNER2NE,Meraki VB 18 2,B18,2025-11-22,,1,False,-11.0,-1.0,0.46703522901148115,-0.46703522901148115
B18NEVBC3NE,NEVBC Boys 18 Blue,NEVBC,18,B18MVPVA2NE,MVP BOS 18 Blue,B18,2025-11-22,,1,False,-11.0,-2.0,0.3141348087171288,-0.3141348087171288
B18NEVBC3NE,NEVBC Boys 18 Blue,NEVBC,18,B18NESVC3NE,NE Storm 18 Tornado,B18,2025-11-22,,1,False,-10.0,-2.0,0.5272272855761092,-0.5272272855761092
B18NEVBC3NE,NEVBC Boys 18 Blue,NEVBC,18,B18NESVC3NE,NE Storm 18 Tornado,B18,2025-11-23,,2,False,4.0,-1.0,0.5272272855761092,-0.5272272855761092
B18NEVBC3NE,NEVBC Boys 18 Blue,NEVBC,18,B18NESVC3NE,NE Storm 18 Tornado,B18,2026-03-14,,3,True,2.0,1.0,0.5272272855761092,0.4727727144238908
B18NYCIV1GE,NYC Impact 18 National,NYCIV,18,B18CORE11GE,CORE Boys 18 Platinum,B18,2026-02-06,,1,False,-9.0,-2.0,0.5049539187881188,-0.5049539187881188
B18NYCIV1GE,NYC Impact 18 National,NYCIV,18,B18DIGSV1GE,Digs Boys 18 Red,B18,2026-02-07,,1,True,5.0,1.0,0.5451415574397305,0.4548584425602695
B18NYCIV1GE,NYC Impact 18 National,NYCIV,18,B18DSTJN1GE,Downstate (N-B) 18 Cobras,B18,2026-02-06,,1,False,4.0,-1.0,0.654381568600261,-0.654381568600261
B18NYCIV1GE,NYC Impact 18 National,NYCIV,18,B18LCVBC1GE,Legacy Boys 18 National,B18,2026-02-07,,1,True,10.0,1.0,0.5552798655689389,0.44472013443106106
B18NYCIV1GE,NYC Impact 18 National,NYCIV,18,B18LHVBC1NE,LHV Boys 18-1 Rafiki,B18,2026-02-08,,1,True,11.0,1.0,0.5849583273296081,0.41504167267039194
B18NYCIV1GE,NYC Impact 18 National,NYCIV,18,B18MVPVA1NE,MVP BOS 18 Black,B18,2026-02-07,,1,True,8.0,2.0,0.5736842197518018,0.42631578024819816
B18NYCIV1GE,NYC Impact 18 National,NYCIV,18,B18SJVBC1NE,South County Juniors Boys 18's Blue,B18,2026-02-08,,1,True,2.0,1.0,0.45938357371154254,0.5406164262884574
B18NYCIV1GE,NYC Impact 18 National,NYCIV,18,B18UNVBC1NE,Unity 18 Boys National Vikings,B18,2026-02-06,,1,True,10.0,2.0,0.7041655091732503,0.29583449082674973
B18NYCIV2GE,NYC Impact 18 Travel,NYCIV,18,B18118281XX,PW-VB Quarter-Zip Elite 67-Matcha,B18,2026-02-07,,1,False,-13.0,-1.0,0.4342747333194202,-0.4342747333194202
B18NYCIV2GE,NYC Impact 18 Travel,NYCIV,18,B18CAPIT1XL,CSVC 18 HAYSTACK,B18,2026-02-08,,1,False,-10.0,-1.0,0.47794348117962043,-0.47794348117962043
B18NYCIV2GE,NYC Impact 18 Travel,NYCIV,18,B18LCVBC5GE,Legacy Boys 18 Premier Billy,B18,2026-02-07,,1,True,22.0,2.0,0.7598910785200746,0.24010892147992535
B18NYCIV2GE,NYC Impact 18 Travel,NYCIV,18,B18MVPVA2NE,MVP BOS 18 Blue,B18,2026-02-06,,1,True,18.0,2.0,0.5283812132649555,0.47161878673504454
B18NYCIV2GE,NYC Impact 18 Travel,NYCIV,18,B18ROYAL1NO,Infinity Royals 18N,B18,2026-02-06,,1,False,-12.0,-2.0,0.44773413272862705,-0.44773413272862705
B18NYCIV2GE,NYC Impact 18 Travel,NYCIV,18,B18SJVBC2NE,South County Juniors Boys 18's Gold,B18,2026-02-07,,1,True,-1.0,1.0,0.5282006338041374,0.4717993661958626
B18NYCIV2GE,NYC Impact 18 Travel,NYCIV,18,B18XTREM2GE,Xtreme 18 National Kelly,B18,2026-02-06,,1,True,5.0,1.0,0.44356050210900866,0.5564394978909913
B18NYCVA1GE,NYC VBA 18 Riverside,NYCVA,18,B18DIGSV1GE,Digs Boys 18 Red,B18,2026-02-06,,1,False,-9.0,-2.0,0.4542483422213608,-0.4542483422213608
B18NYCVA1GE,NYC VBA 18 Riverside,NYCVA,18,B18LHVBC1NE,LHV Boys 18-1 Rafiki,B18,2026-01-31,,1,False,-8.0,-1.0,0.4946458193607524,-0.4946458193607524
B18NYCVA1GE,NYC VBA 18 Riverside,NYCVA,18,B18LHVBC1NE,LHV Boys 18-1 Rafiki,B18,2026-02-07,,2,False,1.0,-1.0,0.4946458193607524,-0.4946458193607524
B18NYCVA1GE,NYC VBA 18 Riverside,NYCVA,18,B18MCJVB1NE,Mill City 18's,B18,2026-02-01,,1,True,4.0,1.0,0.48948472464191267,0.5105152753580873
B18NYCVA1GE,NYC VBA 18 Riverside,NYCVA,18,B18MVPVA1NE,MVP BOS 18 Black,B18,2026-01-31,,1,False,0.0,-1.0,0.4830863422828245,-0.4830863422828245
B18NYCVA1GE,NYC VBA 18 Riverside,NYCVA,18,B18PWRSP1SU,PSA Power 18,B18,2026-02-06,,1,True,11.0,2.0,0.3812506899905452,0.6187493100094548
B18NYCVA1GE,NYC VBA 18 Riverside,NYCVA,18,B18PWRSP1SU,PSA Power 18,B18,2026-02-08,,2,False,-13.0,-2.0,0.3812506899905452,-0.3812506899905452
B18NYCVA1GE,NYC VBA 18 Riverside,NYCVA,18,B18SJJVB2NE,SMASH Boys 18's Force,B18,2026-01-31,,1,False,-11.0,-2.0,0.5206767716335604,-0.5206767716335604
B18NYCVA1GE,NYC VBA 18 Riverside,NYCVA,18,B18SJJVB3NE,SMASH Boys 18's Surge,B18,2026-02-01,,1,False,-5.0,-1.0,0.41091196839907407,-0.41091196839907407
B18NYCVA1GE,NYC VBA 18 Riverside,NYCVA,18,B18SJVBC1NE,South County Juniors Boys 18's Blue,B18,2026-02-07,,1,False,-5.0,-1.0,0.3711226360737661,-0.3711226360737661
B18NYCVA1GE,NYC VBA 18 Riverside,NYCVA,18,B18SPTMC2GE,Sportime 18 2,B18,2026-02-06,,1,True,16.0,1.0,0.6147876828190081,0.3852123171809919
B18NYCVA1GE,NYC VBA 18 Riverside,NYCVA,18,B18UNVBC1NE,Unity 18 Boys National Vikings,B18,2026-02-07,,1,True,7.0,2.0,0.6230781456155475,0.37692185438445247
B18PINVA1GE,PVA Boys 18 National,PINVA,18,B18CAPIT1XL,CSVC 18 HAYSTACK,B18,2026-02-06,,1,False,-11.0,-2.0,0.49680042957347637,-0.49680042957347637
B18PINVA1GE,PVA Boys 18 National,PINVA,18,B18RAPTO1GE,NYC Raptors 18 Black,B18,2026-02-07,,1,True,8.0,1.0,0.5830781737733517,0.4169218262266483
B18PINVA1GE,PVA Boys 18 National,PINVA,18,B18RRJVB1NE,Boston United Boys 18 1,B18,2026-02-07,,1,True,13.0,2.0,0.6003194147470576,0.39968058525294237
B18PINVA1GE,PVA Boys 18 National,PINVA,18,B18SPTMC3GE,Sportime 18 3,B18,2026-02-06,,1,True,11.0,2.0,0.675790235105717,0.324209764894283
B18PINVA1GE,PVA Boys 18 National,PINVA,18,B18TUSVA1GE,Train Up VB 18 1,B18,2026-02-06,,1,True,9.0,2.0,0.5636133275786372,0.43638667242136275
B18PINVA1GE,PVA Boys 18 National,PINVA,18,B18VENGE1OV,18 - Lusher,B18,2026-02-07,,1,False,-9.0,-2.0,0.36011001762689676,-0.36011001762689676
B18PINVA1GE,PVA Boys 18 National,PINVA,18,B18XTREM2GE,Xtreme 18 National Kelly,B18,2026-02-08,,1,False,-8.0,-2.0,0.46226207531090263,-0.46226207531090263
B18PVJVB1NE,PV Boys 18 1,PVJVB,18,B17CAPIT1XL,CSVC 17 BIG SLIDE,MIXED,2025-12-20,,1,False,2.0,-1.0,0.5529824786262854,-0.5529824786262854
B18PVJVB1NE,PV Boys 18 1,PVJVB,18,B17SJJVB2NE,SMASH Boys 17 Chaos,MIXED,2025-12-20,,1,True,15.0,2.0,0.614301691429809,0.38569830857019105
B18PVJVB1NE,PV Boys 18 1,PVJVB,18,B18HKJVB2NE,Husky 18.2,B18,2026-01-31,,1,False,1.0,-1.0,0.7529973189781564,-0.7529973189781564
B18PVJVB1NE,PV Boys 18 1,PVJVB,18,B18LEGIO1XL,TeamLVC Boys 18 Black,B18,2025-12-21,,1,False,-14.0,-2.0,0.7024625581608872,-0.7024625581608872
B18PVJVB1NE,PV Boys 18 1,PVJVB,18,B18LEGIO1XL,TeamLVC Boys 18 Black,B18,2026-01-31,,2,False,-3.0,-1.0,0.7024625581608872,-0.7024625581608872
B18PVJVB1NE,PV Boys 18 1,PVJVB,18,B18MCJVB1NE,Mill City 18's,B18,2025-12-20,,1,True,16.0,2.0,0.6515626676108321,0.34843733238916785
B18PVJVB1NE,PV Boys 18 1,PVJVB,18,B18NEVBC1NE,NEVBC Boys 18.1,B18,2026-02-01,,1,False,-7.0,-2.0,0.47222876928404006,-0.47222876928404006
B18PVJVB1NE,PV Boys 18 1,PVJVB,18,B18SJJVB2NE,SMASH Boys 18's Force,B18,2025-12-21,,1,True,12.0,1.0,0.6793392173164738,0.32066078268352616
B18PVJVB1NE,PV Boys 18 1,PVJVB,18,B18SJJVB2NE,SMASH Boys 18's Force,B18,2026-02-01,,2,True,7.0,2.0,0.6793392173164738,0.32066078268352616
B18PVJVB1NE,PV Boys 18 1,PVJVB,18,B18SJJVB3NE,SMASH Boys 18's Surge,B18,2026-01-31,,1,True,-4.0,1.0,0.5763447237354843,0.4236552762645157
B18PVJVB2NE,PV Boys 18 2,PVJVB,18,B17CAPIT1XL,CSVC 17 BIG SLIDE,MIXED,2025-12-20,,1,False,-23.0,-2.0,0.34114107227206397,-0.34114107227206397
B18PVJVB2NE,PV Boys 18 2,PVJVB,18,B17CAPIT1XL,CSVC 17 BIG SLIDE,MIXED,2026-01-17,,2,False,-10.0,-2.0,0.34114107227206397,-0.34114107227206397
B18PVJVB2NE,PV Boys 18 2,PVJVB,18,B18118281XX,PWVolleyball 18 1,B18,2026-01-17,,1,False,-10.0,-1.0,0.37783584066868675,-0.37783584066868675
B18PVJVB2NE,PV Boys 18 2,PVJVB,18,B18BVJVB2NE,Blast 18 Blaze,B18,2026-01-17,,1,True,24.0,2.0,0.715891765268103,0.28410823473189695
B18PVJVB2NE,PV Boys 18 2,PVJVB,18,B18CAPIT1XL,CSVC 18 HAYSTACK,B18,2025-12-20,,1,False,-7.0,-2.0,0.42004313376702923,-0.42004313376702923
B18PVJVB2NE,PV Boys 18 2,PVJVB,18,B18CAPIT1XL,CSVC 18 HAYSTACK,B18,2025-12-21,,2,False,-11.0,-2.0,0.42004313376702923,-0.42004313376702923
B18PVJVB2NE,PV Boys 18 2,PVJVB,18,B18HKJVB3NE,Husky 18.3,B18,2026-02-01,,1,True,14.0,1.0,0.49680294025132266,0.5031970597486773
B18PVJVB2NE,PV Boys 18 2,PVJVB,18,B18LEGIO1XL,TeamLVC Boys 18 Black,B18,2025-12-20,,1,False,-5.0,-1.0,0.39603928221908896,-0.39603928221908896
B18PVJVB2NE,PV Boys 18 2,PVJVB,18,B18LHVBC2NE,LHV Boys 18-2 Blitz,B18,2026-02-01,,1,True,14.0,2.0,0.5799862167217872,0.4200137832782128
B18PVJVB2NE,PV Boys 18 2,PVJVB,18,B18LHVBC3NE,LHV Boys 18-3 Thunder,B18,2026-01-31,,1,True,18.0,2.0,0.684233150481492,0.315766849518508
B18PVJVB2NE,PV Boys 18 2,PVJVB,18,B18MCJVB1NE,Mill City 18's,B18,2025-12-21,,1,False,-5.0,-1.0,0.3418338523361678,-0.3418338523361678
B18PVJVB2NE,PV Boys 18 2,PVJVB,18,B18NESVC1NE,NE Storm 18 Thunder,B18,2026-02-01,,1,False,-10.0,-1.0,0.5073339469483199,-0.5073339469483199
B18PVJVB2NE,PV Boys 18 2,PVJVB,18,B18NESVC2NE,NE Storm 18 Squall,B18,2026-01-18,,1,True,8.0,1.0,0.5871303534183803,0.41286964658161973
B18PVJVB2NE,PV Boys 18 2,PVJVB,18,B18NESVC2NE,NE Storm 18 Squall,B18,2026-01-19,,2,True,21.0,2.0,0.5871303534183803,0.41286964658161973
B18PVJVB2NE,PV Boys 18 2,PVJVB,18,B18NESVC3NE,NE Storm 18 Tornado,B18,2026-01-18,,1,True,15.0,2.0,0.6833499576172559,0.3166500423827441
B18PVJVB2NE,PV Boys 18 2,PVJVB,18,B18PVJVB4NE,PV Boys 18 4,B18,2026-01-18,,1,True,13.0,2.0,0.4579452002985086,0.5420547997014914
B18PVJVB2NE,PV Boys 18 2,PVJVB,18,B18RRJVB1NE,Boston United Boys 18 1,B18,2026-01-19,,1,True,50.0,2.0,0.5242305823139662,0.47576941768603376
B18PVJVB2NE,PV Boys 18 2,PVJVB,18,B18RRJVB2NE,Boston United Boys 18 Select 1,B18,2026-01-31,,1,True,10.0,2.0,0.6225794824568621,0.3774205175431379
B18PVJVB2NE,PV Boys 18 2,PVJVB,18,B18SGHVB1NE,Starlings GH 18 1 Boys,B18,2026-01-31,,1,True,28.0,2.0,0.8320875039110128,0.16791249608898717
B18PVJVB3NE,PV Boys 18 3,PVJVB,18,B16SJJVB1NE,SMASH Boys 16-1,MIXED,2025-12-21,,1,False,-9.0,-2.0,0.36678038904892013,-0.36678038904892013
B18PVJVB3NE,PV Boys 18 3,PVJVB,18,B17RRJVB1NE,Boston United Boys 17 National 1,MIXED,2025-12-20,,1,True,2.0,1.0,0.5102605592749596,0.4897394407250404
B18PVJVB3NE,PV Boys 18 3,PVJVB,18,B17SJJVB3NE,SMASH Boys 17's Shock,MIXED,2025-12-21,,1,False,-2.0,-1.0,0.5364304681560094,-0.5364304681560094
B18PVJVB3NE,PV Boys 18 3,PVJVB,18,B18BVJVB1NE,Blast 18 Fire,B18,2026-01-17,,1,False,-17.0,-1.0,0.4670979460073294,-0.4670979460073294
B18PVJVB3NE,PV Boys 18 3,PVJVB,18,B18BVJVB2NE,Blast 18 Blaze,B18,2026-01-18,,1,True,11.0,2.0,0.7638253585344246,0.23617464146557543
B18PVJVB3NE,PV Boys 18 3,PVJVB,18,B18LHVBC3NE,LHV Boys 18-3 Thunder,B18,2026-01-18,,1,True,10.0,1.0,0.7355348662797904,0.26446513372020963
B18PVJVB3NE,PV Boys 18 3,PVJVB,18,B18MVNER2NE,Meraki VB 18 2,B18,2026-01-31,,1,False,-5.0,-2.0,0.685192012026465,-0.685192012026465
B18PVJVB3NE,PV Boys 18 3,PVJVB,18,B18MVPVA2NE,MVP BOS 18 Blue,B18,2026-01-31,,1,True,4.0,2.0,0.532187420962369,0.46781257903763096
B18PVJVB3NE,PV Boys 18 3,PVJVB,18,B18NESVC1NE,NE Storm 18 Thunder,B18,2026-01-31,,1,False,2.0,-1.0,0.56928432426508,-0.56928432426508
B18PVJVB3NE,PV Boys 18 3,PVJVB,18,B18NESVC2NE,NE Storm 18 Squall,B18,2026-01-19,,1,False,-15.0,-2.0,0.6460471704797004,-0.6460471704797004
B18PVJVB3NE,PV Boys 18 3,PVJVB,18,B18NESVC3NE,NE Storm 18 Tornado,B18,2026-01-17,,1,True,12.0,1.0,0.7347395357033766,0.2652604642966234
B18PVJVB3NE,PV Boys 18 3,PVJVB,18,B18PVJVB4NE,PV Boys 18 4,B18,2026-02-01,,1,False,-15.0,-1.0,0.5202330316055662,-0.5202330316055662
B18PVJVB3NE,PV Boys 18 3,PVJVB,18,B18RRJVB1NE,Boston United Boys 18 1,B18,2026-01-18,,1,True,11.0,2.0,0.5857909606417256,0.41420903935827436
B18PVJVB3NE,PV Boys 18 3,PVJVB,18,B18SAVBC1XL,Sporting Albany Boys 18u,B18,2025-12-20,,1,True,2.0,1.0,0.7575879604417023,0.2424120395582977
B18PVJVB3NE,PV Boys 18 3,PVJVB,18,B18SGHVB1NE,Starlings GH 18 1 Boys,B18,2026-02-01,,1,True,19.0,2.0,0.8641374985463542,0.13586250145364576
B18PVJVB3NE,PV Boys 18 3,PVJVB,18,B18SJJVB3NE,SMASH Boys 18's Surge,B18,2025-12-20,,1,False,-29.0,-2.0,0.3265857762382951,-0.3265857762382951
B18PVJVB3NE,PV Boys 18 3,PVJVB,18,B18VTVBC1NE,VTV 18 1,B18,2026-01-17,,1,False,-7.0,-2.0,0.49700748945005313,-0.49700748945005313
B18PVJVB4NE,PV Boys 18 4,PVJVB,18,B17HKJVB2NE,Husky 17.2,MIXED,2026-03-15,,1,False,-4.0,-1.0,0.511220221519432,-0.511220221519432
B18PVJVB4NE,PV Boys 18 4,PVJVB,18,B17HKJVB3NE,Husky 17.3,MIXED,2026-03-15,,1,True,13.0,1.0,0.5778947432716974,0.42210525672830257
B18PVJVB4NE,PV Boys 18 4,PVJVB,18,B18BVJVB2NE,Blast 18 Blaze,B18,2026-01-19,,1,True,17.0,2.0,0.7489069755459268,0.2510930244540732
B18PVJVB4NE,PV Boys 18 4,PVJVB,18,B18BVJVB2NE,Blast 18 Blaze,B18,2026-01-31,,2,True,8.0,2.0,0.7489069755459268,0.2510930244540732
B18PVJVB4NE,PV Boys 18 4,PVJVB,18,B18CAPIT1XL,CSVC 18 HAYSTACK,B18,2026-03-14,,1,False,-7.0,-1.0,0.46158118971379763,-0.46158118971379763
B18PVJVB4NE,PV Boys 18 4,PVJVB,18,B18LHVBC2NE,LHV Boys 18-2 Blitz,B18,2026-01-17,,1,False,-14.0,-2.0,0.620420729343446,-0.620420729343446
B18PVJVB4NE,PV Boys 18 4,PVJVB,18,B18LHVBC2NE,LHV Boys 18-2 Blitz,B18,2026-01-31,,2,False,-19.0,-2.0,0.620420729343446,-0.620420729343446
B18PVJVB4NE,PV Boys 18 4,PVJVB,18,B18MMVBC2NE,Mayhem 18 2,B18,2026-01-31,,1,False,-18.0,-2.0,0.5144458422239095,-0.5144458422239095
B18PVJVB4NE,PV Boys 18 4,PVJVB,18,B18NESVC1NE,NE Storm 18 Thunder,B18,2026-01-17,,1,False,-11.0,-2.0,0.5493278903047336,-0.5493278903047336
B18PVJVB4NE,PV Boys 18 4,PVJVB,18,B18NESVC2NE,NE Storm 18 Squall,B18,2026-01-18,,1,False,-6.0,-1.0,0.6273190382005737,-0.6273190382005737
B18PVJVB4NE,PV Boys 18 4,PVJVB,18,B18NESVC3NE,NE Storm 18 Tornado,B18,2026-01-18,,1,True,7.0,2.0,0.7186606117926915,0.2813393882073085
B18PVJVB4NE,PV Boys 18 4,PVJVB,18,B18NESVC3NE,NE Storm 18 Tornado,B18,2026-01-19,,2,True,3.0,1.0,0.7186606117926915,0.2813393882073085
B18PVJVB4NE,PV Boys 18 4,PVJVB,18,B18NESVC3NE,NE Storm 18 Tornado,B18,2026-03-14,,3,True,10.0,2.0,0.7186606117926915,0.2813393882073085
B18PVJVB4NE,PV Boys 18 4,PVJVB,18,B18NEVBC2NE,NEVBC Boys 18.2,B18,2026-02-01,,1,True,5.0,2.0,0.5617366229499916,0.4382633770500084
B18PVJVB4NE,PV Boys 18 4,PVJVB,18,B18PVJVB2NE,PV Boys 18 2,B18,2026-01-18,,1,False,-13.0,-2.0,0.5420547997014914,-0.5420547997014914
B18PVJVB4NE,PV Boys 18 4,PVJVB,18,B18PVJVB3NE,PV Boys 18 3,B18,2026-02-01,,1,True,15.0,1.0,0.47976696839443383,0.5202330316055661
B18PVJVB4NE,PV Boys 18 4,PVJVB,18,B18RRJVB1NE,Boston United Boys 18 1,B18,2026-01-17,,1,False,-15.0,-1.0,0.566016296347277,-0.566016296347277
B18PVJVB4NE,PV Boys 18 4,PVJVB,18,B18SGHVB1NE,Starlings GH 18 1 Boys,B18,2026-02-01,,1,True,17.0,1.0,0.854347229348105,0.14565277065189497
B18PVJVB4NE,PV Boys 18 4,PVJVB,18,B18TTVBC1NE,SLAM 18 1 Boys,B18,2026-03-14,,1,True,8.0,1.0,0.6961033590007402,0.30389664099925984
B18PWRSP1SU,PSA Power 18,PWRSP,18,B18CORE11GE,CORE Boys 18 Platinum,B18,2026-02-07,,1,True,6.0,1.0,0.5348136188566442,0.46518638114335575
B18PWRSP1SU,PSA Power 18,PWRSP,18,B18DIGSV1GE,Digs Boys 18 Red,B18,2026-02-06,,1,True,4.0,1.0,0.5746192716132343,0.42538072838676566
B18PWRSP1SU,PSA Power 18,PWRSP,18,B18DIGSV1GE,Digs Boys 18 Red,B18,2026-02-07,,2,False,7.0,-1.0,0.5746192716132343,-0.5746192716132343
B18PWRSP1SU,PSA Power 18,PWRSP,18,B18LCVBC1GE,Legacy Boys 18 National,B18,2026-02-07,,1,True,7.0,2.0,0.5846012084983112,0.4153987915016888
B18PWRSP1SU,PSA Power 18,PWRSP,18,B18LCVBC1GE,Legacy Boys 18 National,B18,2026-02-08,,2,True,9.0,2.0,0.5846012084983112,0.4153987915016888
B18PWRSP1SU,PSA Power 18,PWRSP,18,B18NYCVA1GE,NYC VBA 18 Riverside,B18,2026-02-06,,1,False,-11.0,-2.0,0.6187493100094549,-0.6187493100094549
B18PWRSP1SU,PSA Power 18,PWRSP,18,B18NYCVA1GE,NYC VBA 18 Riverside,B18,2026-02-08,,2,True,13.0,2.0,0.6187493100094549,0.3812506899905451
B18PWRSP1SU,PSA Power 18,PWRSP,18,B18SPTMC2GE,Sportime 18 2,B18,2026-02-06,,1,True,22.0,2.0,0.7214620339763251,0.27853796602367487
B18RAPTO1GE,NYC Raptors 18 Black,RAPTO,18,B18CAPIT1XL,CSVC 18 HAYSTACK,B18,2026-02-07,,1,False,-11.0,-2.0,0.4138138938559031,-0.4138138938559031
B18RAPTO1GE,NYC Raptors 18 Black,RAPTO,18,B18LCVBC2GE,Legacy Boys 18 Premier Anthony,B18,2026-02-06,,1,True,9.0,2.0,0.538004546932085,0.461995453067915
B18RAPTO1GE,NYC Raptors 18 Black,RAPTO,18,B18PINVA1GE,PVA Boys 18 National,B18,2026-02-07,,1,False,-8.0,-1.0,0.4169218262266483,-0.4169218262266483
B18RAPTO1GE,NYC Raptors 18 Black,RAPTO,18,B18RRJVB1NE,Boston United Boys 18 1,B18,2026-02-06,,1,False,-2.0,-1.0,0.5178358418363924,-0.5178358418363924
B18RAPTO1GE,NYC Raptors 18 Black,RAPTO,18,B18TUSVA1GE,Train Up VB 18 1,B18,2026-02-07,,1,True,11.0,1.0,0.48011479008554314,0.5198852099144569
B18RAPTO1GE,NYC Raptors 18 Black,RAPTO,18,B18TUSVA1GE,Train Up VB 18 1,B18,2026-02-08,,2,False,-13.0,-1.0,0.48011479008554314,-0.48011479008554314
B18RAPTO1GE,NYC Raptors 18 Black,RAPTO,18,B18VENGE1OV,18 - Lusher,B18,2026-02-06,,1,False,-16.0,-2.0,0.28693656978144483,-0.28693656978144483
B18ROYAL1NO,Infinity Royals 18N,ROYAL,18,B18118281XX,PW-VB Quarter-Zip Elite 67-Matcha,B18,2026-02-06,,1,False,-1.0,-1.0,0.48635308166688146,-0.48635308166688146
B18ROYAL1NO,Infinity Royals 18N,ROYAL,18,B18LCVBC2GE,Legacy Boys 18 Premier Anthony,B18,2026-02-08,,1,True,14.0,2.0,0.6506913616535868,0.34930863834641324
B18ROYAL1NO,Infinity Royals 18N,ROYAL,18,B18LCVBC5GE,Legacy Boys 18 Premier Billy,B18,2026-02-06,,1,True,23.0,2.0,0.796070339754113,0.203929660245887
B18ROYAL1NO,Infinity Royals 18N,ROYAL,18,B18MVPVA2NE,MVP BOS 18 Blue,B18,2026-02-07,,1,False,-4.0,-1.0,0.5801713856318212,-0.5801713856318212
B18ROYAL1NO,Infinity Royals 18N,ROYAL,18,B18NYCIV2GE,NYC Impact 18 Travel,B18,2026-02-06,,1,True,12.0,2.0,0.552265867271373,0.44773413272862705
B18ROYAL1NO,Infinity Royals 18N,ROYAL,18,B18SLCTD1SC,Selected 18s - Bubba,B18,2026-02-06,,1,True,18.0,2.0,0.6530267976940075,0.3469732023059925
B18ROYAL1NO,Infinity Royals 18N,ROYAL,18,B18TUSVA1GE,Train Up VB 18 1,B18,2026-02-08,,1,False,3.0,-1.0,0.5963271783102508,-0.5963271783102508
B18ROYAL1NO,Infinity Royals 18N,ROYAL,18,B18XTREM2GE,Xtreme 18 National Kelly,B18,2026-02-07,,1,False,-3.0,-1.0,0.49577653486870327,-0.49577653486870327
B18RRJVB1NE,Boston United Boys 18 1,RRJVB,18,B18118281XX,PW-VB Quarter-Zip Elite 67-Matcha,B18,2026-02-08,,1,False,-4.0,-2.0,0.3553183519854957,-0.3553183519854957
B18RRJVB1NE,Boston United Boys 18 1,RRJVB,18,B18BVJVB1NE,Blast 18 Fire,B18,2025-11-22,,1,False,-15.0,-1.0,0.3826321616010085,-0.3826321616010085
B18RRJVB1NE,Boston United Boys 18 1,RRJVB,18,B18BVJVB1NE,Blast 18 Fire,B18,2025-11-23,,2,True,4.0,1.0,0.3826321616010085,0.6173678383989916
B18RRJVB1NE,Boston United Boys 18 1,RRJVB,18,B18BVJVB2NE,Blast 18 Blaze,B18,2026-01-18,,1,True,17.0,2.0,0.6957573532562302,0.3042426467437698
B18RRJVB1NE,Boston United Boys 18 1,RRJVB,18,B18HKJVB2NE,Husky 18.2,B18,2026-03-14,,1,False,-15.0,-2.0,0.43453212250562845,-0.43453212250562845
B18RRJVB1NE,Boston United Boys 18 1,RRJVB,18,B18LCVBC2GE,Legacy Boys 18 Premier Anthony,B18,2026-02-06,,1,True,6.0,1.0,0.5202235386392303,0.4797764613607697
B18RRJVB1NE,Boston United Boys 18 1,RRJVB,18,B18LHVBC1NE,LHV Boys 18-1 Rafiki,B18,2025-11-22,,1,False,-2.0,-1.0,0.3248697848839465,-0.3248697848839465
B18RRJVB1NE,Boston United Boys 18 1,RRJVB,18,B18LHVBC2NE,LHV Boys 18-2 Blitz,B18,2026-01-17,,1,False,-3.0,-1.0,0.5561912543217203,-0.5561912543217203
B18RRJVB1NE,Boston United Boys 18 1,RRJVB,18,B18LHVBC3NE,LHV Boys 18-3 Thunder,B18,2026-01-18,,1,True,10.0,2.0,0.6629115669698145,0.33708843303018554
B18RRJVB1NE,Boston United Boys 18 1,RRJVB,18,B18MCJVB1NE,Mill City 18's,B18,2025-11-23,,1,False,-1.0,-1.0,0.32035716441135975,-0.32035716441135975
B18RRJVB1NE,Boston United Boys 18 1,RRJVB,18,B18MVPVA1NE,MVP BOS 18 Black,B18,2025-11-22,,1,False,-21.0,-2.0,0.31480629713967523,-0.31480629713967523
B18RRJVB1NE,Boston United Boys 18 1,RRJVB,18,B18NESVC1NE,NE Storm 18 Thunder,B18,2026-01-17,,1,False,-1.0,-1.0,0.4830913455701512,-0.4830913455701512
B18RRJVB1NE,Boston United Boys 18 1,RRJVB,18,B18NESVC1NE,NE Storm 18 Thunder,B18,2026-03-14,,2,True,8.0,1.0,0.4830913455701512,0.5169086544298488
B18RRJVB1NE,Boston United Boys 18 1,RRJVB,18,B18NESVC1NE,NE Storm 18 Thunder,B18,2026-03-15,,3,True,-4.0,1.0,0.4830913455701512,0.5169086544298488
B18RRJVB1NE,Boston United Boys 18 1,RRJVB,18,B18PINVA1GE,PVA Boys 18 National,B18,2026-02-07,,1,False,-13.0,-2.0,0.39968058525294237,-0.39968058525294237
B18RRJVB1NE,Boston United Boys 18 1,RRJVB,18,B18PVJVB2NE,PV Boys 18 2,B18,2026-01-19,,1,False,-50.0,-2.0,0.4757694176860338,-0.4757694176860338
B18RRJVB1NE,Boston United Boys 18 1,RRJVB,18,B18PVJVB3NE,PV Boys 18 3,B18,2026-01-18,,1,False,-11.0,-2.0,0.4142090393582743,-0.4142090393582743
B18RRJVB1NE,Boston United Boys 18 1,RRJVB,18,B18PVJVB4NE,PV Boys 18 4,B18,2026-01-17,,1,True,15.0,1.0,0.43398370365272304,0.566016296347277
B18RRJVB1NE,Boston United Boys 18 1,RRJVB,18,B18RAPTO1GE,NYC Raptors 18 Black,B18,2026-02-06,,1,True,2.0,1.0,0.48216415816360764,0.5178358418363924
B18RRJVB1NE,Boston United Boys 18 1,RRJVB,18,B18RRJVB2NE,Boston United Boys 18 Select 1,B18,2026-03-15,,1,True,18.0,2.0,0.5995314017689357,0.4004685982310643
B18RRJVB1NE,Boston United Boys 18 1,RRJVB,18,B18SJVBC2NE,South County Juniors Boys 18's Gold,B18,2026-03-14,,1,False,-2.0,-1.0,0.44561874284163905,-0.44561874284163905
B18RRJVB1NE,Boston United Boys 18 1,RRJVB,18,B18SPTMC3GE,Sportime 18 3,B18,2026-02-07,,1,True,12.0,2.0,0.5811986279257026,0.41880137207429735
B18RRJVB1NE,Boston United Boys 18 1,RRJVB,18,B18TUSVA1GE,Train Up VB 18 1,B18,2026-02-07,,1,True,5.0,1.0,0.46233238645760605,0.5376676135423939
B18RRJVB1NE,Boston United Boys 18 1,RRJVB,18,B18VENGE1OV,18 - Lusher,B18,2026-02-06,,1,False,-13.0,-2.0,0.27255799708559686,-0.27255799708559686
B18RRJVB2NE,Boston United Boys 18 Select 1,RRJVB,18,B18118281XX,PWVolleyball 18 1,B18,2026-01-18,,1,False,-9.0,-1.0,0.2690878303844967,-0.2690878303844967
B18RRJVB2NE,Boston United Boys 18 Select 1,RRJVB,18,B18118281XX,PW-VB Quarter-Zip Elite 67-Matcha,B18,2026-03-14,,2,False,-14.0,-2.0,0.2690878303844967,-0.2690878303844967
B18RRJVB2NE,Boston United Boys 18 Select 1,RRJVB,18,B18BVJVB1NE,Blast 18 Fire,B18,2026-01-19,,1,False,-24.0,-2.0,0.29278339933809006,-0.29278339933809006
B18RRJVB2NE,Boston United Boys 18 Select 1,RRJVB,18,B18BVJVB1NE,Blast 18 Fire,B18,2026-03-14,,2,False,-25.0,-2.0,0.29278339933809006,-0.29278339933809006
B18RRJVB2NE,Boston United Boys 18 Select 1,RRJVB,18,B18CAPIT1XL,CSVC 18 HAYSTACK,B18,2026-01-17,,1,False,-16.0,-2.0,0.3051043942095445,-0.3051043942095445
B18RRJVB2NE,Boston United Boys 18 Select 1,RRJVB,18,B18LHVBC2NE,LHV Boys 18-2 Blitz,B18,2025-11-23,,1,False,-16.0,-2.0,0.45566809566352284,-0.45566809566352284
B18RRJVB2NE,Boston United Boys 18 Select 1,RRJVB,18,B18LHVBC3NE,LHV Boys 18-3 Thunder,B18,2026-01-17,,1,True,11.0,2.0,0.5677760714835186,0.4322239285164814
B18RRJVB2NE,Boston United Boys 18 Select 1,RRJVB,18,B18LHVBC3NE,LHV Boys 18-3 Thunder,B18,2026-01-31,,2,True,24.0,2.0,0.5677760714835186,0.4322239285164814
B18RRJVB2NE,Boston United Boys 18 Select 1,RRJVB,18,B18MMVBC2NE,Mayhem 18 2,B18,2025-11-22,,1,False,-10.0,-1.0,0.3517559973384064,-0.3517559973384064
B18RRJVB2NE,Boston United Boys 18 Select 1,RRJVB,18,B18MMVBC2NE,Mayhem 18 2,B18,2026-02-01,,2,False,-13.0,-1.0,0.3517559973384064,-0.3517559973384064
B18RRJVB2NE,Boston United Boys 18 Select 1,RRJVB,18,B18MVNER2NE,Meraki VB 18 2,B18,2026-02-01,,1,True,9.0,2.0,0.5069073081499905,0.4930926918500095
B18RRJVB2NE,Boston United Boys 18 Select 1,RRJVB,18,B18MVPVA2NE,MVP BOS 18 Blue,B18,2025-11-23,,1,False,-12.0,-2.0,0.3495137520445176,-0.3495137520445176
B18RRJVB2NE,Boston United Boys 18 Select 1,RRJVB,18,B18NESVC1NE,NE Storm 18 Thunder,B18,2025-11-22,,1,False,-15.0,-2.0,0.3843385498857506,-0.3843385498857506
B18RRJVB2NE,Boston United Boys 18 Select 1,RRJVB,18,B18NESVC1NE,NE Storm 18 Thunder,B18,2026-01-18,,2,False,-6.0,-1.0,0.3843385498857506,-0.3843385498857506
B18RRJVB2NE,Boston United Boys 18 Select 1,RRJVB,18,B18NESVC2NE,NE Storm 18 Squall,B18,2026-01-17,,1,True,0.0,1.0,0.46296884156722085,0.5370311584327792
B18RRJVB2NE,Boston United Boys 18 Select 1,RRJVB,18,B18NEVBC2NE,NEVBC Boys 18.2,B18,2026-03-14,,1,False,-23.0,-2.0,0.3962976205473548,-0.3962976205473548
B18RRJVB2NE,Boston United Boys 18 Select 1,RRJVB,18,B18NEVBC2NE,NEVBC Boys 18.2,B18,2026-03-15,,2,False,-18.0,-2.0,0.3962976205473548,-0.3962976205473548
B18RRJVB2NE,Boston United Boys 18 Select 1,RRJVB,18,B18PVJVB2NE,PV Boys 18 2,B18,2026-01-31,,1,False,-10.0,-2.0,0.37742051754313793,-0.37742051754313793
B18RRJVB2NE,Boston United Boys 18 Select 1,RRJVB,18,B18RRJVB1NE,Boston United Boys 18 1,B18,2026-03-15,,1,False,-18.0,-2.0,0.40046859823106423,-0.40046859823106423
B18RRJVB2NE,Boston United Boys 18 Select 1,RRJVB,18,B18SGHVB1NE,Starlings GH 18 1 Boys,B18,2026-01-31,,1,True,25.0,2.0,0.7502569793680465,0.24974302063195353
B18RRJVB2NE,Boston United Boys 18 Select 1,RRJVB,18,B18TTVBC2NE,SLAM 18 2 Boys,B18,2025-11-22,,1,True,18.0,1.0,0.575470101483481,0.424529898516519
B18RRJVB2NE,Boston United Boys 18 Select 1,RRJVB,18,B18VTVBC1NE,VTV 18 1,B18,2026-01-18,,1,False,-23.0,-2.0,0.31819584144588164,-0.31819584144588164
B18SAVBC1XL,Sporting Albany Boys 18u,SAVBC,18,B17CAPIT2XL,CSVC 17 SKYLIGHT,MIXED,2025-12-21,,1,False,-0.0,-1.0,0.43010811635295065,-0.43010811635295065
B18SAVBC1XL,Sporting Albany Boys 18u,SAVBC,18,B17PVJVB1NE,PV Boys 17 1,MIXED,2025-12-21,,1,False,-21.0,-2.0,0.3143077026177719,-0.3143077026177719
B18SAVBC1XL,Sporting Albany Boys 18u,SAVBC,18,B17RRJVB1NE,Boston United Boys 17 National 1,MIXED,2025-12-20,,1,False,-19.0,-2.0,0.3243919205316742,-0.3243919205316742
B18SAVBC1XL,Sporting Albany Boys 18u,SAVBC,18,B18118281XX,PW-VB Quarter-Zip Elite 67-Matcha,B18,2026-02-07,,1,False,-8.0,-2.0,0.1996232091331485,-0.1996232091331485
B18SAVBC1XL,Sporting Albany Boys 18u,SAVBC,18,B18315VB1XL,315VB 18 USA,B18,2026-03-14,,1,False,-17.0,-2.0,0.14646078308238966,-0.14646078308238966
B18SAVBC1XL,Sporting Albany Boys 18u,SAVBC,18,B18BVJVB2NE,Blast 18 Blaze,B18,2026-03-15,,1,True,14.0,2.0,0.5085658888876295,0.49143411111237045
B18SAVBC1XL,Sporting Albany Boys 18u,SAVBC,18,B18GEVBC1NE,Generations vbc 18 1,B18,2026-03-14,,1,True,10.0,1.0,0.5197420622470911,0.4802579377529089
B18SAVBC1XL,Sporting Albany Boys 18u,SAVBC,18,B18HKJVB3NE,Husky 18.3,B18,2026-03-14,,1,False,-13.0,-2.0,0.2884969436953147,-0.2884969436953147
B18SAVBC1XL,Sporting Albany Boys 18u,SAVBC,18,B18LCVBC5GE,Legacy Boys 18 Premier Billy,B18,2026-02-06,,1,True,12.0,2.0,0.5069652197102889,0.49303478028971115
B18SAVBC1XL,Sporting Albany Boys 18u,SAVBC,18,B18MVNER2NE,Meraki VB 18 2,B18,2026-03-15,,1,True,10.0,2.0,0.4105324946982202,0.5894675053017798
B18SAVBC1XL,Sporting Albany Boys 18u,SAVBC,18,B18MVPVA2NE,MVP BOS 18 Blue,B18,2026-02-07,,1,False,-3.0,-1.0,0.2668677775945111,-0.2668677775945111
B18SAVBC1XL,Sporting Albany Boys 18u,SAVBC,18,B18PVJVB3NE,PV Boys 18 3,B18,2025-12-20,,1,False,-2.0,-1.0,0.2424120395582977,-0.2424120395582977
B18SAVBC1XL,Sporting Albany Boys 18u,SAVBC,18,B18SJJVB3NE,SMASH Boys 18's Surge,B18,2025-12-20,,1,False,-19.0,-2.0,0.13433413811112704,-0.13433413811112704
B18SAVBC1XL,Sporting Albany Boys 18u,SAVBC,18,B18SJVBC2NE,South County Juniors Boys 18's Gold,B18,2026-02-06,,1,False,-7.0,-2.0,0.2667260266241489,-0.2667260266241489
B18SAVBC1XL,Sporting Albany Boys 18u,SAVBC,18,B18SLCTD1SC,Selected 18s - Bubba,B18,2026-02-06,,1,True,-4.0,1.0,0.3314400506216738,0.6685599493783262
B18SAVBC1XL,Sporting Albany Boys 18u,SAVBC,18,B18SPTMC3GE,Sportime 18 3,B18,2026-02-08,,1,False,-11.0,-2.0,0.3857499616305483,-0.3857499616305483
B18SAVBC1XL,Sporting Albany Boys 18u,SAVBC,18,B18TTVBC1NE,SLAM 18 1 Boys,B18,2026-03-15,,1,False,-10.0,-1.0,0.44282273964027885,-0.44282273964027885
B18SAVBC1XL,Sporting Albany Boys 18u,SAVBC,18,B18XTREM2GE,Xtreme 18 National Kelly,B18,2026-02-07,,1,False,-14.0,-2.0,0.20571608255110757,-0.20571608255110757
B18SGHVB1NE,Starlings GH 18 1 Boys,SGHVB,18,B18LHVBC3NE,LHV Boys 18-3 Thunder,B18,2026-01-31,,1,False,-19.0,-2.0,0.3042374361683941,-0.3042374361683941
B18SGHVB1NE,Starlings GH 18 1 Boys,SGHVB,18,B18PVJVB2NE,PV Boys 18 2,B18,2026-01-31,,1,False,-28.0,-2.0,0.16791249608898723,-0.16791249608898723
B18SGHVB1NE,Starlings GH 18 1 Boys,SGHVB,18,B18PVJVB3NE,PV Boys 18 3,B18,2026-02-01,,1,False,-19.0,-2.0,0.1358625014536457,-0.1358625014536457
B18SGHVB1NE,Starlings GH 18 1 Boys,SGHVB,18,B18PVJVB4NE,PV Boys 18 4,B18,2026-02-01,,1,False,-17.0,-1.0,0.14565277065189497,-0.14565277065189497
B18SGHVB1NE,Starlings GH 18 1 Boys,SGHVB,18,B18RRJVB2NE,Boston United Boys 18 Select 1,B18,2026-01-31,,1,False,-25.0,-2.0,0.2497430206319534,-0.2497430206319534
B18SJJVB1NE,SMASH Boys 18-1,SJJVB,18,B18BVJVB1NE,Blast 18 Fire,B18,2026-01-31,,1,True,22.0,2.0,0.7969189570134326,0.20308104298656737
B18SJJVB1NE,SMASH Boys 18-1,SJJVB,18,B18LEGIO1XL,TeamLVC Boys 18 Black,B18,2026-02-01,,1,True,16.0,2.0,0.7902685136390787,0.20973148636092132
B18SJJVB1NE,SMASH Boys 18-1,SJJVB,18,B18LHVBC1NE,LHV Boys 18-1 Rafiki,B18,2026-02-01,,1,True,22.0,2.0,0.752884803807881,0.24711519619211897
B18SJJVB1NE,SMASH Boys 18-1,SJJVB,18,B18MCJVB1NE,Mill City 18's,B18,2026-01-31,,1,True,16.0,2.0,0.7490229007101934,0.2509770992898066
B18SJJVB1NE,SMASH Boys 18-1,SJJVB,18,B18MVNER1NE,Meraki VB 18 1,B18,2026-01-31,,1,True,15.0,2.0,0.7276356653637225,0.2723643346362775
B18SJJVB1NE,SMASH Boys 18-1,SJJVB,18,B18NEVBC1NE,NEVBC Boys 18.1,B18,2026-02-01,,1,True,9.0,1.0,0.5881428528947155,0.41185714710528454
B18SJJVB2NE,SMASH Boys 18's Force,SJJVB,18,B17CAPIT1XL,CSVC 17 BIG SLIDE,MIXED,2025-12-20,,1,False,-10.0,-2.0,0.42612656029963314,-0.42612656029963314
B18SJJVB2NE,SMASH Boys 18's Force,SJJVB,18,B17NEVBC1NE,NEVBC Boys 17.1,MIXED,2025-12-20,,1,True,-2.0,1.0,0.45486615890733756,0.5451338410926625
B18SJJVB2NE,SMASH Boys 18's Force,SJJVB,18,B18CAPIT1XL,CSVC 18 HAYSTACK,B18,2025-12-20,,1,True,6.0,2.0,0.5517427662415103,0.4482572337584897
B18SJJVB2NE,SMASH Boys 18's Force,SJJVB,18,B18LEGIO1XL,TeamLVC Boys 18 Black,B18,2025-12-21,,1,False,-3.0,-1.0,0.5270523705135629,-0.5270523705135629
B18SJJVB2NE,SMASH Boys 18's Force,SJJVB,18,B18LHVBC1NE,LHV Boys 18-1 Rafiki,B18,2026-01-31,,1,True,7.0,1.0,0.4739805698771254,0.5260194301228747
B18SJJVB2NE,SMASH Boys 18's Force,SJJVB,18,B18MVNER1NE,Meraki VB 18 1,B18,2026-02-01,,1,False,1.0,-1.0,0.4413784357129261,-0.4413784357129261
B18SJJVB2NE,SMASH Boys 18's Force,SJJVB,18,B18MVPVA1NE,MVP BOS 18 Black,B18,2026-01-31,,1,True,6.0,2.0,0.4624620816681515,0.5375379183318485
B18SJJVB2NE,SMASH Boys 18's Force,SJJVB,18,B18NYCVA1GE,NYC VBA 18 Riverside,B18,2026-01-31,,1,True,11.0,2.0,0.47932322836643965,0.5206767716335603
B18SJJVB2NE,SMASH Boys 18's Force,SJJVB,18,B18PVJVB1NE,PV Boys 18 1,B18,2025-12-21,,1,False,-12.0,-1.0,0.32066078268352605,-0.32066078268352605
B18SJJVB2NE,SMASH Boys 18's Force,SJJVB,18,B18PVJVB1NE,PV Boys 18 1,B18,2026-02-01,,2,False,-7.0,-2.0,0.32066078268352605,-0.32066078268352605
B18SJJVB3NE,SMASH Boys 18's Surge,SJJVB,18,B16SJJVB1NE,SMASH Boys 16-1,MIXED,2025-12-21,,1,False,-9.0,-2.0,0.48648924761782647,-0.48648924761782647
B18SJJVB3NE,SMASH Boys 18's Surge,SJJVB,18,B17RRJVB1NE,Boston United Boys 17 National 1,MIXED,2025-12-20,,1,True,13.0,2.0,0.6301932288642894,0.3698067711357106
B18SJJVB3NE,SMASH Boys 18's Surge,SJJVB,18,B17SJJVB3NE,SMASH Boys 17's Shock,MIXED,2025-12-21,,1,True,24.0,2.0,0.6542963364941939,0.34570366350580606
B18SJJVB3NE,SMASH Boys 18's Surge,SJJVB,18,B18CSJVB1NE,MEVBC/CT STARS 18 1,B18,2026-02-01,,1,True,15.0,2.0,0.7419045740333318,0.25809542596666823
B18SJJVB3NE,SMASH Boys 18's Surge,SJJVB,18,B18HKJVB2NE,Husky 18.2,B18,2026-01-31,,1,True,10.0,2.0,0.6914435303817902,0.3085564696182098
B18SJJVB3NE,SMASH Boys 18's Surge,SJJVB,18,B18LEGIO1XL,TeamLVC Boys 18 Black,B18,2026-01-31,,1,False,-20.0,-2.0,0.6344293013450822,-0.6344293013450822
B18SJJVB3NE,SMASH Boys 18's Surge,SJJVB,18,B18MVPVA1NE,MVP BOS 18 Black,B18,2026-02-01,,1,True,5.0,1.0,0.5726120223641746,0.42738797763582537
B18SJJVB3NE,SMASH Boys 18's Surge,SJJVB,18,B18NYCVA1GE,NYC VBA 18 Riverside,B18,2026-02-01,,1,True,5.0,1.0,0.5890880316009259,0.41091196839907407
B18SJJVB3NE,SMASH Boys 18's Surge,SJJVB,18,B18PVJVB1NE,PV Boys 18 1,B18,2026-01-31,,1,False,4.0,-1.0,0.42365527626451566,-0.42365527626451566
B18SJJVB3NE,SMASH Boys 18's Surge,SJJVB,18,B18PVJVB3NE,PV Boys 18 3,B18,2025-12-20,,1,True,29.0,2.0,0.6734142237617049,0.3265857762382951
B18SJJVB3NE,SMASH Boys 18's Surge,SJJVB,18,B18SAVBC1XL,Sporting Albany Boys 18u,B18,2025-12-20,,1,True,19.0,2.0,0.865665861888873,0.13433413811112704
B18SJVBC1NE,South County Juniors Boys 18's Blue,SJVBC,18,B18CSJVB1NE,MEVBC/CT STARS 18 1,B18,2026-03-14,,1,True,22.0,1.0,0.7726083363656265,0.22739166363437346
B18SJVBC1NE,South County Juniors Boys 18's Blue,SJVBC,18,B18DIGSV1GE,Digs Boys 18 Red,B18,2026-02-08,,1,True,9.0,1.0,0.5851336176109464,0.4148663823890536
B18SJVBC1NE,South County Juniors Boys 18's Blue,SJVBC,18,B18DSTJN1GE,Downstate (N-B) 18 Cobras,B18,2026-02-07,,1,True,17.0,2.0,0.6902267818353732,0.3097732181646268
B18SJVBC1NE,South County Juniors Boys 18's Blue,SJVBC,18,B18HKJVB1NE,Husky 18.1,B18,2026-03-15,,1,True,10.0,2.0,0.5794754500626798,0.42052454993732025
B18SJVBC1NE,South County Juniors Boys 18's Blue,SJVBC,18,B18LCVBC1GE,Legacy Boys 18 National,B18,2026-02-06,,1,True,8.0,1.0,0.5950427054934987,0.4049572945065013
B18SJVBC1NE,South County Juniors Boys 18's Blue,SJVBC,18,B18LEGIO1XL,TeamLVC Boys 18 Black,B18,2026-03-15,,1,True,4.0,1.0,0.6722707258723188,0.32772927412768116
B18SJVBC1NE,South County Juniors Boys 18's Blue,SJVBC,18,B18LHVBC1NE,LHV Boys 18-1 Rafiki,B18,2025-11-23,,1,True,8.0,2.0,0.6238650670670878,0.3761349329329122
B18SJVBC1NE,South County Juniors Boys 18's Blue,SJVBC,18,B18LHVBC1NE,LHV Boys 18-1 Rafiki,B18,2026-02-06,,2,False,-10.0,-2.0,0.6238650670670878,-0.6238650670670878
B18SJVBC1NE,South County Juniors Boys 18's Blue,SJVBC,18,B18LHVBC1NE,LHV Boys 18-1 Rafiki,B18,2026-03-14,,3,True,0.0,1.0,0.6238650670670878,0.3761349329329122
B18SJVBC1NE,South County Juniors Boys 18's Blue,SJVBC,18,B18MCJVB1NE,Mill City 18's,B18,2025-11-22,,1,True,2.0,1.0,0.6190071937045283,0.3809928062954717
B18SJVBC1NE,South County Juniors Boys 18's Blue,SJVBC,18,B18MMVBC1NE,Mayhem 18 1,B18,2025-11-22,,1,True,26.0,2.0,0.6626351215409987,0.3373648784590013
B18SJVBC1NE,South County Juniors Boys 18's Blue,SJVBC,18,B18MVNER1NE,Meraki VB 18 1,B18,2025-11-22,,1,True,16.0,1.0,0.5925672226317359,0.4074327773682641
B18SJVBC1NE,South County Juniors Boys 18's Blue,SJVBC,18,B18MVPVA1NE,MVP BOS 18 Black,B18,2025-11-23,,1,True,11.0,2.0,0.6129485213637471,0.3870514786362529
B18SJVBC1NE,South County Juniors Boys 18's Blue,SJVBC,18,B18MVPVA1NE,MVP BOS 18 Black,B18,2026-02-06,,2,True,11.0,2.0,0.6129485213637471,0.3870514786362529
B18SJVBC1NE,South County Juniors Boys 18's Blue,SJVBC,18,B18NYCIV1GE,NYC Impact 18 National,B18,2026-02-08,,1,False,-2.0,-1.0,0.5406164262884575,-0.5406164262884575
B18SJVBC1NE,South County Juniors Boys 18's Blue,SJVBC,18,B18NYCVA1GE,NYC VBA 18 Riverside,B18,2026-02-07,,1,True,5.0,1.0,0.628877363926234,0.37112263607376605
B18SJVBC1NE,South County Juniors Boys 18's Blue,SJVBC,18,B18UNVBC1NE,Unity 18 Boys National Vikings,B18,2026-02-07,,1,True,16.0,2.0,0.7369232175866026,0.2630767824133974
B18SJVBC1NE,South County Juniors Boys 18's Blue,SJVBC,18,B18VTVBC1NE,VTV 18 1,B18,2026-03-14,,1,True,12.0,2.0,0.7065952360678196,0.2934047639321804
B18SJVBC2NE,South County Juniors Boys 18's Gold,SJVBC,18,B18118281XX,PW-VB Quarter-Zip Elite 67-Matcha,B18,2026-03-15,,1,False,-7.0,-2.0,0.40676533911955476,-0.40676533911955476
B18SJVBC2NE,South County Juniors Boys 18's Gold,SJVBC,18,B18BVJVB1NE,Blast 18 Fire,B18,2026-03-15,,1,False,-15.0,-2.0,0.43536321299117753,-0.43536321299117753
B18SJVBC2NE,South County Juniors Boys 18's Gold,SJVBC,18,B18BVJVB2NE,Blast 18 Blaze,B18,2025-11-22,,1,True,25.0,2.0,0.739922213020062,0.260077786979938
B18SJVBC2NE,South County Juniors Boys 18's Gold,SJVBC,18,B18HKJVB2NE,Husky 18.2,B18,2026-03-14,,1,True,11.0,2.0,0.4887532153061757,0.5112467846938242
B18SJVBC2NE,South County Juniors Boys 18's Gold,SJVBC,18,B18LCVBC2GE,Legacy Boys 18 Premier Anthony,B18,2026-02-08,,1,False,-2.0,-1.0,0.5742780373654415,-0.5742780373654415
B18SJVBC2NE,South County Juniors Boys 18's Gold,SJVBC,18,B18LCVBC5GE,Legacy Boys 18 Premier Billy,B18,2026-02-06,,1,True,25.0,2.0,0.7386879083574767,0.26131209164252334
B18SJVBC2NE,South County Juniors Boys 18's Gold,SJVBC,18,B18LHVBC2NE,LHV Boys 18-2 Blitz,B18,2025-11-22,,1,True,12.0,2.0,0.60923730346051,0.39076269653949003
B18SJVBC2NE,South County Juniors Boys 18's Gold,SJVBC,18,B18MVNER2NE,Meraki VB 18 2,B18,2025-11-23,,1,True,10.0,2.0,0.6569051897498046,0.3430948102501954
B18SJVBC2NE,South County Juniors Boys 18's Gold,SJVBC,18,B18MVPVA2NE,MVP BOS 18 Blue,B18,2025-11-23,,1,True,7.0,1.0,0.5001811594378324,0.49981884056216763
B18SJVBC2NE,South County Juniors Boys 18's Gold,SJVBC,18,B18MVPVA2NE,MVP BOS 18 Blue,B18,2026-02-07,,2,False,-13.0,-2.0,0.5001811594378324,-0.5001811594378324
B18SJVBC2NE,South County Juniors Boys 18's Gold,SJVBC,18,B18NESVC1NE,NE Storm 18 Thunder,B18,2026-03-14,,1,True,15.0,2.0,0.5376109378467867,0.4623890621532133
B18SJVBC2NE,South County Juniors Boys 18's Gold,SJVBC,18,B18NESVC2NE,NE Storm 18 Squall,B18,2025-11-22,,1,True,14.0,1.0,0.6162131308604776,0.3837868691395224
B18SJVBC2NE,South County Juniors Boys 18's Gold,SJVBC,18,B18NESVC2NE,NE Storm 18 Squall,B18,2025-11-23,,2,True,5.0,1.0,0.6162131308604776,0.3837868691395224
B18SJVBC2NE,South County Juniors Boys 18's Gold,SJVBC,18,B18NYCIV2GE,NYC Impact 18 Travel,B18,2026-02-07,,1,False,1.0,-1.0,0.4717993661958626,-0.4717993661958626
B18SJVBC2NE,South County Juniors Boys 18's Gold,SJVBC,18,B18RRJVB1NE,Boston United Boys 18 1,B18,2026-03-14,,1,True,2.0,1.0,0.554381257158361,0.44561874284163905
B18SJVBC2NE,South County Juniors Boys 18's Gold,SJVBC,18,B18SAVBC1XL,Sporting Albany Boys 18u,B18,2026-02-06,,1,True,7.0,2.0,0.7332739733758511,0.2667260266241489
B18SJVBC2NE,South County Juniors Boys 18's Gold,SJVBC,18,B18SLCTD1SC,Selected 18s - Bubba,B18,2026-02-07,,1,False,-15.0,-2.0,0.5767920820602965,-0.5767920820602965
B18SJVBC2NE,South County Juniors Boys 18's Gold,SJVBC,18,B18XTREM2GE,Xtreme 18 National Kelly,B18,2026-02-06,,1,False,-14.0,-2.0,0.41589532228713144,-0.41589532228713144
B18SLCTD1SC,Selected 18s - Bubba,SLCTD,18,B18LCVBC5GE,Legacy Boys 18 Premier Billy,B18,2026-02-07,,1,True,7.0,2.0,0.6747047158531474,0.3252952841468526
B18SLCTD1SC,Selected 18s - Bubba,SLCTD,18,B18MVPVA2NE,MVP BOS 18 Blue,B18,2026-02-06,,1,False,-4.0,-2.0,0.4233848140150583,-0.4233848140150583
B18SLCTD1SC,Selected 18s - Bubba,SLCTD,18,B18ROYAL1NO,Infinity Royals 18N,B18,2026-02-06,,1,False,-18.0,-2.0,0.3469732023059925,-0.3469732023059925
B18SLCTD1SC,Selected 18s - Bubba,SLCTD,18,B18SAVBC1XL,Sporting Albany Boys 18u,B18,2026-02-06,,1,False,4.0,-1.0,0.6685599493783262,-0.6685599493783262
B18SLCTD1SC,Selected 18s - Bubba,SLCTD,18,B18SJVBC2NE,South County Juniors Boys 18's Gold,B18,2026-02-07,,1,True,15.0,2.0,0.4232079179397036,0.5767920820602964
B18SLCTD1SC,Selected 18s - Bubba,SLCTD,18,B18TUSVA1GE,Train Up VB 18 1,B18,2026-02-08,,1,False,-8.0,-2.0,0.43974775403831634,-0.43974775403831634
B18SLCTD1SC,Selected 18s - Bubba,SLCTD,18,B18XTREM2GE,Xtreme 18 National Kelly,B18,2026-02-07,,1,False,-16.0,-2.0,0.3431552144124872,-0.3431552144124872
B18SPTMC2GE,Sportime 18 2,SPTMC,18,B18CORE11GE,CORE Boys 18 Platinum,B18,2026-02-08,,1,True,-1.0,1.0,0.3074122599868259,0.6925877400131741
B18SPTMC2GE,Sportime 18 2,SPTMC,18,B18DIGSV1GE,Digs Boys 18 Red,B18,2026-02-06,,1,False,-9.0,-1.0,0.34276370759379055,-0.34276370759379055
B18SPTMC2GE,Sportime 18 2,SPTMC,18,B18DSTJN1GE,Downstate (N-B) 18 Cobras,B18,2026-02-07,,1,False,-11.0,-2.0,0.451724284207073,-0.451724284207073
B18SPTMC2GE,Sportime 18 2,SPTMC,18,B18LHVBC1NE,LHV Boys 18-1 Rafiki,B18,2026-02-07,,1,True,-1.0,1.0,0.3801527660999447,0.6198472339000554
B18SPTMC2GE,Sportime 18 2,SPTMC,18,B18MVPVA1NE,MVP BOS 18 Black,B18,2026-02-07,,1,False,-14.0,-2.0,0.36931355968346014,-0.36931355968346014
B18SPTMC2GE,Sportime 18 2,SPTMC,18,B18MVPVA1NE,MVP BOS 18 Black,B18,2026-02-08,,2,False,-5.0,-1.0,0.36931355968346014,-0.36931355968346014
B18SPTMC2GE,Sportime 18 2,SPTMC,18,B18NYCVA1GE,NYC VBA 18 Riverside,B18,2026-02-06,,1,False,-16.0,-1.0,0.38521231718099197,-0.38521231718099197
B18SPTMC2GE,Sportime 18 2,SPTMC,18,B18PWRSP1SU,PSA Power 18,B18,2026-02-06,,1,False,-22.0,-2.0,0.27853796602367487,-0.27853796602367487
B18SPTMC3GE,Sportime 18 3,SPTMC,18,B18CAPIT1XL,CSVC 18 HAYSTACK,B18,2026-02-06,,1,False,-12.0,-2.0,0.3214119840986603,-0.3214119840986603
B18SPTMC3GE,Sportime 18 3,SPTMC,18,B18LCVBC2GE,Legacy Boys 18 Premier Anthony,B18,2026-02-07,,1,False,-8.0,-2.0,0.4386217480116856,-0.4386217480116856
B18SPTMC3GE,Sportime 18 3,SPTMC,18,B18LCVBC5GE,Legacy Boys 18 Premier Billy,B18,2026-02-08,,1,True,15.0,2.0,0.6208306412829002,0.3791693587170998
B18SPTMC3GE,Sportime 18 3,SPTMC,18,B18PINVA1GE,PVA Boys 18 National,B18,2026-02-06,,1,False,-11.0,-2.0,0.324209764894283,-0.324209764894283
B18SPTMC3GE,Sportime 18 3,SPTMC,18,B18RRJVB1NE,Boston United Boys 18 1,B18,2026-02-07,,1,False,-12.0,-2.0,0.41880137207429735,-0.41880137207429735
B18SPTMC3GE,Sportime 18 3,SPTMC,18,B18SAVBC1XL,Sporting Albany Boys 18u,B18,2026-02-08,,1,True,11.0,2.0,0.6142500383694517,0.3857499616305483
B18SPTMC3GE,Sportime 18 3,SPTMC,18,B18TUSVA1GE,Train Up VB 18 1,B18,2026-02-06,,1,False,-13.0,-1.0,0.3825704195153961,-0.3825704195153961
B18SPTMC3GE,Sportime 18 3,SPTMC,18,B18VENGE1OV,18 - Lusher,B18,2026-02-07,,1,False,-31.0,-2.0,0.2125908344033576,-0.2125908344033576
B18TTVBC1NE,SLAM 18 1 Boys,TTVBC,18,B17HKJVB2NE,Husky 17.2,MIXED,2026-03-14,,1,False,-13.0,-2.0,0.37318145177036444,-0.37318145177036444
B18TTVBC1NE,SLAM 18 1 Boys,TTVBC,18,B18BVJVB2NE,Blast 18 Blaze,B18,2026-03-15,,1,False,-7.0,-1.0,0.5656146039237402,-0.5656146039237402
B18TTVBC1NE,SLAM 18 1 Boys,TTVBC,18,B18NESVC3NE,NE Storm 18 Tornado,B18,2026-03-14,,1,False,-9.0,-2.0,0.5272272855761093,-0.5272272855761093
B18TTVBC1NE,SLAM 18 1 Boys,TTVBC,18,B18PVJVB4NE,PV Boys 18 4,B18,2026-03-14,,1,False,-8.0,-1.0,0.30389664099925984,-0.30389664099925984
B18TTVBC1NE,SLAM 18 1 Boys,TTVBC,18,B18SAVBC1XL,Sporting Albany Boys 18u,B18,2026-03-15,,1,True,10.0,1.0,0.5571772603597213,0.44282273964027874
B18TTVBC2NE,SLAM 18 2 Boys,TTVBC,18,B18BVJVB2NE,Blast 18 Blaze,B18,2025-11-23,,1,True,22.0,2.0,0.5298289293558768,0.4701710706441232
B18TTVBC2NE,SLAM 18 2 Boys,TTVBC,18,B18MMVBC2NE,Mayhem 18 2,B18,2025-11-22,,1,False,-15.0,-2.0,0.2858686915417195,-0.2858686915417195
B18TTVBC2NE,SLAM 18 2 Boys,TTVBC,18,B18NESVC1NE,NE Storm 18 Thunder,B18,2025-11-22,,1,False,-10.0,-2.0,0.3153168321346642,-0.3153168321346642
B18TTVBC2NE,SLAM 18 2 Boys,TTVBC,18,B18NESVC3NE,NE Storm 18 Tornado,B18,2025-11-23,,1,False,-10.0,-2.0,0.49112437486073013,-0.49112437486073013
B18TTVBC2NE,SLAM 18 2 Boys,TTVBC,18,B18RRJVB2NE,Boston United Boys 18 Select 1,B18,2025-11-22,,1,False,-18.0,-1.0,0.42452989851651896,-0.42452989851651896
B18TUSVA1GE,Train Up VB 18 1,TUSVA,18,B18CAPIT1XL,CSVC 18 HAYSTACK,B18,2026-02-06,,1,False,-10.0,-2.0,0.4332414528842804,-0.4332414528842804
B18TUSVA1GE,Train Up VB 18 1,TUSVA,18,B18LCVBC2GE,Legacy Boys 18 Premier Anthony,B18,2026-02-07,,1,True,6.0,1.0,0.557715288517467,0.442284711482533
B18TUSVA1GE,Train Up VB 18 1,TUSVA,18,B18PINVA1GE,PVA Boys 18 National,B18,2026-02-06,,1,False,-9.0,-2.0,0.4363866724213628,-0.4363866724213628
B18TUSVA1GE,Train Up VB 18 1,TUSVA,18,B18RAPTO1GE,NYC Raptors 18 Black,B18,2026-02-07,,1,False,-11.0,-1.0,0.5198852099144567,-0.5198852099144567
B18TUSVA1GE,Train Up VB 18 1,TUSVA,18,B18RAPTO1GE,NYC Raptors 18 Black,B18,2026-02-08,,2,True,13.0,1.0,0.5198852099144567,0.48011479008554325
B18TUSVA1GE,Train Up VB 18 1,TUSVA,18,B18ROYAL1NO,Infinity Royals 18N,B18,2026-02-08,,1,True,-3.0,1.0,0.40367282168974916,0.5963271783102508
B18TUSVA1GE,Train Up VB 18 1,TUSVA,18,B18RRJVB1NE,Boston United Boys 18 1,B18,2026-02-07,,1,False,-5.0,-1.0,0.537667613542394,-0.537667613542394
B18TUSVA1GE,Train Up VB 18 1,TUSVA,18,B18SLCTD1SC,Selected 18s - Bubba,B18,2026-02-08,,1,True,8.0,2.0,0.5602522459616837,0.43974775403831634
B18TUSVA1GE,Train Up VB 18 1,TUSVA,18,B18SPTMC3GE,Sportime 18 3,B18,2026-02-06,,1,True,13.0,1.0,0.6174295804846038,0.38257041951539617
B18UNVBC1NE,Unity 18 Boys National Vikings,UNVBC,18,B18CORE11GE,CORE Boys 18 Platinum,B18,2026-02-06,,1,False,-15.0,-2.0,0.2999791899426664,-0.2999791899426664
B18UNVBC1NE,Unity 18 Boys National Vikings,UNVBC,18,B18CORE11GE,CORE Boys 18 Platinum,B18,2026-02-07,,2,False,-18.0,-2.0,0.2999791899426664,-0.2999791899426664
B18UNVBC1NE,Unity 18 Boys National Vikings,UNVBC,18,B18CSJVB1NE,MEVBC/CT STARS 18 1,B18,2026-03-15,,1,True,8.0,1.0,0.5481157817643716,0.4518842182356284
B18UNVBC1NE,Unity 18 Boys National Vikings,UNVBC,18,B18DSTJN1GE,Downstate (N-B) 18 Cobras,B18,2026-02-06,,1,False,-12.0,-2.0,0.4430339139380472,-0.4430339139380472
B18UNVBC1NE,Unity 18 Boys National Vikings,UNVBC,18,B18HKJVB1NE,Husky 18.1,B18,2026-03-14,,1,False,-15.0,-2.0,0.3297276019571967,-0.3297276019571967
B18UNVBC1NE,Unity 18 Boys National Vikings,UNVBC,18,B18LEGIO1XL,TeamLVC Boys 18 Black,B18,2026-03-14,,1,False,-15.0,-2.0,0.4227329020690568,-0.4227329020690568
B18UNVBC1NE,Unity 18 Boys National Vikings,UNVBC,18,B18MCJVB1NE,Mill City 18's,B18,2026-03-14,,1,True,8.0,2.0,0.36709460399497,0.6329053960050299
B18UNVBC1NE,Unity 18 Boys National Vikings,UNVBC,18,B18MVPVA1NE,MVP BOS 18 Black,B18,2026-02-08,,1,False,-22.0,-1.0,0.36116425505207794,-0.36116425505207794
B18UNVBC1NE,Unity 18 Boys National Vikings,UNVBC,18,B18NYCIV1GE,NYC Impact 18 National,B18,2026-02-06,,1,False,-10.0,-2.0,0.29583449082674973,-0.29583449082674973
B18UNVBC1NE,Unity 18 Boys National Vikings,UNVBC,18,B18NYCVA1GE,NYC VBA 18 Riverside,B18,2026-02-07,,1,False,-7.0,-2.0,0.3769218543844526,-0.3769218543844526
B18UNVBC1NE,Unity 18 Boys National Vikings,UNVBC,18,B18SJVBC1NE,South County Juniors Boys 18's Blue,B18,2026-02-07,,1,False,-16.0,-2.0,0.2630767824133973,-0.2630767824133973
B18UNVBC1NE,Unity 18 Boys National Vikings,UNVBC,18,B18VTVBC1NE,VTV 18 1,B18,2026-03-15,,1,True,-2.0,1.0,0.4622885347335446,0.5377114652664554
B18VENGE1OV,18 - Lusher,VENGE,18,B18CAPIT1XL,CSVC 18 HAYSTACK,B18,2026-02-07,,1,True,9.0,1.0,0.6369355747448449,0.36306442525515514
B18VENGE1OV,18 - Lusher,VENGE,18,B18CAPIT1XL,CSVC 18 HAYSTACK,B18,2026-02-08,,2,True,8.0,2.0,0.6369355747448449,0.36306442525515514
B18VENGE1OV,18 - Lusher,VENGE,18,B18LCVBC2GE,Legacy Boys 18 Premier Anthony,B18,2026-02-06,,1,True,10.0,2.0,0.7431911338985521,0.25680886610144793
B18VENGE1OV,18 - Lusher,VENGE,18,B18MVPVA2NE,MVP BOS 18 Blue,B18,2026-02-08,,1,True,4.0,2.0,0.6822255782730688,0.31777442172693116
B18VENGE1OV,18 - Lusher,VENGE,18,B18PINVA1GE,PVA Boys 18 National,B18,2026-02-07,,1,True,9.0,2.0,0.6398899823731032,0.36011001762689676
B18VENGE1OV,18 - Lusher,VENGE,18,B18RAPTO1GE,NYC Raptors 18 Black,B18,2026-02-06,,1,True,16.0,2.0,0.7130634302185551,0.2869365697814449
B18VENGE1OV,18 - Lusher,VENGE,18,B18RRJVB1NE,Boston United Boys 18 1,B18,2026-02-06,,1,True,13.0,2.0,0.7274420029144031,0.2725579970855969
B18VENGE1OV,18 - Lusher,VENGE,18,B18SPTMC3GE,Sportime 18 3,B18,2026-02-07,,1,True,31.0,2.0,0.7874091655966424,0.21259083440335758
B18VENGE1OV,18 - Lusher,VENGE,18,B18XTREM2GE,Xtreme 18 National Kelly,B18,2026-02-08,,1,True,14.0,2.0,0.6043556984055322,0.39564430159446784
B18VTVBC1NE,VTV 18 1,VTVBC,18,B18118281XX,PWVolleyball 18 1,B18,2026-01-18,,1,True,-1.0,1.0,0.4409813981866834,0.5590186018133165
B18VTVBC1NE,VTV 18 1,VTVBC,18,B18BVJVB1NE,Blast 18 Fire,B18,2026-01-17,,1,True,11.0,1.0,0.4700786723722802,0.5299213276277198
B18VTVBC1NE,VTV 18 1,VTVBC,18,B18BVJVB1NE,Blast 18 Fire,B18,2026-01-19,,2,False,-15.0,-2.0,0.4700786723722802,-0.4700786723722802
B18VTVBC1NE,VTV 18 1,VTVBC,18,B18CSJVB1NE,MEVBC/CT STARS 18 1,B18,2026-03-14,,1,True,11.0,2.0,0.5852087959209974,0.4147912040790026
B18VTVBC1NE,VTV 18 1,VTVBC,18,B18LHVBC1NE,LHV Boys 18-1 Rafiki,B18,2026-03-14,,1,False,-12.0,-2.0,0.40783594289866093,-0.40783594289866093
B18VTVBC1NE,VTV 18 1,VTVBC,18,B18LHVBC2NE,LHV Boys 18-2 Blitz,B18,2026-01-19,,1,True,5.0,2.0,0.6420518493360273,0.3579481506639727
B18VTVBC1NE,VTV 18 1,VTVBC,18,B18MCJVB1NE,Mill City 18's,B18,2026-03-15,,1,True,8.0,2.0,0.40285855534320403,0.597141444656796
B18VTVBC1NE,VTV 18 1,VTVBC,18,B18NESVC1NE,NE Storm 18 Thunder,B18,2026-01-18,,1,False,-18.0,-2.0,0.5722169426840501,-0.5722169426840501
B18VTVBC1NE,VTV 18 1,VTVBC,18,B18NESVC3NE,NE Storm 18 Tornado,B18,2026-01-17,,1,True,21.0,2.0,0.7370659284157285,0.2629340715842715
B18VTVBC1NE,VTV 18 1,VTVBC,18,B18PVJVB3NE,PV Boys 18 3,B18,2026-01-17,,1,True,7.0,2.0,0.5029925105499469,0.49700748945005313
B18VTVBC1NE,VTV 18 1,VTVBC,18,B18RRJVB2NE,Boston United Boys 18 Select 1,B18,2026-01-18,,1,True,23.0,2.0,0.6818041585541184,0.31819584144588164
B18VTVBC1NE,VTV 18 1,VTVBC,18,B18SJVBC1NE,South County Juniors Boys 18's Blue,B18,2026-03-14,,1,False,-12.0,-2.0,0.29340476393218035,-0.29340476393218035
B18VTVBC1NE,VTV 18 1,VTVBC,18,B18UNVBC1NE,Unity 18 Boys National Vikings,B18,2026-03-15,,1,False,2.0,-1.0,0.5377114652664554,-0.5377114652664554
B18XTREM2GE,Xtreme 18 National Kelly,XTREM,18,B18118281XX,PW-VB Quarter-Zip Elite 67-Matcha,B18,2026-02-06,,1,False,-5.0,-1.0,0.4905743737281952,-0.4905743737281952
B18XTREM2GE,Xtreme 18 National Kelly,XTREM,18,B18118281XX,PW-VB Quarter-Zip Elite 67-Matcha,B18,2026-02-08,,2,True,0.0,1.0,0.4905743737281952,0.5094256262718049
B18XTREM2GE,Xtreme 18 National Kelly,XTREM,18,B18NYCIV2GE,NYC Impact 18 Travel,B18,2026-02-06,,1,False,-5.0,-1.0,0.5564394978909913,-0.5564394978909913
B18XTREM2GE,Xtreme 18 National Kelly,XTREM,18,B18PINVA1GE,PVA Boys 18 National,B18,2026-02-08,,1,True,8.0,2.0,0.5377379246890974,0.4622620753109026
B18XTREM2GE,Xtreme 18 National Kelly,XTREM,18,B18ROYAL1NO,Infinity Royals 18N,B18,2026-02-07,,1,True,3.0,1.0,0.5042234651312966,0.49577653486870343
B18XTREM2GE,Xtreme 18 National Kelly,XTREM,18,B18SAVBC1XL,Sporting Albany Boys 18u,B18,2026-02-07,,1,True,14.0,2.0,0.7942839174488925,0.20571608255110752
B18XTREM2GE,Xtreme 18 National Kelly,XTREM,18,B18SJVBC2NE,South County Juniors Boys 18's Gold,B18,2026-02-06,,1,True,14.0,2.0,0.5841046777128686,0.41589532228713144
B18XTREM2GE,Xtreme 18 National Kelly,XTREM,18,B18SLCTD1SC,Selected 18s - Bubba,B18,2026-02-07,,1,True,16.0,2.0,0.6568447855875128,0.3431552144124872
B18XTREM2GE,Xtreme 18 National Kelly,XTREM,18,B18VENGE1OV,18 - Lusher,B18,2026-02-08,,1,False,-14.0,-2.0,0.3956443015944679,-0.3956443015944679
