team_code,rating,matches_played,wins,losses,model,pool_key,team_name,rank
G16CJVBA6GE,20.200000000000003,1,1,0,massey,,CJVA 16 Red,1
G15LIBER1CH,13.499999999999973,1,0,1,massey,,Libero 15 HUSKIES,2
G16MGJVB1NE,12.199999999999998,1,1,0,massey,,MGA 16's North,3
G16BEVNY3GE,3.199999999999998,1,1,0,massey,,BEV 16 Skyline,4
G15LUNAR5GEX,2.499999999999999,3,3,0,massey,,Lunar 15 1,5
G15CAPVC1GE,-5.499999999999987,1,0,1,massey,,Capitals 15 National,6
G16LUNAR5GEX,-9.800000000000002,4,1,3,massey,,CCC - Hawks 16,7
G15PINVA2GE,-10.499999999999982,1,0,1,massey,,PVA 15 National Peak,8
G16BEVNY4GE,-25.799999999999994,1,0,1,massey,,BEV 16 High Rise,9
B14COQUI1PU,27.127429440534122,8,8,0,massey,B14,BORINQUEN COQUI 14M Pirito,1
B14SJJVB1NE,22.60139552204378,15,14,1,massey,B14,SMASH Boys 14-1,2
B14117901XX,20.91875138438613,7,6,1,massey,B14,Torrimar 14 1,3
B14NEVBC1NE,16.563696300593413,11,10,1,massey,B14,NEVBC Boys 14.1,4
B14CORE11GE,14.493527932767936,8,7,1,massey,B14,CORE Boys 14 Platinum,5
B14TACCU1GE,12.99067991388991,13,10,3,massey,B14,Accuracy 14 Champ,6
B14SAVBC1XL,10.01266893874607,13,9,4,massey,B14,Sporting Albany Boys 14u,7
B14117752XX,6.467841022571149,20,15,5,massey,B14,ValleyVBC Elite Boys,8
B14RRJVB1NE,1.6941838498132815,23,12,11,massey,B14,Boston United Boys 14-1,9
B14LHVBC1NE,-4.5751576062759005,26,12,14,massey,B14,LHV Boys 14-1 Premier,10
B14SPTMC2GE,-5.8503803434149395,7,3,4,massey,B14,Sportime 14 2,11
B14MVPVA1NE,-6.5349673529257855,26,8,18,massey,B14,MVP BOS 14 Black,12
B14CAPIT1XL,-7.921514188417868,22,5,17,massey,B14,CSVC 14 CASCADE,13
B14SJJVB2NE,-10.191238124009908,15,5,10,massey,B14,SMASH Boys 14's Thunder,14
B14HKJVB1NE,-11.815868376704001,8,3,5,massey,B14,Husky 14.1,15
B14CAPIT2XL,-12.647749647371388,18,3,15,massey,B14,CSVC 14 SAWTEETH,16
B14LIFRY1GE,-12.981216866299043,7,2,5,massey,B14,LI Fury 14 1,17
B14LCVBC1GE,-13.653006117089063,8,2,6,massey,B14,Legacy Boys 14 Premier,18
B14SPTMC3GE,-13.787497220304667,8,1,7,massey,B14,Sportime 14 3,19
B14ROCVC1GE,-15.592490558657941,7,2,5,massey,B14,Rockland VBC 14 1,20
B14RRJVB2NE,-17.31908790387522,8,2,6,massey,B14,Boston United Boys 13 Select 1,21
B15SJJVB1NE,14.844131576831202,18,15,3,massey,B15,SMASH Boys 15-1,1
B15RRJVB1NE,14.60259015424409,25,22,3,massey,B15,Boston United Boys 15 National,2
B15NEVBC1NE,12.354477893768777,11,7,4,massey,B15,NEVBC Boys 15.1,3
B15CORE11GE,11.905051040200156,8,6,2,massey,B15,CORE Boys 15 Platinum,4
B15SYRVB1XL,9.445861155439259,2,2,0,massey,B15,SVC 15 1 Boys,5
B15NYCVA1GE,8.935562043462168,13,8,5,massey,B15,NYC VBA 15 Nomad,6
B15MCJVB1NE,8.367744148035026,20,13,7,massey,B15,Mill City 15's,7
B15LIFRY1GE,7.723088703671273,7,5,2,massey,B15,LI Fury 15 1,8
B15CORE12GE,7.71222491060771,7,5,2,massey,B15,CORE Boys 15 Titanium,9
B15ALLIN1FL,7.187170842880399,8,5,3,massey,B15,AVA 15 Boys,10
B15TACCU1GE,3.7754279498058336,13,8,5,massey,B15,Accuracy 15 Champ,11
B15LEGIO1XL,2.7014897716954076,14,10,4,massey,B15,TeamLVC Boys 15 Black,12
B15NYCIV1GE,2.4672191991354016,8,4,4,massey,B15,NYC Impact 15 National,13
B15SJJVB2NE,-1.0082888468897169,15,7,8,massey,B15,SMASH Boys 15 Lightning,14
B15HKJVB1NE,-1.0888565288767171,10,5,5,massey,B15,Husky 15.1,15
B15CAPIT1XL,-3.5285552576138843,21,7,14,massey,B15,CSVC 15 PANTHERS,16
B15LCVBC1GE,-3.8715959766915593,8,3,5,massey,B15,Legacy Boys 15 Premier,17
B15RRJVB2NE,-5.538183373207655,17,4,13,massey,B15,Boston United Boys 15 Select 1,18
B15LHVBC1NE,-5.752495528093448,10,4,6,massey,B15,LHV Boys 15-1 Eclipse,19
B15SAVBC1XL,-5.930166401079059,15,4,11,massey,B15,Sporting Albany Boys 15u,20
B15SPTMC3GE,-7.328303552241956,7,2,5,massey,B15,Sportime 15 3,21
B15SPTMC4GE,-9.40938208900399,8,3,5,massey,B15,Sportime 15 4,22
B15SJVBC1NE,-10.038070627256316,15,4,11,massey,B15,South County Juniors Boys 15 1,23
B15SPTMC5GE,-11.918409534205868,7,2,5,massey,B15,Sportime 15 Lynbrook,24
B15TTVBC1NE,-13.5797224315076,12,2,10,massey,B15,SLAM 15 1 Boys,25
B15DIGSV1GE,-15.390712056426425,7,0,7,massey,B15,Digs Boys 15 Red,26
B15NEVBC3NE,-17.639297186682462,10,1,9,massey,B15,NEVBC Boys 15 Blue,27
B16SJJVB1NE,23.11430723022363,6,6,0,massey,B16,SMASH Boys 16-1,1
B161130588XX,16.82439971690086,8,7,1,massey,B16,NY Strangers 16,2
B16NYCIV2GE,15.768343777596035,8,7,1,massey,B16,NYC Impact 16U Travel,3
B16CORE11GE,15.300393022171594,8,8,0,massey,B16,CORE Boys 16 Platinum,4
B16LEGIO1XL,13.632552538073515,20,19,1,massey,B16,TeamLVC Boys 16 Black,5
B16SYRVB1XL,12.36980035399687,8,7,1,massey,B16,SVC 16 1 Boys,6
B16HKJVB1NE,11.791060472694433,12,8,4,massey,B16,Husky 16.1,7
B16DIGSV1GE,11.574212638274496,7,6,1,massey,B16,Digs Boys 16 Red,8
B16SJJVB2NE,10.02908772842835,16,9,7,massey,B16,SMASH Boys 16's Fire,9
B16NYCVA1GE,9.769248976932124,13,9,4,massey,B16,NYC VBA 16 Hudson,10
B16MCJVB1NE,9.45936642971353,20,15,5,massey,B16,Mill City 16's,11
B16NEVBC1NE,9.424397498351976,10,6,4,massey,B16,NEVBC Boys 16.1,12
B16SAVBC1XL,8.945261771940455,17,13,4,massey,B16,Sporting Albany Boys 16u,13
B16CORE12GE,8.268158363541206,7,4,3,massey,B16,CORE Boys 16 Titanium,14
B16LIFRY1GE,7.421158028148327,7,5,2,massey,B16,LI Fury 16 1,15
B16MVPVA1NE,6.455037980334387,17,7,10,massey,B16,MVP BOS 16 Black,16
B16SPTMC6GE,5.664079226019594,8,3,5,massey,B16,Sportime 16 Lynbrook,17
B16SPTMC3GE,3.899415133576247,8,5,3,massey,B16,Sportime 16 3,18
B16NESVC1NE,3.432431454841282,22,12,10,massey,B16,NE Storm 16 Lightning,19
B16LHVBC1NE,2.9236066811978048,19,11,8,massey,B16,LHV Boys 16-1 Valiants,20
B16TACCU1GE,2.391780609803964,5,3,2,massey,B16,Accuracy 16 Champ,21
B16NEVBC2NE,0.8815355192584549,11,7,4,massey,B16,NEVBC Boys 16.2,22
B16RRJVB1NE,0.8696593071779742,22,8,14,massey,B16,Boston United Boys 16 National 1,23
B16CAPIT1XL,0.6231712040016412,22,16,6,massey,B16,CSVC 16 WOLFJAW,24
B16118971XX,-0.731899851689588,17,12,5,massey,B16,Supreme 16-1,25
B16LCVBC2GE,-0.9315945557023826,7,2,5,massey,B16,Legacy Boys 16 Premier,26
B16LCVBC1GE,-1.5811036024884935,8,1,7,massey,B16,Legacy Boys 16 National,27
B16ALLIN1FL,-3.1780671769898268,8,4,4,massey,B16,AVA 16 Boys,28
B16SJVBC1NE,-3.2575921230475964,17,3,14,massey,B16,South County Juniors Boys 16's Blue,29
B16TTVBC1NE,-3.5169299399193035,22,6,16,massey,B16,SLAM 16 1 Boys,30
B16NESVC2NE,-5.6885759903255195,12,7,5,massey,B16,NE Storm 16 Monsoon,31
B16BVJVB1NE,-5.90921736371415,22,5,17,massey,B16,Blast 16 Inferno,32
B16JHEAT1GE,-6.7648209965525945,5,2,3,massey,B16,CJ HEAT 16-1 Boys,33
B16RRJVB3NE,-7.2467199209884186,20,10,10,massey,B16,Boston United Boys 16 Select 1,34
B16SPTMC4GE,-8.612172422338162,7,1,6,massey,B16,Sportime 16 4,35
B16PVJVB1NE,-8.842336914611234,18,7,11,massey,B16,PV Boys 16 1,36
B16LIFRY2GE,-9.893044074832366,8,2,6,massey,B16,LI Fury 16 2,37
B16HKJVB2NE,-10.51489121125439,10,5,5,massey,B16,Husky 16.2,38
B16MVNER1NE,-10.953719540849194,7,2,5,massey,B16,Meraki VB 16 1,39
B16LHVBC2NE,-12.611361152174597,14,5,9,massey,B16,LHV Boys 16-2 Hunters,40
B16MVPVA2NE,-16.3437171363819,17,1,16,massey,B16,MVP BOS 16 Blue,41
B16NEVBC3NE,-16.47112551192496,10,4,6,massey,B16,NEVBC Boys 16 Blue,42
B16PVJVB2NE,-17.462390819821902,14,7,7,massey,B16,PV Boys 16 2,43
B16MCJVB2NE,-19.066001246371847,20,2,18,massey,B16,Mill City 16 Royal,44
B16BVJVB2NE,-19.28889064985655,20,5,15,massey,B16,Blast 16 Pyro,45
B16NEVBC4NE,-21.966293461363552,10,3,7,massey,B16,NEVBC Boys 16 Orange,46
B17SJJVB1NE,24.24090627298634,6,6,0,massey,B17,SMASH Boys 17-1,1
B17SYRVB1XL,19.054499331905458,8,8,0,massey,B17,SVC 17 1 Boys,2
B17CAPIT1XL,17.36420307767578,16,15,1,massey,B17,CSVC 17 BIG SLIDE,3
B17SJJVB2NE,16.427573121681018,8,6,2,massey,B17,SMASH Boys 17 Chaos,4
B17HKJVB1NE,16.040982892489485,11,9,2,massey,B17,Husky 17.1,5
B17ALLIN1FL,14.569140556144447,8,6,2,massey,B17,AVA 17 Boys,6
B17NYCIV1GE,13.464773086375557,7,6,1,massey,B17,NYC Impact 17U National,7
B17CORE11GE,13.022069804612128,7,5,2,massey,B17,CORE Boys 17 Platinum,8
B17SJJVB3NE,10.738312927103214,7,6,1,massey,B17,SMASH Boys 17's Shock,9
B17LCVBC1GE,8.275165056722082,8,5,3,massey,B17,Legacy Boys 17 National,10
B17RRJVB1NE,8.068353365172468,20,13,7,massey,B17,Boston United Boys 17 National 1,11
B17NEVBC1NE,7.946988275644672,7,3,4,massey,B17,NEVBC Boys 17.1,12
B17TTVBC1NE,6.906616664045981,23,13,10,massey,B17,SLAM 17 1 Boys,13
B17SJVBC1NE,6.474834117474736,17,8,9,massey,B17,South County Juniors Boys 17 1,14
B17NESVC1NE,5.657609235304982,26,19,7,massey,B17,NE Storm 17 Tsunami,15
B17NEVBC2NE,4.854720631336331,10,5,5,massey,B17,NEVBC Boys 17.2,16
B17LHVBC1NE,4.793922273324992,11,7,4,massey,B17,LHV Boys 17-1 Ubuntu,17
B17LIFRY1GE,4.151513773943226,7,4,3,massey,B17,LI Fury 17 1,18
B17MVPVA1NE,3.060926295064436,18,7,11,massey,B17,MVP BOS 17 Black,19
B17PVJVB1NE,3.0555067013943193,15,7,8,massey,B17,PV Boys 17 1,20
B17117902XX,2.898681375320677,9,8,1,massey,B17,Torrimar 17 2,21
B17BVJVB1NE,2.4221053988776933,22,10,12,massey,B17,Blast 17 Ignite,22
B17SPTMC3GE,1.8961447841209946,9,7,2,massey,B17,Sportime 17 3,23
B17SPTMC5GE,1.7391244132409074,7,2,5,massey,B17,Sportime 17 Lynbrook,24
B17ROYAL1NO,-0.5833724901928506,8,4,4,massey,B17,Infinity Royals 17N,25
B17HKJVB2NE,-0.6719625029141012,5,3,2,massey,B17,Husky 17.2,26
B17NYCVA1GE,-0.9722110322083357,14,7,7,massey,B17,NYC VBA 17 Downtown,27
B17MVNER1NE,-1.650365753442504,17,9,8,massey,B17,Meraki VB 17 1,28
B17CSJVB1NE,-2.41716566397838,10,1,9,massey,B17,MEVBC/CT STARS 17 1,29
B17DIGSV1GE,-2.569385161113886,8,2,6,massey,B17,Digs Boys 17 Red,30
B17CAMYV1NE,-3.423912133051855,13,7,6,massey,B17,CYVB 17 1,31
B17TTVBC2NE,-3.927827258395224,22,4,18,massey,B17,SLAM 17 2 Boys,32
B17CAPIT2XL,-5.267428624787448,23,8,15,massey,B17,CSVC 17 SKYLIGHT,33
B17NESVC2NE,-5.369365632291985,23,12,11,massey,B17,NE Storm 17 Landslide,34
B17LCVBC2GE,-5.4624626032818915,7,4,3,massey,B17,Legacy Boys 17 Premier,35
B17RRJVB2NE,-5.561802994458873,24,11,13,massey,B17,Boston United Boys 17 Northeast,36
B17HKJVB3NE,-6.89783129812777,7,3,4,massey,B17,Husky 17.3,37
B17XTREM1GE,-7.311976960362216,8,3,5,massey,B17,Xtreme 17 National Braulio,38
B17RAPTO1GE,-7.710301495314146,7,0,7,massey,B17,NYC Raptors 17 Black,39
B17SPTMC6GE,-7.90827158564066,7,2,5,massey,B17,Sportime 17 Lynbrook 2,40
B17RIVAL1GE,-8.083672179554993,7,3,4,massey,B17,Rival 17’s,41
B17MVPVA2NE,-9.147307757863587,19,9,10,massey,B17,MVP BOS 17 Blue,42
B17PVJVB2NE,-9.324725275514142,19,11,8,massey,B17,PV Boys 17 2,43
B17MMVBC1NE,-10.499100665778666,10,7,3,massey,B17,Mayhem 17 1,44
B17NESVC3NE,-12.143759467665872,18,7,11,massey,B17,NE Storm 17 Wildfire,45
B17HKJVB4NE,-13.278249403447504,10,5,5,massey,B17,Husky 17.4,46
B17PVJVB3NE,-13.7844238863162,19,8,11,massey,B17,PV Boys 17 3,47
B17SPTMC4GE,-13.97923486770481,7,1,6,massey,B17,Sportime 17 4,48
B17RRJVB3NE,-17.622610939972883,23,6,17,massey,B17,Boston United Boys 17 Select 1,49
B17LHVBC2NE,-18.684867505579014,17,3,14,massey,B17,LHV Boys 17-2 Boom,50
B17MVNER2NE,-22.871078293001993,15,2,13,massey,B17,Meraki VB 17 2,51
B18SJJVB1NE,26.83611008601866,6,6,0,massey,B18,SMASH Boys 18-1,1
B18NEVBC1NE,20.76387238418797,6,5,1,massey,B18,NEVBC Boys 18.1,2
B18SJVBC1NE,16.47286614912868,18,16,2,massey,B18,South County Juniors Boys 18's Blue,3
B18PWRSP1SU,15.7372876782925,8,6,2,massey,B18,PSA Power 18,4
B18LEGIO1XL,15.580983988281389,14,11,3,massey,B18,TeamLVC Boys 18 Black,5
B18NYCIV1GE,13.697880039638232,8,6,2,massey,B18,NYC Impact 18 National,6
B18CORE11GE,13.36015428107505,7,4,3,massey,B18,CORE Boys 18 Platinum,7
B18VENGE1OV,12.113581279797959,9,9,0,massey,B18,18 - Lusher,8
B18PVJVB1NE,12.05390256699308,8,4,4,massey,B18,PV Boys 18 1,9
B18SJJVB2NE,11.152196905925804,8,4,4,massey,B18,SMASH Boys 18's Force,10
B18HKJVB1NE,11.008594235488768,10,6,4,massey,B18,Husky 18.1,11
B18SJJVB3NE,10.85481841845736,8,6,2,massey,B18,SMASH Boys 18's Surge,12
B18DIGSV1GE,10.612122469298408,7,4,3,massey,B18,Digs Boys 18 Red,13
B18MVNER1NE,10.088829283265241,10,6,4,massey,B18,Meraki VB 18 1,14
B18LCVBC1GE,9.913915657457,8,3,5,massey,B18,Legacy Boys 18 National,15
B18MVPVA1NE,8.63789198265823,19,10,9,massey,B18,MVP BOS 18 Black,16
B18LHVBC1NE,7.849442134671981,22,11,11,massey,B18,LHV Boys 18-1 Rafiki,17
B18NYCVA1GE,7.48442713467527,12,4,8,massey,B18,NYC VBA 18 Riverside,18
B18315VB1XL,6.99886522217645,4,4,0,massey,B18,315VB 18 USA,19
B18CAPIT1XL,6.468195589868092,23,19,4,massey,B18,CSVC 18 HAYSTACK,20
B18MMVBC1NE,4.96795934897103,10,4,6,massey,B18,Mayhem 18 1,21
B18XTREM2GE,4.893441684290439,9,6,3,massey,B18,Xtreme 18 National Kelly,22
B18ROYAL1NO,4.605516048819822,8,4,4,massey,B18,Infinity Royals 18N,23
B18PVJVB2NE,4.1046271495857045,17,11,6,massey,B18,PV Boys 18 2,24
B18MCJVB1NE,3.474421115384654,19,5,14,massey,B18,Mill City 18's,25
B18BVJVB1NE,3.2591116103208306,22,11,11,massey,B18,Blast 18 Fire,26
B18DSTJN1GE,2.8185153158988667,7,3,4,massey,B18,Downstate (N-B) 18 Cobras,27
B18118281XX,2.6466406620084024,19,15,4,massey,B18,PW-VB Quarter-Zip Elite 67-Matcha,28
B18PINVA1GE,2.3158992977095725,7,4,3,massey,B18,PVA Boys 18 National,29
B18VTVBC1NE,1.4938606153164464,13,8,5,massey,B18,VTV 18 1,30
B18NYCIV2GE,1.0294245539929894,7,4,3,massey,B18,NYC Impact 18 Travel,31
B18HKJVB2NE,-0.12825317049958507,10,4,6,massey,B18,Husky 18.2,32
B18SPTMC2GE,-0.4827833775964452,8,2,6,massey,B18,Sportime 18 2,33
B18SJVBC2NE,-0.8950895960897007,18,11,7,massey,B18,South County Juniors Boys 18's Gold,34
B18MVPVA2NE,-0.9074394572431395,18,11,7,massey,B18,MVP BOS 18 Blue,35
B18MMVBC2NE,-1.0752739666954358,10,8,2,massey,B18,Mayhem 18 2,36
B18UNVBC1NE,-1.0818676730823515,12,3,9,massey,B18,Unity 18 Boys National Vikings,37
B18NESVC1NE,-1.3929212324367928,22,15,7,massey,B18,NE Storm 18 Thunder,38
B18TUSVA1GE,-2.0443273021273334,9,5,4,massey,B18,Train Up VB 18 1,39
B18HKJVB3NE,-2.7459752581558643,10,5,5,massey,B18,Husky 18.3,40
B18RAPTO1GE,-3.400641791021489,7,2,5,massey,B18,NYC Raptors 18 Black,41
B18LHVBC2NE,-3.9585314558876643,16,7,9,massey,B18,LHV Boys 18-2 Blitz,42
B18NEVBC2NE,-4.3204559372552,11,5,6,massey,B18,NEVBC Boys 18.2,43
B18CSJVB1NE,-4.3721612156091005,10,1,9,massey,B18,MEVBC/CT STARS 18 1,44
B18RRJVB1NE,-4.617049081822087,24,11,13,massey,B18,Boston United Boys 18 1,45
B18LCVBC2GE,-5.996465018449154,8,2,6,massey,B18,Legacy Boys 18 Premier Anthony,46
B18NESVC2NE,-6.1667823413629,17,9,8,massey,B18,NE Storm 18 Squall,47
B18SLCTD1SC,-6.171853678210788,7,2,5,massey,B18,Selected 18s - Bubba,48
B18MVNER2NE,-8.314561701725303,15,8,7,massey,B18,Meraki VB 18 2,49
B18PVJVB3NE,-9.168459867417585,14,7,7,massey,B18,PV Boys 18 3,50
B18SPTMC3GE,-10.201905295018571,8,2,6,massey,B18,Sportime 18 3,51
B18SAVBC1XL,-10.249784071422708,15,5,10,massey,B18,Sporting Albany Boys 18u,52
B18PVJVB4NE,-10.503314101996233,17,9,8,massey,B18,PV Boys 18 4,53
B18RRJVB2NE,-11.494042789497286,22,6,16,massey,B18,Boston United Boys 18 Select 1,54
B18NEVBC3NE,-15.73432484029101,9,1,8,massey,B18,NEVBC Boys 18 Blue,55
B18NESVC3NE,-16.07342104879079,18,6,12,massey,B18,NE Storm 18 Tornado,56
B18LHVBC3NE,-16.143035542014495,12,3,9,massey,B18,LHV Boys 18-3 Thunder,57
B18TTVBC2NE,-16.678546843255777,5,1,4,massey,B18,SLAM 18 2 Boys,58
B18TTVBC1NE,-18.295898600267076,4,1,3,massey,B18,SLAM 18 1 Boys,59
B18LCVBC5GE,-18.605293053702965,7,0,7,massey,B18,Legacy Boys 18 Premier Billy,60
B18GEVBC1NE,-19.47697537158367,5,0,5,massey,B18,Generations vbc 18 1,61
B18BVJVB2NE,-22.35707517885853,20,2,18,massey,B18,Blast 18 Blaze,62
B18SGHVB1NE,-30.24084503026795,5,0,5,massey,B18,Starlings GH 18 1 Boys,63
G12LIBER1CH,36.486475715254855,8,8,0,massey,G12,Libero 12 Huskies,1
G12GGVOL1GE,27.74585887103707,7,6,1,massey,G12,GG 12 1,2
G12NYCJR1GE,25.43258622071672,6,4,2,massey,G12,NYC Juniors 12 Blue,3
G12118021XX,24.67620078426379,9,6,3,massey,G12,NYCLBVC 12U BLUE,4
G12ROCKA1GE,23.62058091150567,7,5,2,massey,G12,RVT 12-1 Surf,5
G12NYCJR2GE,20.953824293484907,8,6,2,massey,G12,NYC Juniors 12 Orange,6
G12HKJVB1NE,20.521413570990422,3,3,0,massey,G12,Husky 12 Red,7
G12AVVBC1NE,17.037949001102064,12,12,0,massey,G12,Avidity 12 Ruby,8
G12LCVBC1GE,16.42908242488704,9,6,3,massey,G12,Legacy 12 Premier,9
G12MGJVB1NE,16.350112665818997,5,5,0,massey,G12,MGA 12's Black,10
G12GRVBC1NE,14.149235239415836,9,5,4,massey,G12,GVC 12-1,11
G12SJJVB1NE,13.39129591443642,5,5,0,massey,G12,SMASH 12s,12
G12ROCKA2GE,12.501569711330152,7,4,3,massey,G12,RVT 12-2 Swim,13
G12HKJVB2NE,12.021413570990395,3,2,1,massey,G12,Husky 12 Black,14
G12CACLI2GE,10.842700495720482,7,3,4,massey,G12,CALI 12 Blue,15
G12EYNER1NE,9.121936158752293,11,8,3,massey,G12,ENVY 12 1 LavaFlow,16
G12NEVBC1NE,8.801516853970305,7,3,4,massey,G12,Northeast 12.1,17
G12ROCKA3GE,7.821179479935162,6,2,4,massey,G12,RVT 12-3 Sail,18
G12LHVBA1GE,6.342608103862603,5,3,2,massey,G12,LHVA 12 Purple Travel,19
G12SJJVB2NE,5.858758542450493,9,5,4,massey,G12,SMASH 12s Energy,20
G12LDNER1NE,4.739999133311416,7,4,3,massey,G12,Lockdown VBC 12 SandPipers,21
G12MCJVB1NE,4.442025333424146,11,9,2,massey,G12,Mill City 12's,22
G12LHVBC1NE,2.3273409662639004,9,3,6,massey,G12,LHV Girls 12-1 Spark,23
G12SSVBC1NE,0.9307602106863537,12,10,2,massey,G12,SSVBC 12 1,24
G12AVVBC2NE,-2.0071244336326663,17,12,5,massey,G12,Avidity 12 Jade,25
G12VERSE1GE,-2.067826709533804,6,2,4,massey,G12,NYC Volley Verse 12 1,26
G12TCJVB1NE,-2.3627573116655096,10,8,2,massey,G12,Nova 12 Select Brie/Ryleigh,27
G12SJJVB3NE,-3.9593245232241103,11,7,4,massey,G12,SMASH 12's Volts,28
G12113231XX,-5.7494509226606745,11,7,4,massey,G12,EliteZ 12 GIRLS BLACK,29
G12RRJVB1NE,-5.934767415002255,10,4,6,massey,G12,Boston United 12 Select,30
G12LFJVB1NE,-6.686264866971786,5,2,3,massey,G12,603 United 12 Seacoast Silver,31
G12CJVBA3GE,-7.073808086866347,7,2,5,massey,G12,CJVA 12 Red,32
G12PROVA1GE,-9.504365061362575,8,4,4,massey,G12,Prodigy 12.1 Club,33
G12BEVNY1GE,-10.749594370507058,7,2,5,massey,G12,BEV 12 Elite,34
G12TTVBC2NE,-11.679294123418485,10,7,3,massey,G12,SLAM 12R Red,35
G12CMJVB1NE,-12.844513602507197,16,6,10,massey,G12,CMASS EDGE 12 White,36
G12GRVBC2NE,-12.878535352271005,10,3,7,massey,G12,GVC 12-2 Diamonds,37
G12SURGE1GE,-13.298304612503687,7,0,7,massey,G12,LI Surge 12 1,38
G12MAJVB1NE,-13.304336463148625,6,3,3,massey,G12,Mass Premier 12 1,39
G12CSJVB1NE,-17.297471471682428,11,0,11,massey,G12,CT STARS 12-1,40
G12112721XX,-18.310970890084153,21,5,16,massey,G12,X2 Volleyball 12 1,41
G12LDNER2NE,-18.78470191275184,21,5,16,massey,G12,Lockdown VBC 12 Puffins,42
G12PROVA2GE,-18.952807796656653,8,3,5,massey,G12,Prodigy 12.2 Club,43
G12HRJVB1NE,-19.02005509343892,10,3,7,massey,G12,HardRock 12,44
G12NSJVB1NE,-20.19513183258173,10,4,6,massey,G12,NH Seacoast 12 USA,45
G12RRJVB2NE,-20.77905027540909,9,3,6,massey,G12,Boston United 12 Sapphire,46
G12CMJVB2NE,-21.173682133652314,15,2,13,massey,G12,CMASS EDGE 12 Gray,47
G12113232XX,-29.854561860091763,6,1,5,massey,G12,EliteZ 12 GIRLS CARBON,48
G12TTVBC3NE,-38.07772305198698,10,0,10,massey,G12,SLAM 12R White,49
G13NYCJR1GE,38.027489602665206,12,10,2,massey,G13,NYC Juniors 13 National,1
G13FGSVA1FL,34.897429968208876,9,8,1,massey,G13,Gulfside 13U Prime,2
G13APXTC1OV,34.882774820380305,7,6,1,massey,G13,Apex VBTC 13 Apex Red,3
G13NEVBC1NE,34.354470034069436,21,17,4,massey,G13,Northeast 13.1,4
G13SOSVB1GE,32.96841157180663,5,3,2,massey,G13,Sideout 13N Carly,5
G13CSJVB1NE,31.23316006877881,13,11,2,massey,G13,CT STARS 13s Lidania,6
G13ROCKA1GE,30.916454009569378,8,5,3,massey,G13,RVT 13-1 Surf,7
G13LIBER1CH,30.29531883593053,8,7,1,massey,G13,Libero 13 HUSKIES,8
G13SJJVB1NE,29.78013315156725,10,5,5,massey,G13,SMASH 13s,9
G13NYCJR2GE,25.798232175791277,9,7,2,massey,G13,NYC Juniors 13 Travel,10
G13GRVBC1NE,25.00935052799681,12,8,4,massey,G13,GVC 13-1,11
G13LDNER1NE,23.351853679475578,5,5,0,massey,G13,Lockdown VBC 13 Kiwis,12
G13CMJVB1NE,22.31098370783956,11,11,0,massey,G13,CMASS EDGE 13 Blue,13
G131175910XX,21.448674107394847,7,4,3,massey,G13,Bucaneras AVC 13U,14
G13CACLI1GE,20.215594639347387,5,2,3,massey,G13,CALI 13 Black,15
G13RRJVB1NE,18.350028951335183,35,23,12,massey,G13,Boston United 13 National,16
G13SJJVB2NE,18.303759199028285,6,5,1,massey,G13,SMASH 13's Thunder,17
G13SPAVB1XL,18.084924890411706,18,9,9,massey,G13,Spa City 13 Aqua,18
G13DSTJN1GE,17.452504274900114,7,5,2,massey,G13,Downstate (N) 13 Cobras,19
G13ROCKA2GE,17.328968020361383,7,4,3,massey,G13,RVT 13-2 Swim,20
G13HKJVB1NE,17.037282353300622,6,5,1,massey,G13,Husky 13 Red,21
G13NEVBC2NE,15.249325447593403,20,15,5,massey,G13,Northeast 13.2,22
G13MCJVB1NE,14.449510341801684,15,6,9,massey,G13,Mill City 13's,23
G13LFJVB1NE,14.421080779764319,23,22,1,massey,G13,603 United 13 Seacoast White,24
G13GAJVB1NE,14.19718701366585,5,3,2,massey,G13,Gators 13 Black,25
G13LCVBC1GE,12.921453501714897,8,6,2,massey,G13,Legacy 13 National,26
G13NYCLI1GE,12.715785658940625,8,3,5,massey,G13,NYCLI 13 Elite,27
G13MAJVB1NE,12.487844163336371,11,7,4,massey,G13,Mass Premier 13 1,28
G13BEVNY1GE,12.154418991809658,7,2,5,massey,G13,BEV 13 Empire,29
G13CACLI2GE,11.861998308639876,14,12,2,massey,G13,CALI 13 BLUE,30
G13NYCVA2GE,11.52220682280057,7,3,4,massey,G13,NYC VBA 13 West Village,31
G13118022XX,10.590229903522637,7,4,3,massey,G13,NYCLBVC 13U WHITE,32
G13LEGIO1XL,7.794993241149662,11,2,9,massey,G13,TeamLVC 13 Black,33
G13DRVBC1NE,7.218347640080201,6,3,3,massey,G13,Dragons 13 1 A/V,34
G13SURGE1GE,6.652087771087402,12,5,7,massey,G13,LI Surge 13 Premier Blue,35
G13NYCVA1GE,6.087228511085197,8,6,2,massey,G13,NYC VBA 13 Tribeca,36
G13SJVBC1NE,5.908764877935893,5,1,4,massey,G13,South County 13's Stingrays,37
G13CACLI3GE,5.683905842562566,12,5,7,massey,G13,CALI 13 Red,38
G13LHVBA1GE,5.55512295202609,7,5,2,massey,G13,LHVA 13 Purple Travel,39
G13LHVBC1NE,4.515202075327899,5,3,2,massey,G13,LHV Girls 13-1 Wondercatz,40
G13118021XX,3.9999999999999805,1,1,0,massey,G13,NYCLBVC 13U BLUE,41
G13HKJVB2NE,2.9697567496161774,5,3,2,massey,G13,Husky 13 Black,42
G13TTVBC1NE,2.425901725550979,26,14,12,massey,G13,SLAM 13P Black,43
G13113231XX,1.9728425907634062,29,19,10,massey,G13,EliteZ 13 GIRLS HP BLACK,44
G13GRVBC2NE,0.8402968749060751,14,8,6,massey,G13,GVC 13-2,45
G13LDNER2NE,0.838050450963074,16,8,8,massey,G13,Lockdown VBC 13 Sparrows,46
G13LCVBC2GE,0.4818547298780613,8,3,5,massey,G13,Legacy 13 Premier,47
G13HEVBA1NE,-1.064339850399067,16,6,10,massey,G13,HEVBA 13 1,48
G13MGJVB3NE,-1.6896774104984407,10,6,4,massey,G13,MGA 13's Stars,49
G13LFJVB2NE,-2.403938176854023,17,10,7,massey,G13,603 United 13 Seacoast Blue,50
G13CJJVB1NE,-2.467573936079832,11,4,7,massey,G13,CT Juniors 13 National,51
G13PROVA2GE,-3.2781578351778133,6,6,0,massey,G13,Prodigy 13.2 Club,52
G13AVVBC1NE,-3.3660143249358505,16,7,9,massey,G13,Avidity 13 Ruby,53
G13CSJVB2NE,-3.4100459006789983,5,3,2,massey,G13,CT STARS 13s Gabby,54
G13SURGE2GE,-3.6227168028848427,14,6,8,massey,G13,LI Surge 13 Premier White,55
G13RRJVB2NE,-3.651788945512812,16,10,6,massey,G13,Boston United 13 Select - Brittany,56
G14LUNAR5GEX,-3.9999999999999822,1,0,1,massey,G13,CCC - Hawks 14,57
G13CMJVB2NE,-5.211346105138524,21,11,10,massey,G13,CMASS EDGE 13 White,58
G13TRICO1GE,-5.606510564668518,8,2,6,massey,G13,TriCounty ATTACK 13 1,59
G13LHVBC2NE,-5.963989429498724,10,5,5,massey,G13,LHV Girls 13-2 Novas,60
G13TTVBC2NE,-6.129367954687865,21,11,10,massey,G13,SLAM 13P Red,61
G13ROCKA3GE,-6.243532786032396,7,2,5,massey,G13,RVT 13-3 Sail,62
G13MGJVB4NE,-7.237625968472566,10,3,7,massey,G13,MGA 13's Stripes,63
G13GGVOL1GE,-7.521544942471814,8,3,5,massey,G13,GG 13 1,64
G13VERSE2GE,-7.665594148111165,7,0,7,massey,G13,NYC Volley Verse 13 SI,65
G13RRJVB3NE,-7.744032401003063,16,10,6,massey,G13,Boston United 13 Select - Gil,66
G13BVJVB1NE,-8.674903723781831,9,4,5,massey,G13,Blast 13U Dragons,67
G13MNJVB1NE,-9.249535721722449,6,3,3,massey,G13,Maine Jrs 13 Silver,68
G13TRICO2GE,-9.850217684766951,8,2,6,massey,G13,TriCounty ATTACK 13 2,69
G13NSJVB1NE,-10.45005336912013,23,6,17,massey,G13,NH Seacoast 13 National,70
G13TTVBC3NE,-11.267392145284909,11,7,4,massey,G13,SLAM 13R White,71
G13CJVBA5GE,-11.826653559182457,7,2,5,massey,G13,CJVA 13 Ruby,72
G13LDNER3NE,-12.304425214166702,15,6,9,massey,G13,Lockdown VBC 13 Robins,73
G13NEVBC3NE,-13.108685735401941,16,7,9,massey,G13,Northeast 13 Blue,74
G13TCJVB1NE,-13.23497223062829,15,6,9,massey,G13,Nova 13 Premier Cas,75
G13EYNER1NE,-13.996031382164459,15,4,11,massey,G13,ENVY 13 HEATWAVE,76
G13TTVBC6NE,-14.372361452769276,11,7,4,massey,G13,SLAM 13R Crimson,77
G13VERSE1GE,-15.822199838461204,7,0,7,massey,G13,NYC Volley Verse 13 1,78
G13LEGIO2XL,-15.942283698897644,4,0,4,massey,G13,TeamLVC 13 Pink,79
G13RRJVB4NE,-17.077261182609597,16,7,9,massey,G13,Boston United 13 Sapphire,80
G13SURGE4GE,-20.279691139907555,7,0,7,massey,G13,LI Surge 13 3,81
G13AVVBC2NE,-20.364175777778485,18,5,13,massey,G13,Avidity 13 Jade,82
G13SURGE3GE,-20.77843197773575,7,0,7,massey,G13,LI Surge 13 2,83
G13EYNER2NE,-22.281371556532157,16,3,13,massey,G13,ENVY 13 NOR'EASTER,84
G13SJVBC2NE,-22.674784399719247,5,1,4,massey,G13,South County 13's Scorpions,85
G13MAJVB2NE,-23.079041703130336,6,1,5,massey,G13,Mass Premier 13 2,86
G13PROVA3GE,-26.847811203642227,5,1,4,massey,G13,Prodigy 13.3 Club,87
G13LHVBA2GE,-27.490754852843864,5,0,5,massey,G13,LHVA 13 Black Travel,88
G13RRJVB5NE,-28.476681627431507,16,6,10,massey,G13,Boston United 13 Steel,89
G13GAJVB2NE,-28.487881410091553,11,3,8,massey,G13,Gators 13 Green,90
G13TTVBC5NE,-29.749757696932832,11,3,8,massey,G13,SLAM 13R Silver,91
G13MGJVB5NE,-31.86562259513582,6,0,6,massey,G13,MGA 13's Black,92
G13SJVBC3NE,-33.741952848787534,5,0,5,massey,G13,South County 13's Sharks,93
G13113232XX,-34.40333231918819,11,1,10,massey,G13,EliteZ 13 GIRLS CARBON,94
G13MAPVB3NE,-35.64949453971165,6,2,4,massey,G13,Mass Power VB 13 Pink,95
G13MGJVB6NE,-37.925776997957485,6,1,5,massey,G13,MGA 13's White,96
G13TTVBC4NE,-38.011858488091235,11,1,10,massey,G13,SLAM 13R Grey,97
G14FGSVA1FL,45.453347900517485,9,8,1,massey,G14,Gulfside 14U Prime,1
G14SOSVB1GE,40.75227026368244,6,5,1,massey,G14,Sideout 14N Jeff,2
G14NYCJR1GE,39.02678690461675,13,11,2,massey,G14,NYC Juniors 14 National,3
G14NEVBC1NE,37.73518412423833,20,17,3,massey,G14,Northeast 14.1,4
G14ROCKA1GE,34.83198560341321,8,7,1,massey,G14,RVT 14-1 Surf,5
G14GRVBC1NE,34.498951943902526,8,6,2,massey,G14,GVC 14-Black,6
G14SJJVB1NE,33.78884158908848,11,6,5,massey,G14,SMASH 14s,7
G14HKJVB1NE,32.97091558645456,10,7,3,massey,G14,Husky 14 National,8
G14LDNER1NE,31.948342445345418,11,11,0,massey,G14,Lockdown VBC 14 Mockingjays,9
G14117971XX,31.556532802553615,7,6,1,massey,G14,14U BPR 14 1,10
G14CACLI1GE,31.526504627629798,5,2,3,massey,G14,CALI 14 Black,11
G14ROCKA2GE,29.926663616002962,8,6,2,massey,G14,RVT 14-2 Swim,12
G14FGSVA2FL,28.55569949933239,9,7,2,massey,G14,Gulfside 14U Select,13
G14NYCJR2GE,27.661736327680536,7,4,3,massey,G14,NYC Juniors 14 Blue,14
G14NEVBC2NE,26.118735692733967,17,15,2,massey,G14,Northeast 14.2,15
G14APXTC1OV,26.025848114039754,8,6,2,massey,G14,Apex VBTC 14 Apex Red,16
G14SJJVB2NE,24.998703590621187,5,4,1,massey,G14,SMASH 14s Fire,17
G14OCEAN1GE,24.99646814338026,8,4,4,massey,G14,Ocean Volleyball 14 National,18
G14NYCJR5GE,24.675418089588973,8,4,4,massey,G14,NYC Juniors 14 Brooklyn,19
G14LCVBC1GE,23.766952825579647,7,3,4,massey,G14,Legacy 14 National,20
G14MOMET2FL,23.667827649783362,10,9,1,massey,G14,Momentum 14 Neon,21
G14ROCKA3GE,23.187445467969273,9,8,1,massey,G14,RVT 14-3 Sail,22
G14MNJVB1NE,21.04338990315322,12,12,0,massey,G14,Maine Jrs 14-Gold,23
G14SPAVB1XL,20.505228323304465,19,8,11,massey,G14,Spa City 14 Aqua,24
G14ATLAN2GE,19.83535591409667,7,4,3,massey,G14,AVA 14 Premier 1,25
G14MCJVB1NE,19.828354518582437,14,10,4,massey,G14,Mill City 14's,26
G14GRVBC2NE,18.648428923405806,12,8,4,massey,G14,GVC 14-Blue,27
G14LFJVB2NE,17.60356344699915,20,16,4,massey,G14,603 United 14 Seacoast White,28
G14LDNER2NE,17.385021205134986,14,12,2,massey,G14,Lockdown VBC 14 Orioles,29
G14LHVBA1GE,17.35248067475408,7,5,2,massey,G14,LHVA 14 Purple National,30
G14LEGIO1XL,16.632353515063013,17,7,10,massey,G14,TeamLVC 14 Black,31
G14TTVBC1NE,16.544009780241254,26,21,5,massey,G14,SLAM 14P Black,32
G14NYCJR3GE,16.487530329911483,7,6,1,massey,G14,NYC Juniors 14 Orange,33
G14CMJVB1NE,16.248719738864335,11,2,9,massey,G14,CMASS EDGE 14 Black,34
G14NYCVA1GE,15.857834984582523,8,3,5,massey,G14,NYC VBA 14 Chelsea,35
G14SJVBC1NE,15.29981039630103,5,2,3,massey,G14,South County 14-Blue,36
G14NYCLI1GE,15.04356959818247,7,3,4,massey,G14,NYCLI 14 Elite,37
G14HKJVB2NE,14.393793038707631,8,5,3,massey,G14,Husky 14 Northeast,38
G14HRJVB1NE,14.349559837989023,9,9,0,massey,G14,HardRock 14,39
G14LFJVB1NE,14.2509728648004,19,9,10,massey,G14,603 United 14 Seacoast Black,40
G14RRJVB1NE,13.238375974505315,25,14,11,massey,G14,Boston United 14 National,41
G14DDVBC4NE,12.985671262360086,30,17,13,massey,G14,Dig Deep 14 Stars,42
G14MXVBC1NE,12.889719900064032,14,10,4,massey,G14,Max Performance 14 Jaz,43
G14NEVBC3NE,12.379014908036675,24,15,9,massey,G14,Northeast 14 Blue,44
G14GREEN1GE,12.25184557088236,7,5,2,massey,G14,Asphalt Green VBC 14-Green,45
G14CMJVB2NE,11.89578642654389,10,7,3,massey,G14,CMASS EDGE 14 Blue,46
G14MGJVB1NE,9.819235674150057,10,7,3,massey,G14,MGA 14's Gold,47
G14MGJVB4NE,9.75122545035444,11,9,2,massey,G14,MGA 14's Red,48
G14MGJVB2NE,9.588557240265716,10,7,3,massey,G14,MGA 14's Silver,49
G14TRICO2GE,9.11609586262602,9,5,4,massey,G14,TriCounty ATTACK 14 2,50
G14NYCIV1GE,8.97766759065916,7,3,4,massey,G14,NYC Impact 14U Black,51
G14GAJVB1NE,8.853412445534039,5,4,1,massey,G14,Gators 14 Black,52
G14BEVNY1GE,8.429743998319363,7,2,5,massey,G14,BEV 14 Empire,53
G14DIGSV1GE,8.342984425480573,7,1,6,massey,G14,Digs 14 RED,54
G14118021XX,7.569727442471826,7,4,3,massey,G14,NYCLBVC 14U BLUE,55
G14118022XX,7.538808162756756,7,3,4,massey,G14,NYCLBVC 14U WHITE,56
G14LHVBC2NE,7.3684258663293445,5,3,2,massey,G14,LHV Girls 14-2 Blast,57
G14DIGSV2GE,7.348588026556054,8,3,5,massey,G14,Digs 14 WHITE,58
G14HKJVB3NE,6.944149294560581,8,4,4,massey,G14,Husky 14 New England Red,59
G14LUNAR5GEX,6.783610119004816,7,4,3,massey,G14,CCC - Hawks 14,60
G14CJJVB1NE,5.761587847889437,10,2,8,massey,G14,CT Juniors 14 National,61
G14SPAVB2XL,4.939938618610071,5,3,2,massey,G14,Spa City 14 Coral,62
G14SJVBC2NE,4.694338897436905,5,3,2,massey,G14,South County 14-Gold,63
G14AVVBC1NE,4.2998336295384085,20,9,11,massey,G14,Avidity 14 Ruby,64
G14CSJVB1NE,4.279613308652037,5,3,2,massey,G14,CT STARS 14s Victoria,65
G14LDNER3NE,4.103934772060764,16,10,6,massey,G14,Lockdown VBC 14 Herons,66
G14NYCVA2GE,3.9736023493653354,7,3,4,massey,G14,NYC VBA 14 Noho,67
G14RENAS1KE,3.897707975453298,7,4,3,massey,G14,Renaissance 14 Black,68
G14CACLI5GE,3.78337024546072,7,2,5,massey,G14,CALI 14 Gold,69
G14NEVBC4NE,3.6005088819874445,24,13,11,massey,G14,Northeast 14 Orange,70
G14MCJVB2NE,3.568061986827235,16,9,7,massey,G14,Mill City 14 Orange,71
G14EYNER1NE,3.3963416739421834,22,13,9,massey,G14,ENVY 14 SANDSTORM,72
G14NSJVB1NE,3.290627548150718,21,6,15,massey,G14,NH Seacoast 14 Premier,73
G14LHVBC3NE,2.8836461570511567,10,6,4,massey,G14,LHV Girls 14-3 Firestorm,74
G14BEVNY2GE,2.8555048918087245,6,1,5,massey,G14,BEV 14 Elite,75
G14MNJVB2NE,2.74882749688231,6,4,2,massey,G14,Maine Jrs 14-Silver,76
G14113231XX,2.672265392623043,24,12,12,massey,G14,EliteZ 14 GIRLS HP BLACK,77
G14NETHG1XL,2.1916398102253627,5,2,3,massey,G14,NET 14 Force,78
G14LEGIO2XL,1.4384673227800917,14,7,7,massey,G14,TeamLVC 14 Pink,79
G14CACLI4GE,0.9629558481506368,6,3,3,massey,G14,CALI 14 Gold North,80
G14BVJVB1NE,0.4218359537146412,21,10,11,massey,G14,Blast 14U Jungle Cats,81
G14LCVBC2GE,-0.2494175979979225,7,3,4,massey,G14,Legacy 14 Premier Natalie,82
G14SURGE1GE,-0.45511256500695385,13,7,6,massey,G14,LI Surge 14 Premier Blue,83
G14MAJVB2NE,-0.9878165478413816,10,6,4,massey,G14,Mass Premier 14 1 White,84
G14TCJAG1XL,-1.0339676679638927,5,3,2,massey,G14,Jaguars 14u Black,85
G14BEVNY3GE,-1.2718050844529003,7,3,4,massey,G14,BEV 14 Skyline,86
G14SUCES1GE,-1.4149139154220194,12,0,12,massey,G14,SA 14 1,87
G14LHVBA2GE,-1.426835382190971,5,2,3,massey,G14,LHVA 14 Black Travel,88
G14TCJVB1NE,-1.5068722533977486,4,1,3,massey,G14,Nova 14 Premier Brody/Brennan,89
G14SSVBC1NE,-1.5185834162080907,10,2,8,massey,G14,SSVBC 14 1,90
G14LFJVB4NE,-1.6843498407295652,16,13,3,massey,G14,603 United 14 Central Blue,91
G14IGVBC1NE,-1.7117265526313679,18,14,4,massey,G14,Ignite 14 Black,92
G14CJVBA6GE,-1.8862661034728774,8,3,5,massey,G14,CJVA 14 Ruby,93
G14GAJVB2NE,-2.0781689158275007,6,5,1,massey,G14,Gators 14 Green,94
G14TRICO1GE,-2.1088799884272738,5,2,3,massey,G14,TriCounty ATTACK 14 1,95
G14CACLI6GE,-2.2113486659479724,7,1,6,massey,G14,CALI 14 Gold South,96
G14SRVBC1NE,-2.8675373033218756,10,5,5,massey,G14,SURGE 14 BLUE,97
G14MAJVB1NE,-2.9182608589052608,8,3,5,massey,G14,Mass Premier 14 1 Blue,98
G14LFJVB3NE,-3.260353685391597,16,11,5,massey,G14,603 United 14 Seacoast Blue,99
G14CMJVB3NE,-3.4567166234806344,13,7,6,massey,G14,CMASS EDGE 14 White,100
G14RRJVB2NE,-3.5257001720948615,21,9,12,massey,G14,Boston United 14 Northeast,101
G14HKJVB4NE,-3.587352792361628,3,1,2,massey,G14,Husky 14 New England Black,102
G14SURGE4GE,-3.6357125517144695,7,1,6,massey,G14,LI Surge 14 2 North,103
G14VERSE1GE,-3.8995032263278495,8,2,6,massey,G14,NYC Volley Verse 14 Gold,104
G14PVJVB4NE,-4.573081380861666,9,8,1,massey,G14,PV 14 Select North,105
G14VERSE2GE,-4.602763457490081,6,2,4,massey,G14,NYC Volley Verse 14 Navy,106
G14RRJVB3NE,-4.715863914706947,16,8,8,massey,G14,Boston United 14 Select - Aria,107
G14MGJVB5NE,-5.195886065993847,11,3,8,massey,G14,MGA 14's Stars,108
G14119131XX,-5.223086298564381,12,9,3,massey,G14,Millbury Storm 14,109
G14AVVBC2NE,-6.067782807781194,16,6,10,massey,G14,Avidity 14 Jade,110
G14TTVBC2NE,-6.523531230899312,21,8,13,massey,G14,SLAM 14P Red,111
G14LHVBC4NE,-6.835558051804245,10,6,4,massey,G14,LHV Girls 14-4 Triumph,112
G14SJVBC3NE,-7.223131240074583,5,3,2,massey,G14,South County 14-White,113
G14GREEN2GE,-7.5101272582064915,7,1,6,massey,G14,Asphalt Green VBC 14-White,114
G14MAJVB3NE,-7.610300146267136,15,10,5,massey,G14,Mass Premier 14 2 Blue,115
G14MAJVB4NE,-8.052041752081202,22,13,9,massey,G14,Mass Premier 14 2 White,116
G14PVJVB3NE,-8.146107176971647,9,4,5,massey,G14,PV 14 Pink Panthers,117
G14MGJVB6NE,-10.044953722518693,10,7,3,massey,G14,MGA 14's Stripes,118
G14CJVBA5GE,-10.067914587929854,8,3,5,massey,G14,CJVA 14 Red,119
G14SPAVB3XL,-10.469373361801747,4,0,4,massey,G14,Spa City 14 Navy,120
G14MNJVB3NE,-11.491606348771395,6,4,2,massey,G14,Maine Jrs 14-Bronze,121
G14SURGE2GE,-11.609620085074441,11,4,7,massey,G14,LI Surge 14 Premier White,122
G14MAJVB5NE,-12.420402861019335,21,10,11,massey,G14,Mass Premier 14 2 Gold,123
G14BVJVB2NE,-12.459441145182364,15,7,8,massey,G14,Blast 14U Raptors,124
G14RRJVB4NE,-12.817647482141467,16,8,8,massey,G14,Boston United 14 Select - Mollie,125
G14CSJVB2NE,-12.951160427567793,5,3,2,massey,G14,CT STARS 14s Chuk,126
G14PROVA3GE,-14.534866323829384,8,1,7,massey,G14,Prodigy 14.3 Club,127
G14TTVBC3NE,-15.240940808719662,11,6,5,massey,G14,SLAM 14R White,128
G14VVVBC1NE,-15.32854220053861,5,2,3,massey,G14,Vibe Girls 14u Joey,129
G14112721XX,-15.360090818741124,25,9,16,massey,G14,X2 Volleyball 14 1,130
G14113232XX,-15.633724744595362,11,5,6,massey,G14,EliteZ 14 GIRLS CARBON,131
G14MCJVB3NE,-15.929909240334453,6,1,5,massey,G14,Mill City 14 Blue,132
G14RRJVB5NE,-17.380104755534916,15,7,8,massey,G14,Boston United 14 Sapphire,133
G14RRJVB6NE,-17.792617897137756,15,9,6,massey,G14,Boston United 14 Steel,134
G14EYNER2NE,-18.843438659643432,15,4,11,massey,G14,ENVY 14 THUNDER,135
G14PROVA4GE,-19.03619558114591,9,4,5,massey,G14,Prodigy 14.4 Club,136
G14TUSVA1GE,-19.514684443705153,5,0,5,massey,G14,Train Up VB 14 1,137
G14SJVBC4NE,-19.828164521666977,5,4,1,massey,G14,South County 14-Black,138
G14MIVBC2NE,-21.335004719771575,15,4,11,massey,G14,Mass Impact 14 Lara,139
G14SURGE3GE,-22.278633542304803,7,0,7,massey,G14,LI Surge 14 2 South,140
G14MIVBC1NE,-23.58279180625049,16,2,14,massey,G14,Mass Impact 14 Sam,141
G14GAJVB3NE,-23.756132157764355,10,4,6,massey,G14,Gators 14 White,142
G14MGJVB19NE,-24.222773402673326,4,0,4,massey,G14,MGA 14's Eagles,143
G14IGVBC2NE,-24.49228480526186,15,5,10,massey,G14,Ignite 14 Red,144
G14BEVNY4GE,-24.653237275537585,7,0,7,massey,G14,BEV 14 High Rise,145
G14119491XX,-25.384920758048303,5,2,3,massey,G14,Vale 14 1,146
G14HRJVB2NE,-25.90423900741663,12,6,6,massey,G14,HardRock 13/14,147
G14CSJVB3NE,-26.74229950934452,5,2,3,massey,G14,CT STARS 14s Alex,148
G14MAPVB3NE,-26.987172296255757,11,3,8,massey,G14,Mass Power VB 14 Pink,149
G14DRVBC1NE,-27.680730511608598,5,1,4,massey,G14,Dragons 14 Cleber,150
G14RRJVB7NE,-27.999728579803048,17,6,11,massey,G14,Boston United 14 Titanium,151
G14EYNER3NE,-28.374574068001976,15,2,13,massey,G14,ENVY 14 GEOSTORM,152
G14117755XX,-28.389241897135104,20,5,15,massey,G14,ValleyVBC White,153
G14AVVBC3NE,-28.995075057891462,16,3,13,massey,G14,Avidity 14 Emerald,154
G14TTVBC4NE,-30.180087747600624,11,4,7,massey,G14,SLAM 14R Grey,155
G14113233XX,-30.38901610233375,11,4,7,massey,G14,EliteZ 14 GIRLS SILVER,156
G14TTVBC5NE,-31.75521940920452,12,3,9,massey,G14,SLAM 14R Silver,157
G14MGJVB7NE,-32.66715680735341,6,0,6,massey,G14,MGA 14's Black,158
G14TCJVB2NE,-33.36517020078781,11,4,7,massey,G14,Nova 14 Select Gracie,159
G14TTVBC6NE,-36.102105060033765,10,2,8,massey,G14,SLAM 14R Crimson,160
G14DRVBC2NE,-36.512652472867664,10,0,10,massey,G14,Dragons 14 Gabby,161
G14119501XX,-37.87037785865419,8,0,8,massey,G14,Traprock 14 1,162
G14TTVBC8NE,-39.087903882904264,11,1,10,massey,G14,SLAM 14R Platinum,163
G14TTVBC7NE,-42.72359173010994,11,0,11,massey,G14,SLAM 14R Cobalt,164
G14MGJVB20NE,-45.65441287496171,6,0,6,massey,G14,MGA 14's Lions,165
G15FGSVA1FL,56.51074835788379,9,9,0,massey,G15,Gulfside 15U Prime,1
G15SOSVB1GE,51.12116645995966,6,6,0,massey,G15,Sideout 15N Artem,2
G15NEVBC1NE,44.596214318895086,20,18,2,massey,G15,Northeast 15.1,3
G15NYCJR2GE,40.5372390896195,7,5,2,massey,G15,NYC Juniors 15 Blue,4
G15NYCJR1GE,39.66567092418893,14,10,4,massey,G15,NYC Juniors 15 National,5
G15SJJVB1NE,38.89487811606685,12,8,4,massey,G15,SMASH 15s,6
G15LDNER1NE,33.469282676320525,10,6,4,massey,G15,Lockdown VBC 15 Cardinals,7
G15LHVBC1NE,32.98392924411,6,6,0,massey,G15,LHV Girls 15-1 Viragos,8
G15ROCKA1GE,31.831556080280752,8,5,3,massey,G15,RVT 15-1 Surf,9
G15HKJVB1NE,31.12509156508685,5,1,4,massey,G15,Husky 15 National,10
G15GAJVB1NE,30.533902832175286,5,4,1,massey,G15,Gators 15 Black,11
G15RRJVB1NE,30.08100535790583,18,13,5,massey,G15,Boston United 15 National,12
G15VOLFX1WE,30.006390962290148,5,2,3,massey,G15,VolleyFX 15 Chant,13
G15NEVBC2NE,29.756253923346883,15,14,1,massey,G15,Northeast 15.2,14
G15LEGIO1XL,29.20664213598389,17,8,9,massey,G15,TeamLVC 15 Black,15
G15DIGSV1GE,28.66815947837645,8,3,5,massey,G15,Digs 15 RED,16
G15SJJVB2NE,28.603589646825096,5,4,1,massey,G15,SMASH 15s Power,17
G15PINVA1GE,27.349569696788684,7,2,5,massey,G15,PVA 15 National Summit,18
G15CACLI1GE,27.139672070124135,5,1,4,massey,G15,CALI 15 Black,19
G15NYCIV1GE,27.136266216735038,8,4,4,massey,G15,NYC Impact 15U National,20
G15CJJVB1NE,25.989637943496056,11,7,4,massey,G15,CT Juniors 15 National,21
G15OCEAN1GE,25.982720729270493,8,4,4,massey,G15,Ocean Volleyball 15 National,22
G15HKJVB3NE,25.04553173876476,3,3,0,massey,G15,Husky 15 New England Red,23
G15CMJVB1NE,24.318644976204496,10,4,6,massey,G15,CMASS EDGE 15 Black,24
G15FGSVA2FL,24.245680896595857,8,7,1,massey,G15,Gulfside 15U Select,25
G15MCJVB1NE,23.23601516010016,18,6,12,massey,G15,Mill City 15's,26
G15LIBER1CH,22.987092598910678,7,6,1,massey,G15,Libero 15 HUSKIES,27
G15BEVNY1GE,22.886800662729897,7,3,4,massey,G15,BEV 15 Empire,28
G15GGVOL1GE,21.098003547652525,15,14,1,massey,G15,GG 15 1 Monster,29
G15RENAS1KE,20.596648070630266,8,7,1,massey,G15,Renaissance 15 Black,30
G15SPAVB1XL,20.347368579686993,17,5,12,massey,G15,Spa City 15 Aqua,31
G15HKJVB2NE,20.285641485606174,3,3,0,massey,G15,Husky 15 Northeast,32
G15SJJVB3NE,20.15725210000842,5,5,0,massey,G15,SMASH 15s Lava,33
G15SJVBC1NE,18.810318564245133,15,10,5,massey,G15,South County 15-Blue,34
G15GRVBC1NE,18.797239757433516,12,4,8,massey,G15,GVC 15-1,35
G15LCVBC1GE,17.661300507852772,8,3,5,massey,G15,Legacy 15 National,36
G15XTREM1GE,16.784991101532377,7,4,3,massey,G15,Xtreme 15 USA Cindy,37
G15NYCVA1GE,15.640631298307149,7,2,5,massey,G15,NYC VBA 15 Soho,38
G15HKJVB4NE,15.535641485606224,3,2,1,massey,G15,Husky 15 New England Black,39
G15EYNER1NE,14.887519671055944,12,10,2,massey,G15,ENVY 15 NATIONAL,40
G15WHIRL1XL,14.641442017677342,8,2,6,massey,G15,Whirlwind VBC 15 1,41
G15SSVBC1NE,14.592234881925675,10,7,3,massey,G15,SSVBC 15 1,42
G15LDNER2NE,14.586211371964,14,7,7,massey,G15,Lockdown VBC 15 Owls,43
G15LUNAR5GEX,14.404043566862727,4,3,1,massey,G15,Lunar 15 1,44
G15SAJVB1NE,14.027113865879368,8,6,2,massey,G15,SA Elite 15 American,45
G15LHVBA1GE,13.768047614427283,12,8,4,massey,G15,LHVA 15 Purple National,46
G15NYCJR3GE,13.694796568694,9,8,1,massey,G15,NYC Juniors 15 Orange,47
G15USANY1XL,13.618619352713935,5,2,3,massey,G15,USANY Calculus 15 1,48
G15LHVBC2NE,12.935315639334576,12,7,5,massey,G15,LHV Girls 15-2 Ember,49
G15AVVBC1NE,12.829204492957054,16,8,8,massey,G15,Avidity 15 Onyx,50
G15PINVA2GE,12.677172985746692,7,4,3,massey,G15,PVA 15 National Peak,51
G15MNJVB1NE,12.258134723671148,24,21,3,massey,G15,Maine Jrs 15-National,52
G15118021XX,11.573106730755683,9,5,4,massey,G15,NYCLBVC 15U BLUE ELITE,53
G15NEVBC3NE,11.515197568609066,16,13,3,massey,G15,Northeast 15 Blue,54
G15ROCKA2GE,10.76024675366345,9,7,2,massey,G15,RVT 15-2 Swim,55
G15MAJVB1NE,10.647635486630481,9,7,2,massey,G15,Mass Premier 15 1,56
G15MIVBC1NE,10.391072377553666,10,8,2,massey,G15,Mass Impact 15 Brent,57
G15NYCLI1GE,10.108596094202882,8,5,3,massey,G15,NYCLI 15 Elite,58
G15CAPVC1GE,9.974423395257864,8,5,3,massey,G15,Capitals 15 National,59
G15MOMET2FL,9.944462918855706,7,4,3,massey,G15,Momentum 15 Neon,60
G15LFJVB1NE,9.1482767498606,15,6,9,massey,G15,603 United 15 Seacoast Black,61
G15MGJVB1NE,8.968544228673535,11,8,3,massey,G15,MGA 15's South,62
G15NEVBC4NE,8.943141565965753,18,15,3,massey,G15,Northeast 15 Orange,63
G15LEGIO2XL,8.602419833757754,5,4,1,massey,G15,TeamLVC 15 Pink,64
G15CMJVB2NE,8.267161171735937,10,5,5,massey,G15,CMASS EDGE 15 Blue,65
G15DIGSV2GE,8.203114709118392,7,3,4,massey,G15,Digs 15 WHITE,66
G15MNJVB7NE,6.989595123650057,6,6,0,massey,G15,Maine Jrs 15 Silver,67
G15MAVRK1OV,5.951581697104179,7,5,2,massey,G15,Maverick 15 Maroon,68
G15MGJVB2NE,5.692149849909571,10,7,3,massey,G15,MGA 15's North,69
G15CACLI4GE,5.658595743472585,5,4,1,massey,G15,CALI 15 Gold Elite,70
G15LDNER3NE,5.564620466312328,18,13,5,massey,G15,Lockdown VBC 15 Ravens,71
G15TRICO1GE,5.3988354044017495,10,5,5,massey,G15,TriCounty ATTACK 15 1,72
G15516EL4GE,5.268551790116628,7,4,3,massey,G15,516 Elite 15 Silver,73
G15SAVBC1XL,5.116843534851981,5,4,1,massey,G15,Sporting Albany Girls 15u,74
G15EYNER2NE,3.7455735118521494,25,16,9,massey,G15,ENVY 15 FLOOD,75
G15TTVBC1NE,3.7159224154045734,18,7,11,massey,G15,SLAM 15P Black,76
G15MNJVB2NE,3.0098317059619273,16,12,4,massey,G15,Maine Jrs 15 Gold,77
G15MCJVB2NE,2.598162937485572,19,8,11,massey,G15,Mill City 15 Orange,78
G15BVJVB1NE,2.5762131547708735,21,14,7,massey,G15,Blast 15U Sabers,79
G15TCJVB1NE,2.4452847253653314,14,9,5,massey,G15,Nova 15 Premier Kim,80
G15LFJVB2NE,2.397764139194493,10,8,2,massey,G15,603 United 15 Seacoast White,81
G15NEVBC5NE,1.9361257232174864,16,10,6,massey,G15,Northeast 15 Black,82
G15GAJVB2NE,1.7151468334975677,10,6,4,massey,G15,Gators 15 Green,83
G15GAJVB3NE,1.6597820989659837,6,5,1,massey,G15,Gators 15 White,84
G15ROCKA3GE,1.635564855406578,7,3,4,massey,G15,RVT 15-3 Sail,85
G15118023XX,1.4507082656572408,7,3,4,massey,G15,NYCLBVC 15U BLACK,86
G15CMJVB3NE,1.3147440040086913,13,7,6,massey,G15,CMASS EDGE 15 White,87
G15117751XX,1.1487493317678457,15,11,4,massey,G15,ValleyVBC Elite,88
G15FVNER1NE,0.8085877535777914,5,4,1,massey,G15,Fusion 15 Diamond,89
G15NSJVB1NE,0.246460426521951,15,4,11,massey,G15,NH Seacoast 15 Open,90
G15LEGIO3XL,0.06668773263803196,5,3,2,massey,G15,TeamLVC 15 White,91
G15AVVBC2NE,-0.15393100662910086,20,9,11,massey,G15,Avidity 15 Ruby,92
G15HEVBA9NE,-0.24231040193046738,16,12,4,massey,G15,HEVBA 15 99,93
G15516EL3GE,-0.2544088254019865,8,3,5,massey,G15,516 Elite 15 White,94
G15MGJVB4NE,-0.2784032358774837,10,5,5,massey,G15,MGA 15's Stripes,95
G15RENAS2KE,-0.30560973522717383,7,2,5,massey,G15,Renaissance 15 Red,96
G15HHVBC4NE,-1.2151806364710147,7,5,2,massey,G15,Hawks 15s,97
G15AVVBC3NE,-1.7553029188576836,21,13,8,massey,G15,Avidity 15 Jade,98
G15MGJVB3NE,-1.8462261524657118,10,5,5,massey,G15,MGA 15's Stars,99
G15RRJVB2NE,-2.2779527781906896,34,19,15,massey,G15,Boston United 15 Northeast,100
G15GRVBC2NE,-2.3163691077848068,14,10,4,massey,G15,GVC 15-2,101
G15MAJVB4NE,-2.6550089099236303,3,0,3,massey,G15,Mass Premier 15-3 Blue,102
G15TTVBC2NE,-2.894255159549693,21,11,10,massey,G15,SLAM 15P Red,103
G15AAVBC1NE,-3.4136683413703945,5,2,3,massey,G15,AVA 15 Lightning,104
G15HKJVB5NE,-3.704468261235263,3,1,2,massey,G15,Husky 15 New England White,105
G15RRJVB4NE,-3.818619034231789,16,12,4,massey,G15,Boston United 15 Sapphire,106
G15RRJVB3NE,-3.842002552432284,17,11,6,massey,G15,Boston United 15 Select 1,107
G15RRJVB8NE,-4.062789962738876,17,12,5,massey,G15,Boston United 15 Onyx,108
G15SJVBC2NE,-4.268540624330736,15,7,8,massey,G15,South County 15-Gold,109
G15MAJVB3NE,-4.465528399044953,3,3,0,massey,G15,Mass Premier 15 2,110
G15MCJVB3NE,-4.765128094472559,11,5,6,massey,G15,Mill City 15 Blue,111
G15SPAVB2XL,-4.812250852356119,10,3,7,massey,G15,Spa City 15 Coral,112
G15EYNER3NE,-5.02794002761248,15,7,8,massey,G15,ENVY 15 TIDALWAVE,113
G15VERSE1GE,-5.215602032653653,7,3,4,massey,G15,NYC Volley Verse 15 Gold,114
G15MNJVB4NE,-5.240584565696215,6,4,2,massey,G15,Maine Jrs 15 Bronze,115
G15CJVBA5GE,-5.480230861129169,7,2,5,massey,G15,CJVA 15 Red,116
G15PVJVB1NE,-5.759856852874002,19,9,10,massey,G15,PV 15 National,117
G15SIVBC1NE,-5.949002240929072,24,7,17,massey,G15,SISU VB 15 1,118
G15RRJVB5NE,-6.235401184542166,16,10,6,massey,G15,Boston United 15 Steel,119
G15CACLI7GE,-6.238314822948487,8,4,4,massey,G15,CALI 15 Gold North,120
G15CTRVB1NE,-6.252734991645429,40,18,22,massey,G15,C3VB 15 1,121
G15LHVBC3NE,-6.648051597622444,11,9,2,massey,G15,LHV Girls 15-3 Prowl,122
G15CSJVB1NE,-6.706630802100607,12,3,9,massey,G15,CT STARS 15s Nikki,123
G15SURGE1GE,-6.761845172736109,13,5,8,massey,G15,LI Surge 15 Premier Blue,124
G15CSJVB2NE,-7.002431586285541,5,4,1,massey,G15,CT STARS 15s Leah,125
G15LCVBC2GE,-7.190998261514533,8,3,5,massey,G15,Legacy 15 Premier,126
G15TCJAG1XL,-7.241312846908662,6,2,4,massey,G15,Jaguars 15u Black,127
G15MAJVB5NE,-7.328123840934387,3,1,2,massey,G15,Mass Premier 15-3 White,128
G15112721XX,-7.348306624932326,26,13,13,massey,G15,X2 Volleyball 15 1,129
G15MIVBC3NE,-7.3746091715889985,17,10,7,massey,G15,Mass Impact 15 Sarah,130
G15AAVBC2NE,-7.575925024850404,5,3,2,massey,G15,AVA 15 AVAlanche,131
G15HRJVB1NE,-7.873160390887662,19,6,13,massey,G15,HardRock 15,132
G15BEVNY2GE,-8.145603802716483,8,3,5,massey,G15,BEV 15 Elite,133
G15SJVBC3NE,-8.16059479075399,15,10,5,massey,G15,South County 15-White,134
G15NYCJR4GE,-8.285048325193614,7,2,5,massey,G15,NYC Juniors 15 SI,135
G15VERSE3GE,-8.4705251867938,7,2,5,massey,G15,NYC Volley Verse 15 SI Gold,136
G15MAJVB2NE,-8.679774747002323,6,3,3,massey,G15,Mass Premier 15 2,137
G15PROVA4GE,-9.183235707388377,8,4,4,massey,G15,Prodigy 15.4 Club,138
G15SRVBC1NE,-9.751021507014446,16,7,9,massey,G15,SURGE 15 YELLOW,139
G15113231XX,-9.83028837692512,23,7,16,massey,G15,EliteZ 15 GIRLS HP BLACK,140
G15BEVNY3GE,-9.852384158264986,7,1,6,massey,G15,BEV 15 Skyline,141
G15117754XX,-10.263321126151792,14,6,8,massey,G15,ValleyVBC Blue,142
G15LFJVB3NE,-10.330905654594705,7,3,4,massey,G15,603 United 15 Seacoast Blue,143
G15MAPVB3NE,-10.335207795996856,21,12,9,massey,G15,Mass Power VB 15 Pink,144
G15AVVBC4NE,-10.496610374255415,21,9,12,massey,G15,Avidity 15 Emerald,145
G15RRJVB9NE,-10.624821329625142,14,10,4,massey,G15,Boston United 15 Chrome,146
G15MXVBC1NE,-10.658844879088846,10,5,5,massey,G15,Max Performance 15 Brad,147
G15CACLI6GE,-10.802216002854532,7,2,5,massey,G15,CALI 15 Gold,148
G15TTVBC4NE,-10.885027436418127,11,5,6,massey,G15,SLAM 15R Grey,149
G15MGJVB6NE,-11.20310941069523,3,0,3,massey,G15,MGA 15's Black,150
G15PROVA5GE,-11.55777192687206,8,2,6,massey,G15,Prodigy 15.5 Club,151
G15VERSE2GE,-11.686308917370479,8,4,4,massey,G15,NYC Volley Verse 15 Navy,152
G15TTVBC3NE,-11.93022234273381,21,10,11,massey,G15,SLAM 15P White,153
G15CJVBA6GE,-12.084811807255761,8,2,6,massey,G15,CJVA 15 Ruby,154
G15LHVBC4NE,-12.785086239088036,10,4,6,massey,G15,LHV Girls 15-4 Voltage,155
G15CACLI5GE,-12.787409417149188,7,0,7,massey,G15,CALI 15 Gold South,156
G15TCJVB2NE,-13.163358813450415,5,0,5,massey,G15,Nova 15 Premier Holly,157
G15MIVBC2NE,-13.3057674674415,16,6,10,massey,G15,Mass Impact 15 Kayla,158
G15RRJVB10NE,-13.41073207305308,16,8,8,massey,G15,Boston United 15 Diamond,159
G15NESVC1NE,-14.461241445237746,16,4,12,massey,G15,NE Storm 15 Tempest,160
G15MCJVB4NE,-14.60474839192684,10,5,5,massey,G15,Mill City 15 Teal,161
G15IGVBC1NE,-14.739204131268966,16,6,10,massey,G15,Ignite 15 Black,162
G15117753XX,-14.777469334639914,15,8,7,massey,G15,ValleyVBC Black,163
G15119491XX,-14.800259877054028,5,0,5,massey,G15,Vale 15 1,164
G15SGHVB1NE,-15.495481321399012,12,4,8,massey,G15,Starlings GH 15 1,165
G15SURGE2GE,-16.099516363649375,13,4,9,massey,G15,LI Surge 15 Premier White,166
G15TTVBC5NE,-17.126295680901748,11,4,7,massey,G15,SLAM 15R Silver,167
G15CAMYV1NE,-18.367036691039058,9,3,6,massey,G15,CYVB 15 1,168
G15PARAD2WE,-18.94900224092901,1,0,1,massey,G15,Paradigm Racket,169
G15SPAVB3XL,-19.02629744156708,10,2,8,massey,G15,Spa City 15 Navy,170
G15ATACK1GE,-19.05397203211087,7,1,6,massey,G15,Attack 15 1,171
G15PVJVB3NE,-19.27749416442275,18,6,12,massey,G15,PV 15 Elite,172
G15EYNER5NE,-19.43125928374006,15,3,12,massey,G15,ENVY 15 LANDSLIDE,173
G15BVJVB2NE,-19.44004101768043,20,7,13,massey,G15,Blast 15 U Badgers,174
G15RRJVB6NE,-19.789686751050777,16,7,9,massey,G15,Boston United 15 Titanium,175
G15SJVBC4NE,-19.9760697035691,15,5,10,massey,G15,South County 15-Black,176
G15EYNER4NE,-20.409802655307917,15,7,8,massey,G15,ENVY 15 HAILSTORM,177
G15LIVBI1GE,-22.835842150848304,5,2,3,massey,G15,LI Blaze VBC 15,178
G15SURGE3GE,-23.405526306437093,7,0,7,massey,G15,LI Surge 15 2 South,179
G15RRJVB12NE,-23.858257209274214,15,2,13,massey,G15,Boston United 15 Graphite,180
G15CSJVB3NE,-23.895456545837067,6,1,5,massey,G15,CT STARS 15s Oxholm,181
G15EXVBC1NE,-24.077051840760316,10,2,8,massey,G15,Extreme 15 Purple,182
G15112722XX,-24.173850701653862,26,6,20,massey,G15,X2 Volleyball 15 2,183
G15TCJVB4NE,-24.483887029629486,8,3,5,massey,G15,Nova 15 Regional,184
G15UNVBC2NE,-25.199710689054182,10,3,7,massey,G15,Unity 15 Girls Silver Shamrocks,185
G15TCJVB3NE,-25.825534587537227,11,3,8,massey,G15,Nova 15 Select Lauren,186
G15BEVNY4GE,-26.139976491248625,7,0,7,massey,G15,BEV 15 High Rise,187
G15RRJVB11NE,-26.518541014092342,15,3,12,massey,G15,Boston United 15 Cobalt,188
G15IGVBC2NE,-26.599955469554516,13,3,10,massey,G15,Ignite 15 Red,189
G15MGJVB5NE,-29.064390391118046,3,0,3,massey,G15,MGA 15's White,190
G15RRJVB7NE,-31.23438087125222,10,2,8,massey,G15,Boston United 15 Silver,191
G15113232XX,-31.29303755412528,11,0,11,massey,G15,EliteZ 15 GIRLS CARBON,192
G15113233XX,-31.34434006961949,11,2,9,massey,G15,EliteZ 15 GIRLS SILVER,193
G15MGJVB19NE,-32.97168354075377,6,1,5,massey,G15,MGA 15's Falcons,194
G15DRVBC2NE,-36.03338490113781,10,0,10,massey,G15,Dragons 15 Angelina,195
G15CSJVB4NE,-38.89270727237755,5,0,5,massey,G15,CT STARS 15s Comstock,196
G15MGJVB20NE,-39.39933601563955,3,1,2,massey,G15,MGA 15's Tigers,197
G15MGJVB18NE,-41.33666973834525,6,0,6,massey,G15,MGA 15's Hawks,198
G15TCJVB5NE,-42.426967479767455,11,1,10,massey,G15,Nova 14/15 Select Addison,199
G15MGJVB25NE,-44.39933601563958,3,0,3,massey,G15,MGA 15's Eagles,200
G16NEVBC1NE,49.74773165899877,21,21,0,massey,G16,Northeast 16.1,1
G16SOSVB1GE,43.59682134256505,5,4,1,massey,G16,Sideout 16N Cooper,2
G16SJJVB1NE,41.7940871808122,11,8,3,massey,G16,SMASH 16s,3
G16LEGIO1XL,36.168998191386464,10,6,4,massey,G16,TeamLVC 16 Black,4
G16LIBER1CH,36.12082340795203,9,6,3,massey,G16,LIBERO 16 HUSKIES,5
G16VOLFX1WE,35.842154972621486,13,10,3,massey,G16,VolleyFX 16 Mantra,6
G16ROCKA1GE,35.29287514979686,7,5,2,massey,G16,RVT 16-1 Surf,7
G16CACLI1GE,34.66131830223297,5,3,2,massey,G16,CALI 16 Black,8
G16BEVNY1GE,33.64190134329502,7,4,3,massey,G16,BEV 16 Empire,9
G16NYCJR1GE,31.831777520152542,13,7,6,massey,G16,NYC Juniors 16 National,10
G16NYCVA1GE,31.596079629728777,12,5,7,massey,G16,NYC VBA 16 Broadway,11
G16HKJVB1NE,29.809978930478458,10,5,5,massey,G16,Husky 16 National,12
G16RRJVB1NE,28.25282252442734,20,15,5,massey,G16,Boston United 16 National,13
G16CMJVB1NE,28.17440486811902,10,3,7,massey,G16,CMASS EDGE 16 Black,14
G16SPAVB1XL,28.112942928188808,18,11,7,massey,G16,Spa City 16 Aqua,15
G16USANY1XL,28.060633899666747,11,11,0,massey,G16,USANY Fortitude 16 - 1,16
G16LDNER1NE,26.627074130642356,14,7,7,massey,G16,Lockdown VBC 16 Hawks,17
G16NEVBC2NE,26.048922558377527,13,10,3,massey,G16,Northeast 16.2,18
G16DIGSV1GE,24.306038762820805,8,3,5,massey,G16,Digs 16 RED,19
G16ALBMR1CR,24.175723391057783,10,9,1,massey,G16,ARVC 16U Orange,20
G16MGJVB2NE,23.907440798945036,10,10,0,massey,G16,MGA 16's South,21
G16MCJVB1NE,23.129306740273407,17,5,12,massey,G16,Mill City 16's,22
G16APXTC1OV,22.545276463558565,7,4,3,massey,G16,Apex VBTC 16 Apex Red,23
G16PARAD1WE,21.748689659795623,5,4,1,massey,G16,Paradigm Rebellion,24
G16HKJVB3NE,20.789787801452327,9,9,0,massey,G16,Husky 16 Northeast Black,25
G16OCEAN1GE,20.351869161467256,8,5,3,massey,G16,Ocean Volleyball 16 National,26
G16SOSVB2GE,19.647464526040945,5,0,5,massey,G16,Sideout 16N Carly,27
G16WAREN1GE,19.488649973292155,4,3,1,massey,G16,Warren Sixpack 16 red,28
G16PINVA1GE,19.1042926951931,7,2,5,massey,G16,PVA 16 National Summit,29
G16NEVBC3NE,18.88561405101849,23,21,2,massey,G16,Northeast 16.3,30
G16DIGSV2GE,18.852870709531217,9,7,2,massey,G16,Digs 16 WHITE,31
G16MNJVB1NE,18.00510990678368,11,10,1,massey,G16,Maine Jrs 16 National,32
G16OCLEV1GE,17.831028142303982,9,5,4,massey,G16,OC Lady Elite 16 Black,33
G16TCJAG1XL,17.716700587153436,5,5,0,massey,G16,Jaguars 16u Black,34
G16SSVBC1NE,16.425113065774678,10,8,2,massey,G16,SSVBC 16 1,35
G16RENAS1KE,16.31173975913024,8,5,3,massey,G16,Renaissance 16 Black,36
G16SJJVB2NE,16.290330744478666,10,7,3,massey,G16,SMASH 16s Sparks,37
G16PROVA1GE,16.24505378644133,4,3,1,massey,G16,Prodigy 16.1 Premier,38
G16SJVBC1NE,16.047253721823132,16,8,8,massey,G16,South County 16- National,39
G16LEGRO4GE,15.68583381912638,2,1,1,massey,G16,Allegro 16 South Black,40
G16MVNER1NE,14.907425173821368,5,3,2,massey,G16,Meraki VB 16 1,41
G16NESVC1NE,14.458044665591089,19,14,5,massey,G16,NE Storm 16 Avalanche,42
G16SJJVB3NE,14.39422086478912,16,8,8,massey,G16,SMASH 16's Extreme,43
G16HKJVB2NE,14.348699662261243,7,5,2,massey,G16,Husky 16 Northeast Red,44
G16LDNER2NE,14.214044896241356,5,3,2,massey,G16,Lockdown VBC 16 Falcons,45
G16CMJVB2NE,14.171947318790648,8,5,3,massey,G16,CMASS EDGE 16 Blue,46
G16GRVBC1NE,13.893285196077962,7,3,4,massey,G16,GVC 16-1,47
G16TCJVB1NE,13.492532466061459,3,3,0,massey,G16,Nova 16 Premier Jamie/Mili,48
G16MIVBC1NE,13.451591369573704,15,10,5,massey,G16,Mass Impact 16 Mae,49
G16APXTC2OV,13.295216077474182,7,4,3,massey,G16,Apex VBTC 16 Apex White,50
G16AVVBC1NE,12.822225471714535,14,7,7,massey,G16,Avidity 16 Onyx,51
G16DDVBC1NE,12.818783617729379,27,14,13,massey,G16,Dig Deep 16 Ginger,52
G16MCJVB2NE,12.345246431939598,17,11,6,massey,G16,Mill City 16 Royal,53
G16MGJVB3NE,11.97266948380025,16,13,3,massey,G16,MGA 16's Stars,54
G16CJJVB1NE,11.7259770173954,10,4,6,massey,G16,CT Juniors 16 National,55
G16BVJVB1NE,11.718873828869329,5,3,2,massey,G16,Blast 16U Tigers,56
G16SSVBC2NE,11.51580511322135,15,10,5,massey,G16,SSVBC 16 2,57
G16MCJVB3NE,11.493980086583445,22,12,10,massey,G16,Mill City 16 Orange,58
G16DRVCM1CA,11.361026180759527,7,2,5,massey,G16,Durham Rebels Alliance,59
G16SAJVB1NE,11.041061485161777,8,5,3,massey,G16,SA Elite 16 American,60
G16CAPVC1GE,10.942312412703789,7,5,2,massey,G16,Capitals 16 National,61
G16LEGIO2XL,10.855862525029035,15,10,5,massey,G16,TeamLVC 16 Pink,62
G16KNGHT1GE,10.817336529605495,11,4,7,massey,G16,LIKVBC 16,63
G16MAJVB1NE,10.739247800200143,13,6,7,massey,G16,Mass Premier 16 1,64
G16LHVBC2NE,10.696201298342695,18,14,4,massey,G16,LHV Girls 16-2 Askari,65
G16LCVBC1GE,10.402377487124742,8,3,5,massey,G16,Legacy 16 National,66
G16EYNER1NE,10.339408432107007,17,9,8,massey,G16,ENVY 16 NATIONAL,67
G16MGJVB1NE,10.230149100839414,7,5,2,massey,G16,MGA 16's North,68
G16VERSE1GE,10.213420752425296,7,5,2,massey,G16,NYC Volley Verse 16 Gold,69
G16SAVBC1XL,10.077675640834755,5,4,1,massey,G16,Sporting Albany Girls 16u,70
G16LFJVB1NE,9.875164763433492,14,6,8,massey,G16,603 United 16 Seacoast Black,71
G16HKJVB4NE,9.83211422348774,10,7,3,massey,G16,Husky 16 New England Red,72
G16516EL1GE,9.660617719030594,8,7,1,massey,G16,516 Elite 16 Black,73
G16LHVBA1GE,9.635918519937592,17,9,8,massey,G16,LHVA 16 Purple National,74
G16INNOV1PU,9.577728712361253,7,5,2,massey,G16,InnovativeVC 16 1 Robert,75
G16NYCIV1GE,9.148563774981678,7,3,4,massey,G16,NYC Impact 16U National,76
G16PIEDR10PU,8.951492498390406,8,5,3,massey,G16,LPV-16U,77
G16118021XX,8.744871976800102,13,8,5,massey,G16,NYCLBVC 16U BLUE ELITE,78
G16MXVBC1NE,8.378373008488868,5,5,0,massey,G16,Max Performance 16 Jess,79
G16NEVBC5NE,8.348102495794883,14,11,3,massey,G16,Northeast 16 Orange,80
G16PROVA2GE,8.08075958484728,7,0,7,massey,G16,Prodigy 16.2 Elite,81
G16FGSVA1FL,7.87850897046116,8,5,3,massey,G16,Gulfside 16U Select,82
G16TRICO1GE,7.510346287939266,11,7,4,massey,G16,TriCounty ATTACK 16 1,83
G16LFJVB2NE,7.451919448680989,18,11,7,massey,G16,603 United 16 Seacoast White,84
G16SAJVB2NE,7.259535408082131,11,8,3,massey,G16,SA Elite 16 American Impact,85
G16ECLPS1GE,7.195000687864099,8,4,4,massey,G16,Eclipse 16 1,86
G16TTVBC1NE,6.908274069589676,25,16,9,massey,G16,SLAM 16P Black,87
G16NYCJR5GE,6.84995151107419,7,4,3,massey,G16,NYC Juniors 16 Brooklyn,88
G16LDNER3NE,6.548849642530314,16,12,4,massey,G16,Lockdown VBC 16 Thunder Birds,89
G16117971XX,6.335265528485963,7,3,4,massey,G16,16U BPR 16 1,90
G16NSJVB1NE,6.293871629014955,15,6,9,massey,G16,NH Seacoast 16 Open,91
G16NEVBC4NE,6.212287431697735,16,11,5,massey,G16,Northeast 16 Blue,92
G16EYNER2NE,5.890788437018165,18,14,4,massey,G16,ENVY 16 BLIZZARD,93
G16WAREN2GE,5.832830221900388,5,1,4,massey,G16,Warren Sixpack 16 black,94
G16MGJVB4NE,5.690208267972132,16,8,8,massey,G16,MGA 16's Stripes,95
G16PINVA2GE,5.15532902159727,7,3,4,massey,G16,PVA 16 National Peak,96
G16CMJVB3NE,4.965420748532781,15,9,6,massey,G16,CMASS EDGE 16 White,97
G16GAJVB1NE,4.868174326942425,5,1,4,massey,G16,Gators 16 Black,98
G16SPAVB2XL,4.608339715585822,13,4,9,massey,G16,Spa City 16 Coral,99
G16MCJVB5NE,4.55951815863342,17,13,4,massey,G16,Mill City 16 Blue,100
G16CSJVB1NE,4.3057400960999015,13,7,6,massey,G16,CT STARS 16s Don,101
G16CJJVB2NE,4.236683392881426,9,4,5,massey,G16,CT Juniors 16 Premier,102
G16LFJVB3NE,4.009508897319266,17,10,7,massey,G16,603 United 16 Central White,103
G16RRJVB2NE,3.8334504602196695,35,21,14,massey,G16,Boston United 16 Northeast,104
G16LFJVB4NE,3.6131500938395504,10,8,2,massey,G16,603 United 16 Seacoast Blue,105
G16HEVBA9NE,2.1941848328229288,19,12,7,massey,G16,HEVBA 16 99,106
G16MAVRK1OV,2.1243219479031765,7,3,4,massey,G16,Maverick 16 Maroon,107
G16AVVBC2NE,2.119590785794916,20,10,10,massey,G16,Avidity 16 Ruby,108
G16MOMET1FL,1.4133965140504081,6,3,3,massey,G16,Momentum 16 Neon,109
G16NEVBC6NE,0.7584644454045204,14,8,6,massey,G16,Northeast 16 Black,110
G16WAREN3GE,0.33520730891470407,5,4,1,massey,G16,Warren Sixpack 16 white,111
G16SGHVB1NE,0.03999695078035259,8,3,5,massey,G16,Starlings GH 16 1,112
G16ROCKA2GE,-0.20140073643675116,7,2,5,massey,G16,RVT 16-2 Swim,113
G16MAJVB2NE,-0.2088969399967162,8,4,4,massey,G16,Mass Premier 16 2,114
G16NESVC2NE,-0.21847932195944963,22,13,9,massey,G16,NE Storm 16 Cyclone,115
G16PARAD2WE,-0.3362862135764342,5,4,1,massey,G16,Paradigm Rumble,116
G16HKJVB5NE,-0.3702473746896757,8,5,3,massey,G16,Husky 16 New England Black,117
G16MNJVB2NE,-0.4825094768157676,13,9,4,massey,G16,Maine Jrs 16 Gold,118
G16SJVBC3NE,-0.49740767947366393,13,8,5,massey,G16,South County 16-Gold,119
G16SJVBC2NE,-0.6372254834694893,8,6,2,massey,G16,South County 16-Blue,120
G16SHVBC1NE,-0.7702440900645957,5,1,4,massey,G16,NE Shock 16 1,121
G16AAVBC1NE,-0.9123802644896344,10,5,5,massey,G16,AVA 16 Venom,122
G16CACLI5GE,-0.9140116719844205,5,3,2,massey,G16,CALI 16 Gold North,123
G16LHVBC1NE,-1.398065246328195,10,3,7,massey,G16,LHV Girls 16-1 Surge,124
G16GRVBC2NE,-1.5471809281864886,13,5,8,massey,G16,GVC 16-2,125
G16MAJVB3NE,-2.2488098979140805,6,5,1,massey,G16,Mass Premier 16 3,126
G16CRJVB1NE,-2.502221222871011,13,0,13,massey,G16,CRVBC 16 1 Hawks,127
G16SPKRS1GE,-2.773187380676431,5,3,2,massey,G16,SpikeHers 16 Blue,128
G16IGVBC1NE,-2.8665499440251363,20,14,6,massey,G16,Ignite 16 Black,129
G16BWVBC1FL,-3.5436818419294305,5,5,0,massey,G16,BWVC 16 Mizuno Elite,130
G16EYNER4NE,-3.793257217273945,16,11,5,massey,G16,ENVY 16 WILDFIRE,131
G16LHVBA2GE,-3.895683537365838,5,1,4,massey,G16,LHVA 16 Black Travel,132
G16TRICO2GE,-4.087563836402488,10,4,6,massey,G16,TriCounty ATTACK 16 2,133
G16MCJVB4NE,-4.181857669901646,26,18,8,massey,G16,Mill City 16 Black,134
G16LCVBC3GE,-4.194015791747623,8,5,3,massey,G16,Legacy 16 Premier,135
G16LHVBC3NE,-4.214202012414212,15,9,6,massey,G16,LHV Girls 16-3 Braves,136
G16CJVBA5GE,-4.270261089159121,8,4,4,massey,G16,CJVA 16 Ruby,137
G16SRVBC2NE,-4.338684671525746,17,10,7,massey,G16,SURGE 16 GREEN,138
G16TTVBC2NE,-4.411539989556003,26,16,10,massey,G16,SLAM 16P Red,139
G16MNJVB3NE,-5.141691776982872,6,3,3,massey,G16,Maine Jrs 16 Silver,140
G16DDVBC2NE,-5.358420937567962,23,7,16,massey,G16,Dig Deep 16 Platinum,141
G16CACLI4GE,-5.937853691264332,5,3,2,massey,G16,CALI 16 Gold Elite,142
G16VERSE2GE,-6.14539109591318,8,4,4,massey,G16,NYC Volley Verse 16 Navy,143
G16PROVA3GE,-6.781414692487933,11,6,5,massey,G16,Prodigy 16.3 Elite,144
G16TTVBC3NE,-7.483334348414836,29,17,12,massey,G16,SLAM 16P White,145
G16BEVNY2GE,-7.512229893081644,7,2,5,massey,G16,BEV 16 Elite,146
G16NYCIV2GE,-7.552404623834152,8,4,4,massey,G16,NYC Impact 16U Travel,147
G16JHEAT2GE,-7.603749750426791,4,1,3,massey,G16,CJHEAT 16 2,148
G16HRJVB1NE,-7.6041434317088745,28,12,16,massey,G16,HardRock 16,149
G16NETHG2XL,-7.922679887894289,12,5,7,massey,G16,NET 16 Lightning,150
G16MIVBC2NE,-7.929120199742048,22,13,9,massey,G16,Mass Impact 16 Celia,151
G16LEGRO3GE,-7.937582417642409,5,3,2,massey,G16,Allegro 16 Scarlet,152
G16TCJVB2NE,-8.198121480341149,10,3,7,massey,G16,Nova 16 Premier Megan,153
G16XTREM3GE,-8.356040776346617,7,3,4,massey,G16,Xtreme 16 Regional Poppy,154
G16PVJVB1NE,-8.357025846741415,16,2,14,massey,G16,PV 16 National,155
G16DRVBC1NE,-8.45650514872579,27,14,13,massey,G16,Dragons 16 Fyre,156
G16MXVBC2NE,-8.492575024886392,14,7,7,massey,G16,Max Performance 16 Tony,157
G16MAPVB2NE,-8.761959735716498,21,6,15,massey,G16,Mass Power VB 16 Pink,158
G16113231XX,-8.968434276728466,26,11,15,massey,G16,EliteZ 16 GIRLS HP BLACK,159
G16GAJVB3NE,-8.994661630618037,12,9,3,massey,G16,Gators 16 Green,160
G16MNJVB4NE,-9.013483996576085,6,5,1,massey,G16,Maine Jrs 16 Bronze,161
G16NYCLI1GE,-9.139267684761375,8,3,5,massey,G16,NYCLI 16 Elite,162
G16MGJVB6NE,-9.381804044538468,3,0,3,massey,G16,MGA 16's White,163
G16SJVBC4NE,-9.795230647637688,15,9,6,massey,G16,South County 16-White,164
G16CSJVB2NE,-10.242700783885642,14,6,8,massey,G16,CT STARS 16s Jenna,165
G16RRJVB4NE,-10.263280237947518,21,13,8,massey,G16,Boston United 16 Select 2,166
G16NESVC3NE,-10.588531868690076,20,10,10,massey,G16,NE Storm 16 Earthquake,167
G16SAJVB3NE,-10.607328949464389,10,4,6,massey,G16,SA Elite 16 American Ice,168
G16TCJAG2XL,-11.158161157712899,7,1,6,massey,G16,Jaguars 16u Purple,169
G16SGHVB2NE,-11.608800727821498,8,4,4,massey,G16,Starlings GH 16 2,170
G16PROVA4GE,-11.62108213287019,8,4,4,massey,G16,Prodigy 16.4 Club,171
G16RENAS2KE,-11.669834770258982,7,1,6,massey,G16,Renaissance 16 Red,172
G16LUNAR5GEX,-11.832918963828224,4,2,2,massey,G16,CCC - Hawks 16,173
G16SIVBC1NE,-12.311359009114863,26,6,20,massey,G16,SISU VB 16 1,174
G16MIVBC5NE,-12.782024731434436,22,14,8,massey,G16,Mass Impact 16 Murph,175
G16UNVBC1NE,-13.089500050330205,18,7,11,massey,G16,Unity 16 Girls Gold Valkeries,176
G16CACLI6GE,-13.236719128280706,5,1,4,massey,G16,CALI 16 Gold South,177
G16CTRVB1NE,-13.292379209720316,37,18,19,massey,G16,C3VB 16 1,178
G16CACLI7GE,-13.30065831712955,7,3,4,massey,G16,CALI 16 White North,179
G16MGJVB5NE,-13.334192427928077,2,1,1,massey,G16,MGA 16's Black,180
G16LHVBC4NE,-13.370743174978912,15,7,8,massey,G16,LHV Girls 16-4 Ragers,181
G16TTVBC4NE,-13.561237129216064,14,7,7,massey,G16,SLAM 16R Silver,182
G16CJVBA6GE,-14.013229553716322,6,1,5,massey,G16,CJVA 16 Red,183
G16EYNER3NE,-14.24450785831604,16,6,10,massey,G16,ENVY 16 HURRICANE,184
G16LEGRO2GE,-14.484643745097731,5,2,3,massey,G16,Allegro 16 Ruby,185
G16LEGIO3XL,-14.559966190721743,9,4,5,massey,G16,TeamLVC 16 White,186
G16112721XX,-14.712250095113234,32,13,19,massey,G16,X2 Volleyball 16 1,187
G16MCJVB6NE,-14.791415938697096,14,7,7,massey,G16,Mill City 16 Teal,188
G16CAMYV1NE,-15.897273095564755,19,8,11,massey,G16,CYVB 16 1,189
G16EXVBC1NE,-16.002206379084882,23,11,12,massey,G16,Extreme 16 Purple,190
G16SURGE1GE,-16.217061417003976,11,1,10,massey,G16,LI Surge 16 Premier,191
G16PVJVB2NE,-16.440627493884477,26,7,19,massey,G16,PV 16 Elite,192
G16113232XX,-16.858122339781644,15,3,12,massey,G16,EliteZ 16 GIRLS CARBON,193
G16CSJVB3NE,-17.335844114582336,11,3,8,massey,G16,CT STARS 16s Ioanna,194
G16IGVBC2NE,-17.415521084916904,21,8,13,massey,G16,Ignite 16 Red,195
G16PROVA5GE,-17.514163803685378,8,2,6,massey,G16,Prodigy 16.5 Club,196
G16GSVBC1NE,-18.7033052222305,6,3,3,massey,G16,GSVC 16 Navy,197
G16BVJVB2NE,-18.93352392860459,25,7,18,massey,G16,Blast 16U Vipers,198
G16MGJVB19NE,-19.048061211733078,3,1,2,massey,G16,MGA 16's Condors,199
G16GREEN1GE,-19.066438717019025,7,1,6,massey,G16,Asphalt Green VBC 16-Green,200
G16RRJVB7NE,-19.23008844515506,16,8,8,massey,G16,Boston United 16 Titanium,201
G16BEVNY3GE,-19.23889380618302,6,1,5,massey,G16,BEV 16 Skyline,202
G16LFJVB6NE,-19.51903279860693,11,4,7,massey,G16,603 United 16 Central Blue,203
G16MIVBC3NE,-19.533122847606986,21,9,12,massey,G16,Mass Impact 16 Maddi,204
G16CACLI8GE,-19.670466047638506,7,0,7,massey,G16,CALI 16 White South,205
G16TTVBC5NE,-20.27479366773681,16,7,9,massey,G16,SLAM 16R Crimson,206
G16JHEAT3GE,-20.632204297849036,5,2,3,massey,G16,CJHEAT 16 3,207
G16EYNER5NE,-20.6825700462268,16,7,9,massey,G16,ENVY 16 EARTHQUAKE,208
G16NESVC4NE,-20.84695023758036,20,4,16,massey,G16,NE Storm 16 Twister,209
G16RRJVB3NE,-20.993109029772302,19,1,18,massey,G16,Boston United 16 Select 1,210
G16SRVBC1NE,-21.240848477402324,15,5,10,massey,G16,SURGE 16 RED,211
G16MIVBC4NE,-21.307339683081626,23,8,15,massey,G16,Mass Impact 16 Cam,212
G16BVJVB3NE,-23.410332535381976,19,4,15,massey,G16,Blast 16U Jaguars,213
G16HHVBC3NE,-23.511244309729683,5,1,4,massey,G16,Hawks 16 Lathrop,214
G161181910XX,-24.329065768152432,7,0,7,massey,G16,SI SPIKES 16 12,215
G16EXVBC2NE,-24.455596439504134,6,2,4,massey,G16,Extreme 16 Black,216
G16TCJVB3NE,-24.678943192326045,13,4,9,massey,G16,Nova 16 Select Gianna,217
G16VPVBC10NE,-25.360486639399124,5,2,3,massey,G16,Viper 16 Teal,218
G16RRJVB5NE,-29.40253806077462,15,3,12,massey,G16,Boston United 16 Sapphire,219
G16EVNER1NE,-29.985168719007977,5,2,3,massey,G16,EVA U16,220
G16DRVBC2NE,-31.98067560371173,10,0,10,massey,G16,Dragons 16 Michelle,221
G16RRJVB8NE,-33.94680230459686,17,2,15,massey,G16,Boston United 16 Silver,222
G16113233XX,-34.133131454241465,16,3,13,massey,G16,EliteZ 16 GIRLS SILVER,223
G16RRJVB6NE,-35.05967794902166,16,5,11,massey,G16,Boston United 16 Steel,224
G16TTVBC6NE,-35.69084439510227,16,1,15,massey,G16,SLAM 16R Platinum,225
G16BEVNY4GE,-36.96706706530293,6,0,6,massey,G16,BEV 16 High Rise,226
G16MAPVB3NE,-39.66817549774534,20,1,19,massey,G16,Mass Power VB 16 Black,227
G16MGJVB20NE,-41.298061211733106,3,0,3,massey,G16,MGA 16's Jaguars,228
G16PVJVB3NE,-41.79143790525811,14,3,11,massey,G16,PV 16 Select,229
G16MGJVB21NE,-47.63098101592871,6,0,6,massey,G16,MGA 16's Pumas,230
G16TCJVB4NE,-47.64076472822387,4,0,4,massey,G16,Nova 16 Regional,231
G17NYCVA1GE,42.406257939998234,15,15,0,massey,G17,NYC VBA 17 Westside,1
G17NEVBC1NE,34.56193144273242,19,15,4,massey,G17,Northeast 17.1,2
G17SJJVB1NE,31.630937269352195,12,8,4,massey,G17,SMASH 17s,3
G17LDNER1NE,31.29288833901986,13,9,4,massey,G17,Lockdown VBC 17 Phoenix,4
G17VOLFX1WE,30.51965698398879,14,10,4,massey,G17,VolleyFX 17 Rapture,5
G17MAVRK1OV,30.437604872175037,8,6,2,massey,G17,Maverick 17 Maroon,6
G17SOSVB1GE,30.3570573785594,5,2,3,massey,G17,Sideout 17N Justin,7
G17BUFLO1FL,28.566193451158096,9,8,1,massey,G17,Buffalo Stampeders-Tre Mann Elite 17 1,8
G17SJJVB2NE,27.273666277750138,11,9,2,massey,G17,SMASH 17s Black Ice,9
G17118611XX,27.071969569026766,9,8,1,massey,G17,JVC 17 1,10
G17MCJVB1NE,25.929586859875236,18,12,6,massey,G17,Mill City 17's,11
G17CMJVB1NE,25.606037901091657,12,8,4,massey,G17,CMASS EDGE 17 Black,12
G17PINVA1GE,25.285064417644293,8,4,4,massey,G17,PVA 17 National Summit,13
G17SPAVB1XL,25.24683936603539,17,9,8,massey,G17,Spa City 17 Aqua,14
G17ELITE1GE,24.087752576478138,7,3,4,massey,G17,New York Elite 17 Black,15
G17NEVBC2NE,23.72598162904945,15,13,2,massey,G17,Northeast 17.2,16
G17117971XX,23.276842156603866,8,7,1,massey,G17,17U BPR 17 1,17
G17MGJVB1NE,22.197835304375246,9,8,1,massey,G17,MGA 17's South,18
G17HKJVB1NE,21.981595333422234,11,2,9,massey,G17,Husky 17 National,19
G17PARAD1WE,21.971317768871273,4,3,1,massey,G17,Paradigm Revolt,20
G17SOSVB2GE,21.55754854212177,5,2,3,massey,G17,Sideout 17N Artem,21
G17NYCJR1GE,20.94454452136985,12,5,7,massey,G17,NYC Juniors 17 National,22
G17HKJVB2NE,19.904668003848045,6,6,0,massey,G17,Husky 17 Northeast Red,23
G17WAREN1GE,18.23861817921002,3,3,0,massey,G17,Warren Sixpack 17 red,24
G17GRVBC1NE,18.105221042843617,7,4,3,massey,G17,GVC 17-1,25
G17MNJVB1NE,18.10370371751722,26,24,2,massey,G17,Maine Jrs 17 National,26
G17BEVNY1GE,17.87117956115108,7,3,4,massey,G17,BEV 17 Empire,27
G17OCLEV1GE,16.156524931290043,9,6,3,massey,G17,OC Lady Elite 17 Black,28
G17LFJVB1NE,15.767851310148739,19,14,5,massey,G17,603 United 17 Seacoast Black,29
G17CMJVB2NE,15.269125828333554,12,11,1,massey,G17,CMASS EDGE 17 Blue,30
G17CJJVB1NE,14.2846205856241,7,5,2,massey,G17,CT Juniors 17 National,31
G17LEGIO1XL,12.761564345207326,18,4,14,massey,G17,TeamLVC 17 Black,32
G17DIGSV1GE,12.478896748995513,8,3,5,massey,G17,Digs 17 RED,33
G17MGJVB2NE,12.152942048058854,8,6,2,massey,G17,MGA 17's North,34
G17SPKRS1GE,9.827215523903277,6,6,0,massey,G17,SpikeHers 17 Gold,35
G17WAREN2GE,9.772061949866345,5,3,2,massey,G17,Warren Sixpack 17 black,36
G17OCEAN1GE,9.597166511573741,7,2,5,massey,G17,Ocean Volleyball 17 National Jose,37
G17HKJVB3NE,9.54622336519185,8,7,1,massey,G17,Husky 17 Northeast Black,38
G17LFJVB3NE,9.067304183822593,10,10,0,massey,G17,603 United 17 Seacoast Blue,39
G17LFJVB2NE,8.664161135256439,22,18,4,massey,G17,603 United 17 Seacoast White,40
G17SHVBC1NE,8.475565063934061,4,3,1,massey,G17,NE Shock 17 1,41
G17MCJVB2NE,8.175230105529685,25,15,10,massey,G17,Mill City 17 Orange,42
G17WHIRL1XL,7.846890302860407,7,2,5,massey,G17,Whirlwind VBC 17 1,43
G17118021XX,7.844940472318476,11,7,4,massey,G17,NYCLBVC 17U BLUE ELITE,44
G17SJJVB3NE,7.8116633931758095,15,8,7,massey,G17,SMASH 17's Focus,45
G17NEVBC3NE,7.787416936295878,10,9,1,massey,G17,Northeast 17 Blue,46
G17DIGSV2GE,7.573425400672555,8,5,3,massey,G17,Digs 17 WHITE,47
G17RRJVB1NE,7.555215458562916,17,7,10,massey,G17,Boston United 17 National - Kyle,48
G17CEDGE1WE,7.2991430333430225,7,5,2,massey,G17,CEVC 17 1,49
G17PINVA2GE,7.247679416023783,8,6,2,massey,G17,PVA 17 National Peak,50
G17LDNER2NE,7.131918560542722,10,5,5,massey,G17,Lockdown VBC 17 Blue Jays,51
G17CACLI1GE,6.86612123269569,5,0,5,massey,G17,CALI 17 Black,52
G17SJVBC1NE,6.820378691468605,18,13,5,massey,G17,South County 17-National,53
G17TTVBC1NE,6.178752106275837,28,17,11,massey,G17,SLAM 17P Black,54
G17LHVBC1NE,5.9882780113834,10,3,7,massey,G17,LHV Girls 17-1 Ignite,55
G17NYCJR2GE,5.951843241683417,7,3,4,massey,G17,NYC Juniors 17 Travel,56
G17SJVBC2NE,5.876166230267794,21,14,7,massey,G17,South County 17-Blue,57
G17SSVBC1NE,5.8308906184341325,11,5,6,massey,G17,SSVBC 17 1,58
G17HRJVB1NE,5.700828139470024,23,17,6,massey,G17,HardRock 17,59
G17EYNER1NE,5.546422540512797,17,8,9,massey,G17,ENVY 17 NATIONAL,60
G17RRJVB2NE,4.352335203704836,30,17,13,massey,G17,Boston United 17 National - Dimitri,61
G17LHVBA1GE,4.146964487301153,7,5,2,massey,G17,LHVA 17 Purple National,62
G17RENAS1KE,3.9583560560093396,8,4,4,massey,G17,Renaissance 17 Black,63
G17NYCJR3GE,3.8776058281005796,8,6,2,massey,G17,NYC Juniors 17 SI,64
G17CAPVC1GE,3.5301325001132424,9,5,4,massey,G17,Capitals 17 National,65
G17HHVBC7NE,3.1203896417213453,10,6,4,massey,G17,Hawks 17 Aviles,66
G17CMJVB3NE,2.5083857664180518,11,9,2,massey,G17,CMASS EDGE 17 White,67
G17MOMET2FL,2.233553661069001,8,3,5,massey,G17,Momentum 17 Neon,68
G17CACLI3GE,2.1269758781478054,13,8,5,massey,G17,CALI 17 Red,69
G17GAJVB1NE,2.0323183404544176,5,1,4,massey,G17,Gators 17 Black,70
G17MNJVB2NE,1.8898711566416395,17,14,3,massey,G17,Maine Jrs 17 Gold,71
G17MGJVB4NE,1.8711800651591153,14,10,4,massey,G17,MGA 17's Stars,72
G17HHVBC2NE,1.3740354768449397,5,4,1,massey,G17,Hawks 17 Catalino,73
G17NESVC2NE,0.9987561927089175,23,17,6,massey,G17,NE Storm 17 Blizzard,74
G17ATLAN2GE,0.8709755005548594,9,6,3,massey,G17,AVA 17 Premier 1,75
G17AVVBC1NE,0.5145426136597653,20,9,11,massey,G17,Avidity 17 Diamond,76
G17OCEAN2GE,0.2944953500067613,7,2,5,massey,G17,Ocean Volleyball 17 National Mike,77
G17FCVBC1NE,0.24767828227471433,11,3,8,massey,G17,FCA Volleyball 17 1,78
G17FGSVA1FL,0.07884148468559182,6,2,4,massey,G17,Gulfside 17U Select,79
G17RRJVB3NE,-0.11705567104642256,34,20,14,massey,G17,Boston United 17 Northeast,80
G17CSJVB1NE,-0.20500733758396894,12,8,4,massey,G17,CT STARS 17s Rony,81
G17NYCIV1GE,-0.5585234266400203,6,2,4,massey,G17,NYC Impact 17U Black,82
G17MIVBC1NE,-0.7127149356620315,9,3,6,massey,G17,Mass Impact 17 Connor,83
G17WHIRL2XL,-0.7581953552204155,7,3,4,massey,G17,Whirlwind VBC 17 2,84
G17SJVBC3NE,-1.357001701009228,21,15,6,massey,G17,South County 17-Gold,85
G17NYCLI1GE,-1.539879868325455,7,3,4,massey,G17,NYCLI 17 Elite,86
G17LHVBC2NE,-1.8373386861685042,11,7,4,massey,G17,LHV Girls 17-2 Origin,87
G17NEVBC4NE,-2.0956454112989853,16,10,6,massey,G17,Northeast 17 Orange,88
G17MAJVB1NE,-2.940971973796982,16,9,7,massey,G17,Mass Premier 17 1,89
G17LEGRO3GE,-3.0454071653483936,4,2,2,massey,G17,Allegro 17 South Black,90
G17118022XX,-3.366931294014001,6,2,4,massey,G17,NYCLBVC 17U WHITE,91
G17TUSVA1GE,-3.5146807159180344,7,4,3,massey,G17,Train Up VB 17 1,92
G17GRVBC2NE,-3.608467065661773,11,4,7,massey,G17,GVC 17-2,93
G17EYNER2NE,-3.6881143028648964,17,8,9,massey,G17,ENVY 17 TSUNAMI,94
G17NESVC1NE,-3.905190122622381,21,12,9,massey,G17,NE Storm 17 Hurricane,95
G17SPAVB3XL,-4.040274783901921,13,6,7,massey,G17,Spa City 17 Coral,96
G17PVJVB1NE,-4.4341019485051305,21,7,14,massey,G17,PV 17 National,97
G17SRVBC1NE,-4.814606599503035,23,9,14,massey,G17,SURGE 17 ORANGE,98
G17NETHG1XL,-4.8567737506893645,5,2,3,massey,G17,NET 17 Force,99
G17SAJVB2NE,-5.226840898127861,11,6,5,massey,G17,SA Elite 17 American,100
G17DDVBC1NE,-5.488291743584261,31,10,21,massey,G17,Dig Deep 17 Ginger,101
G17HKJVB4NE,-5.684270617732935,7,4,3,massey,G17,Husky 17 New England,102
G17AAVBC1NE,-5.774212780789028,11,6,5,massey,G17,AVA 17 Elites,103
G17WAREN3GE,-5.997523675542212,5,4,1,massey,G17,Warren Sixpack 17 white,104
G17TCJVB1NE,-6.241376789171832,10,3,7,massey,G17,Nova 17 Premier Cam,105
G17LCVBC1GE,-6.26676633088406,8,1,7,massey,G17,Legacy 17 National,106
G17CSJVB2NE,-6.345287292872018,13,7,6,massey,G17,CT STARS 17s Abbi,107
G171191980XX,-6.39514415685877,7,0,7,massey,G17,COL. SANTANDER,108
G17VVVBC2NE,-6.602153881171019,10,6,4,massey,G17,Vibe 17u Silver,109
G17LEGIO2XL,-6.8043155449223764,13,7,6,massey,G17,TeamLVC 17 Pink,110
G17LEGRO2GE,-6.978093997651328,6,4,2,massey,G17,Allegro 17 Scarlet,111
G17NETHG2XL,-7.214272210044438,12,5,7,massey,G17,NET 17 Lightning,112
G17ATACK1GE,-7.813235566074148,8,2,6,massey,G17,Attack 17 1,113
G17LDNER3NE,-9.237587938275079,15,4,11,massey,G17,Lockdown VBC 17 Raptors,114
G17NEVBC5NE,-9.2876900554751,16,4,12,massey,G17,Northeast 17 Black,115
G17EYNER3NE,-9.422650780974635,19,8,11,massey,G17,ENVY 17 LIGHTNING,116
G17VVVBC1NE,-9.588188938658305,10,3,7,massey,G17,Vibe 17u Gold,117
G17LEGRO4GE,-9.6961456178304,5,2,3,massey,G17,Allegro 17 Ruby,118
G17TTVBC3NE,-10.459321866822927,26,16,10,massey,G17,SLAM 17P White,119
G17RENAS2KE,-10.723673879831235,8,2,6,massey,G17,Renaissance 17 Red,120
G17TTVBC2NE,-11.46642889540478,24,9,15,massey,G17,SLAM 17P Red,121
G17PROVA3GE,-11.7672904729891,9,1,8,massey,G17,Prodigy 17.3 Elite,122
G17CAPVC3GE,-12.617082977690986,5,1,4,massey,G17,Capitals 17 Liberty,123
G17SIVBC1NE,-12.98170935396708,34,8,26,massey,G17,SISU VB 17 1,124
G17SRVBC2NE,-13.153801354600436,15,8,7,massey,G17,SURGE 17 TEAL,125
G17BEVNY2GE,-13.621143131533817,6,1,5,massey,G17,BEV 17 Elite,126
G17MXVBC1NE,-13.738487771389046,20,7,13,massey,G17,Max Performance 17 Kayla,127
G17CAMYV1NE,-13.860046479983074,17,8,9,massey,G17,CYVB 17 1,128
G17113231XX,-14.001503202029612,27,7,20,massey,G17,EliteZ 17 GIRLS HP BLACK,129
G17LEGRO5GE,-14.095661543395074,5,0,5,massey,G17,Allegro 17 South Red,130
G17LCVBC2GE,-14.616764725795987,7,1,6,massey,G17,Legacy 17 Premier,131
G17CACLI4GE,-15.034090288134061,5,2,3,massey,G17,CALI 17 Gold North,132
G17RRJVB4NE,-15.198294092849771,22,11,11,massey,G17,Boston United 17 Select 1,133
G17GEVBC1NE,-15.251147758088445,14,7,7,massey,G17,Generations vbc 17 1,134
G17GSVBC1NE,-15.27789657227574,6,3,3,massey,G17,GSVC 17 Navy,135
G17LHVBC3NE,-15.665893028043158,15,7,8,massey,G17,LHV Girls 17-3 Apex,136
G17CAPVC2GE,-16.08311465068481,5,3,2,massey,G17,Capitals 17 United,137
G17BVJVB1NE,-16.14174288500802,10,2,8,massey,G17,Blast 17U Cobras,138
G17IGVBC1NE,-16.641527496332756,22,8,14,massey,G17,Ignite 17 Black,139
G17KNGHT1GE,-17.56902362627046,2,0,2,massey,G17,LIKVBC 17,140
G17MCJVB3NE,-17.857325986918646,16,7,9,massey,G17,Mill City 17 Blue,141
G17CSJVB3NE,-19.26853012061292,13,4,9,massey,G17,CT STARS 17s Delia,142
G17TTVBC4NE,-19.67819518982506,17,10,7,massey,G17,SLAM 17R Silver,143
G17VERSE1GE,-20.022477920677492,7,3,4,massey,G17,NYC Volley Verse 17 1,144
G17MGJVB3NE,-22.02017508829115,10,2,8,massey,G17,MGA 17's White,145
G17PVJVB2NE,-22.761773884313513,26,6,20,massey,G17,PV 17 Elite,146
G17BVJVB2NE,-23.0612739325156,21,5,16,massey,G17,Blast 17U Panthers,147
G17SJVBC4NE,-23.646613602812103,21,11,10,massey,G17,South County 17-White,148
G17BEVNY3GE,-23.993579149753288,8,1,7,massey,G17,BEV 17 Skyline,149
G17EYNER4NE,-25.196029233961,15,3,12,massey,G17,ENVY 17 AVALANCHE,150
G17TCJVB3NE,-26.244670150589968,11,2,9,massey,G17,Nova 17 Regional,151
G17SUCES1GE,-26.845321113741033,12,0,12,massey,G17,SA 17 1,152
G17PPNER1NE,-26.90757985102445,9,2,7,massey,G17,Pure Passion 17 1,153
G17NESVC3NE,-27.054568381536264,16,6,10,massey,G17,NE Storm 17 Heatwave,154
G17VVVBC3NE,-27.47077402819009,5,0,5,massey,G17,Vibe Girls 17u Jocelyn,155
G17TTVBC5NE,-29.849727240879027,16,4,12,massey,G17,SLAM 17R Crimson,156
G17RRJVB5NE,-30.994280020558808,16,1,15,massey,G17,Boston United 17 Sapphire,157
G17MAPVB3NE,-31.863334165841742,26,4,22,massey,G17,Mass Power VB 17 Pink,158
G17SURGE1GE,-33.014417460997265,7,0,7,massey,G17,LI Surge 17 1,159
G17MGJVB20NE,-47.8570978049885,6,0,6,massey,G17,MGA 17's Panthers,160
G18NEVBC1NE,35.07677542007561,11,7,4,massey,G18,Northeast 18.1,1
G18CMJVB1NE,30.76514766046758,10,7,3,massey,G18,CMASS EDGE 18 Black,2
G18SJJVB1NE,29.92561300419075,11,7,4,massey,G18,SMASH 18s,3
G18VOLFX1WE,29.286523345267167,13,12,1,massey,G18,VolleyFX 18 Magic,4
G18USANY1XL,29.28501395375751,22,22,0,massey,G18,USANY Fortitude 18 - 1,5
G18HKJVB1NE,28.64053830399788,10,7,3,massey,G18,Husky 18 National,6
G18SJJVB2NE,26.591386081098193,5,3,2,massey,G18,SMASH 18s Attack,7
G18ESVBC1OV,25.417632712400298,9,8,1,massey,G18,ESO 18 Elite,8
G18NXTLV1PU,25.393285695651382,9,8,1,massey,G18,Next Level 18 1,9
G18SOSVB1GE,25.380430091104206,5,3,2,massey,G18,Sideout 18N Elvis,10
G18RRJVB1NE,23.51754352869193,17,11,6,massey,G18,Boston United 18 National,11
G18COQUI2PU,23.380865709423325,7,5,2,massey,G18,BORINQUEN COQUI CPT 2026,12
G18WHIRL1XL,23.250209555449537,8,6,2,massey,G18,Whirlwind VBC 18 1,13
G18CADOV1WE,23.202765094989672,5,5,0,massey,G18,CADO 18 1,14
G18VOLFX2WE,22.749431718244157,8,7,1,massey,G18,VolleyFX 18 Mystery,15
G18NYCJR1GE,21.919493294135876,12,7,5,massey,G18,NYC Juniors 18 National,16
G18PARAD1WE,21.613291600712564,4,3,1,massey,G18,Paradigm Revolution,17
G18DSTJN1GE,19.88124587297055,7,5,2,massey,G18,Downstate (N) 18 Cobras,18
G18APXTC1OV,19.729565929249674,7,5,2,massey,G18,Apex VBTC 18 Apex Red,19
G18XTREM2GE,19.06727223169586,8,6,2,massey,G18,Xtreme 18 National Deb,20
G18LEGIO1XL,16.93768961873277,18,7,11,massey,G18,TeamLVC 18 Black,21
G18SSVBC1NE,16.700824890401254,16,13,3,massey,G18,SSVBC 18 1,22
G18SPAVB1XL,16.378922255026062,17,10,7,massey,G18,Spa City 18 Aqua,23
G18MNJVB1NE,16.17386855084604,18,14,4,massey,G18,Maine Jrs 18 National,24
G18LFJVB1NE,14.861641513350014,18,9,9,massey,G18,603 United 18 Seacoast Black,25
G18TCJVB1NE,14.21286475750789,11,7,4,massey,G18,Nova 18 Premier Matt,26
G18LCVBC1GE,12.319475866727185,8,3,5,massey,G18,Legacy 18 National Odaly,27
G18FCVBC1NE,12.072344815938003,8,5,3,massey,G18,FCA Volleyball 18 1,28
G18PRINC1GE,11.928205613353933,5,3,2,massey,G18,Princeton 18 Black,29
G18MCJVB1NE,11.881809834391605,22,6,16,massey,G18,Mill City 18’s,30
G18ALLIN1FL,11.79547904036164,8,4,4,massey,G18,AVA 18 Coral,31
G18CMJVB2NE,11.753150174123942,8,6,2,massey,G18,CMASS EDGE 18 Blue,32
G18DIGSV1GE,11.23827777590837,8,5,3,massey,G18,Digs 18 RED,33
G18NEVBC2NE,11.157733985418412,9,4,5,massey,G18,Northeast 18.2,34
G18RENAS1KE,10.787467172838603,7,5,2,massey,G18,Renaissance 18 Black,35
G18BEVNY1GE,10.195914999984666,8,4,4,massey,G18,BEV 18 Empire,36
G18LDNER1NE,9.888710977536137,20,9,11,massey,G18,Lockdown VBC 18 Eagles,37
G18FVNER1NE,9.856573523458032,5,3,2,massey,G18,Fusion 18 Premier,38
G18MGJVB2NE,9.088831555366959,13,10,3,massey,G18,MGA 18's Black,39
G18PIEDR15PU,8.917662324957082,8,6,2,massey,G18,LPV-18U,40
G18DDVBC1NE,8.790899439613963,33,19,14,massey,G18,Dig Deep 18 Ginger,41
G18SSVBC2NE,8.574380505241109,15,8,7,massey,G18,SSVBC 18 2,42
G18USANY2XL,7.951523276519119,19,11,8,massey,G18,USANY Patience 18 - 2,43
G18SJVBC1NE,7.300030992766704,17,14,3,massey,G18,South County 18-Blue,44
G18TUSVA1GE,6.771053824466211,7,3,4,massey,G18,Train Up VB 18 1,45
G18HHVBC1NE,6.457904896839633,4,3,1,massey,G18,Hawks 18 Lathrop,46
G18MCJVB3NE,5.975025077380951,22,11,11,massey,G18,Mill City 18 Orange,47
G18USANY3XL,5.779191396256351,11,9,2,massey,G18,USANY Five Rivers 18 - 3,48
G18NEVBC3NE,5.755372909405551,14,12,2,massey,G18,Northeast 18 Blue,49
G18LFJVB2NE,5.560388488100948,19,16,3,massey,G18,603 United 18 Seacoast White,50
G18SPAVB2XL,4.875841239642158,15,10,5,massey,G18,Spa City 18 Coral,51
G18HRJVB1NE,4.281972069061922,5,4,1,massey,G18,HardRock 18,52
G18NYCIV1GE,3.7064313685306804,7,3,4,massey,G18,NYC Impact 18U Black,53
G18LCVBC2GE,3.527812751011775,8,4,4,massey,G18,Legacy 18 National Marcus,54
G18NETHG1XL,3.2226471634001173,12,6,6,massey,G18,NET 18 Force,55
G18GAJVB1NE,3.114716229984068,10,4,6,massey,G18,Gators 18 Black,56
G18LEGRO3GE,2.7248274126389447,4,1,3,massey,G18,Allegro 18 South Black,57
G18SIVBC1NE,2.5008806071504566,30,13,17,massey,G18,SISU VB 18 1,58
G18WAREN1GE,2.3876005433679843,5,4,1,massey,G18,Warren Sixpack 18 Red,59
G18EASTS1WE,2.0862651631228832,7,2,5,massey,G18,Eastside Ice Tempest,60
G18MWJVB1NE,2.0835657375366097,14,12,2,massey,G18,Metrowest VBC 18 Gold,61
G18OCLEV1GE,2.0638334582143463,8,4,4,massey,G18,OC Lady Elite 18 Black,62
G18HKJVB2NE,2.0126257899919002,6,4,2,massey,G18,Husky 18 Northeast,63
G18MIVBC1NE,1.6267218294445467,15,7,8,massey,G18,Mass Impact 18 Shannon,64
G18EYNER1NE,1.5956845047205341,20,6,14,massey,G18,ENVY 18 CYCLONE,65
G18CEDGE1WE,1.4531416369295522,8,6,2,massey,G18,CEVC 18 1,66
G18PVJVB1NE,1.1968626956502728,16,6,10,massey,G18,PV 18 National,67
G18AAVBC1NE,0.8208872660510753,15,9,6,massey,G18,AVA 18 Purple Sharks,68
G18LFJVB3NE,0.7776337157009756,18,14,4,massey,G18,603 United 18 Central White,69
G18PPNER1NE,0.6994173893513351,15,11,4,massey,G18,Pure Passion 18 1,70
G18DRVBC1NE,0.6465005954150449,17,12,5,massey,G18,Dragons 18 Phantoms,71
G18117941XX,0.5011605586173342,7,3,4,massey,G18,X-Performance 17/18,72
G18NYCLI1GE,0.44451327801506935,8,5,3,massey,G18,NYCLI 18 Elite,73
G18LDNER2NE,0.1378009524387167,21,10,11,massey,G18,Lockdown VBC 18 Ospreys,74
G18NYCVA1GE,-0.1496753520889067,8,3,5,massey,G18,NYC VBA 18 Amsterdam,75
G18MGJVB1NE,-0.4305643175163893,10,6,4,massey,G18,MGA 18's White,76
G18BEVNY2GE,-0.7473478686642405,8,4,4,massey,G18,BEV 18 Elite,77
G18LIVBI1GE,-1.5793019429584234,11,8,3,massey,G18,LI Blaze VBC 18,78
G18CJJVB1NE,-1.6651847863831426,10,5,5,massey,G18,CT Juniors 18 National,79
G18SAJVB1NE,-3.8111989480480695,8,5,3,massey,G18,SA Elite 18 American,80
G18RRJVB2NE,-4.306016024051928,32,18,14,massey,G18,Boston United 18 Northeast,81
G18SRVBC1NE,-4.704948877943064,28,10,18,massey,G18,SURGE 18 PINK,82
G18MAJVB1NE,-4.89819942751175,15,10,5,massey,G18,Mass Premier 18 1,83
G18TTVBC1NE,-5.46955234053167,23,12,11,massey,G18,SLAM 18P Black,84
G18HOOMA1AH,-5.521993475267513,8,3,5,massey,G18,Ho'omau 18U Alex,85
G18SOSVB2GE,-8.193145265271541,8,1,7,massey,G18,Sideout 18N Jamie,86
G18SAVBC2XL,-8.665017179158763,5,2,3,massey,G18,Sporting Albany Girls 18 Orange,87
G18MIVBC2NE,-9.106887431140889,15,5,10,massey,G18,Mass Impact 18 Mike,88
G18SAVBC1XL,-9.516607789913131,5,2,3,massey,G18,Sporting Albany Girls 18 Blue,89
G18CTRVB1NE,-10.08804651602022,37,17,20,massey,G18,C3VB 18 1,90
G18SHVBC1NE,-10.476342327028867,5,3,2,massey,G18,NE Shock 18 1,91
G18CRJVB1NE,-10.57690537661676,16,3,13,massey,G18,CRVBC 18 1 Eagles,92
G18MCJVB4NE,-10.7703838734393,13,6,7,massey,G18,Mill City 18 Blue,93
G18BVJVB1NE,-11.182566076743754,10,4,6,massey,G18,Blast 18U Lions,94
G18STARQ1GE,-11.361380136327117,7,2,5,massey,G18,Starlings NYC Queens 18 1,95
G18GREEN1GE,-11.85345918188267,8,2,6,massey,G18,Asphalt Green VBC 18-Green,96
G18KNGHT1GE,-11.987374210008525,1,1,0,massey,G18,LIKVBC 18,97
G18UNVBC1NE,-12.382164967059435,20,8,12,massey,G18,Unity 18 Girls National Banshees,98
G18DDVBC2NE,-12.413895277318522,27,5,22,massey,G18,Dig Deep 18 Force,99
G18VPVBC10NE,-12.646779159749563,10,4,6,massey,G18,Viper 18 Purple,100
G18TTVBC2NE,-13.000499882756554,12,6,6,massey,G18,SLAM 18R Red,101
G18FVNER3NE,-13.42173341454445,5,4,1,massey,G18,Fusion 18 Elite,102
G18NSJVB1NE,-13.457053666977707,16,6,10,massey,G18,NH Seacoast 18 Premier,103
G18CACLI2GE,-13.951937473453501,12,6,6,massey,G18,CALI 18 Blue,104
G18112721XX,-14.476481880444517,28,10,18,massey,G18,X2 Volleyball 18 1,105
G18LEGRO4GE,-14.590007216325168,5,2,3,massey,G18,Allegro 18 Scarlet,106
G18NESVC1NE,-14.97989413126914,18,7,11,massey,G18,NE Storm 18 Typhoon,107
G18VVVBC1NE,-15.97309085679478,15,6,9,massey,G18,Vibe 18u Premier,108
G18PVJVB2NE,-17.097204130378692,23,6,17,massey,G18,PV 18 Elite,109
G18MIVBC3NE,-17.458195991148553,18,9,9,massey,G18,Mass Impact 18 Chris,110
G18CTRVB2NE,-17.637346925952446,36,9,27,massey,G18,C3VB 18 2,111
G181190999XX,-18.20644615915379,8,3,5,massey,G18,Tide 18 99,112
G18EYNER2NE,-19.768797462785948,14,4,10,massey,G18,ENVY 18 TORNADO,113
G18FVNER2NE,-19.88291492133878,5,2,3,massey,G18,Fusion Elite,114
G18SGHVB1NE,-20.987374210008376,2,0,2,massey,G18,Starlings GH 18 1,115
G18SURGE1GE,-21.11293548652335,12,1,11,massey,G18,LI Surge 18 Premier,116
G18GSVBC1NE,-21.303945940118155,3,1,2,massey,G18,GSVC 18 Navy,117
G18MNJVB3NE,-21.56963615416477,7,3,4,massey,G18,Maine Jrs 18-Silver,118
G18MIVBC4NE,-22.851743849155145,18,8,10,massey,G18,Mass Impact 18 Curro,119
G18NESVC2NE,-23.944902315667733,18,4,14,massey,G18,NE Storm 18 Downburst,120
G18MWJVB2NE,-25.05689257373704,10,2,8,massey,G18,Metrowest VBC 18 Navy,121
G18113231XX,-25.143062245493553,25,3,22,massey,G18,EliteZ 18 GIRLS HP BLACK,122
G18DRVBC3NE,-25.389369292722712,4,2,2,massey,G18,Dragons 18 Erica,123
G18MIVBC5NE,-25.93383670589265,18,5,13,massey,G18,Mass Impact 18 Morgan,124
G18GAJVB2NE,-26.23244250888194,8,2,6,massey,G18,Gators 18 Green,125
G18MAPVB3NE,-29.41994382263926,23,6,17,massey,G18,Mass Power VB 18 Pink,126
G18MNJVB4NE,-30.30638725505795,3,1,2,massey,G18,Maine Jrs 18 Bronze,127
G18RRJVB3NE,-30.929581788369646,18,3,15,massey,G18,Boston United 18 Select,128
G18DRVBC2NE,-31.630365832340217,10,1,9,massey,G18,Dragons 18 Emily,129
G18JHEAT2GE,-32.56154156766635,5,1,4,massey,G18,CJHEAT 18 2,130
G18UNVBC2NE,-36.84609102197431,10,1,9,massey,G18,Unity 18 Girls Silver Krakens,131
G16PARAD1WE,42.12500000000005,1,1,0,massey,MIXED,Paradigm Rebellion,1
G16118021XX,41.82758620689644,1,1,0,massey,MIXED,NYCLBVC 16U BLUE ELITE,2
G15NEVBC2NE,39.227586206896476,6,6,0,massey,MIXED,Northeast 15.2,3
G16NEVBC3NE,38.027586206896444,2,1,1,massey,MIXED,Northeast 16.3,4
G14MAJVB3NE,34.75000000000029,1,1,0,massey,MIXED,Mass Premier 14 2 Blue,5
G12NYCJR1GE,34.45061728395058,1,1,0,massey,MIXED,NYC Juniors 12 Blue,6
G15SJJVB1NE,34.12500000000002,5,4,1,massey,MIXED,SMASH 15s,7
G16NEVBC5NE,33.40909090909103,1,1,0,massey,MIXED,Northeast 16 Orange,8
G16LFJVB2NE,30.409090909089983,1,1,0,massey,MIXED,603 United 16 Seacoast White,9
G14ROCKA1GE,30.078947368421094,1,1,0,massey,MIXED,RVT 14-1 Surf,10
G12LIBER1CH,29.450617283950663,1,1,0,massey,MIXED,Libero 12 Huskies,11
G16HKJVB2NE,28.12499999999998,1,0,1,massey,MIXED,Husky 16 Northeast Red,12
G16CMJVB3NE,28.02758620689639,1,1,0,massey,MIXED,CMASS EDGE 16 White,13
G15HKJVB1NE,27.827586206896434,5,3,2,massey,MIXED,Husky 15 National,14
G16NESVC1NE,27.027586206896384,1,1,0,massey,MIXED,NE Storm 16 Avalanche,15
G16LHVBA1GE,25.666666666666526,1,1,0,massey,MIXED,LHVA 16 Purple National,16
G12118021XX,25.450617283950667,1,1,0,massey,MIXED,NYCLBVC 12U BLUE,17
G12SJJVB1NE,25.45061728395035,1,1,0,massey,MIXED,SMASH 12s,18
G14RENAS1KE,25.078947368421144,1,0,1,massey,MIXED,Renaissance 14 Black,19
G16APXTC2OV,24.666666666666565,1,1,0,massey,MIXED,Apex VBTC 16 Apex White,20
B14SJJVB1NE,23.977272727272755,1,1,0,massey,MIXED,SMASH Boys 14-1,21
G16DDVBC1NE,22.83333333333337,1,1,0,massey,MIXED,Dig Deep 16 Ginger,22
G16TCJVB1NE,22.627586206896467,2,1,1,massey,MIXED,Nova 16 Premier Jamie/Mili,23
G14PVJVB3NE,22.57142857142855,1,1,0,massey,MIXED,PV 14 Pink Panthers,24
G14NEVBC2NE,22.078947368421023,2,2,0,massey,MIXED,Northeast 14.2,25
G18PARAD1WE,21.673913043478326,2,2,0,massey,MIXED,Paradigm Revolution,26
G12TCJVB1NE,21.61728395061745,2,2,0,massey,MIXED,Nova 12 Select Brie/Ryleigh,27
G14MXVBC1NE,20.700000000000088,2,2,0,massey,MIXED,Max Performance 14 Jaz,28
G18SJVBC1NE,20.249999999999833,1,1,0,massey,MIXED,South County 18-Blue,29
G16LEGIO2XL,20.22758620689647,1,0,1,massey,MIXED,TeamLVC 16 Pink,30
G16LEGRO4GE,20.027586206896416,3,1,2,massey,MIXED,Allegro 16 South Black,31
B14NEVBC1NE,19.97727272727271,1,1,0,massey,MIXED,NEVBC Boys 14.1,32
G18USANY1XL,19.673913043478297,1,1,0,massey,MIXED,USANY Fortitude 18 - 1,33
G16PARAD2WE,19.31250000000004,1,1,0,massey,MIXED,Paradigm Rumble,34
G16LDNER1NE,19.12500000000001,2,1,1,massey,MIXED,Lockdown VBC 16 Hawks,35
G16WAREN1GE,19.125,1,0,1,massey,MIXED,Warren Sixpack 16 red,36
B18PVJVB1NE,18.868723165951295,2,1,1,massey,MIXED,PV Boys 18 1,37
G17NEVBC2NE,18.673913043478567,6,6,0,massey,MIXED,Northeast 17.2,38
G15NEVBC5NE,18.166666666666742,1,1,0,massey,MIXED,Northeast 15 Black,39
G14NYCJR5GE,18.078947368421257,1,1,0,massey,MIXED,NYC Juniors 14 Brooklyn,40
B15SYRVB1XL,18.045964247707644,7,7,0,massey,MIXED,SVC 15 1 Boys,41
G16AVVBC1NE,18.02758620689643,1,1,0,massey,MIXED,Avidity 16 Onyx,42
G12ROCKA3GE,17.45061728395069,1,1,0,massey,MIXED,RVT 12-3 Sail,43
G17NYCIV1GE,17.40000000000015,1,1,0,massey,MIXED,NYC Impact 17U Black,44
G17NYCJR3GE,17.400000000000137,1,1,0,massey,MIXED,NYC Juniors 17 SI,45
G17SJJVB1NE,16.673913043478333,4,2,2,massey,MIXED,SMASH 17s,46
G12SJJVB3NE,15.45061728395014,1,1,0,massey,MIXED,SMASH 12's Volts,47
B16SJJVB1NE,14.978260869565254,5,5,0,massey,MIXED,SMASH Boys 16-1,48
G12LDNER1NE,14.450617283950288,1,1,0,massey,MIXED,Lockdown VBC 12 SandPipers,49
G16NEVBC6NE,14.409090909090372,1,0,1,massey,MIXED,Northeast 16 Black,50
G16SSVBC2NE,14.227586206896438,1,0,1,massey,MIXED,SSVBC 16 2,51
G17GRVBC2NE,13.833333333333414,1,1,0,massey,MIXED,GVC 17-2,52
B18SJJVB3NE,13.623188405797075,3,2,1,massey,MIXED,SMASH Boys 18's Surge,53
B17CAPIT1XL,13.536074295314716,13,13,0,massey,MIXED,CSVC 17 BIG SLIDE,54
G13118021XX,13.078947368421238,8,6,2,massey,MIXED,NYCLBVC 13U BLUE,55
G14118022XX,13.078947368421108,1,1,0,massey,MIXED,NYCLBVC 14U WHITE,56
B14RRJVB1NE,12.9772727272727,1,1,0,massey,MIXED,Boston United Boys 14-1,57
G17MCJVB2NE,12.833333333333414,1,1,0,massey,MIXED,Mill City 17 Orange,58
G17LDNER1NE,12.673913043478308,4,3,1,massey,MIXED,Lockdown VBC 17 Phoenix,59
G17EYNER1NE,12.400000000000169,1,1,0,massey,MIXED,ENVY 17 NATIONAL,60
G16NEVBC2NE,12.249999999999993,5,5,0,massey,MIXED,Northeast 16.2,61
G16CJJVB2NE,12.227586206896483,1,0,1,massey,MIXED,CT Juniors 16 Premier,62
G16PVJVB1NE,12.125000000000028,1,0,1,massey,MIXED,PV 16 National,63
B18315VB1XL,11.909790927758046,2,2,0,massey,MIXED,315VB 18 USA,64
G18LFJVB1NE,11.673913043478336,3,0,3,massey,MIXED,603 United 18 Seacoast Black,65
B16CAPIT1XL,11.48461863375904,5,4,1,massey,MIXED,CSVC 16 WOLFJAW,66
G16SPAVB2XL,11.427586206896388,2,1,1,massey,MIXED,Spa City 16 Coral,67
G18LFJVB2NE,11.249999999999888,1,1,0,massey,MIXED,603 United 18 Seacoast White,68
G16LFJVB3NE,11.02758620689639,1,1,0,massey,MIXED,603 United 16 Central White,69
G14LFJVB3NE,10.700000000000035,1,1,0,massey,MIXED,603 United 14 Seacoast Blue,70
B17NEVBC1NE,10.612049654657271,3,2,1,massey,MIXED,NEVBC Boys 17.1,71
G16MCJVB6NE,10.56249999999998,2,1,1,massey,MIXED,Mill City 16 Teal,72
B14117752XX,10.477272727272727,2,2,0,massey,MIXED,ValleyVBC Elite Boys,73
G15MIVBC1NE,10.40909090909034,6,4,2,massey,MIXED,Mass Impact 15 Brent,74
B15LEGIO1XL,10.228548102310274,4,3,1,massey,MIXED,TeamLVC Boys 15 Black,75
G16SJJVB1NE,9.750000000000119,6,6,0,massey,MIXED,SMASH 16s,76
G18HKJVB2NE,9.400000000000125,2,2,0,massey,MIXED,Husky 18 Northeast,77
G15117751XX,9.166666666666728,1,1,0,massey,MIXED,ValleyVBC Elite,78
G15PARAD1WE,9.124999999999979,5,4,1,massey,MIXED,Paradigm Ruckus,79
G16CMJVB2NE,8.833333333333373,1,1,0,massey,MIXED,CMASS EDGE 16 Blue,80
G18TCJVB1NE,8.673913043478144,1,1,0,massey,MIXED,Nova 18 Premier Matt,81
G17SHVBC1NE,8.249999999999975,1,1,0,massey,MIXED,NE Shock 17 1,82
B18MCJVB1NE,8.20137203658766,1,1,0,massey,MIXED,Mill City 18's,83
G16CTRVB1NE,7.8275862068964415,1,0,1,massey,MIXED,C3VB 16 1,84
G16JHEAT2GE,7.812499999999856,1,1,0,massey,MIXED,CJHEAT 16 2,85
G17LHVBA1GE,7.4000000000001736,1,1,0,massey,MIXED,LHVA 17 Purple National,86
G15PARAD2WE,7.312500000000035,4,3,1,massey,MIXED,Paradigm Racket,87
B17SJJVB2NE,7.2013720365879195,3,1,2,massey,MIXED,SMASH Boys 17 Chaos,88
G13BVJVB1NE,6.750000000000227,6,4,2,massey,MIXED,Blast 13U Dragons,89
G17HKJVB4NE,6.500000000000044,1,1,0,massey,MIXED,Husky 17 New England,90
G12LDNER2NE,6.450617283950647,1,1,0,massey,MIXED,Lockdown VBC 12 Puffins,91
G14IGVBC2NE,6.2500000000003,2,1,1,massey,MIXED,Ignite 14 Red,92
B18SJJVB2NE,6.074061974986677,2,1,1,massey,MIXED,SMASH Boys 18's Force,93
G13FVNER1NE,5.571428571428556,6,4,2,massey,MIXED,Fusion 13 Sparks,94
B18118281XX,5.536074295314913,1,0,1,massey,MIXED,PW-VB Quarter-Zip Elite 67-Matcha,95
G16SJVBC3NE,5.062500000000017,2,1,1,massey,MIXED,South County 16-Gold,96
G17WAREN1GE,4.7500000000000195,2,0,2,massey,MIXED,Warren Sixpack 17 red,97
G18SSVBC1NE,4.67391304347856,1,0,1,massey,MIXED,SSVBC 18 1,98
G12RRJVB1NE,4.450617283950302,1,1,0,massey,MIXED,Boston United 12 Select,99
B18LEGIO1XL,4.2280660817619,3,0,3,massey,MIXED,TeamLVC Boys 18 Black,100
G14GAJVB1NE,4.166666666666726,5,3,2,massey,MIXED,Gators 14 Black,101
G14GREEN1GE,4.078947368421129,2,1,1,massey,MIXED,Asphalt Green VBC 14-Green,102
G15CJJVB2NE,4.027586206896435,10,2,8,massey,MIXED,Ct Juniors 15 Premier,103
B16NESVC2NE,3.7448429027502854,6,3,3,massey,MIXED,NE Storm 16 Monsoon,104
G18SPAVB1XL,3.673913043478549,1,0,1,massey,MIXED,Spa City 18 Aqua,105
B18BVJVB1NE,3.536074295314771,1,0,1,massey,MIXED,Blast 18 Fire,106
G12SJJVB2NE,3.450617283950355,2,2,0,massey,MIXED,SMASH 12s Energy,107
G17PROVA3GE,3.4000000000000776,1,1,0,massey,MIXED,Prodigy 17.3 Elite,108
G17LFJVB1NE,3.0000000000000306,2,0,2,massey,MIXED,603 United 17 Seacoast Black,109
G16MCJVB3NE,2.8333333333333885,1,1,0,massey,MIXED,Mill City 16 Orange,110
G12LHVBC1NE,2.783950617283276,3,2,1,massey,MIXED,LHV Girls 12-1 Spark,111
G17SJJVB2NE,2.750000000000024,1,0,1,massey,MIXED,SMASH 17s Black Ice,112
B18CAPIT1XL,2.534020907224324,5,1,4,massey,MIXED,CSVC 18 HAYSTACK,113
G16MNJVB1NE,2.400000000000306,9,4,5,massey,MIXED,Maine Jrs 16 National,114
G17MIVBC1NE,2.249999999999891,6,4,2,massey,MIXED,Mass Impact 17 Connor,115
B16RRJVB3NE,2.17569876969967,3,1,2,massey,MIXED,Boston United Boys 16 Select 1,116
G14TCJVB1NE,2.0789473684209248,1,1,0,massey,MIXED,Nova 14 Premier Brody/Brennan,117
B13SJJVB1NE,1.9772727272726827,16,9,7,massey,MIXED,SMASH Boys 13-1,118
G16MXVBC1NE,1.833333333333415,5,2,3,massey,MIXED,Max Performance 16 Jess,119
G17PARAD1WE,1.7500000000000613,1,0,1,massey,MIXED,Paradigm Revolt,120
B14SAVBC1XL,1.7272727272725286,4,2,2,massey,MIXED,Sporting Albany Boys 14u,121
G17CJJVB1NE,1.67391304347817,5,4,1,massey,MIXED,CT Juniors 17 National,122
B17PVJVB1NE,1.4239130434782947,2,1,1,massey,MIXED,PV Boys 17 1,123
B18PVJVB3NE,1.289855072463741,3,1,2,massey,MIXED,PV Boys 18 3,124
G17118021XX,1.2500000000000049,1,0,1,massey,MIXED,NYCLBVC 17U BLUE ELITE,125
G12VERSE1GE,0.9506172839503293,2,1,1,massey,MIXED,NYC Volley Verse 12 1,126
G16SSVBC1NE,0.8333333333333967,1,1,0,massey,MIXED,SSVBC 16 1,127
G18LEGRO3GE,0.6739130434785425,1,0,1,massey,MIXED,Allegro 18 South Black,128
G18USANY2XL,0.6739130434782865,1,0,1,massey,MIXED,USANY Patience 18 - 2,129
G18DDVBC1NE,0.6739130434780756,2,1,1,massey,MIXED,Dig Deep 18 Ginger,130
G17BEVNY2GE,0.4000000000001791,1,1,0,massey,MIXED,BEV 17 Elite,131
G17KNGHT1GE,0.4000000000001014,2,1,1,massey,MIXED,LIKVBC 17,132
B17RRJVB1NE,0.2608695652174111,3,1,2,massey,MIXED,Boston United Boys 17 National 1,133
G17LFJVB2NE,0.24999999999992628,1,1,0,massey,MIXED,603 United 17 Seacoast White,134
B18PVJVB4NE,-0.09020907224194108,2,1,1,massey,MIXED,PV Boys 18 4,135
G15SIVBC1NE,-0.18750000000006795,4,1,3,massey,MIXED,SISU VB 15 1,136
G14RRJVB5NE,-0.24999999999971667,1,0,1,massey,MIXED,Boston United 14 Sapphire,137
G14MGJVB6NE,-0.42857142857144237,1,1,0,massey,MIXED,MGA 14's Stripes,138
G17SIVBC1NE,-1.1666666666665673,1,1,0,massey,MIXED,SISU VB 17 1,139
B17HKJVB2NE,-1.2154657457533347,5,3,2,massey,MIXED,Husky 17.2,140
G11LDNER1NE,-1.2160493827159025,8,7,1,massey,MIXED,Lockdown VBC 11 Hummingbirds,141
G16SURGE1GE,-1.3333333333333974,1,0,1,massey,MIXED,LI Surge 16 Premier,142
G16MOMET1FL,-1.333333333333424,1,1,0,massey,MIXED,Momentum 16 Neon,143
G14112721XX,-1.4285714285714275,1,0,1,massey,MIXED,X2 Volleyball 14 1,144
B16LHVBC2NE,-1.4909678969670113,3,0,3,massey,MIXED,LHV Boys 16-2 Hunters,145
G17HKJVB3NE,-1.5999999999998737,1,0,1,massey,MIXED,Husky 17 Northeast Black,146
G17LEGRO3GE,-1.7500000000000115,1,0,1,massey,MIXED,Allegro 17 South Black,147
G16PROVA1GE,-1.8749999999999916,1,0,1,massey,MIXED,Prodigy 16.1 Premier,148
G13GREEN1GE,-1.921052631579034,8,5,3,massey,MIXED,Asphalt Green VBC 13-Green,149
G16SAJVB3NE,-1.972413793103598,1,1,0,massey,MIXED,SA Elite 16 American Ice,150
B17SJJVB3NE,-2.369565217391255,3,1,2,massey,MIXED,SMASH Boys 17's Shock,151
G11SJJVB1NE,-2.5493827160497524,11,3,8,massey,MIXED,SMASH 11s,152
G17MGJVB4NE,-2.750000000000047,1,1,0,massey,MIXED,MGA 17's Stars,153
G13SPAVB2XL,-2.921052631579062,5,2,3,massey,MIXED,Spa City 13 Coral,154
B18PVJVB2NE,-2.9639257046853498,2,0,2,massey,MIXED,PV Boys 18 2,155
G12TTVBC2NE,-3.2160493827159584,1,0,1,massey,MIXED,SLAM 12R Red,156
G18NEVBC2NE,-3.3260869565218587,1,0,1,massey,MIXED,Northeast 18.2,157
G16113231XX,-3.3333333333334063,1,1,0,massey,MIXED,EliteZ 16 GIRLS HP BLACK,158
G14LEGIO2XL,-3.4210526315790477,2,1,1,massey,MIXED,TeamLVC 14 Pink,159
B18NESVC1NE,-3.463925704685293,1,0,1,massey,MIXED,NE Storm 18 Thunder,160
G15BVJVB1NE,-3.5909090909086006,1,1,0,massey,MIXED,Blast 15U Sabers,161
G16LFJVB1NE,-3.875000000000001,1,0,1,massey,MIXED,603 United 16 Seacoast Black,162
B15CAPIT1XL,-4.1521838092297045,3,1,2,massey,MIXED,CSVC 15 PANTHERS,163
G14LFJVB4NE,-4.299999999999832,2,1,1,massey,MIXED,603 United 14 Central Blue,164
G18CADOV1WE,-4.326086956521199,1,0,1,massey,MIXED,CADO 18 1,165
G16BEVNY3GE,-4.333333333333411,1,0,1,massey,MIXED,BEV 16 Skyline,166
G12GRVBC2NE,-4.382716049382527,2,0,2,massey,MIXED,GVC 12-2 Diamonds,167
G15LFJVB3NE,-4.590909090908639,2,2,0,massey,MIXED,603 United 15 Seacoast Blue,168
G16LHVBC4NE,-4.590909090909133,1,0,1,massey,MIXED,LHV Girls 16-4 Ragers,169
B15RRJVB2NE,-4.747416040919717,5,2,3,massey,MIXED,Boston United Boys 15 Select 1,170
G16SJVBC2NE,-4.7500000000000435,5,1,4,massey,MIXED,South County 16-Blue,171
G15RRJVB4NE,-4.83333333333325,1,0,1,massey,MIXED,Boston United 15 Sapphire,172
G15118022XX,-5.333333333333417,8,4,4,massey,MIXED,NYCLBVC 15U WHITE,173
G14RRJVB6NE,-5.428571428571416,1,0,1,massey,MIXED,Boston United 14 Steel,174
G18SGHVB1NE,-6.499999999999951,1,0,1,massey,MIXED,Starlings GH 18 1,175
G11GRVBC1NE,-6.549382716049365,13,6,7,massey,MIXED,GVC 11-1,176
G15AVVBC3NE,-6.590909090908568,1,1,0,massey,MIXED,Avidity 15 Jade,177
G17FGSVA1FL,-6.599999999999812,1,0,1,massey,MIXED,Gulfside 17U Select,178
G14SPAVB3XL,-6.921052631579089,1,0,1,massey,MIXED,Spa City 14 Navy,179
G16TTVBC4NE,-6.972413793103484,1,1,0,massey,MIXED,SLAM 16R Silver,180
G18DRVBC1NE,-7.7500000000001155,1,0,1,massey,MIXED,Dragons 18 Phantoms,181
G18EYNER1NE,-7.826086956522074,2,2,0,massey,MIXED,ENVY 18 CYCLONE,182
B17HKJVB3NE,-7.964952398730619,5,2,3,massey,MIXED,Husky 17.3,183
G16DRVBC1NE,-7.972413793103512,1,1,0,massey,MIXED,Dragons 16 Fyre,184
G18CTRVB1NE,-8.326086956521424,1,0,1,massey,MIXED,C3VB 18 1,185
G14PVJVB4NE,-8.42857142857142,1,0,1,massey,MIXED,PV 14 Select North,186
B18LHVBC2NE,-8.463925704685245,1,0,1,massey,MIXED,LHV Boys 18-2 Blitz,187
G15GAJVB2NE,-8.833333333333261,1,0,1,massey,MIXED,Gators 15 Green,188
G14CACLI4GE,-8.921052631578824,1,0,1,massey,MIXED,CALI 14 Gold North,189
G14EYNER1NE,-8.921052631578926,1,0,1,massey,MIXED,ENVY 14 SANDSTORM,190
B18NESVC2NE,-8.964952398730723,1,0,1,massey,MIXED,NE Storm 18 Squall,191
G15MNJVB1NE,-9.166666666666586,6,2,4,massey,MIXED,Maine Jrs 15-National,192
G18SSVBC2NE,-9.326086956521808,1,0,1,massey,MIXED,SSVBC 18 2,193
B16BVJVB2NE,-9.686012964198497,3,1,2,massey,MIXED,Blast 16 Pyro,194
B14HKJVB1NE,-10.022727272727263,1,0,1,massey,MIXED,Husky 14.1,195
G17LDNER3NE,-10.166666666666586,1,0,1,massey,MIXED,Lockdown VBC 17 Raptors,196
G18PVJVB1NE,-10.326086956521706,2,0,2,massey,MIXED,PV 18 National,197
G17LEGIO2XL,-10.750000000000052,2,0,2,massey,MIXED,TeamLVC 17 Pink,198
G16HEVBA9NE,-10.875000000000034,2,1,1,massey,MIXED,HEVBA 16 99,199
G14BEVNY2GE,-10.921052631578892,1,0,1,massey,MIXED,BEV 14 Elite,200
B17CAPIT2XL,-11.076086956521653,2,1,1,massey,MIXED,CSVC 17 SKYLIGHT,201
B14CAPIT1XL,-11.522727272727293,2,0,2,massey,MIXED,CSVC 14 CASCADE,202
G16MXVBC2NE,-11.590909090910035,1,0,1,massey,MIXED,Max Performance 16 Tony,203
G17NETHG2XL,-11.599999999999849,1,0,1,massey,MIXED,NET 17 Lightning,204
G18KNGHT1GE,-11.599999999999902,2,0,2,massey,MIXED,LIKVBC 18,205
B18MVNER2NE,-11.964952398730688,1,1,0,massey,MIXED,Meraki VB 18 2,206
G16UNVBC1NE,-11.972413793103508,2,1,1,massey,MIXED,Unity 16 Girls Gold Valkeries,207
G13LFJVB2NE,-12.299999999999851,7,2,5,massey,MIXED,603 United 13 Seacoast Blue,208
G14MIVBC2NE,-12.42857142857145,1,0,1,massey,MIXED,Mass Impact 14 Lara,209
B16PVJVB2NE,-12.651272613839982,4,1,3,massey,MIXED,PV Boys 16 2,210
G18CTRVB2NE,-12.750000000000103,1,0,1,massey,MIXED,C3VB 18 2,211
G16CAMYV1NE,-12.874999999999837,1,1,0,massey,MIXED,CYVB 16 1,212
B15TTVBC1NE,-12.951819331073654,5,1,4,massey,MIXED,SLAM 15 1 Boys,213
G18MCJVB3NE,-13.326086956521687,1,0,1,massey,MIXED,Mill City 18 Orange,214
B14RRJVB2NE,-13.522727272727316,2,0,2,massey,MIXED,Boston United Boys 13 Select 1,215
G12BEVNY1GE,-13.549382716049275,1,0,1,massey,MIXED,BEV 12 Elite,216
B14SJJVB2NE,-14.022727272727327,1,0,1,massey,MIXED,SMASH Boys 14's Thunder,217
B18TTVBC1NE,-14.215465745753129,1,0,1,massey,MIXED,SLAM 18 1 Boys,218
B18NEVBC3NE,-14.21546574575314,1,0,1,massey,MIXED,NEVBC Boys 18 Blue,219
G16CJVBA6GE,-14.333333333333444,1,0,1,massey,MIXED,CJVA 16 Red,220
G14GAJVB3NE,-14.799999999999876,2,1,1,massey,MIXED,Gators 14 White,221
G16NESVC3NE,-14.87499999999968,1,1,0,massey,MIXED,NE Storm 16 Earthquake,222
G17SPAVB3XL,-15.5,2,0,2,massey,MIXED,Spa City 17 Coral,223
G16LEGIO3XL,-15.687499999999966,1,0,1,massey,MIXED,TeamLVC 16 White,224
G14VERSE2GE,-16.921052631578736,1,0,1,massey,MIXED,NYC Volley Verse 14 Navy,225
G17TTVBC2NE,-17.166666666666558,1,0,1,massey,MIXED,SLAM 17P Red,226
G12NSJVB1NE,-17.216049382715926,1,0,1,massey,MIXED,NH Seacoast 12 USA,227
G12PROVA1GE,-17.216049382715937,1,0,1,massey,MIXED,Prodigy 12.1 Club,228
G18AAVBC1NE,-17.32608695652198,1,1,0,massey,MIXED,AVA 18 Purple Sharks,229
G12112721XX,-17.549382716049273,2,0,2,massey,MIXED,X2 Volleyball 12 1,230
G17118022XX,-17.599999999999856,1,0,1,massey,MIXED,NYCLBVC 17U WHITE,231
G15117754XX,-17.833333333333254,1,0,1,massey,MIXED,ValleyVBC Blue,232
B18SAVBC1XL,-18.13043478260862,3,0,3,massey,MIXED,Sporting Albany Boys 18u,233
G14GAJVB2NE,-18.59090909090874,7,2,5,massey,MIXED,Gators 14 Green,234
B18BVJVB2NE,-18.714439051707792,2,0,2,massey,MIXED,Blast 18 Blaze,235
G15RRJVB9NE,-19.97241379310343,1,1,0,massey,MIXED,Boston United 15 Chrome,236
G16CSJVB3NE,-20.333333333333396,1,0,1,massey,MIXED,CT STARS 16s Ioanna,237
G14SURGE2GE,-20.421052631578885,2,0,2,massey,MIXED,LI Surge 14 Premier White,238
G12CMJVB2NE,-21.549382716049365,1,0,1,massey,MIXED,CMASS EDGE 12 Gray,239
G17CSJVB1NE,-21.59999999999984,1,0,1,massey,MIXED,CT STARS 17s Rony,240
G18TTVBC2NE,-21.750000000000114,1,0,1,massey,MIXED,SLAM 18R Red,241
G15CAMYV1NE,-21.972413793103385,1,1,0,massey,MIXED,CYVB 15 1,242
B14CAPIT2XL,-22.022727272727344,1,0,1,massey,MIXED,CSVC 14 SAWTEETH,243
G12HRJVB1NE,-22.21604938271597,1,0,1,massey,MIXED,HardRock 12,244
G17BVJVB1NE,-22.326086956522005,5,1,4,massey,MIXED,Blast 17U Cobras,245
G12CSJVB1NE,-22.549382716049653,1,0,1,massey,MIXED,CT STARS 12-1,246
G14CACLI6GE,-22.921052631578913,1,0,1,massey,MIXED,CALI 14 Gold South,247
G14TTVBC6NE,-23.249999999999673,1,0,1,massey,MIXED,SLAM 14R Crimson,248
G14TRICO1GE,-23.421052631578906,2,0,2,massey,MIXED,TriCounty ATTACK 14 1,249
G12RRJVB2NE,-23.882716049382573,2,0,2,massey,MIXED,Boston United 12 Sapphire,250
G14TTVBC8NE,-24.24999999999977,1,0,1,massey,MIXED,SLAM 14R Platinum,251
G16SIVBC1NE,-24.875000000000004,1,0,1,massey,MIXED,SISU VB 16 1,252
G18DDVBC2NE,-25.326086956521983,1,0,1,massey,MIXED,Dig Deep 18 Force,253
G16BVJVB3NE,-25.874999999999822,1,1,0,massey,MIXED,Blast 16U Jaguars,254
G16CRJVB1NE,-26.166666666666544,2,0,2,massey,MIXED,CRVBC 16 1 Hawks,255
G14BVJVB1NE,-27.97241379310342,5,3,2,massey,MIXED,Blast 14U Jungle Cats,256
G12TTVBC3NE,-28.216049382715966,1,0,1,massey,MIXED,SLAM 12R White,257
G16MAPVB3NE,-28.97241379310361,1,0,1,massey,MIXED,Mass Power VB 16 Black,258
G16NESVC4NE,-30.87499999999968,1,1,0,massey,MIXED,NE Storm 16 Twister,259
G16RRJVB5NE,-32.97241379310343,1,1,0,massey,MIXED,Boston United 16 Sapphire,260
G16PVJVB3NE,-34.18750000000009,1,0,1,massey,MIXED,PV 16 Select,261
G15RRJVB7NE,-36.97241379310349,6,1,5,massey,MIXED,Boston United 15 Silver,262
G15DRVBC3NE,-37.87499999999981,5,0,5,massey,MIXED,Dragons 15 Brian,263
G15MAPVB3NE,-38.972413793103435,1,0,1,massey,MIXED,Mass Power VB 15 Pink,264
G15SGHVB1NE,-39.09090909090861,2,0,2,massey,MIXED,Starlings GH 15 1,265
G15RRJVB11NE,-44.972413793103456,1,0,1,massey,MIXED,Boston United 15 Cobalt,266
G16TCJVB4NE,-61.972413793103485,1,0,1,massey,MIXED,Nova 16 Regional,267
