team_code,rating,matches_played,wins,losses,model,pool_key,team_name
G15LUNAR5GEX,1534.772327276234,3,3,0,elo_baseline,,Lunar 15 1
G16CJVBA6GE,1512.0,1,1,0,elo_baseline,,CJVA 16 Red
G16BEVNY3GE,1511.6280561756819,1,1,0,elo_baseline,,BEV 16 Skyline
G16MGJVB1NE,1511.585699413623,1,1,0,elo_baseline,,MGA 16's North
G15LIBER1CH,1488.813372137389,1,0,1,elo_baseline,,Libero 15 HUSKIES
G15PINVA2GE,1488.414300586377,1,0,1,elo_baseline,,PVA 15 National Peak
G15CAPVC1GE,1488.0,1,0,1,elo_baseline,,Capitals 15 National
G16BEVNY4GE,1487.186627862611,1,0,1,elo_baseline,,BEV 16 High Rise
G16LUNAR5GEX,1477.5996165480842,4,1,3,elo_baseline,,CCC - Hawks 16
G15LUNAR5GEX,1578.702645790087,3,3,0,elo_margin,,Lunar 15 1
G16CJVBA6GE,1530.0,1,1,0,elo_margin,,CJVA 16 Red
G16BEVNY3GE,1528.0596509774934,1,1,0,elo_margin,,BEV 16 Skyline
G16MGJVB1NE,1527.4160104786672,1,1,0,elo_margin,,MGA 16's North
G15LIBER1CH,1475.391726273297,1,0,1,elo_margin,,Libero 15 HUSKIES
G15CAPVC1GE,1473.6333050719654,1,0,1,elo_margin,,Capitals 15 National
G15PINVA2GE,1472.2723228646505,1,0,1,elo_margin,,PVA 15 National Peak
G16BEVNY4GE,1465.0869466372026,1,0,1,elo_margin,,BEV 16 High Rise
G16LUNAR5GEX,1449.4373919066368,4,1,3,elo_margin,,CCC - Hawks 16
G15LUNAR5GEX,10.75,3,3,0,hybrid_points,,Lunar 15 1
G16CJVBA6GE,4.5,1,1,0,hybrid_points,,CJVA 16 Red
G16MGJVB1NE,4.485,1,1,0,hybrid_points,,MGA 16's North
G16BEVNY3GE,4.163,1,1,0,hybrid_points,,BEV 16 Skyline
G15LIBER1CH,1.3805,1,0,1,hybrid_points,,Libero 15 HUSKIES
G16LUNAR5GEX,0.1499999999999999,4,1,3,hybrid_points,,CCC - Hawks 16
G15CAPVC1GE,-0.9,1,0,1,hybrid_points,,Capitals 15 National
G15PINVA2GE,-1.111,1,0,1,hybrid_points,,PVA 15 National Peak
G16BEVNY4GE,-1.33,1,0,1,hybrid_points,,BEV 16 High Rise
G16CJVBA6GE,20.200000000000102,1,1,0,massey,,CJVA 16 Red
G15LIBER1CH,13.499999999999991,1,0,1,massey,,Libero 15 HUSKIES
G16MGJVB1NE,12.200000000000106,1,1,0,massey,,MGA 16's North
G16BEVNY3GE,3.1999999999997004,1,1,0,massey,,BEV 16 Skyline
G15LUNAR5GEX,2.499999999999997,3,3,0,massey,,Lunar 15 1
G15CAPVC1GE,-5.499999999999992,1,0,1,massey,,Capitals 15 National
G16LUNAR5GEX,-9.799999999999985,4,1,3,massey,,CCC - Hawks 16
G15PINVA2GE,-10.500000000000009,1,0,1,massey,,PVA 15 National Peak
G16BEVNY4GE,-25.79999999999991,1,0,1,massey,,BEV 16 High Rise
G16CJVBA6GE,20.199999999999992,1,1,0,massey_recent,,CJVA 16 Red
G15LIBER1CH,13.5,1,0,1,massey_recent,,Libero 15 HUSKIES
G16MGJVB1NE,12.19999999999998,1,1,0,massey_recent,,MGA 16's North
G16BEVNY3GE,3.2000000000000215,1,1,0,massey_recent,,BEV 16 Skyline
G15LUNAR5GEX,2.4999999999999987,3,3,0,massey_recent,,Lunar 15 1
G15CAPVC1GE,-5.499999999999997,1,0,1,massey_recent,,Capitals 15 National
G16LUNAR5GEX,-9.800000000000002,4,1,3,massey_recent,,CCC - Hawks 16
G15PINVA2GE,-10.499999999999998,1,0,1,massey_recent,,PVA 15 National Peak
G16BEVNY4GE,-25.799999999999997,1,0,1,massey_recent,,BEV 16 High Rise
B14SJJVB1NE,1626.8626414577732,15,14,1,elo_baseline,B14,SMASH Boys 14-1
B14NEVBC1NE,1599.7398540276947,11,10,1,elo_baseline,B14,NEVBC Boys 14.1
B14COQUI1PU,1583.9191899880138,8,8,0,elo_baseline,B14,BORINQUEN COQUI 14M Pirito
B14117752XX,1580.3343894491145,20,15,5,elo_baseline,B14,ValleyVBC Elite Boys
B14TACCU1GE,1562.8873784853618,13,10,3,elo_baseline,B14,Accuracy 14 Champ
B14CORE11GE,1561.5092108950669,8,7,1,elo_baseline,B14,CORE Boys 14 Platinum
B14SAVBC1XL,1551.6900158002054,13,9,4,elo_baseline,B14,Sporting Albany Boys 14u
B14117901XX,1551.669813188542,7,6,1,elo_baseline,B14,Torrimar 14 1
B14RRJVB1NE,1505.200167375103,23,12,11,elo_baseline,B14,Boston United Boys 14-1
B14SPTMC2GE,1486.3613916074478,7,3,4,elo_baseline,B14,Sportime 14 2
B14LHVBC1NE,1482.1634297596622,26,12,14,elo_baseline,B14,LHV Boys 14-1 Premier
B14HKJVB1NE,1477.326241599041,8,3,5,elo_baseline,B14,Husky 14.1
B14ROCVC1GE,1463.5927566607925,7,2,5,elo_baseline,B14,Rockland VBC 14 1
B14LIFRY1GE,1459.742515338281,7,2,5,elo_baseline,B14,LI Fury 14 1
B14LCVBC1GE,1456.7431771748913,8,2,6,elo_baseline,B14,Legacy Boys 14 Premier
B14RRJVB2NE,1456.277851709051,8,2,6,elo_baseline,B14,Boston United Boys 13 Select 1
B14SJJVB2NE,1446.920669356351,15,5,10,elo_baseline,B14,SMASH Boys 14's Thunder
B14MVPVA1NE,1434.5418993593526,26,8,18,elo_baseline,B14,MVP BOS 14 Black
B14SPTMC3GE,1433.181132780256,8,1,7,elo_baseline,B14,Sportime 14 3
B14CAPIT1XL,1407.405623424317,22,5,17,elo_baseline,B14,CSVC 14 CASCADE
B14CAPIT2XL,1371.9306505636812,18,3,15,elo_baseline,B14,CSVC 14 SAWTEETH
B14SJJVB1NE,1754.4686224206594,15,14,1,elo_margin,B14,SMASH Boys 14-1
B14NEVBC1NE,1706.3204544592986,11,10,1,elo_margin,B14,NEVBC Boys 14.1
B14COQUI1PU,1686.7033918096693,8,8,0,elo_margin,B14,BORINQUEN COQUI 14M Pirito
B14CORE11GE,1625.1794721997055,8,7,1,elo_margin,B14,CORE Boys 14 Platinum
B14TACCU1GE,1615.6340776805469,13,10,3,elo_margin,B14,Accuracy 14 Champ
B14117901XX,1611.115611432432,7,6,1,elo_margin,B14,Torrimar 14 1
B14SAVBC1XL,1607.1582697472588,13,9,4,elo_margin,B14,Sporting Albany Boys 14u
B14117752XX,1604.3836908743074,20,15,5,elo_margin,B14,ValleyVBC Elite Boys
B14RRJVB1NE,1524.0491258965835,23,12,11,elo_margin,B14,Boston United Boys 14-1
B14SPTMC2GE,1480.1878768385106,7,3,4,elo_margin,B14,Sportime 14 2
B14LHVBC1NE,1472.382059277789,26,12,14,elo_margin,B14,LHV Boys 14-1 Premier
B14HKJVB1NE,1460.065971973517,8,3,5,elo_margin,B14,Husky 14.1
B14LCVBC1GE,1421.8541293394755,8,2,6,elo_margin,B14,Legacy Boys 14 Premier
B14ROCVC1GE,1408.1090931370593,7,2,5,elo_margin,B14,Rockland VBC 14 1
B14MVPVA1NE,1398.2599471991389,26,8,18,elo_margin,B14,MVP BOS 14 Black
B14RRJVB2NE,1396.6982382815581,8,2,6,elo_margin,B14,Boston United Boys 13 Select 1
B14LIFRY1GE,1387.3255607028234,7,2,5,elo_margin,B14,LI Fury 14 1
B14SJJVB2NE,1370.7280267620376,15,5,10,elo_margin,B14,SMASH Boys 14's Thunder
B14SPTMC3GE,1364.657063844775,8,1,7,elo_margin,B14,Sportime 14 3
B14CAPIT1XL,1356.6535304701445,22,5,17,elo_margin,B14,CSVC 14 CASCADE
B14CAPIT2XL,1248.0657856527098,18,3,15,elo_margin,B14,CSVC 14 SAWTEETH
B14SJJVB1NE,66.00061437877484,15,14,1,hybrid_points,B14,SMASH Boys 14-1
B14117752XX,59.269741715381755,20,15,5,hybrid_points,B14,ValleyVBC Elite Boys
B14RRJVB1NE,46.28099998758473,23,12,11,hybrid_points,B14,Boston United Boys 14-1
B14NEVBC1NE,44.086768044233914,11,10,1,hybrid_points,B14,NEVBC Boys 14.1
B14TACCU1GE,42.910294407875654,13,10,3,hybrid_points,B14,Accuracy 14 Champ
B14COQUI1PU,36.88073062659009,8,8,0,hybrid_points,B14,BORINQUEN COQUI 14M Pirito
B14SAVBC1XL,36.066172643890724,13,9,4,hybrid_points,B14,Sporting Albany Boys 14u
B14LHVBC1NE,34.275842884495546,26,12,14,hybrid_points,B14,LHV Boys 14-1 Premier
B14CORE11GE,30.69262931483801,8,7,1,hybrid_points,B14,CORE Boys 14 Platinum
B14117901XX,26.501408274544662,7,6,1,hybrid_points,B14,Torrimar 14 1
B14MVPVA1NE,15.578122580792387,26,8,18,hybrid_points,B14,MVP BOS 14 Black
B14CAPIT1XL,11.652242667384638,22,5,17,hybrid_points,B14,CSVC 14 CASCADE
B14SJJVB2NE,11.30312653563442,15,5,10,hybrid_points,B14,SMASH Boys 14's Thunder
B14SPTMC2GE,8.737541157049272,7,3,4,hybrid_points,B14,Sportime 14 2
B14HKJVB1NE,7.925099042832076,8,3,5,hybrid_points,B14,Husky 14.1
B14LCVBC1GE,2.8852256334547413,8,2,6,hybrid_points,B14,Legacy Boys 14 Premier
B14LIFRY1GE,2.437424840081011,7,2,5,hybrid_points,B14,LI Fury 14 1
B14RRJVB2NE,2.4218671468302753,8,2,6,hybrid_points,B14,Boston United Boys 13 Select 1
B14ROCVC1GE,2.3548620796252306,7,2,5,hybrid_points,B14,Rockland VBC 14 1
B14CAPIT2XL,1.0389909631809235,18,3,15,hybrid_points,B14,CSVC 14 SAWTEETH
B14SPTMC3GE,-2.1337936510154547,8,1,7,hybrid_points,B14,Sportime 14 3
B14COQUI1PU,27.127429440534105,8,8,0,massey,B14,BORINQUEN COQUI 14M Pirito
B14SJJVB1NE,22.60139552204377,15,14,1,massey,B14,SMASH Boys 14-1
B14117901XX,20.918751384386137,7,6,1,massey,B14,Torrimar 14 1
B14NEVBC1NE,16.56369630059339,11,10,1,massey,B14,NEVBC Boys 14.1
B14CORE11GE,14.493527932767954,8,7,1,massey,B14,CORE Boys 14 Platinum
B14TACCU1GE,12.990679913889906,13,10,3,massey,B14,Accuracy 14 Champ
B14SAVBC1XL,10.012668938746046,13,9,4,massey,B14,Sporting Albany Boys 14u
B14117752XX,6.467841022571131,20,15,5,massey,B14,ValleyVBC Elite Boys
B14RRJVB1NE,1.694183849813278,23,12,11,massey,B14,Boston United Boys 14-1
B14LHVBC1NE,-4.575157606275897,26,12,14,massey,B14,LHV Boys 14-1 Premier
B14SPTMC2GE,-5.850380343414951,7,3,4,massey,B14,Sportime 14 2
B14MVPVA1NE,-6.53496735292579,26,8,18,massey,B14,MVP BOS 14 Black
B14CAPIT1XL,-7.92151418841785,22,5,17,massey,B14,CSVC 14 CASCADE
B14SJJVB2NE,-10.191238124009873,15,5,10,massey,B14,SMASH Boys 14's Thunder
B14HKJVB1NE,-11.81586837670402,8,3,5,massey,B14,Husky 14.1
B14CAPIT2XL,-12.647749647371361,18,3,15,massey,B14,CSVC 14 SAWTEETH
B14LIFRY1GE,-12.981216866299041,7,2,5,massey,B14,LI Fury 14 1
B14LCVBC1GE,-13.653006117089069,8,2,6,massey,B14,Legacy Boys 14 Premier
B14SPTMC3GE,-13.787497220304681,8,1,7,massey,B14,Sportime 14 3
B14ROCVC1GE,-15.592490558657888,7,2,5,massey,B14,Rockland VBC 14 1
B14RRJVB2NE,-17.319087903875268,8,2,6,massey,B14,Boston United Boys 13 Select 1
B14COQUI1PU,32.414899811343545,8,8,0,massey_recent,B14,BORINQUEN COQUI 14M Pirito
B14NEVBC1NE,20.89249003279958,11,10,1,massey_recent,B14,NEVBC Boys 14.1
B14SJJVB1NE,20.68618325341013,15,14,1,massey_recent,B14,SMASH Boys 14-1
B14117901XX,19.58085438753388,7,6,1,massey_recent,B14,Torrimar 14 1
B14CORE11GE,16.576634053513025,8,7,1,massey_recent,B14,CORE Boys 14 Platinum
B14SAVBC1XL,10.201228860625907,13,9,4,massey_recent,B14,Sporting Albany Boys 14u
B14RRJVB1NE,9.507525749217779,23,12,11,massey_recent,B14,Boston United Boys 14-1
B14TACCU1GE,8.096480423262292,13,10,3,massey_recent,B14,Accuracy 14 Champ
B14117752XX,2.8661451884280273,20,15,5,massey_recent,B14,ValleyVBC Elite Boys
B14LHVBC1NE,-1.6288927410257763,26,12,14,massey_recent,B14,LHV Boys 14-1 Premier
B14SPTMC2GE,-7.200698637015313,7,3,4,massey_recent,B14,Sportime 14 2
B14MVPVA1NE,-7.2320187987484434,26,8,18,massey_recent,B14,MVP BOS 14 Black
B14CAPIT1XL,-7.534739098363976,22,5,17,massey_recent,B14,CSVC 14 CASCADE
B14LCVBC1GE,-9.22421118580711,8,2,6,massey_recent,B14,Legacy Boys 14 Premier
B14HKJVB1NE,-11.604890157075967,8,3,5,massey_recent,B14,Husky 14.1
B14SJJVB2NE,-11.927517195971177,15,5,10,massey_recent,B14,SMASH Boys 14's Thunder
B14LIFRY1GE,-13.724869444133429,7,2,5,massey_recent,B14,LI Fury 14 1
B14CAPIT2XL,-13.769244296201514,18,3,15,massey_recent,B14,CSVC 14 SAWTEETH
B14SPTMC3GE,-14.77892811215731,8,1,7,massey_recent,B14,Sportime 14 3
B14ROCVC1GE,-17.99071413820328,7,2,5,massey_recent,B14,Rockland VBC 14 1
B14RRJVB2NE,-24.205717955430885,8,2,6,massey_recent,B14,Boston United Boys 13 Select 1
B15RRJVB1NE,1669.3305662767661,25,22,3,elo_baseline,B15,Boston United Boys 15 National
B15SJJVB1NE,1612.4260093668588,18,15,3,elo_baseline,B15,SMASH Boys 15-1
B15LEGIO1XL,1559.0811139231548,14,10,4,elo_baseline,B15,TeamLVC Boys 15 Black
B15MCJVB1NE,1555.563964406282,20,13,7,elo_baseline,B15,Mill City 15's
B15NEVBC1NE,1546.6421524328618,11,7,4,elo_baseline,B15,NEVBC Boys 15.1
B15CORE11GE,1545.7649026377287,8,6,2,elo_baseline,B15,CORE Boys 15 Platinum
B15NYCVA1GE,1537.539025930849,13,8,5,elo_baseline,B15,NYC VBA 15 Nomad
B15CORE12GE,1536.6915207789277,7,5,2,elo_baseline,B15,CORE Boys 15 Titanium
B15LIFRY1GE,1535.865450409493,7,5,2,elo_baseline,B15,LI Fury 15 1
B15TACCU1GE,1530.5971240867088,13,8,5,elo_baseline,B15,Accuracy 15 Champ
B15SYRVB1XL,1521.6191046947363,2,2,0,elo_baseline,B15,SVC 15 1 Boys
B15ALLIN1FL,1520.0873646830219,8,5,3,elo_baseline,B15,AVA 15 Boys
B15NYCIV1GE,1505.049920302769,8,4,4,elo_baseline,B15,NYC Impact 15 National
B15HKJVB1NE,1501.9031953753422,10,5,5,elo_baseline,B15,Husky 15.1
B15SJJVB2NE,1490.9071161217214,15,7,8,elo_baseline,B15,SMASH Boys 15 Lightning
B15LHVBC1NE,1476.9325142480905,10,4,6,elo_baseline,B15,LHV Boys 15-1 Eclipse
B15SPTMC4GE,1476.8224992394355,8,3,5,elo_baseline,B15,Sportime 15 4
B15LCVBC1GE,1475.466937836994,8,3,5,elo_baseline,B15,Legacy Boys 15 Premier
B15SPTMC3GE,1467.0066706686314,7,2,5,elo_baseline,B15,Sportime 15 3
B15SPTMC5GE,1466.9409011992664,7,2,5,elo_baseline,B15,Sportime 15 Lynbrook
B15CAPIT1XL,1440.1469464388892,21,7,14,elo_baseline,B15,CSVC 15 PANTHERS
B15SAVBC1XL,1439.3804405458013,15,4,11,elo_baseline,B15,Sporting Albany Boys 15u
B15DIGSV1GE,1421.6600338115652,7,0,7,elo_baseline,B15,Digs Boys 15 Red
B15SJVBC1NE,1421.3790781367145,15,4,11,elo_baseline,B15,South County Juniors Boys 15 1
B15RRJVB2NE,1420.3258014022679,17,4,13,elo_baseline,B15,Boston United Boys 15 Select 1
B15TTVBC1NE,1415.207469653872,12,2,10,elo_baseline,B15,SLAM 15 1 Boys
B15NEVBC3NE,1409.662175391251,10,1,9,elo_baseline,B15,NEVBC Boys 15 Blue
B15RRJVB1NE,1801.7753984063443,25,22,3,elo_margin,B15,Boston United Boys 15 National
B15SJJVB1NE,1706.831891431613,18,15,3,elo_margin,B15,SMASH Boys 15-1
B15NEVBC1NE,1629.5221526227504,11,7,4,elo_margin,B15,NEVBC Boys 15.1
B15CORE11GE,1615.3031836934197,8,6,2,elo_margin,B15,CORE Boys 15 Platinum
B15LEGIO1XL,1601.9676674845982,14,10,4,elo_margin,B15,TeamLVC Boys 15 Black
B15MCJVB1NE,1597.8126173240635,20,13,7,elo_margin,B15,Mill City 15's
B15CORE12GE,1590.7588145288848,7,5,2,elo_margin,B15,CORE Boys 15 Titanium
B15NYCVA1GE,1589.336347429509,13,8,5,elo_margin,B15,NYC VBA 15 Nomad
B15LIFRY1GE,1570.3592611358945,7,5,2,elo_margin,B15,LI Fury 15 1
B15TACCU1GE,1552.0414742834143,13,8,5,elo_margin,B15,Accuracy 15 Champ
B15SYRVB1XL,1547.292946495494,2,2,0,elo_margin,B15,SVC 15 1 Boys
B15ALLIN1FL,1541.6073784073633,8,5,3,elo_margin,B15,AVA 15 Boys
B15NYCIV1GE,1515.0109119718725,8,4,4,elo_margin,B15,NYC Impact 15 National
B15HKJVB1NE,1497.8419512297417,10,5,5,elo_margin,B15,Husky 15.1
B15SJJVB2NE,1482.9422084682058,15,7,8,elo_margin,B15,SMASH Boys 15 Lightning
B15LHVBC1NE,1451.315689841552,10,4,6,elo_margin,B15,LHV Boys 15-1 Eclipse
B15LCVBC1GE,1444.4245231005368,8,3,5,elo_margin,B15,Legacy Boys 15 Premier
B15SPTMC5GE,1433.33903991845,7,2,5,elo_margin,B15,Sportime 15 Lynbrook
B15SPTMC3GE,1431.888217102285,7,2,5,elo_margin,B15,Sportime 15 3
B15CAPIT1XL,1427.7337484340076,21,7,14,elo_margin,B15,CSVC 15 PANTHERS
B15SPTMC4GE,1424.10808507805,8,3,5,elo_margin,B15,Sportime 15 4
B15SAVBC1XL,1379.185426849654,15,4,11,elo_margin,B15,Sporting Albany Boys 15u
B15RRJVB2NE,1359.4849578379549,17,4,13,elo_margin,B15,Boston United Boys 15 Select 1
B15SJVBC1NE,1352.3929625488154,15,4,11,elo_margin,B15,South County Juniors Boys 15 1
B15DIGSV1GE,1335.569433951154,7,0,7,elo_margin,B15,Digs Boys 15 Red
B15TTVBC1NE,1319.458493371277,12,2,10,elo_margin,B15,SLAM 15 1 Boys
B15NEVBC3NE,1300.6952170530944,10,1,9,elo_margin,B15,NEVBC Boys 15 Blue
B15RRJVB1NE,95.48697545066555,25,22,3,hybrid_points,B15,Boston United Boys 15 National
B15SJJVB1NE,65.45026071525072,18,15,3,hybrid_points,B15,SMASH Boys 15-1
B15MCJVB1NE,51.2229317318794,20,13,7,hybrid_points,B15,Mill City 15's
B15LEGIO1XL,36.74843417195317,14,10,4,hybrid_points,B15,TeamLVC Boys 15 Black
B15NYCVA1GE,34.18848362884869,13,8,5,hybrid_points,B15,NYC VBA 15 Nomad
B15NEVBC1NE,29.839114575137483,11,7,4,hybrid_points,B15,NEVBC Boys 15.1
B15TACCU1GE,28.860179067583797,13,8,5,hybrid_points,B15,Accuracy 15 Champ
B15CORE11GE,25.147620419469767,8,6,2,hybrid_points,B15,CORE Boys 15 Platinum
B15SJJVB2NE,22.36175347117673,15,7,8,hybrid_points,B15,SMASH Boys 15 Lightning
B15CORE12GE,20.96791973284481,7,5,2,hybrid_points,B15,CORE Boys 15 Titanium
B15CAPIT1XL,20.180824975462357,21,7,14,hybrid_points,B15,CSVC 15 PANTHERS
B15ALLIN1FL,19.113460517904002,8,5,3,hybrid_points,B15,AVA 15 Boys
B15LIFRY1GE,17.512169127148002,7,5,2,hybrid_points,B15,LI Fury 15 1
B15HKJVB1NE,15.900844212948114,10,5,5,hybrid_points,B15,Husky 15.1
B15NYCIV1GE,15.646662846069422,8,4,4,hybrid_points,B15,NYC Impact 15 National
B15LHVBC1NE,11.527442149775592,10,4,6,hybrid_points,B15,LHV Boys 15-1 Eclipse
B15SYRVB1XL,8.848928055354957,2,2,0,hybrid_points,B15,SVC 15 1 Boys
B15SJVBC1NE,8.848390665590806,15,4,11,hybrid_points,B15,South County Juniors Boys 15 1
B15SAVBC1XL,8.847159219406263,15,4,11,hybrid_points,B15,Sporting Albany Boys 15u
B15LCVBC1GE,8.776308397653981,8,3,5,hybrid_points,B15,Legacy Boys 15 Premier
B15RRJVB2NE,8.098724947336516,17,4,13,hybrid_points,B15,Boston United Boys 15 Select 1
B15SPTMC4GE,6.677733011257592,8,3,5,hybrid_points,B15,Sportime 15 4
B15SPTMC3GE,4.11201870965576,7,2,5,hybrid_points,B15,Sportime 15 3
B15SPTMC5GE,2.3477113772718017,7,2,5,hybrid_points,B15,Sportime 15 Lynbrook
B15TTVBC1NE,0.47916145152336265,12,2,10,hybrid_points,B15,SLAM 15 1 Boys
B15NEVBC3NE,-3.1279518115210205,10,1,9,hybrid_points,B15,NEVBC Boys 15 Blue
B15DIGSV1GE,-6.317252287783882,7,0,7,hybrid_points,B15,Digs Boys 15 Red
B15SJJVB1NE,14.844131576831213,18,15,3,massey,B15,SMASH Boys 15-1
B15RRJVB1NE,14.602590154244087,25,22,3,massey,B15,Boston United Boys 15 National
B15NEVBC1NE,12.354477893768761,11,7,4,massey,B15,NEVBC Boys 15.1
B15CORE11GE,11.905051040200131,8,6,2,massey,B15,CORE Boys 15 Platinum
B15SYRVB1XL,9.44586115543923,2,2,0,massey,B15,SVC 15 1 Boys
B15NYCVA1GE,8.935562043462175,13,8,5,massey,B15,NYC VBA 15 Nomad
B15MCJVB1NE,8.367744148035024,20,13,7,massey,B15,Mill City 15's
B15LIFRY1GE,7.723088703671281,7,5,2,massey,B15,LI Fury 15 1
B15CORE12GE,7.712224910607721,7,5,2,massey,B15,CORE Boys 15 Titanium
B15ALLIN1FL,7.187170842880393,8,5,3,massey,B15,AVA 15 Boys
B15TACCU1GE,3.7754279498058136,13,8,5,massey,B15,Accuracy 15 Champ
B15LEGIO1XL,2.701489771695405,14,10,4,massey,B15,TeamLVC Boys 15 Black
B15NYCIV1GE,2.4672191991353847,8,4,4,massey,B15,NYC Impact 15 National
B15SJJVB2NE,-1.0082888468896993,15,7,8,massey,B15,SMASH Boys 15 Lightning
B15HKJVB1NE,-1.0888565288767091,10,5,5,massey,B15,Husky 15.1
B15CAPIT1XL,-3.5285552576138857,21,7,14,massey,B15,CSVC 15 PANTHERS
B15LCVBC1GE,-3.871595976691593,8,3,5,massey,B15,Legacy Boys 15 Premier
B15RRJVB2NE,-5.538183373207661,17,4,13,massey,B15,Boston United Boys 15 Select 1
B15LHVBC1NE,-5.752495528093402,10,4,6,massey,B15,LHV Boys 15-1 Eclipse
B15SAVBC1XL,-5.930166401079031,15,4,11,massey,B15,Sporting Albany Boys 15u
B15SPTMC3GE,-7.328303552241952,7,2,5,massey,B15,Sportime 15 3
B15SPTMC4GE,-9.409382089004,8,3,5,massey,B15,Sportime 15 4
B15SJVBC1NE,-10.038070627256312,15,4,11,massey,B15,South County Juniors Boys 15 1
B15SPTMC5GE,-11.918409534205868,7,2,5,massey,B15,Sportime 15 Lynbrook
B15TTVBC1NE,-13.579722431507601,12,2,10,massey,B15,SLAM 15 1 Boys
B15DIGSV1GE,-15.390712056426436,7,0,7,massey,B15,Digs Boys 15 Red
B15NEVBC3NE,-17.639297186682455,10,1,9,massey,B15,NEVBC Boys 15 Blue
B15CORE11GE,18.309380802574008,8,6,2,massey_recent,B15,CORE Boys 15 Platinum
B15ALLIN1FL,15.002731460477028,8,5,3,massey_recent,B15,AVA 15 Boys
B15RRJVB1NE,14.892144157155563,25,22,3,massey_recent,B15,Boston United Boys 15 National
B15NEVBC1NE,12.207623775231799,11,7,4,massey_recent,B15,NEVBC Boys 15.1
B15SJJVB1NE,10.683577051127493,18,15,3,massey_recent,B15,SMASH Boys 15-1
B15SYRVB1XL,9.633776822577767,2,2,0,massey_recent,B15,SVC 15 1 Boys
B15LIFRY1GE,9.063477283675198,7,5,2,massey_recent,B15,LI Fury 15 1
B15CORE12GE,7.87622048274061,7,5,2,massey_recent,B15,CORE Boys 15 Titanium
B15NYCVA1GE,5.461059939746872,13,8,5,massey_recent,B15,NYC VBA 15 Nomad
B15TACCU1GE,5.341742415507222,13,8,5,massey_recent,B15,Accuracy 15 Champ
B15MCJVB1NE,5.030341026845335,20,13,7,massey_recent,B15,Mill City 15's
B15LEGIO1XL,3.1950268961436263,14,10,4,massey_recent,B15,TeamLVC Boys 15 Black
B15SPTMC3GE,2.976945235197838,7,2,5,massey_recent,B15,Sportime 15 3
B15CAPIT1XL,2.4880072327850002,21,7,14,massey_recent,B15,CSVC 15 PANTHERS
B15NYCIV1GE,1.3828809302208676,8,4,4,massey_recent,B15,NYC Impact 15 National
B15LHVBC1NE,-0.9443905552728449,10,4,6,massey_recent,B15,LHV Boys 15-1 Eclipse
B15HKJVB1NE,-1.6944650843909599,10,5,5,massey_recent,B15,Husky 15.1
B15LCVBC1GE,-3.6204564838825295,8,3,5,massey_recent,B15,Legacy Boys 15 Premier
B15SJJVB2NE,-4.3501306977675025,15,7,8,massey_recent,B15,SMASH Boys 15 Lightning
B15SAVBC1XL,-6.539458794147597,15,4,11,massey_recent,B15,Sporting Albany Boys 15u
B15SPTMC4GE,-8.670429224836015,8,3,5,massey_recent,B15,Sportime 15 4
B15RRJVB2NE,-9.747060767730169,17,4,13,massey_recent,B15,Boston United Boys 15 Select 1
B15SPTMC5GE,-11.078741112295523,7,2,5,massey_recent,B15,Sportime 15 Lynbrook
B15DIGSV1GE,-15.732328700651772,7,0,7,massey_recent,B15,Digs Boys 15 Red
B15SJVBC1NE,-17.765794051276867,15,4,11,massey_recent,B15,South County Juniors Boys 15 1
B15TTVBC1NE,-18.493578247893563,12,2,10,massey_recent,B15,SLAM 15 1 Boys
B15NEVBC3NE,-24.90810179186087,10,1,9,massey_recent,B15,NEVBC Boys 15 Blue
B16LEGIO1XL,1666.6159669040048,20,19,1,elo_baseline,B16,TeamLVC Boys 16 Black
B16SAVBC1XL,1601.3532600361204,17,13,4,elo_baseline,B16,Sporting Albany Boys 16u
B16CAPIT1XL,1587.10818888396,22,16,6,elo_baseline,B16,CSVC 16 WOLFJAW
B16CORE11GE,1584.6578194567062,8,8,0,elo_baseline,B16,CORE Boys 16 Platinum
B16MCJVB1NE,1574.6043769743621,20,15,5,elo_baseline,B16,Mill City 16's
B161130588XX,1571.9064369888838,8,7,1,elo_baseline,B16,NY Strangers 16
B16SJJVB1NE,1568.8460779773147,6,6,0,elo_baseline,B16,SMASH Boys 16-1
B16SYRVB1XL,1566.4769605049632,8,7,1,elo_baseline,B16,SVC 16 1 Boys
B16118971XX,1565.0028046066325,17,12,5,elo_baseline,B16,Supreme 16-1
B16NYCIV2GE,1562.0917829378564,8,7,1,elo_baseline,B16,NYC Impact 16U Travel
B16HKJVB1NE,1553.4975592450505,12,8,4,elo_baseline,B16,Husky 16.1
B16DIGSV1GE,1552.9769664056612,7,6,1,elo_baseline,B16,Digs Boys 16 Red
B16NYCVA1GE,1551.5770062869642,13,9,4,elo_baseline,B16,NYC VBA 16 Hudson
B16LIFRY1GE,1530.9532306917163,7,5,2,elo_baseline,B16,LI Fury 16 1
B16NEVBC1NE,1527.4626153228255,10,6,4,elo_baseline,B16,NEVBC Boys 16.1
B16SJJVB2NE,1523.7602914838815,16,9,7,elo_baseline,B16,SMASH Boys 16's Fire
B16SPTMC3GE,1522.097181840134,8,5,3,elo_baseline,B16,Sportime 16 3
B16NEVBC2NE,1518.0337087253483,11,7,4,elo_baseline,B16,NEVBC Boys 16.2
B16NESVC2NE,1516.999975641978,12,7,5,elo_baseline,B16,NE Storm 16 Monsoon
B16NESVC1NE,1512.8251234623822,22,12,10,elo_baseline,B16,NE Storm 16 Lightning
B16TACCU1GE,1511.9980435224033,5,3,2,elo_baseline,B16,Accuracy 16 Champ
B16LHVBC1NE,1509.6195327373414,19,11,8,elo_baseline,B16,LHV Boys 16-1 Valiants
B16CORE12GE,1506.5047849626728,7,4,3,elo_baseline,B16,CORE Boys 16 Titanium
B16RRJVB3NE,1502.7054463821303,20,10,10,elo_baseline,B16,Boston United Boys 16 Select 1
B16ALLIN1FL,1499.4180261922386,8,4,4,elo_baseline,B16,AVA 16 Boys
B16HKJVB2NE,1494.690378079523,10,5,5,elo_baseline,B16,Husky 16.2
B16PVJVB2NE,1486.225000495715,14,7,7,elo_baseline,B16,PV Boys 16 2
B16JHEAT1GE,1485.4652221724468,5,2,3,elo_baseline,B16,CJ HEAT 16-1 Boys
B16SPTMC6GE,1482.0834955482371,8,3,5,elo_baseline,B16,Sportime 16 Lynbrook
B16NEVBC3NE,1480.3040026559484,10,4,6,elo_baseline,B16,NEVBC Boys 16 Blue
B16MVPVA1NE,1478.0842760601724,17,7,10,elo_baseline,B16,MVP BOS 16 Black
B16LCVBC2GE,1465.8052033371077,7,2,5,elo_baseline,B16,Legacy Boys 16 Premier
B16MVNER1NE,1465.4024592666522,7,2,5,elo_baseline,B16,Meraki VB 16 1
B16PVJVB1NE,1462.6524725214397,18,7,11,elo_baseline,B16,PV Boys 16 1
B16LHVBC2NE,1457.0104448891839,14,5,9,elo_baseline,B16,LHV Boys 16-2 Hunters
B16LIFRY2GE,1455.965935143201,8,2,6,elo_baseline,B16,LI Fury 16 2
B16NEVBC4NE,1446.0222196986329,10,3,7,elo_baseline,B16,NEVBC Boys 16 Orange
B16RRJVB1NE,1443.5171753015572,22,8,14,elo_baseline,B16,Boston United Boys 16 National 1
B16SPTMC4GE,1441.8340644961465,7,1,6,elo_baseline,B16,Sportime 16 4
B16LCVBC1GE,1435.1054888443896,8,1,7,elo_baseline,B16,Legacy Boys 16 National
B16BVJVB2NE,1414.6740865234983,20,5,15,elo_baseline,B16,Blast 16 Pyro
B16TTVBC1NE,1413.2560178945578,22,6,16,elo_baseline,B16,SLAM 16 1 Boys
B16SJVBC1NE,1396.214723673508,17,3,14,elo_baseline,B16,South County Juniors Boys 16's Blue
B16BVJVB1NE,1388.8763311081793,22,5,17,elo_baseline,B16,Blast 16 Inferno
B16MCJVB2NE,1365.6299958166128,20,2,18,elo_baseline,B16,Mill City 16 Royal
B16MVPVA2NE,1352.0878382997582,17,1,16,elo_baseline,B16,MVP BOS 16 Blue
B16LEGIO1XL,1795.476977947534,20,19,1,elo_margin,B16,TeamLVC Boys 16 Black
B16SAVBC1XL,1738.3758695959818,17,13,4,elo_margin,B16,Sporting Albany Boys 16u
B16CORE11GE,1668.4841876972991,8,8,0,elo_margin,B16,CORE Boys 16 Platinum
B161130588XX,1665.951752576028,8,7,1,elo_margin,B16,NY Strangers 16
B16SJJVB1NE,1657.2243156633358,6,6,0,elo_margin,B16,SMASH Boys 16-1
B16SYRVB1XL,1639.4447470866992,8,7,1,elo_margin,B16,SVC 16 1 Boys
B16CAPIT1XL,1632.220628457887,22,16,6,elo_margin,B16,CSVC 16 WOLFJAW
B16NYCIV2GE,1627.395698068971,8,7,1,elo_margin,B16,NYC Impact 16U Travel
B16118971XX,1610.1299654623876,17,12,5,elo_margin,B16,Supreme 16-1
B16DIGSV1GE,1605.3964811935916,7,6,1,elo_margin,B16,Digs Boys 16 Red
B16HKJVB1NE,1601.9372363246632,12,8,4,elo_margin,B16,Husky 16.1
B16MCJVB1NE,1597.8855341894932,20,15,5,elo_margin,B16,Mill City 16's
B16NYCVA1GE,1590.2935358719599,13,9,4,elo_margin,B16,NYC VBA 16 Hudson
B16SJJVB2NE,1583.7604719944845,16,9,7,elo_margin,B16,SMASH Boys 16's Fire
B16LIFRY1GE,1549.0450260145544,7,5,2,elo_margin,B16,LI Fury 16 1
B16NEVBC1NE,1545.606335255264,10,6,4,elo_margin,B16,NEVBC Boys 16.1
B16SPTMC3GE,1535.2053850511695,8,5,3,elo_margin,B16,Sportime 16 3
B16NESVC2NE,1534.5499407858345,12,7,5,elo_margin,B16,NE Storm 16 Monsoon
B16NESVC1NE,1527.806646117388,22,12,10,elo_margin,B16,NE Storm 16 Lightning
B16RRJVB3NE,1520.5988172534958,20,10,10,elo_margin,B16,Boston United Boys 16 Select 1
B16TACCU1GE,1509.6718723850406,5,3,2,elo_margin,B16,Accuracy 16 Champ
B16CORE12GE,1505.0030141691143,7,4,3,elo_margin,B16,CORE Boys 16 Titanium
B16NEVBC2NE,1503.723294835684,11,7,4,elo_margin,B16,NEVBC Boys 16.2
B16HKJVB2NE,1499.0422572913415,10,5,5,elo_margin,B16,Husky 16.2
B16ALLIN1FL,1493.5512498533021,8,4,4,elo_margin,B16,AVA 16 Boys
B16MVPVA1NE,1488.5370866892354,17,7,10,elo_margin,B16,MVP BOS 16 Black
B16SPTMC6GE,1474.718848610367,8,3,5,elo_margin,B16,Sportime 16 Lynbrook
B16LHVBC1NE,1469.7511605704567,19,11,8,elo_margin,B16,LHV Boys 16-1 Valiants
B16JHEAT1GE,1463.0885588812073,5,2,3,elo_margin,B16,CJ HEAT 16-1 Boys
B16PVJVB2NE,1438.9457296195335,14,7,7,elo_margin,B16,PV Boys 16 2
B16LCVBC2GE,1437.0697845582642,7,2,5,elo_margin,B16,Legacy Boys 16 Premier
B16PVJVB1NE,1428.8839397645083,18,7,11,elo_margin,B16,PV Boys 16 1
B16NEVBC3NE,1424.2839368701796,10,4,6,elo_margin,B16,NEVBC Boys 16 Blue
B16LHVBC2NE,1421.7332101827233,14,5,9,elo_margin,B16,LHV Boys 16-2 Hunters
B16MVNER1NE,1414.2103124906123,7,2,5,elo_margin,B16,Meraki VB 16 1
B16LIFRY2GE,1396.1767147179035,8,2,6,elo_margin,B16,LI Fury 16 2
B16RRJVB1NE,1394.8576626786569,22,8,14,elo_margin,B16,Boston United Boys 16 National 1
B16LCVBC1GE,1385.6280946612792,8,1,7,elo_margin,B16,Legacy Boys 16 National
B16SPTMC4GE,1378.5417393915168,7,1,6,elo_margin,B16,Sportime 16 4
B16NEVBC4NE,1370.026988858163,10,3,7,elo_margin,B16,NEVBC Boys 16 Orange
B16TTVBC1NE,1355.083948700946,22,6,16,elo_margin,B16,SLAM 16 1 Boys
B16BVJVB2NE,1345.540417426441,20,5,15,elo_margin,B16,Blast 16 Pyro
B16SJVBC1NE,1329.3746941107686,17,3,14,elo_margin,B16,South County Juniors Boys 16's Blue
B16BVJVB1NE,1319.4802802048073,22,5,17,elo_margin,B16,Blast 16 Inferno
B16MCJVB2NE,1291.967498174367,20,2,18,elo_margin,B16,Mill City 16 Royal
B16MVPVA2NE,1234.318151695559,17,1,16,elo_margin,B16,MVP BOS 16 Blue
B16LEGIO1XL,80.76763568972004,20,19,1,hybrid_points,B16,TeamLVC Boys 16 Black
B16MCJVB1NE,61.74433745902386,20,15,5,hybrid_points,B16,Mill City 16's
B16SAVBC1XL,61.50606749014791,17,13,4,hybrid_points,B16,Sporting Albany Boys 16u
B16CAPIT1XL,60.39287374090187,22,16,6,hybrid_points,B16,CSVC 16 WOLFJAW
B16118971XX,47.66098087001387,17,12,5,hybrid_points,B16,Supreme 16-1
B16NESVC1NE,44.59387904047879,22,12,10,hybrid_points,B16,NE Storm 16 Lightning
B16LHVBC1NE,42.41596685623318,19,11,8,hybrid_points,B16,LHV Boys 16-1 Valiants
B16SJJVB2NE,38.65450941826906,16,9,7,hybrid_points,B16,SMASH Boys 16's Fire
B16RRJVB3NE,36.250826214466514,20,10,10,hybrid_points,B16,Boston United Boys 16 Select 1
B16CORE11GE,33.51430473204704,8,8,0,hybrid_points,B16,CORE Boys 16 Platinum
B16NYCVA1GE,33.49851305750492,13,9,4,hybrid_points,B16,NYC VBA 16 Hudson
B16HKJVB1NE,32.169438556093276,12,8,4,hybrid_points,B16,Husky 16.1
B16NYCIV2GE,30.09273207018923,8,7,1,hybrid_points,B16,NYC Impact 16U Travel
B16SYRVB1XL,29.862493135259417,8,7,1,hybrid_points,B16,SVC 16 1 Boys
B161130588XX,29.094737579849664,8,7,1,hybrid_points,B16,NY Strangers 16
B16NESVC2NE,27.029749133514695,12,7,5,hybrid_points,B16,NE Storm 16 Monsoon
B16NEVBC2NE,26.071302153890564,11,7,4,hybrid_points,B16,NEVBC Boys 16.2
B16SJJVB1NE,25.670675584372354,6,6,0,hybrid_points,B16,SMASH Boys 16-1
B16MVPVA1NE,25.382953493943763,17,7,10,hybrid_points,B16,MVP BOS 16 Black
B16RRJVB1NE,25.32480447205643,22,8,14,hybrid_points,B16,Boston United Boys 16 National 1
B16DIGSV1GE,24.44766851940615,7,6,1,hybrid_points,B16,Digs Boys 16 Red
B16NEVBC1NE,21.653531799507643,10,6,4,hybrid_points,B16,NEVBC Boys 16.1
B16PVJVB1NE,19.471948472382905,18,7,11,hybrid_points,B16,PV Boys 16 1
B16HKJVB2NE,19.110313320882394,10,5,5,hybrid_points,B16,Husky 16.2
B16LIFRY1GE,19.040525082108672,7,5,2,hybrid_points,B16,LI Fury 16 1
B16SPTMC3GE,18.750818997725652,8,5,3,hybrid_points,B16,Sportime 16 3
B16PVJVB2NE,17.250203743913588,14,7,7,hybrid_points,B16,PV Boys 16 2
B16CORE12GE,16.72011624631237,7,4,3,hybrid_points,B16,CORE Boys 16 Titanium
B16TTVBC1NE,16.640383707832783,22,6,16,hybrid_points,B16,SLAM 16 1 Boys
B16LHVBC2NE,14.745428133024332,14,5,9,hybrid_points,B16,LHV Boys 16-2 Hunters
B16NEVBC3NE,10.959842840230042,10,4,6,hybrid_points,B16,NEVBC Boys 16 Blue
B16BVJVB1NE,10.458690251899547,22,5,17,hybrid_points,B16,Blast 16 Inferno
B16TACCU1GE,10.365836492,5,3,2,hybrid_points,B16,Accuracy 16 Champ
B16ALLIN1FL,9.691448573929069,8,4,4,hybrid_points,B16,AVA 16 Boys
B16SPTMC6GE,9.228686469128384,8,3,5,hybrid_points,B16,Sportime 16 Lynbrook
B16BVJVB2NE,7.499168478309189,20,5,15,hybrid_points,B16,Blast 16 Pyro
B16LCVBC2GE,6.1145406547824885,7,2,5,hybrid_points,B16,Legacy Boys 16 Premier
B16JHEAT1GE,5.722267297445233,5,2,3,hybrid_points,B16,CJ HEAT 16-1 Boys
B16NEVBC4NE,5.646786696865992,10,3,7,hybrid_points,B16,NEVBC Boys 16 Orange
B16SJVBC1NE,5.176333683702524,17,3,14,hybrid_points,B16,South County Juniors Boys 16's Blue
B16LCVBC1GE,2.3087612906118444,8,1,7,hybrid_points,B16,Legacy Boys 16 National
B16MVNER1NE,1.6884843675356456,7,2,5,hybrid_points,B16,Meraki VB 16 1
B16LIFRY2GE,1.6195731896130106,8,2,6,hybrid_points,B16,LI Fury 16 2
B16SPTMC4GE,-0.688005044872996,7,1,6,hybrid_points,B16,Sportime 16 4
B16MCJVB2NE,-4.18231478027171,20,2,18,hybrid_points,B16,Mill City 16 Royal
B16MVPVA2NE,-5.128056775433594,17,1,16,hybrid_points,B16,MVP BOS 16 Blue
B16SJJVB1NE,23.114307230223634,6,6,0,massey,B16,SMASH Boys 16-1
B161130588XX,16.82439971690086,8,7,1,massey,B16,NY Strangers 16
B16NYCIV2GE,15.768343777596025,8,7,1,massey,B16,NYC Impact 16U Travel
B16CORE11GE,15.300393022171596,8,8,0,massey,B16,CORE Boys 16 Platinum
B16LEGIO1XL,13.632552538073494,20,19,1,massey,B16,TeamLVC Boys 16 Black
B16SYRVB1XL,12.369800353996835,8,7,1,massey,B16,SVC 16 1 Boys
B16HKJVB1NE,11.791060472694442,12,8,4,massey,B16,Husky 16.1
B16DIGSV1GE,11.574212638274435,7,6,1,massey,B16,Digs Boys 16 Red
B16SJJVB2NE,10.029087728428358,16,9,7,massey,B16,SMASH Boys 16's Fire
B16NYCVA1GE,9.769248976932108,13,9,4,massey,B16,NYC VBA 16 Hudson
B16MCJVB1NE,9.459366429713532,20,15,5,massey,B16,Mill City 16's
B16NEVBC1NE,9.42439749835197,10,6,4,massey,B16,NEVBC Boys 16.1
B16SAVBC1XL,8.945261771940473,17,13,4,massey,B16,Sporting Albany Boys 16u
B16CORE12GE,8.268158363541186,7,4,3,massey,B16,CORE Boys 16 Titanium
B16LIFRY1GE,7.421158028148346,7,5,2,massey,B16,LI Fury 16 1
B16MVPVA1NE,6.4550379803343665,17,7,10,massey,B16,MVP BOS 16 Black
B16SPTMC6GE,5.664079226019568,8,3,5,massey,B16,Sportime 16 Lynbrook
B16SPTMC3GE,3.899415133576216,8,5,3,massey,B16,Sportime 16 3
B16NESVC1NE,3.4324314548412644,22,12,10,massey,B16,NE Storm 16 Lightning
B16LHVBC1NE,2.923606681197808,19,11,8,massey,B16,LHV Boys 16-1 Valiants
B16TACCU1GE,2.3917806098039236,5,3,2,massey,B16,Accuracy 16 Champ
B16NEVBC2NE,0.8815355192584385,11,7,4,massey,B16,NEVBC Boys 16.2
B16RRJVB1NE,0.8696593071779559,22,8,14,massey,B16,Boston United Boys 16 National 1
B16CAPIT1XL,0.6231712040016111,22,16,6,massey,B16,CSVC 16 WOLFJAW
B16118971XX,-0.7318998516895773,17,12,5,massey,B16,Supreme 16-1
B16LCVBC2GE,-0.9315945557024364,7,2,5,massey,B16,Legacy Boys 16 Premier
B16LCVBC1GE,-1.581103602488461,8,1,7,massey,B16,Legacy Boys 16 National
B16ALLIN1FL,-3.178067176989841,8,4,4,massey,B16,AVA 16 Boys
B16SJVBC1NE,-3.257592123047605,17,3,14,massey,B16,South County Juniors Boys 16's Blue
B16TTVBC1NE,-3.5169299399193092,22,6,16,massey,B16,SLAM 16 1 Boys
B16NESVC2NE,-5.688575990325501,12,7,5,massey,B16,NE Storm 16 Monsoon
B16BVJVB1NE,-5.9092173637141405,22,5,17,massey,B16,Blast 16 Inferno
B16JHEAT1GE,-6.764820996552616,5,2,3,massey,B16,CJ HEAT 16-1 Boys
B16RRJVB3NE,-7.24671992098841,20,10,10,massey,B16,Boston United Boys 16 Select 1
B16SPTMC4GE,-8.612172422338178,7,1,6,massey,B16,Sportime 16 4
B16PVJVB1NE,-8.842336914611254,18,7,11,massey,B16,PV Boys 16 1
B16LIFRY2GE,-9.893044074832407,8,2,6,massey,B16,LI Fury 16 2
B16HKJVB2NE,-10.514891211254358,10,5,5,massey,B16,Husky 16.2
B16MVNER1NE,-10.953719540849232,7,2,5,massey,B16,Meraki VB 16 1
B16LHVBC2NE,-12.61136115217461,14,5,9,massey,B16,LHV Boys 16-2 Hunters
B16MVPVA2NE,-16.34371713638192,17,1,16,massey,B16,MVP BOS 16 Blue
B16NEVBC3NE,-16.471125511924935,10,4,6,massey,B16,NEVBC Boys 16 Blue
B16PVJVB2NE,-17.462390819821948,14,7,7,massey,B16,PV Boys 16 2
B16MCJVB2NE,-19.066001246371826,20,2,18,massey,B16,Mill City 16 Royal
B16BVJVB2NE,-19.288890649856583,20,5,15,massey,B16,Blast 16 Pyro
B16NEVBC4NE,-21.966293461363563,10,3,7,massey,B16,NEVBC Boys 16 Orange
B16SJJVB1NE,30.105916523753823,6,6,0,massey_recent,B16,SMASH Boys 16-1
B16CORE11GE,24.38724972401725,8,8,0,massey_recent,B16,CORE Boys 16 Platinum
B16LEGIO1XL,21.10167667532415,20,19,1,massey_recent,B16,TeamLVC Boys 16 Black
B16SJJVB2NE,20.27564623295372,16,9,7,massey_recent,B16,SMASH Boys 16's Fire
B16NYCVA1GE,18.404727232480198,13,9,4,massey_recent,B16,NYC VBA 16 Hudson
B16SYRVB1XL,16.379332680919156,8,7,1,massey_recent,B16,SVC 16 1 Boys
B16NEVBC1NE,14.588289047619996,10,6,4,massey_recent,B16,NEVBC Boys 16.1
B16SAVBC1XL,14.485495382746995,17,13,4,massey_recent,B16,Sporting Albany Boys 16u
B16HKJVB1NE,14.26969552225207,12,8,4,massey_recent,B16,Husky 16.1
B161130588XX,13.555050746167604,8,7,1,massey_recent,B16,NY Strangers 16
B16MVPVA1NE,13.016402575481335,17,7,10,massey_recent,B16,MVP BOS 16 Black
B16LIFRY1GE,12.795230958842073,7,5,2,massey_recent,B16,LI Fury 16 1
B16MCJVB1NE,10.839852964605907,20,15,5,massey_recent,B16,Mill City 16's
B16NYCIV2GE,9.675647827194261,8,7,1,massey_recent,B16,NYC Impact 16U Travel
B16LHVBC1NE,9.081473312362775,19,11,8,massey_recent,B16,LHV Boys 16-1 Valiants
B16NESVC1NE,7.207060269925341,22,12,10,massey_recent,B16,NE Storm 16 Lightning
B16LCVBC1GE,6.032800412678277,8,1,7,massey_recent,B16,Legacy Boys 16 National
B16DIGSV1GE,5.319985091319757,7,6,1,massey_recent,B16,Digs Boys 16 Red
B16TACCU1GE,4.098907958441255,5,3,2,massey_recent,B16,Accuracy 16 Champ
B16RRJVB1NE,3.994458376641975,22,8,14,massey_recent,B16,Boston United Boys 16 National 1
B16TTVBC1NE,3.9925946611409375,22,6,16,massey_recent,B16,SLAM 16 1 Boys
B16SJVBC1NE,3.928026115311557,17,3,14,massey_recent,B16,South County Juniors Boys 16's Blue
B16NEVBC2NE,1.124450021696913,11,7,4,massey_recent,B16,NEVBC Boys 16.2
B16SPTMC3GE,-0.4868496825662181,8,5,3,massey_recent,B16,Sportime 16 3
B16BVJVB1NE,-0.6388316070338712,22,5,17,massey_recent,B16,Blast 16 Inferno
B16SPTMC6GE,-0.8134429990837164,8,3,5,massey_recent,B16,Sportime 16 Lynbrook
B16RRJVB3NE,-3.4198759924586484,20,10,10,massey_recent,B16,Boston United Boys 16 Select 1
B16CORE12GE,-3.4835143200669867,7,4,3,massey_recent,B16,CORE Boys 16 Titanium
B16CAPIT1XL,-4.721468817649991,22,16,6,massey_recent,B16,CSVC 16 WOLFJAW
B16ALLIN1FL,-7.970830049776881,8,4,4,massey_recent,B16,AVA 16 Boys
B16118971XX,-8.06954791179861,17,12,5,massey_recent,B16,Supreme 16-1
B16JHEAT1GE,-8.456936506635618,5,2,3,massey_recent,B16,CJ HEAT 16-1 Boys
B16LCVBC2GE,-8.901365849112384,7,2,5,massey_recent,B16,Legacy Boys 16 Premier
B16NEVBC3NE,-8.973333030953588,10,4,6,massey_recent,B16,NEVBC Boys 16 Blue
B16HKJVB2NE,-11.536917001737839,10,5,5,massey_recent,B16,Husky 16.2
B16NESVC2NE,-13.426617986124237,12,7,5,massey_recent,B16,NE Storm 16 Monsoon
B16MVNER1NE,-14.262552388094903,7,2,5,massey_recent,B16,Meraki VB 16 1
B16LIFRY2GE,-15.974896903161575,8,2,6,massey_recent,B16,LI Fury 16 2
B16SPTMC4GE,-16.917855057832735,7,1,6,massey_recent,B16,Sportime 16 4
B16LHVBC2NE,-17.271049917765687,14,5,9,massey_recent,B16,LHV Boys 16-2 Hunters
B16PVJVB1NE,-17.723036511320135,18,7,11,massey_recent,B16,PV Boys 16 1
B16BVJVB2NE,-19.837585380363805,20,5,15,massey_recent,B16,Blast 16 Pyro
B16MVPVA2NE,-20.953678352507517,17,1,16,massey_recent,B16,MVP BOS 16 Blue
B16PVJVB2NE,-21.013184356153996,14,7,7,massey_recent,B16,PV Boys 16 2
B16MCJVB2NE,-25.040936198077485,20,2,18,massey_recent,B16,Mill City 16 Royal
B16NEVBC4NE,-28.765663493600798,10,3,7,massey_recent,B16,NEVBC Boys 16 Orange
B17CAPIT1XL,1631.518082250835,16,15,1,elo_baseline,B17,CSVC 17 BIG SLIDE
B17HKJVB1NE,1588.8663649960695,11,9,2,elo_baseline,B17,Husky 17.1
B17SYRVB1XL,1588.8558405505391,8,8,0,elo_baseline,B17,SVC 17 1 Boys
B17NESVC1NE,1581.128639352946,26,19,7,elo_baseline,B17,NE Storm 17 Tsunami
B17117902XX,1575.9990922975244,9,8,1,elo_baseline,B17,Torrimar 17 2
B17SJJVB1NE,1571.1779284589988,6,6,0,elo_baseline,B17,SMASH Boys 17-1
B17RRJVB1NE,1560.7972921970343,20,13,7,elo_baseline,B17,Boston United Boys 17 National 1
B17SPTMC3GE,1558.0705209016992,9,7,2,elo_baseline,B17,Sportime 17 3
B17SJJVB3NE,1554.2177109302577,7,6,1,elo_baseline,B17,SMASH Boys 17's Shock
B17NYCIV1GE,1553.2078050812452,7,6,1,elo_baseline,B17,NYC Impact 17U National
B17ALLIN1FL,1547.0302138990496,8,6,2,elo_baseline,B17,AVA 17 Boys
B17SJJVB2NE,1544.3755935139843,8,6,2,elo_baseline,B17,SMASH Boys 17 Chaos
B17CORE11GE,1535.7646635224805,7,5,2,elo_baseline,B17,CORE Boys 17 Platinum
B17MMVBC1NE,1533.8272662425297,10,7,3,elo_baseline,B17,Mayhem 17 1
B17TTVBC1NE,1523.9852017159265,23,13,10,elo_baseline,B17,SLAM 17 1 Boys
B17LHVBC1NE,1523.7146118231985,11,7,4,elo_baseline,B17,LHV Boys 17-1 Ubuntu
B17LCVBC1GE,1519.9549019674355,8,5,3,elo_baseline,B17,Legacy Boys 17 National
B17PVJVB2NE,1516.6128778705242,19,11,8,elo_baseline,B17,PV Boys 17 2
B17LIFRY1GE,1512.9472149497456,7,4,3,elo_baseline,B17,LI Fury 17 1
B17LCVBC2GE,1511.2053141442602,7,4,3,elo_baseline,B17,Legacy Boys 17 Premier
B17HKJVB2NE,1510.5466017700069,5,3,2,elo_baseline,B17,Husky 17.2
B17CAMYV1NE,1506.8858541655193,13,7,6,elo_baseline,B17,CYVB 17 1
B17NESVC2NE,1505.8071564820598,23,12,11,elo_baseline,B17,NE Storm 17 Landslide
B17ROYAL1NO,1503.9191094758642,8,4,4,elo_baseline,B17,Infinity Royals 17N
B17SJVBC1NE,1500.7191116576496,17,8,9,elo_baseline,B17,South County Juniors Boys 17 1
B17NEVBC2NE,1497.6420986492653,10,5,5,elo_baseline,B17,NEVBC Boys 17.2
B17MVPVA2NE,1495.6310971488244,19,9,10,elo_baseline,B17,MVP BOS 17 Blue
B17RRJVB2NE,1493.3444851104584,24,11,13,elo_baseline,B17,Boston United Boys 17 Northeast
B17BVJVB1NE,1493.3411099000045,22,10,12,elo_baseline,B17,Blast 17 Ignite
B17HKJVB3NE,1492.6442373614016,7,3,4,elo_baseline,B17,Husky 17.3
B17NEVBC1NE,1492.2400769269839,7,3,4,elo_baseline,B17,NEVBC Boys 17.1
B17MVNER1NE,1491.3651739178677,17,9,8,elo_baseline,B17,Meraki VB 17 1
B17RIVAL1GE,1490.3462699163424,7,3,4,elo_baseline,B17,Rival 17’s
B17HKJVB4NE,1486.6680269193375,10,5,5,elo_baseline,B17,Husky 17.4
B17NYCVA1GE,1486.032923538974,14,7,7,elo_baseline,B17,NYC VBA 17 Downtown
B17PVJVB1NE,1485.9899151116474,15,7,8,elo_baseline,B17,PV Boys 17 1
B17XTREM1GE,1474.5698358167203,8,3,5,elo_baseline,B17,Xtreme 17 National Braulio
B17PVJVB3NE,1469.709519557635,19,8,11,elo_baseline,B17,PV Boys 17 3
B17SPTMC5GE,1467.5239930558407,7,2,5,elo_baseline,B17,Sportime 17 Lynbrook
B17SPTMC6GE,1466.80960066373,7,2,5,elo_baseline,B17,Sportime 17 Lynbrook 2
B17MVPVA1NE,1462.5352778875467,18,7,11,elo_baseline,B17,MVP BOS 17 Black
B17NESVC3NE,1460.8508367108473,18,7,11,elo_baseline,B17,NE Storm 17 Wildfire
B17DIGSV1GE,1460.0802165319135,8,2,6,elo_baseline,B17,Digs Boys 17 Red
B17SPTMC4GE,1442.0365065739793,7,1,6,elo_baseline,B17,Sportime 17 4
B17CAPIT2XL,1434.0363396615317,23,8,15,elo_baseline,B17,CSVC 17 SKYLIGHT
B17RAPTO1GE,1424.6188621751473,7,0,7,elo_baseline,B17,NYC Raptors 17 Black
B17CSJVB1NE,1424.0646548925033,10,1,9,elo_baseline,B17,MEVBC/CT STARS 17 1
B17RRJVB3NE,1397.2718829238077,23,6,17,elo_baseline,B17,Boston United Boys 17 Select 1
B17MVNER2NE,1384.778022981826,15,2,13,elo_baseline,B17,Meraki VB 17 2
B17TTVBC2NE,1382.7125691053184,22,4,18,elo_baseline,B17,SLAM 17 2 Boys
B17LHVBC2NE,1382.0214967431616,17,3,14,elo_baseline,B17,LHV Boys 17-2 Boom
B17CAPIT1XL,1732.201256832645,16,15,1,elo_margin,B17,CSVC 17 BIG SLIDE
B17HKJVB1NE,1712.3706202207131,11,9,2,elo_margin,B17,Husky 17.1
B17SYRVB1XL,1698.6089314529127,8,8,0,elo_margin,B17,SVC 17 1 Boys
B17SJJVB1NE,1651.1226475802857,6,6,0,elo_margin,B17,SMASH Boys 17-1
B17SPTMC3GE,1621.6701809445458,9,7,2,elo_margin,B17,Sportime 17 3
B17117902XX,1620.9376348457179,9,8,1,elo_margin,B17,Torrimar 17 2
B17RRJVB1NE,1618.8115253704482,20,13,7,elo_margin,B17,Boston United Boys 17 National 1
B17SJJVB2NE,1618.6202808017542,8,6,2,elo_margin,B17,SMASH Boys 17 Chaos
B17NYCIV1GE,1608.2673393622467,7,6,1,elo_margin,B17,NYC Impact 17U National
B17NESVC1NE,1598.3872694204617,26,19,7,elo_margin,B17,NE Storm 17 Tsunami
B17ALLIN1FL,1597.138049912941,8,6,2,elo_margin,B17,AVA 17 Boys
B17SJJVB3NE,1592.8252729435021,7,6,1,elo_margin,B17,SMASH Boys 17's Shock
B17CORE11GE,1592.4494079303981,7,5,2,elo_margin,B17,CORE Boys 17 Platinum
B17TTVBC1NE,1560.4598184966949,23,13,10,elo_margin,B17,SLAM 17 1 Boys
B17LCVBC1GE,1556.9628960905313,8,5,3,elo_margin,B17,Legacy Boys 17 National
B17LIFRY1GE,1556.4770486868265,7,4,3,elo_margin,B17,LI Fury 17 1
B17MMVBC1NE,1541.8947185022473,10,7,3,elo_margin,B17,Mayhem 17 1
B17RRJVB2NE,1529.7897465047088,24,11,13,elo_margin,B17,Boston United Boys 17 Northeast
B17LHVBC1NE,1527.850291245408,11,7,4,elo_margin,B17,LHV Boys 17-1 Ubuntu
B17HKJVB2NE,1526.4099508195168,5,3,2,elo_margin,B17,Husky 17.2
B17NEVBC2NE,1519.9301220139355,10,5,5,elo_margin,B17,NEVBC Boys 17.2
B17PVJVB2NE,1517.342657566173,19,11,8,elo_margin,B17,PV Boys 17 2
B17MVPVA2NE,1517.341273891812,19,9,10,elo_margin,B17,MVP BOS 17 Blue
B17SJVBC1NE,1515.6606152768497,17,8,9,elo_margin,B17,South County Juniors Boys 17 1
B17ROYAL1NO,1514.914460672997,8,4,4,elo_margin,B17,Infinity Royals 17N
B17LCVBC2GE,1510.8573974456501,7,4,3,elo_margin,B17,Legacy Boys 17 Premier
B17BVJVB1NE,1491.7577662392168,22,10,12,elo_margin,B17,Blast 17 Ignite
B17CAMYV1NE,1490.5248749292393,13,7,6,elo_margin,B17,CYVB 17 1
B17NEVBC1NE,1489.2860880371713,7,3,4,elo_margin,B17,NEVBC Boys 17.1
B17HKJVB3NE,1487.4518791726375,7,3,4,elo_margin,B17,Husky 17.3
B17NESVC2NE,1482.3039886453607,23,12,11,elo_margin,B17,NE Storm 17 Landslide
B17RIVAL1GE,1478.2426535478558,7,3,4,elo_margin,B17,Rival 17’s
B17PVJVB1NE,1476.8475794820972,15,7,8,elo_margin,B17,PV Boys 17 1
B17XTREM1GE,1455.0451222984505,8,3,5,elo_margin,B17,Xtreme 17 National Braulio
B17HKJVB4NE,1445.4872454666445,10,5,5,elo_margin,B17,Husky 17.4
B17SPTMC6GE,1441.094851942797,7,2,5,elo_margin,B17,Sportime 17 Lynbrook 2
B17NYCVA1GE,1432.0425135092837,14,7,7,elo_margin,B17,NYC VBA 17 Downtown
B17MVNER1NE,1431.6821400796712,17,9,8,elo_margin,B17,Meraki VB 17 1
B17SPTMC5GE,1424.049272970698,7,2,5,elo_margin,B17,Sportime 17 Lynbrook
B17NESVC3NE,1423.7709677341684,18,7,11,elo_margin,B17,NE Storm 17 Wildfire
B17MVPVA1NE,1423.474282577315,18,7,11,elo_margin,B17,MVP BOS 17 Black
B17PVJVB3NE,1422.5169978187007,19,8,11,elo_margin,B17,PV Boys 17 3
B17DIGSV1GE,1422.1427760748518,8,2,6,elo_margin,B17,Digs Boys 17 Red
B17CAPIT2XL,1395.95973236772,23,8,15,elo_margin,B17,CSVC 17 SKYLIGHT
B17CSJVB1NE,1375.504035425523,10,1,9,elo_margin,B17,MEVBC/CT STARS 17 1
B17SPTMC4GE,1355.441110124781,7,1,6,elo_margin,B17,Sportime 17 4
B17RAPTO1GE,1347.8071522697192,7,0,7,elo_margin,B17,NYC Raptors 17 Black
B17RRJVB3NE,1307.8483514595725,23,6,17,elo_margin,B17,Boston United Boys 17 Select 1
B17TTVBC2NE,1301.720186065743,22,4,18,elo_margin,B17,SLAM 17 2 Boys
B17LHVBC2NE,1269.5340918196116,17,3,14,elo_margin,B17,LHV Boys 17-2 Boom
B17MVNER2NE,1269.1629251092463,15,2,13,elo_margin,B17,Meraki VB 17 2
B17NESVC1NE,75.31642067325055,26,19,7,hybrid_points,B17,NE Storm 17 Tsunami
B17CAPIT1XL,64.35163243902443,16,15,1,hybrid_points,B17,CSVC 17 BIG SLIDE
B17TTVBC1NE,55.31414563574172,23,13,10,hybrid_points,B17,SLAM 17 1 Boys
B17RRJVB1NE,54.73560012990523,20,13,7,hybrid_points,B17,Boston United Boys 17 National 1
B17HKJVB1NE,39.70659224588221,11,9,2,hybrid_points,B17,Husky 17.1
B17PVJVB2NE,38.36076247233729,19,11,8,hybrid_points,B17,PV Boys 17 2
B17NESVC2NE,37.71135540890127,23,12,11,hybrid_points,B17,NE Storm 17 Landslide
B17SYRVB1XL,36.37302557475987,8,8,0,hybrid_points,B17,SVC 17 1 Boys
B17RRJVB2NE,35.48226284102461,24,11,13,hybrid_points,B17,Boston United Boys 17 Northeast
B17MVPVA2NE,35.16954093414636,19,9,10,hybrid_points,B17,MVP BOS 17 Blue
B17MVNER1NE,33.07225210959091,17,9,8,hybrid_points,B17,Meraki VB 17 1
B17BVJVB1NE,32.3971935424889,22,10,12,hybrid_points,B17,Blast 17 Ignite
B17SJVBC1NE,32.26641805139657,17,8,9,hybrid_points,B17,South County Juniors Boys 17 1
B17117902XX,31.0175423392681,9,8,1,hybrid_points,B17,Torrimar 17 2
B17SPTMC3GE,28.340031859706674,9,7,2,hybrid_points,B17,Sportime 17 3
B17MMVBC1NE,28.138503519482327,10,7,3,hybrid_points,B17,Mayhem 17 1
B17LHVBC1NE,27.233250898396378,11,7,4,hybrid_points,B17,LHV Boys 17-1 Ubuntu
B17CAPIT2XL,26.92461469245026,23,8,15,hybrid_points,B17,CSVC 17 SKYLIGHT
B17SJJVB2NE,26.781600364004966,8,6,2,hybrid_points,B17,SMASH Boys 17 Chaos
B17NEVBC2NE,26.28862712540415,10,5,5,hybrid_points,B17,NEVBC Boys 17.2
B17SJJVB1NE,26.2875349142489,6,6,0,hybrid_points,B17,SMASH Boys 17-1
B17ALLIN1FL,24.642342541564815,8,6,2,hybrid_points,B17,AVA 17 Boys
B17NYCVA1GE,24.523229364099702,14,7,7,hybrid_points,B17,NYC VBA 17 Downtown
B17PVJVB1NE,24.19301323599616,15,7,8,hybrid_points,B17,PV Boys 17 1
B17NYCIV1GE,23.978754355379635,7,6,1,hybrid_points,B17,NYC Impact 17U National
B17CAMYV1NE,23.60002071796914,13,7,6,hybrid_points,B17,CYVB 17 1
B17NESVC3NE,22.87253111622298,18,7,11,hybrid_points,B17,NE Storm 17 Wildfire
B17MVPVA1NE,22.80874344776247,18,7,11,hybrid_points,B17,MVP BOS 17 Black
B17SJJVB3NE,22.27642068025792,7,6,1,hybrid_points,B17,SMASH Boys 17's Shock
B17PVJVB3NE,21.524276410807545,19,8,11,hybrid_points,B17,PV Boys 17 3
B17CORE11GE,21.45674821966384,7,5,2,hybrid_points,B17,CORE Boys 17 Platinum
B17LCVBC1GE,20.92738163482275,8,5,3,hybrid_points,B17,Legacy Boys 17 National
B17LIFRY1GE,19.662867158755144,7,4,3,hybrid_points,B17,LI Fury 17 1
B17HKJVB4NE,15.129811531041955,10,5,5,hybrid_points,B17,Husky 17.4
B17ROYAL1NO,14.909669515219615,8,4,4,hybrid_points,B17,Infinity Royals 17N
B17LCVBC2GE,13.387858182148578,7,4,3,hybrid_points,B17,Legacy Boys 17 Premier
B17HKJVB2NE,12.49978390654988,5,3,2,hybrid_points,B17,Husky 17.2
B17XTREM1GE,11.762067234062613,8,3,5,hybrid_points,B17,Xtreme 17 National Braulio
B17RRJVB3NE,11.127911175579314,23,6,17,hybrid_points,B17,Boston United Boys 17 Select 1
B17TTVBC2NE,9.291319997052549,22,4,18,hybrid_points,B17,SLAM 17 2 Boys
B17HKJVB3NE,9.237995703044971,7,3,4,hybrid_points,B17,Husky 17.3
B17RIVAL1GE,8.595765491530226,7,3,4,hybrid_points,B17,Rival 17’s
B17NEVBC1NE,7.574718535609032,7,3,4,hybrid_points,B17,NEVBC Boys 17.1
B17SPTMC6GE,6.4366393119783085,7,2,5,hybrid_points,B17,Sportime 17 Lynbrook 2
B17SPTMC5GE,2.9597454922235658,7,2,5,hybrid_points,B17,Sportime 17 Lynbrook
B17LHVBC2NE,1.4952410690800813,17,3,14,hybrid_points,B17,LHV Boys 17-2 Boom
B17DIGSV1GE,1.3248452005586109,8,2,6,hybrid_points,B17,Digs Boys 17 Red
B17CSJVB1NE,0.8358306399242992,10,1,9,hybrid_points,B17,MEVBC/CT STARS 17 1
B17SPTMC4GE,-0.7362354527611523,7,1,6,hybrid_points,B17,Sportime 17 4
B17MVNER2NE,-1.2281813918031235,15,2,13,hybrid_points,B17,Meraki VB 17 2
B17RAPTO1GE,-6.219887969559544,7,0,7,hybrid_points,B17,NYC Raptors 17 Black
B17SJJVB1NE,24.240906272986322,6,6,0,massey,B17,SMASH Boys 17-1
B17SYRVB1XL,19.054499331905404,8,8,0,massey,B17,SVC 17 1 Boys
B17CAPIT1XL,17.36420307767578,16,15,1,massey,B17,CSVC 17 BIG SLIDE
B17SJJVB2NE,16.427573121680997,8,6,2,massey,B17,SMASH Boys 17 Chaos
B17HKJVB1NE,16.040982892489453,11,9,2,massey,B17,Husky 17.1
B17ALLIN1FL,14.569140556144442,8,6,2,massey,B17,AVA 17 Boys
B17NYCIV1GE,13.464773086375576,7,6,1,massey,B17,NYC Impact 17U National
B17CORE11GE,13.02206980461216,7,5,2,massey,B17,CORE Boys 17 Platinum
B17SJJVB3NE,10.738312927103202,7,6,1,massey,B17,SMASH Boys 17's Shock
B17LCVBC1GE,8.275165056722106,8,5,3,massey,B17,Legacy Boys 17 National
B17RRJVB1NE,8.068353365172513,20,13,7,massey,B17,Boston United Boys 17 National 1
B17NEVBC1NE,7.946988275644623,7,3,4,massey,B17,NEVBC Boys 17.1
B17TTVBC1NE,6.90661666404597,23,13,10,massey,B17,SLAM 17 1 Boys
B17SJVBC1NE,6.47483411747475,17,8,9,massey,B17,South County Juniors Boys 17 1
B17NESVC1NE,5.657609235304984,26,19,7,massey,B17,NE Storm 17 Tsunami
B17NEVBC2NE,4.854720631336346,10,5,5,massey,B17,NEVBC Boys 17.2
B17LHVBC1NE,4.793922273324947,11,7,4,massey,B17,LHV Boys 17-1 Ubuntu
B17LIFRY1GE,4.151513773943261,7,4,3,massey,B17,LI Fury 17 1
B17MVPVA1NE,3.0609262950644527,18,7,11,massey,B17,MVP BOS 17 Black
B17PVJVB1NE,3.0555067013943136,15,7,8,massey,B17,PV Boys 17 1
B17117902XX,2.8986813753206606,9,8,1,massey,B17,Torrimar 17 2
B17BVJVB1NE,2.42210539887769,22,10,12,massey,B17,Blast 17 Ignite
B17SPTMC3GE,1.8961447841210222,9,7,2,massey,B17,Sportime 17 3
B17SPTMC5GE,1.7391244132409445,7,2,5,massey,B17,Sportime 17 Lynbrook
B17ROYAL1NO,-0.5833724901928343,8,4,4,massey,B17,Infinity Royals 17N
B17HKJVB2NE,-0.6719625029140995,5,3,2,massey,B17,Husky 17.2
B17NYCVA1GE,-0.9722110322083073,14,7,7,massey,B17,NYC VBA 17 Downtown
B17MVNER1NE,-1.6503657534424887,17,9,8,massey,B17,Meraki VB 17 1
B17CSJVB1NE,-2.417165663978395,10,1,9,massey,B17,MEVBC/CT STARS 17 1
B17DIGSV1GE,-2.569385161113874,8,2,6,massey,B17,Digs Boys 17 Red
B17CAMYV1NE,-3.423912133051875,13,7,6,massey,B17,CYVB 17 1
B17TTVBC2NE,-3.9278272583952063,22,4,18,massey,B17,SLAM 17 2 Boys
B17CAPIT2XL,-5.267428624787438,23,8,15,massey,B17,CSVC 17 SKYLIGHT
B17NESVC2NE,-5.3693656322920225,23,12,11,massey,B17,NE Storm 17 Landslide
B17LCVBC2GE,-5.4624626032818675,7,4,3,massey,B17,Legacy Boys 17 Premier
B17RRJVB2NE,-5.5618029944589,24,11,13,massey,B17,Boston United Boys 17 Northeast
B17HKJVB3NE,-6.897831298127818,7,3,4,massey,B17,Husky 17.3
B17XTREM1GE,-7.311976960362236,8,3,5,massey,B17,Xtreme 17 National Braulio
B17RAPTO1GE,-7.710301495314071,7,0,7,massey,B17,NYC Raptors 17 Black
B17SPTMC6GE,-7.908271585640657,7,2,5,massey,B17,Sportime 17 Lynbrook 2
B17RIVAL1GE,-8.083672179554975,7,3,4,massey,B17,Rival 17’s
B17MVPVA2NE,-9.147307757863627,19,9,10,massey,B17,MVP BOS 17 Blue
B17PVJVB2NE,-9.324725275514181,19,11,8,massey,B17,PV Boys 17 2
B17MMVBC1NE,-10.49910066577871,10,7,3,massey,B17,Mayhem 17 1
B17NESVC3NE,-12.143759467665873,18,7,11,massey,B17,NE Storm 17 Wildfire
B17HKJVB4NE,-13.278249403447527,10,5,5,massey,B17,Husky 17.4
B17PVJVB3NE,-13.784423886316176,19,8,11,massey,B17,PV Boys 17 3
B17SPTMC4GE,-13.979234867704784,7,1,6,massey,B17,Sportime 17 4
B17RRJVB3NE,-17.6226109399729,23,6,17,massey,B17,Boston United Boys 17 Select 1
B17LHVBC2NE,-18.684867505579003,17,3,14,massey,B17,LHV Boys 17-2 Boom
B17MVNER2NE,-22.87107829300199,15,2,13,massey,B17,Meraki VB 17 2
B17SJJVB1NE,30.950920699699402,6,6,0,massey_recent,B17,SMASH Boys 17-1
B17SJJVB2NE,23.50284295073151,8,6,2,massey_recent,B17,SMASH Boys 17 Chaos
B17HKJVB1NE,21.297528870844932,11,9,2,massey_recent,B17,Husky 17.1
B17SYRVB1XL,18.99816834067277,8,8,0,massey_recent,B17,SVC 17 1 Boys
B17117902XX,14.471039595041201,9,8,1,massey_recent,B17,Torrimar 17 2
B17SJJVB3NE,12.636711616101667,7,6,1,massey_recent,B17,SMASH Boys 17's Shock
B17LIFRY1GE,12.056725058746247,7,4,3,massey_recent,B17,LI Fury 17 1
B17PVJVB1NE,11.797931885567557,15,7,8,massey_recent,B17,PV Boys 17 1
B17NEVBC1NE,11.694077008174782,7,3,4,massey_recent,B17,NEVBC Boys 17.1
B17SPTMC3GE,11.170282554331356,9,7,2,massey_recent,B17,Sportime 17 3
B17HKJVB2NE,10.53386983036011,5,3,2,massey_recent,B17,Husky 17.2
B17TTVBC1NE,10.21353868786111,23,13,10,massey_recent,B17,SLAM 17 1 Boys
B17RRJVB1NE,10.07744528557691,20,13,7,massey_recent,B17,Boston United Boys 17 National 1
B17CAPIT1XL,9.327438669301891,16,15,1,massey_recent,B17,CSVC 17 BIG SLIDE
B17NEVBC2NE,9.128661519583538,10,5,5,massey_recent,B17,NEVBC Boys 17.2
B17ROYAL1NO,7.218777621933434,8,4,4,massey_recent,B17,Infinity Royals 17N
B17CORE11GE,5.673675936603139,7,5,2,massey_recent,B17,CORE Boys 17 Platinum
B17ALLIN1FL,5.357930838683884,8,6,2,massey_recent,B17,AVA 17 Boys
B17LCVBC2GE,4.342170820325235,7,4,3,massey_recent,B17,Legacy Boys 17 Premier
B17NYCIV1GE,3.686022344263438,7,6,1,massey_recent,B17,NYC Impact 17U National
B17LHVBC1NE,3.6079504586038955,11,7,4,massey_recent,B17,LHV Boys 17-1 Ubuntu
B17NESVC1NE,3.544766080266791,26,19,7,massey_recent,B17,NE Storm 17 Tsunami
B17SJVBC1NE,3.458765056784889,17,8,9,massey_recent,B17,South County Juniors Boys 17 1
B17LCVBC1GE,2.9786527675012535,8,5,3,massey_recent,B17,Legacy Boys 17 National
B17NESVC2NE,2.5675246394387026,23,12,11,massey_recent,B17,NE Storm 17 Landslide
B17RRJVB2NE,1.6247916688785395,24,11,13,massey_recent,B17,Boston United Boys 17 Northeast
B17SPTMC6GE,0.3219256094547713,7,2,5,massey_recent,B17,Sportime 17 Lynbrook 2
B17MVPVA2NE,-1.115744939712525,19,9,10,massey_recent,B17,MVP BOS 17 Blue
B17XTREM1GE,-1.9054205957123702,8,3,5,massey_recent,B17,Xtreme 17 National Braulio
B17BVJVB1NE,-2.0428215997442023,22,10,12,massey_recent,B17,Blast 17 Ignite
B17MVPVA1NE,-2.8019957638646487,18,7,11,massey_recent,B17,MVP BOS 17 Black
B17CAMYV1NE,-4.155692712180882,13,7,6,massey_recent,B17,CYVB 17 1
B17MMVBC1NE,-4.819932900764423,10,7,3,massey_recent,B17,Mayhem 17 1
B17CAPIT2XL,-6.034614057198134,23,8,15,massey_recent,B17,CSVC 17 SKYLIGHT
B17MVNER1NE,-6.942280146374269,17,9,8,massey_recent,B17,Meraki VB 17 1
B17HKJVB3NE,-7.584978199868369,7,3,4,massey_recent,B17,Husky 17.3
B17RIVAL1GE,-7.5909438300885235,7,3,4,massey_recent,B17,Rival 17’s
B17SPTMC5GE,-8.176246765401032,7,2,5,massey_recent,B17,Sportime 17 Lynbrook
B17TTVBC2NE,-8.327137214736446,22,4,18,massey_recent,B17,SLAM 17 2 Boys
B17CSJVB1NE,-9.38395953928787,10,1,9,massey_recent,B17,MEVBC/CT STARS 17 1
B17PVJVB2NE,-9.566296166979015,19,11,8,massey_recent,B17,PV Boys 17 2
B17DIGSV1GE,-10.730487904868811,8,2,6,massey_recent,B17,Digs Boys 17 Red
B17PVJVB3NE,-12.746962555639815,19,8,11,massey_recent,B17,PV Boys 17 3
B17NESVC3NE,-13.20550886225501,18,7,11,massey_recent,B17,NE Storm 17 Wildfire
B17SPTMC4GE,-13.779111246228823,7,1,6,massey_recent,B17,Sportime 17 4
B17NYCVA1GE,-14.787208996962812,14,7,7,massey_recent,B17,NYC VBA 17 Downtown
B17RAPTO1GE,-15.582554510040183,7,0,7,massey_recent,B17,NYC Raptors 17 Black
B17HKJVB4NE,-15.9546709873738,10,5,5,massey_recent,B17,Husky 17.4
B17RRJVB3NE,-21.595914170114593,23,6,17,massey_recent,B17,Boston United Boys 17 Select 1
B17LHVBC2NE,-30.284338568436112,17,3,14,massey_recent,B17,LHV Boys 17-2 Boom
B17MVNER2NE,-33.12531418150037,15,2,13,massey_recent,B17,Meraki VB 17 2
B18SJVBC1NE,1631.9491971544294,18,16,2,elo_baseline,B18,South County Juniors Boys 18's Blue
B18CAPIT1XL,1622.5723574355875,23,19,4,elo_baseline,B18,CSVC 18 HAYSTACK
B18VENGE1OV,1603.9289879712724,9,9,0,elo_baseline,B18,18 - Lusher
B18118281XX,1599.1239683141196,19,15,4,elo_baseline,B18,PW-VB Quarter-Zip Elite 67-Matcha
B18LEGIO1XL,1573.1584414710587,14,11,3,elo_baseline,B18,TeamLVC Boys 18 Black
B18SJJVB1NE,1571.481811125522,6,6,0,elo_baseline,B18,SMASH Boys 18-1
B18NESVC1NE,1566.9721821634723,22,15,7,elo_baseline,B18,NE Storm 18 Thunder
B18MMVBC2NE,1557.1462047144387,10,8,2,elo_baseline,B18,Mayhem 18 2
B18PVJVB2NE,1555.8526873220228,17,11,6,elo_baseline,B18,PV Boys 18 2
B18NYCIV1GE,1551.0385050189348,8,6,2,elo_baseline,B18,NYC Impact 18 National
B18315VB1XL,1547.982492285257,4,4,0,elo_baseline,B18,315VB 18 USA
B18NEVBC1NE,1545.1183208008388,6,5,1,elo_baseline,B18,NEVBC Boys 18.1
B18SJJVB3NE,1542.564127099763,8,6,2,elo_baseline,B18,SMASH Boys 18's Surge
B18PWRSP1SU,1542.1211902075077,8,6,2,elo_baseline,B18,PSA Power 18
B18XTREM2GE,1541.2200185033253,9,6,3,elo_baseline,B18,Xtreme 18 National Kelly
B18MVPVA2NE,1537.5671261480536,18,11,7,elo_baseline,B18,MVP BOS 18 Blue
B18SJVBC2NE,1527.595138108755,18,11,7,elo_baseline,B18,South County Juniors Boys 18's Gold
B18HKJVB1NE,1527.3113322730458,10,6,4,elo_baseline,B18,Husky 18.1
B18MVNER1NE,1522.5173145163074,10,6,4,elo_baseline,B18,Meraki VB 18 1
B18VTVBC1NE,1520.511575998766,13,8,5,elo_baseline,B18,VTV 18 1
B18NYCIV2GE,1516.1042331326687,7,4,3,elo_baseline,B18,NYC Impact 18 Travel
B18NESVC2NE,1514.8936015984984,17,9,8,elo_baseline,B18,NE Storm 18 Squall
B18TUSVA1GE,1514.2005772683024,9,5,4,elo_baseline,B18,Train Up VB 18 1
B18PVJVB4NE,1513.8833812498851,17,9,8,elo_baseline,B18,PV Boys 18 4
B18DIGSV1GE,1513.5509472945184,7,4,3,elo_baseline,B18,Digs Boys 18 Red
B18PINVA1GE,1512.5564705720935,7,4,3,elo_baseline,B18,PVA Boys 18 National
B18MVPVA1NE,1508.2610055245514,19,10,9,elo_baseline,B18,MVP BOS 18 Black
B18CORE11GE,1505.2792360622984,7,4,3,elo_baseline,B18,CORE Boys 18 Platinum
B18BVJVB1NE,1504.3119052899956,22,11,11,elo_baseline,B18,Blast 18 Fire
B18LHVBC1NE,1503.8008183511204,22,11,11,elo_baseline,B18,LHV Boys 18-1 Rafiki
B18HKJVB3NE,1503.4853859546756,10,5,5,elo_baseline,B18,Husky 18.3
B18PVJVB1NE,1503.442490575926,8,4,4,elo_baseline,B18,PV Boys 18 1
B18MVNER2NE,1501.335004874743,15,8,7,elo_baseline,B18,Meraki VB 18 2
B18SJJVB2NE,1500.214028065719,8,4,4,elo_baseline,B18,SMASH Boys 18's Force
B18RRJVB1NE,1499.8781383999667,24,11,13,elo_baseline,B18,Boston United Boys 18 1
B18ROYAL1NO,1498.7184925175297,8,4,4,elo_baseline,B18,Infinity Royals 18N
B18PVJVB3NE,1495.902621460579,14,7,7,elo_baseline,B18,PV Boys 18 3
B18HKJVB2NE,1488.227677857935,10,4,6,elo_baseline,B18,Husky 18.2
B18DSTJN1GE,1487.1489440878038,7,3,4,elo_baseline,B18,Downstate (N-B) 18 Cobras
B18NEVBC2NE,1485.3655796152455,11,5,6,elo_baseline,B18,NEVBC Boys 18.2
B18LCVBC1GE,1484.1123029793287,8,3,5,elo_baseline,B18,Legacy Boys 18 National
B18MMVBC1NE,1482.0667737529948,10,4,6,elo_baseline,B18,Mayhem 18 1
B18LHVBC2NE,1474.467389683269,16,7,9,elo_baseline,B18,LHV Boys 18-2 Blitz
B18TTVBC1NE,1470.156219011368,4,1,3,elo_baseline,B18,SLAM 18 1 Boys
B18RAPTO1GE,1467.9931303708258,7,2,5,elo_baseline,B18,NYC Raptors 18 Black
B18SLCTD1SC,1467.9518864459587,7,2,5,elo_baseline,B18,Selected 18s - Bubba
B18TTVBC2NE,1466.3983265452503,5,1,4,elo_baseline,B18,SLAM 18 2 Boys
B18LCVBC2GE,1461.3772177030094,8,2,6,elo_baseline,B18,Legacy Boys 18 Premier Anthony
B18NYCVA1GE,1461.364841437466,12,4,8,elo_baseline,B18,NYC VBA 18 Riverside
B18SPTMC3GE,1458.6651915670122,8,2,6,elo_baseline,B18,Sportime 18 3
B18SPTMC2GE,1458.1372689866762,8,2,6,elo_baseline,B18,Sportime 18 2
B18SAVBC1XL,1453.2050501452832,15,5,10,elo_baseline,B18,Sporting Albany Boys 18u
B18UNVBC1NE,1448.8805090925403,12,3,9,elo_baseline,B18,Unity 18 Boys National Vikings
B18SGHVB1NE,1440.3825538337433,5,0,5,elo_baseline,B18,Starlings GH 18 1 Boys
B18GEVBC1NE,1440.1525868025906,5,0,5,elo_baseline,B18,Generations vbc 18 1
B18NESVC3NE,1434.1388549385197,18,6,12,elo_baseline,B18,NE Storm 18 Tornado
B18LHVBC3NE,1432.6520157006014,12,3,9,elo_baseline,B18,LHV Boys 18-3 Thunder
B18NEVBC3NE,1430.6523540528763,9,1,8,elo_baseline,B18,NEVBC Boys 18 Blue
B18LCVBC5GE,1425.582092379804,7,0,7,elo_baseline,B18,Legacy Boys 18 Premier Billy
B18CSJVB1NE,1417.997634235353,10,1,9,elo_baseline,B18,MEVBC/CT STARS 18 1
B18RRJVB2NE,1410.1239187919641,22,6,16,elo_baseline,B18,Boston United Boys 18 Select 1
B18MCJVB1NE,1406.1924268165405,19,5,14,elo_baseline,B18,Mill City 18's
B18BVJVB2NE,1349.0559363404918,20,2,18,elo_baseline,B18,Blast 18 Blaze
B18VENGE1OV,1722.8007007024637,9,9,0,elo_margin,B18,18 - Lusher
B18SJVBC1NE,1722.688557017397,18,16,2,elo_margin,B18,South County Juniors Boys 18's Blue
B18CAPIT1XL,1695.6478040661427,23,19,4,elo_margin,B18,CSVC 18 HAYSTACK
B18118281XX,1671.080289247259,19,15,4,elo_margin,B18,PW-VB Quarter-Zip Elite 67-Matcha
B18SJJVB1NE,1668.8294618171033,6,6,0,elo_margin,B18,SMASH Boys 18-1
B18PVJVB2NE,1631.707700380729,17,11,6,elo_margin,B18,PV Boys 18 2
B18LEGIO1XL,1615.5160602314975,14,11,3,elo_margin,B18,TeamLVC Boys 18 Black
B18NYCIV1GE,1604.0911144363567,8,6,2,elo_margin,B18,NYC Impact 18 National
B18MMVBC2NE,1603.2449165950725,10,8,2,elo_margin,B18,Mayhem 18 2
B18315VB1XL,1602.80164569269,4,4,0,elo_margin,B18,315VB 18 USA
B18NEVBC1NE,1599.7321822057575,6,5,1,elo_margin,B18,NEVBC Boys 18.1
B18XTREM2GE,1584.9494609416704,9,6,3,elo_margin,B18,Xtreme 18 National Kelly
B18SJJVB3NE,1582.3038468223065,8,6,2,elo_margin,B18,SMASH Boys 18's Surge
B18PWRSP1SU,1580.5808941036348,8,6,2,elo_margin,B18,PSA Power 18
B18NESVC1NE,1579.2609423853291,22,15,7,elo_margin,B18,NE Storm 18 Thunder
B18MVPVA2NE,1573.6424151394624,18,11,7,elo_margin,B18,MVP BOS 18 Blue
B18HKJVB1NE,1560.6538672900226,10,6,4,elo_margin,B18,Husky 18.1
B18BVJVB1NE,1552.5107557293911,22,11,11,elo_margin,B18,Blast 18 Fire
B18CORE11GE,1543.0836057846725,7,4,3,elo_margin,B18,CORE Boys 18 Platinum
B18SJVBC2NE,1541.7699477706838,18,11,7,elo_margin,B18,South County Juniors Boys 18's Gold
B18ROYAL1NO,1539.393325597076,8,4,4,elo_margin,B18,Infinity Royals 18N
B18NESVC2NE,1535.3779068050371,17,9,8,elo_margin,B18,NE Storm 18 Squall
B18DIGSV1GE,1535.0029712708001,7,4,3,elo_margin,B18,Digs Boys 18 Red
B18PVJVB1NE,1534.9774476338505,8,4,4,elo_margin,B18,PV Boys 18 1
B18TUSVA1GE,1534.1012398420983,9,5,4,elo_margin,B18,Train Up VB 18 1
B18PINVA1GE,1533.6147584819576,7,4,3,elo_margin,B18,PVA Boys 18 National
B18HKJVB3NE,1524.6822296706096,10,5,5,elo_margin,B18,Husky 18.3
B18RRJVB1NE,1523.745392434531,24,11,13,elo_margin,B18,Boston United Boys 18 1
B18MVNER1NE,1522.205507775384,10,6,4,elo_margin,B18,Meraki VB 18 1
B18PVJVB4NE,1520.8169503175109,17,9,8,elo_margin,B18,PV Boys 18 4
B18SJJVB2NE,1518.818804896769,8,4,4,elo_margin,B18,SMASH Boys 18's Force
B18NYCIV2GE,1517.7131725368502,7,4,3,elo_margin,B18,NYC Impact 18 Travel
B18LHVBC1NE,1515.2843005979703,22,11,11,elo_margin,B18,LHV Boys 18-1 Rafiki
B18VTVBC1NE,1511.8974094135651,13,8,5,elo_margin,B18,VTV 18 1
B18MVPVA1NE,1501.218077450195,19,10,9,elo_margin,B18,MVP BOS 18 Black
B18MMVBC1NE,1491.4589919481182,10,4,6,elo_margin,B18,Mayhem 18 1
B18PVJVB3NE,1479.9785267958657,14,7,7,elo_margin,B18,PV Boys 18 3
B18NEVBC2NE,1477.0643190361932,11,5,6,elo_margin,B18,NEVBC Boys 18.2
B18HKJVB2NE,1472.9914616094206,10,4,6,elo_margin,B18,Husky 18.2
B18LCVBC1GE,1468.5652297940658,8,3,5,elo_margin,B18,Legacy Boys 18 National
B18MVNER2NE,1463.7600426615315,15,8,7,elo_margin,B18,Meraki VB 18 2
B18DSTJN1GE,1463.4030669770357,7,3,4,elo_margin,B18,Downstate (N-B) 18 Cobras
B18NYCVA1GE,1454.206813959845,12,4,8,elo_margin,B18,NYC VBA 18 Riverside
B18LHVBC2NE,1449.2172312166067,16,7,9,elo_margin,B18,LHV Boys 18-2 Blitz
B18SLCTD1SC,1449.0359795324678,7,2,5,elo_margin,B18,Selected 18s - Bubba
B18RAPTO1GE,1447.9244440198015,7,2,5,elo_margin,B18,NYC Raptors 18 Black
B18TTVBC2NE,1426.17738437159,5,1,4,elo_margin,B18,SLAM 18 2 Boys
B18SAVBC1XL,1425.392297541123,15,5,10,elo_margin,B18,Sporting Albany Boys 18u
B18TTVBC1NE,1423.6511415187792,4,1,3,elo_margin,B18,SLAM 18 1 Boys
B18SPTMC3GE,1423.0541681911575,8,2,6,elo_margin,B18,Sportime 18 3
B18LCVBC2GE,1417.326162762444,8,2,6,elo_margin,B18,Legacy Boys 18 Premier Anthony
B18UNVBC1NE,1395.4123567683282,12,3,9,elo_margin,B18,Unity 18 Boys National Vikings
B18NESVC3NE,1387.5788539139471,18,6,12,elo_margin,B18,NE Storm 18 Tornado
B18SPTMC2GE,1374.8389595571225,8,2,6,elo_margin,B18,Sportime 18 2
B18GEVBC1NE,1366.0899814882155,5,0,5,elo_margin,B18,Generations vbc 18 1
B18NEVBC3NE,1361.3030724373273,9,1,8,elo_margin,B18,NEVBC Boys 18 Blue
B18SGHVB1NE,1358.2559430329552,5,0,5,elo_margin,B18,Starlings GH 18 1 Boys
B18LHVBC3NE,1357.8428844090686,12,3,9,elo_margin,B18,LHV Boys 18-3 Thunder
B18LCVBC5GE,1344.4884996914534,7,0,7,elo_margin,B18,Legacy Boys 18 Premier Billy
B18MCJVB1NE,1334.174095382833,19,5,14,elo_margin,B18,Mill City 18's
B18RRJVB2NE,1333.8083177206797,22,6,16,elo_margin,B18,Boston United Boys 18 Select 1
B18CSJVB1NE,1326.4074367950689,10,1,9,elo_margin,B18,MEVBC/CT STARS 18 1
B18BVJVB2NE,1220.8466737831084,20,2,18,elo_margin,B18,Blast 18 Blaze
B18CAPIT1XL,77.96512263072675,23,19,4,hybrid_points,B18,CSVC 18 HAYSTACK
B18SJVBC1NE,64.4973835315926,18,16,2,hybrid_points,B18,South County Juniors Boys 18's Blue
B18118281XX,61.21611156067076,19,15,4,hybrid_points,B18,PW-VB Quarter-Zip Elite 67-Matcha
B18NESVC1NE,58.107810081964075,22,15,7,hybrid_points,B18,NE Storm 18 Thunder
B18PVJVB2NE,47.9177606034781,17,11,6,hybrid_points,B18,PV Boys 18 2
B18LEGIO1XL,43.746257838579766,14,11,3,hybrid_points,B18,TeamLVC Boys 18 Black
B18BVJVB1NE,43.27991036326881,22,11,11,hybrid_points,B18,Blast 18 Fire
B18MVPVA2NE,42.80713068793393,18,11,7,hybrid_points,B18,MVP BOS 18 Blue
B18SJVBC2NE,42.13642516638695,18,11,7,hybrid_points,B18,South County Juniors Boys 18's Gold
B18LHVBC1NE,41.48066139717973,22,11,11,hybrid_points,B18,LHV Boys 18-1 Rafiki
B18RRJVB1NE,39.219014899309784,24,11,13,hybrid_points,B18,Boston United Boys 18 1
B18VENGE1OV,38.545881785268776,9,9,0,hybrid_points,B18,18 - Lusher
B18MVPVA1NE,35.49208838664754,19,10,9,hybrid_points,B18,MVP BOS 18 Black
B18NESVC2NE,34.0304771394669,17,9,8,hybrid_points,B18,NE Storm 18 Squall
B18PVJVB4NE,31.481979535352618,17,9,8,hybrid_points,B18,PV Boys 18 4
B18MMVBC2NE,31.094375536331214,10,8,2,hybrid_points,B18,Mayhem 18 2
B18VTVBC1NE,29.563119817024923,13,8,5,hybrid_points,B18,VTV 18 1
B18SJJVB1NE,26.8228957078941,6,6,0,hybrid_points,B18,SMASH Boys 18-1
B18MVNER2NE,26.777059317436464,15,8,7,hybrid_points,B18,Meraki VB 18 2
B18LHVBC2NE,25.793145787670102,16,7,9,hybrid_points,B18,LHV Boys 18-2 Blitz
B18XTREM2GE,24.764025585992062,9,6,3,hybrid_points,B18,Xtreme 18 National Kelly
B18PVJVB3NE,24.755790947689547,14,7,7,hybrid_points,B18,PV Boys 18 3
B18PWRSP1SU,24.216442517864223,8,6,2,hybrid_points,B18,PSA Power 18
B18SJJVB3NE,24.132905551824813,8,6,2,hybrid_points,B18,SMASH Boys 18's Surge
B18NYCIV1GE,23.560404687456895,8,6,2,hybrid_points,B18,NYC Impact 18 National
B18NEVBC1NE,21.887276040361023,6,5,1,hybrid_points,B18,NEVBC Boys 18.1
B18HKJVB1NE,21.756344791883834,10,6,4,hybrid_points,B18,Husky 18.1
B18HKJVB3NE,21.184274091872474,10,5,5,hybrid_points,B18,Husky 18.3
B18ROYAL1NO,20.83508073545034,8,4,4,hybrid_points,B18,Infinity Royals 18N
B18MVNER1NE,20.441027144772416,10,6,4,hybrid_points,B18,Meraki VB 18 1
B18NEVBC2NE,19.389952160858954,11,5,6,hybrid_points,B18,NEVBC Boys 18.2
B18CORE11GE,19.13041383546806,7,4,3,hybrid_points,B18,CORE Boys 18 Platinum
B18TUSVA1GE,18.067794234290304,9,5,4,hybrid_points,B18,Train Up VB 18 1
B18315VB1XL,17.29746201228888,4,4,0,hybrid_points,B18,315VB 18 USA
B18SJJVB2NE,16.64772502215704,8,4,4,hybrid_points,B18,SMASH Boys 18's Force
B18DIGSV1GE,16.60117782358791,7,4,3,hybrid_points,B18,Digs Boys 18 Red
B18NYCVA1GE,16.5268222303071,12,4,8,hybrid_points,B18,NYC VBA 18 Riverside
B18NYCIV2GE,16.456396503145182,7,4,3,hybrid_points,B18,NYC Impact 18 Travel
B18PVJVB1NE,15.229925613041118,8,4,4,hybrid_points,B18,PV Boys 18 1
B18NESVC3NE,15.079363671868899,18,6,12,hybrid_points,B18,NE Storm 18 Tornado
B18SAVBC1XL,14.010189450886664,15,5,10,hybrid_points,B18,Sporting Albany Boys 18u
B18PINVA1GE,14.006859268047847,7,4,3,hybrid_points,B18,PVA Boys 18 National
B18MCJVB1NE,13.875768233009707,19,5,14,hybrid_points,B18,Mill City 18's
B18HKJVB2NE,12.989988499261731,10,4,6,hybrid_points,B18,Husky 18.2
B18RRJVB2NE,12.841144184091764,22,6,16,hybrid_points,B18,Boston United Boys 18 Select 1
B18MMVBC1NE,12.641463358585009,10,4,6,hybrid_points,B18,Mayhem 18 1
B18LCVBC1GE,10.767291890695688,8,3,5,hybrid_points,B18,Legacy Boys 18 National
B18RAPTO1GE,7.49836448043904,7,2,5,hybrid_points,B18,NYC Raptors 18 Black
B18DSTJN1GE,6.960456665866213,7,3,4,hybrid_points,B18,Downstate (N-B) 18 Cobras
B18LHVBC3NE,5.714539242160989,12,3,9,hybrid_points,B18,LHV Boys 18-3 Thunder
B18SLCTD1SC,5.441182296822659,7,2,5,hybrid_points,B18,Selected 18s - Bubba
B18LCVBC2GE,4.889477241858657,8,2,6,hybrid_points,B18,Legacy Boys 18 Premier Anthony
B18SPTMC2GE,4.510711322633728,8,2,6,hybrid_points,B18,Sportime 18 2
B18TTVBC1NE,3.818190758956531,4,1,3,hybrid_points,B18,SLAM 18 1 Boys
B18SPTMC3GE,3.426498655466104,8,2,6,hybrid_points,B18,Sportime 18 3
B18UNVBC1NE,2.6772526971160557,12,3,9,hybrid_points,B18,Unity 18 Boys National Vikings
B18NEVBC3NE,2.181371885168539,9,1,8,hybrid_points,B18,NEVBC Boys 18 Blue
B18TTVBC2NE,1.1837255380000005,5,1,4,hybrid_points,B18,SLAM 18 2 Boys
B18CSJVB1NE,-0.54630679952015,10,1,9,hybrid_points,B18,MEVBC/CT STARS 18 1
B18GEVBC1NE,-2.7222531734998636,5,0,5,hybrid_points,B18,Generations vbc 18 1
B18SGHVB1NE,-5.275027661365882,5,0,5,hybrid_points,B18,Starlings GH 18 1 Boys
B18LCVBC5GE,-7.7874960989966695,7,0,7,hybrid_points,B18,Legacy Boys 18 Premier Billy
B18BVJVB2NE,-13.752452578616918,20,2,18,hybrid_points,B18,Blast 18 Blaze
B18SJJVB1NE,26.836110086018678,6,6,0,massey,B18,SMASH Boys 18-1
B18NEVBC1NE,20.763872384187966,6,5,1,massey,B18,NEVBC Boys 18.1
B18SJVBC1NE,16.47286614912869,18,16,2,massey,B18,South County Juniors Boys 18's Blue
B18PWRSP1SU,15.737287678292512,8,6,2,massey,B18,PSA Power 18
B18LEGIO1XL,15.580983988281385,14,11,3,massey,B18,TeamLVC Boys 18 Black
B18NYCIV1GE,13.697880039638216,8,6,2,massey,B18,NYC Impact 18 National
B18CORE11GE,13.360154281075054,7,4,3,massey,B18,CORE Boys 18 Platinum
B18VENGE1OV,12.113581279797938,9,9,0,massey,B18,18 - Lusher
B18PVJVB1NE,12.053902566993077,8,4,4,massey,B18,PV Boys 18 1
B18SJJVB2NE,11.152196905925788,8,4,4,massey,B18,SMASH Boys 18's Force
B18HKJVB1NE,11.008594235488776,10,6,4,massey,B18,Husky 18.1
B18SJJVB3NE,10.854818418457366,8,6,2,massey,B18,SMASH Boys 18's Surge
B18DIGSV1GE,10.612122469298425,7,4,3,massey,B18,Digs Boys 18 Red
B18MVNER1NE,10.088829283265262,10,6,4,massey,B18,Meraki VB 18 1
B18LCVBC1GE,9.913915657457023,8,3,5,massey,B18,Legacy Boys 18 National
B18MVPVA1NE,8.63789198265822,19,10,9,massey,B18,MVP BOS 18 Black
B18LHVBC1NE,7.84944213467198,22,11,11,massey,B18,LHV Boys 18-1 Rafiki
B18NYCVA1GE,7.484427134675283,12,4,8,massey,B18,NYC VBA 18 Riverside
B18315VB1XL,6.998865222176489,4,4,0,massey,B18,315VB 18 USA
B18CAPIT1XL,6.468195589868083,23,19,4,massey,B18,CSVC 18 HAYSTACK
B18MMVBC1NE,4.967959348971037,10,4,6,massey,B18,Mayhem 18 1
B18XTREM2GE,4.8934416842904245,9,6,3,massey,B18,Xtreme 18 National Kelly
B18ROYAL1NO,4.605516048819804,8,4,4,massey,B18,Infinity Royals 18N
B18PVJVB2NE,4.104627149585719,17,11,6,massey,B18,PV Boys 18 2
B18MCJVB1NE,3.474421115384656,19,5,14,massey,B18,Mill City 18's
B18BVJVB1NE,3.259111610320847,22,11,11,massey,B18,Blast 18 Fire
B18DSTJN1GE,2.8185153158988996,7,3,4,massey,B18,Downstate (N-B) 18 Cobras
B18118281XX,2.6466406620084153,19,15,4,massey,B18,PW-VB Quarter-Zip Elite 67-Matcha
B18PINVA1GE,2.315899297709555,7,4,3,massey,B18,PVA Boys 18 National
B18VTVBC1NE,1.4938606153164464,13,8,5,massey,B18,VTV 18 1
B18NYCIV2GE,1.0294245539929756,7,4,3,massey,B18,NYC Impact 18 Travel
B18HKJVB2NE,-0.12825317049956553,10,4,6,massey,B18,Husky 18.2
B18SPTMC2GE,-0.4827833775964243,8,2,6,massey,B18,Sportime 18 2
B18SJVBC2NE,-0.8950895960897043,18,11,7,massey,B18,South County Juniors Boys 18's Gold
B18MVPVA2NE,-0.9074394572431146,18,11,7,massey,B18,MVP BOS 18 Blue
B18MMVBC2NE,-1.0752739666954634,10,8,2,massey,B18,Mayhem 18 2
B18UNVBC1NE,-1.081867673082355,12,3,9,massey,B18,Unity 18 Boys National Vikings
B18NESVC1NE,-1.3929212324368034,22,15,7,massey,B18,NE Storm 18 Thunder
B18TUSVA1GE,-2.04432730212734,9,5,4,massey,B18,Train Up VB 18 1
B18HKJVB3NE,-2.745975258155825,10,5,5,massey,B18,Husky 18.3
B18RAPTO1GE,-3.400641791021455,7,2,5,massey,B18,NYC Raptors 18 Black
B18LHVBC2NE,-3.9585314558876696,16,7,9,massey,B18,LHV Boys 18-2 Blitz
B18NEVBC2NE,-4.320455937255204,11,5,6,massey,B18,NEVBC Boys 18.2
B18CSJVB1NE,-4.372161215609074,10,1,9,massey,B18,MEVBC/CT STARS 18 1
B18RRJVB1NE,-4.617049081822097,24,11,13,massey,B18,Boston United Boys 18 1
B18LCVBC2GE,-5.996465018449163,8,2,6,massey,B18,Legacy Boys 18 Premier Anthony
B18NESVC2NE,-6.166782341362925,17,9,8,massey,B18,NE Storm 18 Squall
B18SLCTD1SC,-6.1718536782108036,7,2,5,massey,B18,Selected 18s - Bubba
B18MVNER2NE,-8.314561701725262,15,8,7,massey,B18,Meraki VB 18 2
B18PVJVB3NE,-9.168459867417607,14,7,7,massey,B18,PV Boys 18 3
B18SPTMC3GE,-10.201905295018594,8,2,6,massey,B18,Sportime 18 3
B18SAVBC1XL,-10.249784071422694,15,5,10,massey,B18,Sporting Albany Boys 18u
B18PVJVB4NE,-10.503314101996231,17,9,8,massey,B18,PV Boys 18 4
B18RRJVB2NE,-11.494042789497282,22,6,16,massey,B18,Boston United Boys 18 Select 1
B18NEVBC3NE,-15.73432484029099,9,1,8,massey,B18,NEVBC Boys 18 Blue
B18NESVC3NE,-16.073421048790788,18,6,12,massey,B18,NE Storm 18 Tornado
B18LHVBC3NE,-16.143035542014527,12,3,9,massey,B18,LHV Boys 18-3 Thunder
B18TTVBC2NE,-16.678546843255834,5,1,4,massey,B18,SLAM 18 2 Boys
B18TTVBC1NE,-18.295898600267087,4,1,3,massey,B18,SLAM 18 1 Boys
B18LCVBC5GE,-18.60529305370297,7,0,7,massey,B18,Legacy Boys 18 Premier Billy
B18GEVBC1NE,-19.47697537158356,5,0,5,massey,B18,Generations vbc 18 1
B18BVJVB2NE,-22.35707517885854,20,2,18,massey,B18,Blast 18 Blaze
B18SGHVB1NE,-30.240845030267977,5,0,5,massey,B18,Starlings GH 18 1 Boys
B18SJJVB1NE,24.170261599053713,6,6,0,massey_recent,B18,SMASH Boys 18-1
B18PWRSP1SU,18.080662026117757,8,6,2,massey_recent,B18,PSA Power 18
B18VENGE1OV,17.530072722331518,9,9,0,massey_recent,B18,18 - Lusher
B18NEVBC1NE,16.580802299296373,6,5,1,massey_recent,B18,NEVBC Boys 18.1
B18SJJVB3NE,15.281847496905652,8,6,2,massey_recent,B18,SMASH Boys 18's Surge
B18SJVBC1NE,14.377097524270349,18,16,2,massey_recent,B18,South County Juniors Boys 18's Blue
B18NYCIV1GE,14.13185004376274,8,6,2,massey_recent,B18,NYC Impact 18 National
B18MVPVA1NE,14.0727155092952,19,10,9,massey_recent,B18,MVP BOS 18 Black
B18LEGIO1XL,11.964606277737213,14,11,3,massey_recent,B18,TeamLVC Boys 18 Black
B18MVPVA2NE,11.429089280918777,18,11,7,massey_recent,B18,MVP BOS 18 Blue
B18MMVBC1NE,11.090330619256733,10,4,6,massey_recent,B18,Mayhem 18 1
B18LCVBC1GE,10.700166710911386,8,3,5,massey_recent,B18,Legacy Boys 18 National
B18315VB1XL,10.694194203268161,4,4,0,massey_recent,B18,315VB 18 USA
B18PVJVB1NE,10.446467375571586,8,4,4,massey_recent,B18,PV Boys 18 1
B18ROYAL1NO,9.338369651397239,8,4,4,massey_recent,B18,Infinity Royals 18N
B18CORE11GE,9.217997202111807,7,4,3,massey_recent,B18,CORE Boys 18 Platinum
B18DIGSV1GE,8.015184885859071,7,4,3,massey_recent,B18,Digs Boys 18 Red
B18CAPIT1XL,7.710027608757985,23,19,4,massey_recent,B18,CSVC 18 HAYSTACK
B18XTREM2GE,6.558473539964823,9,6,3,massey_recent,B18,Xtreme 18 National Kelly
B18SPTMC2GE,6.257595299425633,8,2,6,massey_recent,B18,Sportime 18 2
B18BVJVB1NE,5.533168052988501,22,11,11,massey_recent,B18,Blast 18 Fire
B18TUSVA1GE,5.442108999726423,9,5,4,massey_recent,B18,Train Up VB 18 1
B18SJJVB2NE,4.704819959917073,8,4,4,massey_recent,B18,SMASH Boys 18's Force
B18HKJVB1NE,4.682003531108235,10,6,4,massey_recent,B18,Husky 18.1
B18NYCVA1GE,4.527976978229158,12,4,8,massey_recent,B18,NYC VBA 18 Riverside
B18118281XX,3.401431587937531,19,15,4,massey_recent,B18,PW-VB Quarter-Zip Elite 67-Matcha
B18MVNER1NE,3.0772688437376967,10,6,4,massey_recent,B18,Meraki VB 18 1
B18HKJVB2NE,2.9581150214287892,10,4,6,massey_recent,B18,Husky 18.2
B18SPTMC3GE,1.4461486521890379,8,2,6,massey_recent,B18,Sportime 18 3
B18PVJVB2NE,0.9644037504101544,17,11,6,massey_recent,B18,PV Boys 18 2
B18PINVA1GE,0.6663337742385256,7,4,3,massey_recent,B18,PVA Boys 18 National
B18PVJVB4NE,0.015837059372863393,17,9,8,massey_recent,B18,PV Boys 18 4
B18LHVBC1NE,-1.3979793197272632,22,11,11,massey_recent,B18,LHV Boys 18-1 Rafiki
B18SLCTD1SC,-2.112284478645699,7,2,5,massey_recent,B18,Selected 18s - Bubba
B18VTVBC1NE,-2.2212590167464157,13,8,5,massey_recent,B18,VTV 18 1
B18NYCIV2GE,-2.3066382630927817,7,4,3,massey_recent,B18,NYC Impact 18 Travel
B18NESVC2NE,-2.740549754758815,17,9,8,massey_recent,B18,NE Storm 18 Squall
B18LCVBC2GE,-3.1030330745432373,8,2,6,massey_recent,B18,Legacy Boys 18 Premier Anthony
B18NESVC1NE,-3.287248680355521,22,15,7,massey_recent,B18,NE Storm 18 Thunder
B18UNVBC1NE,-3.368330422872197,12,3,9,massey_recent,B18,Unity 18 Boys National Vikings
B18DSTJN1GE,-4.35607401640454,7,3,4,massey_recent,B18,Downstate (N-B) 18 Cobras
B18SJVBC2NE,-4.908339011284234,18,11,7,massey_recent,B18,South County Juniors Boys 18's Gold
B18HKJVB3NE,-5.022490451490481,10,5,5,massey_recent,B18,Husky 18.3
B18TTVBC1NE,-5.467812138830672,4,1,3,massey_recent,B18,SLAM 18 1 Boys
B18SAVBC1XL,-6.462480578303457,15,5,10,massey_recent,B18,Sporting Albany Boys 18u
B18RRJVB1NE,-6.55280826156947,24,11,13,massey_recent,B18,Boston United Boys 18 1
B18RAPTO1GE,-6.6314678904045286,7,2,5,massey_recent,B18,NYC Raptors 18 Black
B18NEVBC2NE,-6.843072833621472,11,5,6,massey_recent,B18,NEVBC Boys 18.2
B18PVJVB3NE,-9.445225098520124,14,7,7,massey_recent,B18,PV Boys 18 3
B18CSJVB1NE,-9.512029851492134,10,1,9,massey_recent,B18,MEVBC/CT STARS 18 1
B18MMVBC2NE,-10.311952534600843,10,8,2,massey_recent,B18,Mayhem 18 2
B18MCJVB1NE,-10.800373477247973,19,5,14,massey_recent,B18,Mill City 18's
B18LHVBC2NE,-10.905113735217833,16,7,9,massey_recent,B18,LHV Boys 18-2 Blitz
B18NEVBC3NE,-11.063727860564967,9,1,8,massey_recent,B18,NEVBC Boys 18 Blue
B18TTVBC2NE,-11.641188930050312,5,1,4,massey_recent,B18,SLAM 18 2 Boys
B18BVJVB2NE,-11.744768320105397,20,2,18,massey_recent,B18,Blast 18 Blaze
B18LCVBC5GE,-12.46493230530502,7,0,7,massey_recent,B18,Legacy Boys 18 Premier Billy
B18MVNER2NE,-13.630236409402249,15,8,7,massey_recent,B18,Meraki VB 18 2
B18NESVC3NE,-14.289707121662202,18,6,12,massey_recent,B18,NE Storm 18 Tornado
B18LHVBC3NE,-21.23475179209687,12,3,9,massey_recent,B18,LHV Boys 18-3 Thunder
B18GEVBC1NE,-23.11835077442508,5,0,5,massey_recent,B18,Generations vbc 18 1
B18SGHVB1NE,-23.950142920409263,5,0,5,massey_recent,B18,Starlings GH 18 1 Boys
B18RRJVB2NE,-24.17305876374677,22,6,16,massey_recent,B18,Boston United Boys 18 Select 1
G12AVVBC1NE,1622.2164197887464,12,12,0,elo_baseline,G12,Avidity 12 Ruby
G12LIBER1CH,1589.4835995110554,8,8,0,elo_baseline,G12,Libero 12 Huskies
G12SSVBC1NE,1584.0406434241274,12,10,2,elo_baseline,G12,SSVBC 12 1
G12MCJVB1NE,1568.4754597421215,11,9,2,elo_baseline,G12,Mill City 12's
G12TCJVB1NE,1563.2435593203897,10,8,2,elo_baseline,G12,Nova 12 Select Brie/Ryleigh
G12AVVBC2NE,1559.9873320005343,17,12,5,elo_baseline,G12,Avidity 12 Jade
G12SJJVB1NE,1556.424596309869,5,5,0,elo_baseline,G12,SMASH 12s
G12MGJVB1NE,1556.1795212176692,5,5,0,elo_baseline,G12,MGA 12's Black
G12GGVOL1GE,1553.0524863959647,7,6,1,elo_baseline,G12,GG 12 1
G12EYNER1NE,1545.5936479427817,11,8,3,elo_baseline,G12,ENVY 12 1 LavaFlow
G12NYCJR2GE,1542.5961846605624,8,6,2,elo_baseline,G12,NYC Juniors 12 Orange
G12118021XX,1539.975003548787,9,6,3,elo_baseline,G12,NYCLBVC 12U BLUE
G12TTVBC2NE,1537.8989202850216,10,7,3,elo_baseline,G12,SLAM 12R Red
G12HKJVB1NE,1535.172385326556,3,3,0,elo_baseline,G12,Husky 12 Red
G12ROCKA1GE,1533.8941633525988,7,5,2,elo_baseline,G12,RVT 12-1 Surf
G12LCVBC1GE,1531.844700063706,9,6,3,elo_baseline,G12,Legacy 12 Premier
G12SJJVB3NE,1530.320065009644,11,7,4,elo_baseline,G12,SMASH 12's Volts
G12113231XX,1527.1792509068525,11,7,4,elo_baseline,G12,EliteZ 12 GIRLS BLACK
G12NYCJR1GE,1519.6710697705785,6,4,2,elo_baseline,G12,NYC Juniors 12 Blue
G12LDNER1NE,1515.0331680329566,7,4,3,elo_baseline,G12,Lockdown VBC 12 SandPipers
G12GRVBC1NE,1514.278012268959,9,5,4,elo_baseline,G12,GVC 12-1
G12LHVBA1GE,1511.5064853442432,5,3,2,elo_baseline,G12,LHVA 12 Purple Travel
G12HKJVB2NE,1511.172385326556,3,2,1,elo_baseline,G12,Husky 12 Black
G12ROCKA2GE,1509.4355007266186,7,4,3,elo_baseline,G12,RVT 12-2 Swim
G12SJJVB2NE,1508.4657781877033,9,5,4,elo_baseline,G12,SMASH 12s Energy
G12PROVA1GE,1504.7410810313288,8,4,4,elo_baseline,G12,Prodigy 12.1 Club
G12MAJVB1NE,1495.9939553784452,6,3,3,elo_baseline,G12,Mass Premier 12 1
G12LFJVB1NE,1491.056399786267,5,2,3,elo_baseline,G12,603 United 12 Seacoast Silver
G12CACLI2GE,1491.0291621124245,7,3,4,elo_baseline,G12,CALI 12 Blue
G12NEVBC1NE,1487.254841182792,7,3,4,elo_baseline,G12,Northeast 12.1
G12VERSE1GE,1479.8986328065716,6,2,4,elo_baseline,G12,NYC Volley Verse 12 1
G12PROVA2GE,1478.6578362079556,8,3,5,elo_baseline,G12,Prodigy 12.2 Club
G12RRJVB1NE,1476.3858591819078,10,4,6,elo_baseline,G12,Boston United 12 Select
G12ROCKA3GE,1476.0709485516404,6,2,4,elo_baseline,G12,RVT 12-3 Sail
G12NSJVB1NE,1470.2704095873294,10,4,6,elo_baseline,G12,NH Seacoast 12 USA
G12LHVBC1NE,1467.0986675735594,9,3,6,elo_baseline,G12,LHV Girls 12-1 Spark
G12BEVNY1GE,1466.9171196176292,7,2,5,elo_baseline,G12,BEV 12 Elite
G12CJVBA3GE,1464.5081963770253,7,2,5,elo_baseline,G12,CJVA 12 Red
G12CMJVB1NE,1462.8357060354679,16,6,10,elo_baseline,G12,CMASS EDGE 12 White
G12RRJVB2NE,1462.575714535539,9,3,6,elo_baseline,G12,Boston United 12 Sapphire
G12GRVBC2NE,1457.2024933937266,10,3,7,elo_baseline,G12,GVC 12-2 Diamonds
G12113232XX,1455.272226128268,6,1,5,elo_baseline,G12,EliteZ 12 GIRLS CARBON
G12HRJVB1NE,1454.4165376062597,10,3,7,elo_baseline,G12,HardRock 12
G12SURGE1GE,1422.6785843538735,7,0,7,elo_baseline,G12,LI Surge 12 1
G12LDNER2NE,1404.2261579545086,21,5,16,elo_baseline,G12,Lockdown VBC 12 Puffins
G12112721XX,1398.103364588486,21,5,16,elo_baseline,G12,X2 Volleyball 12 1
G12TTVBC3NE,1390.1327578342373,10,0,10,elo_baseline,G12,SLAM 12R White
G12CMJVB2NE,1388.3704760859373,15,2,13,elo_baseline,G12,CMASS EDGE 12 Gray
G12CSJVB1NE,1387.1625336242173,11,0,11,elo_baseline,G12,CT STARS 12-1
G12AVVBC1NE,1740.9662161436659,12,12,0,elo_margin,G12,Avidity 12 Ruby
G12LIBER1CH,1694.5964586291543,8,8,0,elo_margin,G12,Libero 12 Huskies
G12MCJVB1NE,1638.312556283504,11,9,2,elo_margin,G12,Mill City 12's
G12SSVBC1NE,1634.771428039255,12,10,2,elo_margin,G12,SSVBC 12 1
G12TCJVB1NE,1634.3306229609836,10,8,2,elo_margin,G12,Nova 12 Select Brie/Ryleigh
G12MGJVB1NE,1627.8984748343628,5,5,0,elo_margin,G12,MGA 12's Black
G12SJJVB1NE,1622.5345000224784,5,5,0,elo_margin,G12,SMASH 12s
G12GGVOL1GE,1610.5481275362715,7,6,1,elo_margin,G12,GG 12 1
G12AVVBC2NE,1605.1582992739334,17,12,5,elo_margin,G12,Avidity 12 Jade
G12118021XX,1599.9608502115982,9,6,3,elo_margin,G12,NYCLBVC 12U BLUE
G12ROCKA1GE,1586.7891089391662,7,5,2,elo_margin,G12,RVT 12-1 Surf
G12NYCJR2GE,1585.7941268470538,8,6,2,elo_margin,G12,NYC Juniors 12 Orange
G12HKJVB1NE,1584.8700792796915,3,3,0,elo_margin,G12,Husky 12 Red
G12EYNER1NE,1583.2698609778236,11,8,3,elo_margin,G12,ENVY 12 1 LavaFlow
G12TTVBC2NE,1566.2807398830505,10,7,3,elo_margin,G12,SLAM 12R Red
G12LCVBC1GE,1559.1785306883705,9,6,3,elo_margin,G12,Legacy 12 Premier
G12SJJVB3NE,1551.473033718122,11,7,4,elo_margin,G12,SMASH 12's Volts
G12NYCJR1GE,1550.724883389044,6,4,2,elo_margin,G12,NYC Juniors 12 Blue
G12LDNER1NE,1545.1813946103473,7,4,3,elo_margin,G12,Lockdown VBC 12 SandPipers
G12LHVBA1GE,1542.4633568415845,5,3,2,elo_margin,G12,LHVA 12 Purple Travel
G12113231XX,1536.194432736784,11,7,4,elo_margin,G12,EliteZ 12 GIRLS BLACK
G12SJJVB2NE,1531.9243106898161,9,5,4,elo_margin,G12,SMASH 12s Energy
G12GRVBC1NE,1529.762279948208,9,5,4,elo_margin,G12,GVC 12-1
G12ROCKA2GE,1529.3179093055046,7,4,3,elo_margin,G12,RVT 12-2 Swim
G12HKJVB2NE,1524.8700792796915,3,2,1,elo_margin,G12,Husky 12 Black
G12PROVA1GE,1517.2831430143854,8,4,4,elo_margin,G12,Prodigy 12.1 Club
G12CACLI2GE,1489.254191457606,7,3,4,elo_margin,G12,CALI 12 Blue
G12LFJVB1NE,1486.5651242637166,5,2,3,elo_margin,G12,603 United 12 Seacoast Silver
G12MAJVB1NE,1476.152898566912,6,3,3,elo_margin,G12,Mass Premier 12 1
G12NEVBC1NE,1465.1886605948214,7,3,4,elo_margin,G12,Northeast 12.1
G12VERSE1GE,1460.699458343408,6,2,4,elo_margin,G12,NYC Volley Verse 12 1
G12ROCKA3GE,1443.1234385932833,6,2,4,elo_margin,G12,RVT 12-3 Sail
G12RRJVB1NE,1442.647951283355,10,4,6,elo_margin,G12,Boston United 12 Select
G12PROVA2GE,1439.1384430109154,8,3,5,elo_margin,G12,Prodigy 12.2 Club
G12CMJVB1NE,1438.62927312747,16,6,10,elo_margin,G12,CMASS EDGE 12 White
G12LHVBC1NE,1435.0447541093913,9,3,6,elo_margin,G12,LHV Girls 12-1 Spark
G12NSJVB1NE,1434.9547429316733,10,4,6,elo_margin,G12,NH Seacoast 12 USA
G12RRJVB2NE,1411.0879105878628,9,3,6,elo_margin,G12,Boston United 12 Sapphire
G12CJVBA3GE,1410.1924572028715,7,2,5,elo_margin,G12,CJVA 12 Red
G12GRVBC2NE,1408.3831288693511,10,3,7,elo_margin,G12,GVC 12-2 Diamonds
G12BEVNY1GE,1407.7290003258847,7,2,5,elo_margin,G12,BEV 12 Elite
G12HRJVB1NE,1395.7505736556832,10,3,7,elo_margin,G12,HardRock 12
G12113232XX,1387.2429002517167,6,1,5,elo_margin,G12,EliteZ 12 GIRLS CARBON
G12SURGE1GE,1348.580161024051,7,0,7,elo_margin,G12,LI Surge 12 1
G12LDNER2NE,1336.1642466038363,21,5,16,elo_margin,G12,Lockdown VBC 12 Puffins
G12112721XX,1321.3804185678234,21,5,16,elo_margin,G12,X2 Volleyball 12 1
G12CMJVB2NE,1292.4613392047418,15,2,13,elo_margin,G12,CMASS EDGE 12 Gray
G12CSJVB1NE,1273.73356006135,11,0,11,elo_margin,G12,CT STARS 12-1
G12TTVBC3NE,1261.4405632784246,10,0,10,elo_margin,G12,SLAM 12R White
G12AVVBC1NE,52.82950299226165,12,12,0,hybrid_points,G12,Avidity 12 Ruby
G12AVVBC2NE,48.30051217661251,17,12,5,hybrid_points,G12,Avidity 12 Jade
G12SSVBC1NE,41.29378201288699,12,10,2,hybrid_points,G12,SSVBC 12 1
G12MCJVB1NE,38.56622471086612,11,9,2,hybrid_points,G12,Mill City 12's
G12LIBER1CH,35.28278050001453,8,8,0,hybrid_points,G12,Libero 12 Huskies
G12TCJVB1NE,33.85214347992656,10,8,2,hybrid_points,G12,Nova 12 Select Brie/Ryleigh
G12EYNER1NE,33.251037356951095,11,8,3,hybrid_points,G12,ENVY 12 1 LavaFlow
G12TTVBC2NE,26.47548218489805,10,7,3,hybrid_points,G12,SLAM 12R Red
G12GGVOL1GE,26.191811299034143,7,6,1,hybrid_points,G12,GG 12 1
G12113231XX,26.102647557733004,11,7,4,hybrid_points,G12,EliteZ 12 GIRLS BLACK
G12SJJVB3NE,26.08647123857162,11,7,4,hybrid_points,G12,SMASH 12's Volts
G12NYCJR2GE,24.85873745271355,8,6,2,hybrid_points,G12,NYC Juniors 12 Orange
G12LCVBC1GE,23.796011105933548,9,6,3,hybrid_points,G12,Legacy 12 Premier
G12118021XX,22.517962409089776,9,6,3,hybrid_points,G12,NYCLBVC 12U BLUE
G12MGJVB1NE,21.4055441777615,5,5,0,hybrid_points,G12,MGA 12's Black
G12ROCKA1GE,21.2375062658882,7,5,2,hybrid_points,G12,RVT 12-1 Surf
G12SJJVB1NE,20.968210601484998,5,5,0,hybrid_points,G12,SMASH 12s
G12SJJVB2NE,19.87129488795928,9,5,4,hybrid_points,G12,SMASH 12s Energy
G12CMJVB1NE,19.578445873578765,16,6,10,hybrid_points,G12,CMASS EDGE 12 White
G12GRVBC1NE,18.67166039981264,9,5,4,hybrid_points,G12,GVC 12-1
G12NYCJR1GE,17.5774306364116,6,4,2,hybrid_points,G12,NYC Juniors 12 Blue
G12ROCKA2GE,16.333899691340005,7,4,3,hybrid_points,G12,RVT 12-2 Swim
G12LDNER1NE,14.564156012808121,7,4,3,hybrid_points,G12,Lockdown VBC 12 SandPipers
G12LHVBA1GE,14.292072486298736,5,3,2,hybrid_points,G12,LHVA 12 Purple Travel
G12NSJVB1NE,13.551969392816272,10,4,6,hybrid_points,G12,NH Seacoast 12 USA
G12HKJVB1NE,13.27485,3,3,0,hybrid_points,G12,Husky 12 Red
G12PROVA1GE,12.604265850267932,8,4,4,hybrid_points,G12,Prodigy 12.1 Club
G12RRJVB1NE,11.345382797502028,10,4,6,hybrid_points,G12,Boston United 12 Select
G12LHVBC1NE,10.699504192477397,9,3,6,hybrid_points,G12,LHV Girls 12-1 Spark
G12CACLI2GE,9.5793974003185,7,3,4,hybrid_points,G12,CALI 12 Blue
G12MAJVB1NE,9.148971202134776,6,3,3,hybrid_points,G12,Mass Premier 12 1
G12NEVBC1NE,9.01983628345385,7,3,4,hybrid_points,G12,Northeast 12.1
G12112721XX,8.729449706914943,21,5,16,hybrid_points,G12,X2 Volleyball 12 1
G12HKJVB2NE,7.8748499999999995,3,2,1,hybrid_points,G12,Husky 12 Black
G12HRJVB1NE,7.562492231985099,10,3,7,hybrid_points,G12,HardRock 12
G12LFJVB1NE,6.67488182569009,5,2,3,hybrid_points,G12,603 United 12 Seacoast Silver
G12RRJVB2NE,6.613231585464542,9,3,6,hybrid_points,G12,Boston United 12 Sapphire
G12PROVA2GE,6.023208002900317,8,3,5,hybrid_points,G12,Prodigy 12.2 Club
G12LDNER2NE,5.961669772601844,21,5,16,hybrid_points,G12,Lockdown VBC 12 Puffins
G12ROCKA3GE,4.6359373795582,6,2,4,hybrid_points,G12,RVT 12-3 Sail
G12VERSE1GE,3.759263020829349,6,2,4,hybrid_points,G12,NYC Volley Verse 12 1
G12GRVBC2NE,3.4947393060759078,10,3,7,hybrid_points,G12,GVC 12-2 Diamonds
G12CJVBA3GE,1.6240853966039988,7,2,5,hybrid_points,G12,CJVA 12 Red
G12113232XX,0.5785762172100002,6,1,5,hybrid_points,G12,EliteZ 12 GIRLS CARBON
G12BEVNY1GE,0.19378294757320003,7,2,5,hybrid_points,G12,BEV 12 Elite
G12CMJVB2NE,0.1156684151677917,15,2,13,hybrid_points,G12,CMASS EDGE 12 Gray
G12SURGE1GE,-7.976925850950149,7,0,7,hybrid_points,G12,LI Surge 12 1
G12TTVBC3NE,-11.84586573609017,10,0,10,hybrid_points,G12,SLAM 12R White
G12CSJVB1NE,-13.1066526483539,11,0,11,hybrid_points,G12,CT STARS 12-1
G12LIBER1CH,36.48647571525487,8,8,0,massey,G12,Libero 12 Huskies
G12GGVOL1GE,27.745858871036987,7,6,1,massey,G12,GG 12 1
G12NYCJR1GE,25.432586220716754,6,4,2,massey,G12,NYC Juniors 12 Blue
G12118021XX,24.67620078426375,9,6,3,massey,G12,NYCLBVC 12U BLUE
G12ROCKA1GE,23.62058091150559,7,5,2,massey,G12,RVT 12-1 Surf
G12NYCJR2GE,20.953824293484878,8,6,2,massey,G12,NYC Juniors 12 Orange
G12HKJVB1NE,20.52141357099044,3,3,0,massey,G12,Husky 12 Red
G12AVVBC1NE,17.037949001102113,12,12,0,massey,G12,Avidity 12 Ruby
G12LCVBC1GE,16.42908242488702,9,6,3,massey,G12,Legacy 12 Premier
G12MGJVB1NE,16.350112665819353,5,5,0,massey,G12,MGA 12's Black
G12GRVBC1NE,14.149235239415766,9,5,4,massey,G12,GVC 12-1
G12SJJVB1NE,13.391295914436391,5,5,0,massey,G12,SMASH 12s
G12ROCKA2GE,12.50156971133011,7,4,3,massey,G12,RVT 12-2 Swim
G12HKJVB2NE,12.021413570990369,3,2,1,massey,G12,Husky 12 Black
G12CACLI2GE,10.84270049572037,7,3,4,massey,G12,CALI 12 Blue
G12EYNER1NE,9.121936158752339,11,8,3,massey,G12,ENVY 12 1 LavaFlow
G12NEVBC1NE,8.801516853970195,7,3,4,massey,G12,Northeast 12.1
G12ROCKA3GE,7.821179479935182,6,2,4,massey,G12,RVT 12-3 Sail
G12LHVBA1GE,6.34260810386262,5,3,2,massey,G12,LHVA 12 Purple Travel
G12SJJVB2NE,5.858758542450557,9,5,4,massey,G12,SMASH 12s Energy
G12LDNER1NE,4.739999133311468,7,4,3,massey,G12,Lockdown VBC 12 SandPipers
G12MCJVB1NE,4.442025333424175,11,9,2,massey,G12,Mill City 12's
G12LHVBC1NE,2.3273409662639257,9,3,6,massey,G12,LHV Girls 12-1 Spark
G12SSVBC1NE,0.930760210686373,12,10,2,massey,G12,SSVBC 12 1
G12AVVBC2NE,-2.0071244336326246,17,12,5,massey,G12,Avidity 12 Jade
G12VERSE1GE,-2.067826709533801,6,2,4,massey,G12,NYC Volley Verse 12 1
G12TCJVB1NE,-2.3627573116655034,10,8,2,massey,G12,Nova 12 Select Brie/Ryleigh
G12SJJVB3NE,-3.959324523224118,11,7,4,massey,G12,SMASH 12's Volts
G12113231XX,-5.749450922660657,11,7,4,massey,G12,EliteZ 12 GIRLS BLACK
G12RRJVB1NE,-5.934767415002212,10,4,6,massey,G12,Boston United 12 Select
G12LFJVB1NE,-6.686264866971718,5,2,3,massey,G12,603 United 12 Seacoast Silver
G12CJVBA3GE,-7.0738080868663635,7,2,5,massey,G12,CJVA 12 Red
G12PROVA1GE,-9.50436506136259,8,4,4,massey,G12,Prodigy 12.1 Club
G12BEVNY1GE,-10.749594370507147,7,2,5,massey,G12,BEV 12 Elite
G12TTVBC2NE,-11.679294123418464,10,7,3,massey,G12,SLAM 12R Red
G12CMJVB1NE,-12.844513602507146,16,6,10,massey,G12,CMASS EDGE 12 White
G12GRVBC2NE,-12.878535352270985,10,3,7,massey,G12,GVC 12-2 Diamonds
G12SURGE1GE,-13.298304612503719,7,0,7,massey,G12,LI Surge 12 1
G12MAJVB1NE,-13.304336463148605,6,3,3,massey,G12,Mass Premier 12 1
G12CSJVB1NE,-17.297471471682417,11,0,11,massey,G12,CT STARS 12-1
G12112721XX,-18.31097089008411,21,5,16,massey,G12,X2 Volleyball 12 1
G12LDNER2NE,-18.78470191275181,21,5,16,massey,G12,Lockdown VBC 12 Puffins
G12PROVA2GE,-18.95280779665666,8,3,5,massey,G12,Prodigy 12.2 Club
G12HRJVB1NE,-19.02005509343894,10,3,7,massey,G12,HardRock 12
G12NSJVB1NE,-20.195131832581698,10,4,6,massey,G12,NH Seacoast 12 USA
G12RRJVB2NE,-20.779050275409034,9,3,6,massey,G12,Boston United 12 Sapphire
G12CMJVB2NE,-21.173682133652267,15,2,13,massey,G12,CMASS EDGE 12 Gray
G12113232XX,-29.854561860091714,6,1,5,massey,G12,EliteZ 12 GIRLS CARBON
G12TTVBC3NE,-38.07772305198697,10,0,10,massey,G12,SLAM 12R White
G12LIBER1CH,35.80392221107223,8,8,0,massey_recent,G12,Libero 12 Huskies
G12HKJVB1NE,25.261529338789998,3,3,0,massey_recent,G12,Husky 12 Red
G12NYCJR2GE,23.26332375208892,8,6,2,massey_recent,G12,NYC Juniors 12 Orange
G12ROCKA1GE,22.240059547851917,7,5,2,massey_recent,G12,RVT 12-1 Surf
G12118021XX,21.868598220594258,9,6,3,massey_recent,G12,NYCLBVC 12U BLUE
G12MGJVB1NE,21.044106022288915,5,5,0,massey_recent,G12,MGA 12's Black
G12GGVOL1GE,19.334709751339684,7,6,1,massey_recent,G12,GG 12 1
G12NYCJR1GE,19.27265083480632,6,4,2,massey_recent,G12,NYC Juniors 12 Blue
G12SJJVB1NE,18.715719100236345,5,5,0,massey_recent,G12,SMASH 12s
G12HKJVB2NE,15.660545374020712,3,2,1,massey_recent,G12,Husky 12 Black
G12LCVBC1GE,15.256760589801518,9,6,3,massey_recent,G12,Legacy 12 Premier
G12GRVBC1NE,14.681908732105532,9,5,4,massey_recent,G12,GVC 12-1
G12AVVBC1NE,12.030654698387732,12,12,0,massey_recent,G12,Avidity 12 Ruby
G12LDNER1NE,11.483674886677406,7,4,3,massey_recent,G12,Lockdown VBC 12 SandPipers
G12SJJVB2NE,10.522932246405755,9,5,4,massey_recent,G12,SMASH 12s Energy
G12ROCKA2GE,7.895908186793609,7,4,3,massey_recent,G12,RVT 12-2 Swim
G12LHVBA1GE,7.792079131959324,5,3,2,massey_recent,G12,LHVA 12 Purple Travel
G12NEVBC1NE,7.7571893550249085,7,3,4,massey_recent,G12,Northeast 12.1
G12TCJVB1NE,7.043191378250618,10,8,2,massey_recent,G12,Nova 12 Select Brie/Ryleigh
G12CACLI2GE,6.403742028913366,7,3,4,massey_recent,G12,CALI 12 Blue
G12EYNER1NE,5.513787707303749,11,8,3,massey_recent,G12,ENVY 12 1 LavaFlow
G12ROCKA3GE,5.5007058504785435,6,2,4,massey_recent,G12,RVT 12-3 Sail
G12SJJVB3NE,2.5636290482997497,11,7,4,massey_recent,G12,SMASH 12's Volts
G12MCJVB1NE,2.496189164480084,11,9,2,massey_recent,G12,Mill City 12's
G12SSVBC1NE,2.3630008682746073,12,10,2,massey_recent,G12,SSVBC 12 1
G12PROVA1GE,-0.1401101435428432,8,4,4,massey_recent,G12,Prodigy 12.1 Club
G12LHVBC1NE,-0.613517796478111,9,3,6,massey_recent,G12,LHV Girls 12-1 Spark
G12VERSE1GE,-1.7673362068333176,6,2,4,massey_recent,G12,NYC Volley Verse 12 1
G12AVVBC2NE,-3.7123435602644754,17,12,5,massey_recent,G12,Avidity 12 Jade
G12113231XX,-5.472885079993667,11,7,4,massey_recent,G12,EliteZ 12 GIRLS BLACK
G12LFJVB1NE,-7.12367169599254,5,2,3,massey_recent,G12,603 United 12 Seacoast Silver
G12RRJVB1NE,-8.099506621787215,10,4,6,massey_recent,G12,Boston United 12 Select
G12TTVBC2NE,-8.520852851717256,10,7,3,massey_recent,G12,SLAM 12R Red
G12CMJVB1NE,-11.574856276949763,16,6,10,massey_recent,G12,CMASS EDGE 12 White
G12BEVNY1GE,-13.386621288646456,7,2,5,massey_recent,G12,BEV 12 Elite
G12CJVBA3GE,-13.801126967635787,7,2,5,massey_recent,G12,CJVA 12 Red
G12RRJVB2NE,-13.86918931521749,9,3,6,massey_recent,G12,Boston United 12 Sapphire
G12NSJVB1NE,-14.630726426105065,10,4,6,massey_recent,G12,NH Seacoast 12 USA
G12GRVBC2NE,-15.031760820675222,10,3,7,massey_recent,G12,GVC 12-2 Diamonds
G12SURGE1GE,-15.557778136798158,7,0,7,massey_recent,G12,LI Surge 12 1
G12LDNER2NE,-16.343955366843065,21,5,16,massey_recent,G12,Lockdown VBC 12 Puffins
G12HRJVB1NE,-17.625048777760668,10,3,7,massey_recent,G12,HardRock 12
G12PROVA2GE,-19.758501743468695,8,3,5,massey_recent,G12,Prodigy 12.2 Club
G12112721XX,-19.915653001972455,21,5,16,massey_recent,G12,X2 Volleyball 12 1
G12CSJVB1NE,-20.678125261052962,11,0,11,massey_recent,G12,CT STARS 12-1
G12MAJVB1NE,-20.8705429223863,6,3,3,massey_recent,G12,Mass Premier 12 1
G12CMJVB2NE,-22.93231300668214,15,2,13,massey_recent,G12,CMASS EDGE 12 Gray
G12113232XX,-29.125186178478277,6,1,5,massey_recent,G12,EliteZ 12 GIRLS CARBON
G12TTVBC3NE,-41.218908578963884,10,0,10,massey_recent,G12,SLAM 12R White
G13LFJVB1NE,1688.4331204794494,23,22,1,elo_baseline,G13,603 United 13 Seacoast White
G13NEVBC1NE,1640.8065325924233,21,17,4,elo_baseline,G13,Northeast 13.1
G13CMJVB1NE,1624.6502302526073,11,11,0,elo_baseline,G13,CMASS EDGE 13 Blue
G13NEVBC2NE,1597.4043594803575,20,15,5,elo_baseline,G13,Northeast 13.2
G13CACLI2GE,1597.1960297438254,14,12,2,elo_baseline,G13,CALI 13 BLUE
G13CSJVB1NE,1595.4433322167042,13,11,2,elo_baseline,G13,CT STARS 13s Lidania
G13RRJVB1NE,1581.6190965635026,35,23,12,elo_baseline,G13,Boston United 13 National
G13FGSVA1FL,1581.1886930612134,9,8,1,elo_baseline,G13,Gulfside 13U Prime
G13NYCJR1GE,1579.1866798900019,12,10,2,elo_baseline,G13,NYC Juniors 13 National
G13113231XX,1571.8118320052442,29,19,10,elo_baseline,G13,EliteZ 13 GIRLS HP BLACK
G13LIBER1CH,1571.7844987613128,8,7,1,elo_baseline,G13,Libero 13 HUSKIES
G13PROVA2GE,1562.0027199805197,6,6,0,elo_baseline,G13,Prodigy 13.2 Club
G13NYCJR2GE,1560.2869202056859,9,7,2,elo_baseline,G13,NYC Juniors 13 Travel
G13LDNER1NE,1558.0301259507205,5,5,0,elo_baseline,G13,Lockdown VBC 13 Kiwis
G13APXTC1OV,1557.2410056816343,7,6,1,elo_baseline,G13,Apex VBTC 13 Apex Red
G13HKJVB1NE,1553.7036824100533,6,5,1,elo_baseline,G13,Husky 13 Red
G13NYCVA1GE,1545.7192892461576,8,6,2,elo_baseline,G13,NYC VBA 13 Tribeca
G13RRJVB2NE,1545.7006930176271,16,10,6,elo_baseline,G13,Boston United 13 Select - Brittany
G13SJJVB2NE,1544.7975442236404,6,5,1,elo_baseline,G13,SMASH 13's Thunder
G13GRVBC1NE,1544.370546518997,12,8,4,elo_baseline,G13,GVC 13-1
G13LCVBC1GE,1542.6103774625797,8,6,2,elo_baseline,G13,Legacy 13 National
G13MAJVB1NE,1537.9029900155278,11,7,4,elo_baseline,G13,Mass Premier 13 1
G13LHVBA1GE,1535.8259892246713,7,5,2,elo_baseline,G13,LHVA 13 Purple Travel
G13DSTJN1GE,1533.1642654903562,7,5,2,elo_baseline,G13,Downstate (N) 13 Cobras
G13RRJVB3NE,1532.2890341642208,16,10,6,elo_baseline,G13,Boston United 13 Select - Gil
G13ROCKA1GE,1526.6075389496787,8,5,3,elo_baseline,G13,RVT 13-1 Surf
G13MGJVB3NE,1524.3965980658886,10,6,4,elo_baseline,G13,MGA 13's Stars
G13LFJVB2NE,1523.6065624863993,17,10,7,elo_baseline,G13,603 United 13 Seacoast Blue
G13GRVBC2NE,1522.9276146549453,14,8,6,elo_baseline,G13,GVC 13-2
G13TTVBC6NE,1522.24071547036,11,7,4,elo_baseline,G13,SLAM 13R Crimson
G13TTVBC3NE,1521.482345073361,11,7,4,elo_baseline,G13,SLAM 13R White
G13TTVBC1NE,1518.7991668934374,26,14,12,elo_baseline,G13,SLAM 13P Black
G13LHVBC1NE,1514.9964805271477,5,3,2,elo_baseline,G13,LHV Girls 13-1 Wondercatz
G13GAJVB1NE,1513.6688119500634,5,3,2,elo_baseline,G13,Gators 13 Black
G131175910XX,1513.6467804963129,7,4,3,elo_baseline,G13,Bucaneras AVC 13U
G13CSJVB2NE,1513.408174120969,5,3,2,elo_baseline,G13,CT STARS 13s Gabby
G13LDNER2NE,1512.6245611550873,16,8,8,elo_baseline,G13,Lockdown VBC 13 Sparrows
G13118021XX,1512.0,1,1,0,elo_baseline,G13,NYCLBVC 13U BLUE
G13ROCKA2GE,1511.4911333024056,7,4,3,elo_baseline,G13,RVT 13-2 Swim
G13SOSVB1GE,1511.2294142177057,5,3,2,elo_baseline,G13,Sideout 13N Carly
G13CMJVB2NE,1511.1358856180777,21,11,10,elo_baseline,G13,CMASS EDGE 13 White
G13HKJVB2NE,1510.1109922030566,5,3,2,elo_baseline,G13,Husky 13 Black
G13118022XX,1509.3751321035697,7,4,3,elo_baseline,G13,NYCLBVC 13U WHITE
G13SJJVB1NE,1506.9977934346766,10,5,5,elo_baseline,G13,SMASH 13s
G13TTVBC2NE,1506.9142115108775,21,11,10,elo_baseline,G13,SLAM 13P Red
G13LHVBC2NE,1501.8063443728995,10,5,5,elo_baseline,G13,LHV Girls 13-2 Novas
G13DRVBC1NE,1500.6067489863963,6,3,3,elo_baseline,G13,Dragons 13 1 A/V
G13SPAVB1XL,1500.546212762016,18,9,9,elo_baseline,G13,Spa City 13 Aqua
G13MNJVB1NE,1497.8538586440613,6,3,3,elo_baseline,G13,Maine Jrs 13 Silver
G13NYCVA2GE,1493.369942671333,7,3,4,elo_baseline,G13,NYC VBA 13 West Village
G13BVJVB1NE,1490.0715549871056,9,4,5,elo_baseline,G13,Blast 13U Dragons
G14LUNAR5GEX,1488.0,1,0,1,elo_baseline,G13,CCC - Hawks 14
G13CACLI1GE,1487.999608572258,5,2,3,elo_baseline,G13,CALI 13 Black
G13AVVBC1NE,1486.6506804199137,16,7,9,elo_baseline,G13,Avidity 13 Ruby
G13MCJVB1NE,1484.6342801706314,15,6,9,elo_baseline,G13,Mill City 13's
G13SURGE2GE,1483.3452082634617,14,6,8,elo_baseline,G13,LI Surge 13 Premier White
G13RRJVB4NE,1482.7633857123756,16,7,9,elo_baseline,G13,Boston United 13 Sapphire
G13NEVBC3NE,1481.9686145325197,16,7,9,elo_baseline,G13,Northeast 13 Blue
G13NYCLI1GE,1481.7547071244549,8,3,5,elo_baseline,G13,NYCLI 13 Elite
G13LCVBC2GE,1479.4305723846778,8,3,5,elo_baseline,G13,Legacy 13 Premier
G13GGVOL1GE,1475.7400641828453,8,3,5,elo_baseline,G13,GG 13 1
G13MAPVB3NE,1475.6667581619613,6,2,4,elo_baseline,G13,Mass Power VB 13 Pink
G13CACLI3GE,1475.4164062479704,12,5,7,elo_baseline,G13,CALI 13 Red
G13SURGE1GE,1474.5922797436172,12,5,7,elo_baseline,G13,LI Surge 13 Premier Blue
G13SJVBC1NE,1470.5497126175721,5,1,4,elo_baseline,G13,South County 13's Stingrays
G13ROCKA3GE,1469.3270643234057,7,2,5,elo_baseline,G13,RVT 13-3 Sail
G13HEVBA1NE,1468.9881570998675,16,6,10,elo_baseline,G13,HEVBA 13 1
G13BEVNY1GE,1468.165982946156,7,2,5,elo_baseline,G13,BEV 13 Empire
G13CJJVB1NE,1468.08521627567,11,4,7,elo_baseline,G13,CT Juniors 13 National
G13CJVBA5GE,1466.2847915364596,7,2,5,elo_baseline,G13,CJVA 13 Ruby
G13SJVBC2NE,1465.8079775951437,5,1,4,elo_baseline,G13,South County 13's Scorpions
G13MGJVB4NE,1465.4695365334435,10,3,7,elo_baseline,G13,MGA 13's Stripes
G13TCJVB1NE,1464.9207297047221,15,6,9,elo_baseline,G13,Nova 13 Premier Cas
G13LDNER3NE,1463.7654649192177,15,6,9,elo_baseline,G13,Lockdown VBC 13 Robins
G13PROVA3GE,1462.415512196084,5,1,4,elo_baseline,G13,Prodigy 13.3 Club
G13TRICO1GE,1458.8732767040194,8,2,6,elo_baseline,G13,TriCounty ATTACK 13 1
G13TRICO2GE,1457.242365656964,8,2,6,elo_baseline,G13,TriCounty ATTACK 13 2
G13MAJVB2NE,1457.110731319093,6,1,5,elo_baseline,G13,Mass Premier 13 2
G13RRJVB5NE,1454.7145688034932,16,6,10,elo_baseline,G13,Boston United 13 Steel
G13MGJVB6NE,1452.8025693185223,6,1,5,elo_baseline,G13,MGA 13's White
G13LEGIO2XL,1452.5110323413528,4,0,4,elo_baseline,G13,TeamLVC 13 Pink
G13SJVBC3NE,1445.460357959217,5,0,5,elo_baseline,G13,South County 13's Sharks
G13LHVBA2GE,1443.7475310131795,5,0,5,elo_baseline,G13,LHVA 13 Black Travel
G13EYNER1NE,1441.3831833719048,15,4,11,elo_baseline,G13,ENVY 13 HEATWAVE
G13TTVBC5NE,1440.678485846009,11,3,8,elo_baseline,G13,SLAM 13R Silver
G13GAJVB2NE,1433.8911471527524,11,3,8,elo_baseline,G13,Gators 13 Green
G13MGJVB5NE,1432.5034796539455,6,0,6,elo_baseline,G13,MGA 13's Black
G13LEGIO1XL,1432.4412478407974,11,2,9,elo_baseline,G13,TeamLVC 13 Black
G13VERSE1GE,1423.5601423205653,7,0,7,elo_baseline,G13,NYC Volley Verse 13 1
G13VERSE2GE,1422.5597720732708,7,0,7,elo_baseline,G13,NYC Volley Verse 13 SI
G13SURGE4GE,1422.5159940708882,7,0,7,elo_baseline,G13,LI Surge 13 3
G13SURGE3GE,1420.5983052148026,7,0,7,elo_baseline,G13,LI Surge 13 2
G13EYNER2NE,1414.6537207593854,16,3,13,elo_baseline,G13,ENVY 13 NOR'EASTER
G13AVVBC2NE,1413.7367242681419,18,5,13,elo_baseline,G13,Avidity 13 Jade
G13NSJVB1NE,1407.9868894822787,23,6,17,elo_baseline,G13,NH Seacoast 13 National
G13113232XX,1404.7604626178047,11,1,10,elo_baseline,G13,EliteZ 13 GIRLS CARBON
G13TTVBC4NE,1399.441137650318,11,1,10,elo_baseline,G13,SLAM 13R Grey
G13LFJVB1NE,1820.0663017061606,23,22,1,elo_margin,G13,603 United 13 Seacoast White
G13NEVBC1NE,1800.2748417718353,21,17,4,elo_margin,G13,Northeast 13.1
G13CMJVB1NE,1741.5306930727918,11,11,0,elo_margin,G13,CMASS EDGE 13 Blue
G13CSJVB1NE,1718.1424586658725,13,11,2,elo_margin,G13,CT STARS 13s Lidania
G13FGSVA1FL,1686.323780688348,9,8,1,elo_margin,G13,Gulfside 13U Prime
G13NEVBC2NE,1683.3667968143875,20,15,5,elo_margin,G13,Northeast 13.2
G13CACLI2GE,1680.807467090518,14,12,2,elo_margin,G13,CALI 13 BLUE
G13NYCJR1GE,1649.4117422966417,12,10,2,elo_margin,G13,NYC Juniors 13 National
G13LIBER1CH,1644.526455749837,8,7,1,elo_margin,G13,Libero 13 HUSKIES
G13NYCJR2GE,1644.1930385691792,9,7,2,elo_margin,G13,NYC Juniors 13 Travel
G13APXTC1OV,1641.9335599056574,7,6,1,elo_margin,G13,Apex VBTC 13 Apex Red
G13HKJVB1NE,1636.8882392189535,6,5,1,elo_margin,G13,Husky 13 Red
G13RRJVB1NE,1634.5684979149783,35,23,12,elo_margin,G13,Boston United 13 National
G13LDNER1NE,1630.2849508132726,5,5,0,elo_margin,G13,Lockdown VBC 13 Kiwis
G13PROVA2GE,1625.8604695342235,6,6,0,elo_margin,G13,Prodigy 13.2 Club
G13113231XX,1611.0675288695902,29,19,10,elo_margin,G13,EliteZ 13 GIRLS HP BLACK
G13GRVBC1NE,1603.6800838192903,12,8,4,elo_margin,G13,GVC 13-1
G13MAJVB1NE,1602.542477894563,11,7,4,elo_margin,G13,Mass Premier 13 1
G13NYCVA1GE,1599.333942826078,8,6,2,elo_margin,G13,NYC VBA 13 Tribeca
G13SJJVB2NE,1592.413490045432,6,5,1,elo_margin,G13,SMASH 13's Thunder
G13RRJVB2NE,1590.8605612068275,16,10,6,elo_margin,G13,Boston United 13 Select - Brittany
G13LCVBC1GE,1589.5399756710233,8,6,2,elo_margin,G13,Legacy 13 National
G13LHVBA1GE,1574.795347908853,7,5,2,elo_margin,G13,LHVA 13 Purple Travel
G13DSTJN1GE,1568.9466126226057,7,5,2,elo_margin,G13,Downstate (N) 13 Cobras
G13ROCKA1GE,1562.7557985830958,8,5,3,elo_margin,G13,RVT 13-1 Surf
G13SJJVB1NE,1553.8459985887948,10,5,5,elo_margin,G13,SMASH 13s
G13GRVBC2NE,1552.38766174509,14,8,6,elo_margin,G13,GVC 13-2
G13118022XX,1550.8468552102336,7,4,3,elo_margin,G13,NYCLBVC 13U WHITE
G13LHVBC1NE,1544.9989588888925,5,3,2,elo_margin,G13,LHV Girls 13-1 Wondercatz
G13RRJVB3NE,1544.190552892667,16,10,6,elo_margin,G13,Boston United 13 Select - Gil
G13MGJVB3NE,1542.7900203111985,10,6,4,elo_margin,G13,MGA 13's Stars
G13GAJVB1NE,1542.2355863936607,5,3,2,elo_margin,G13,Gators 13 Black
G13TTVBC1NE,1541.8007090425886,26,14,12,elo_margin,G13,SLAM 13P Black
G13LDNER2NE,1541.2656857669022,16,8,8,elo_margin,G13,Lockdown VBC 13 Sparrows
G13SOSVB1GE,1540.9280019106614,5,3,2,elo_margin,G13,Sideout 13N Carly
G13CMJVB2NE,1535.4290563033846,21,11,10,elo_margin,G13,CMASS EDGE 13 White
G131175910XX,1535.3108775802034,7,4,3,elo_margin,G13,Bucaneras AVC 13U
G13CSJVB2NE,1533.691165284793,5,3,2,elo_margin,G13,CT STARS 13s Gabby
G13118021XX,1526.3666949280346,1,1,0,elo_margin,G13,NYCLBVC 13U BLUE
G13HKJVB2NE,1525.138940328934,5,3,2,elo_margin,G13,Husky 13 Black
G13LFJVB2NE,1520.5360140334649,17,10,7,elo_margin,G13,603 United 13 Seacoast Blue
G13TTVBC6NE,1518.4318856469033,11,7,4,elo_margin,G13,SLAM 13R Crimson
G13ROCKA2GE,1517.8224387223806,7,4,3,elo_margin,G13,RVT 13-2 Swim
G13LHVBC2NE,1512.5802864097268,10,5,5,elo_margin,G13,LHV Girls 13-2 Novas
G13DRVBC1NE,1509.6981098501349,6,3,3,elo_margin,G13,Dragons 13 1 A/V
G13MNJVB1NE,1497.876082430496,6,3,3,elo_margin,G13,Maine Jrs 13 Silver
G13SPAVB1XL,1496.627272584105,18,9,9,elo_margin,G13,Spa City 13 Aqua
G13NYCVA2GE,1494.8635410751522,7,3,4,elo_margin,G13,NYC VBA 13 West Village
G13MCJVB1NE,1493.8274618434293,15,6,9,elo_margin,G13,Mill City 13's
G13TTVBC3NE,1493.0274557988257,11,7,4,elo_margin,G13,SLAM 13R White
G13TTVBC2NE,1488.4419362122765,21,11,10,elo_margin,G13,SLAM 13P Red
G13HEVBA1NE,1484.1301313505146,16,6,10,elo_margin,G13,HEVBA 13 1
G13AVVBC1NE,1483.7822115030579,16,7,9,elo_margin,G13,Avidity 13 Ruby
G13CACLI1GE,1478.198219185095,5,2,3,elo_margin,G13,CALI 13 Black
G14LUNAR5GEX,1473.6333050719654,1,0,1,elo_margin,G13,CCC - Hawks 14
G13NYCLI1GE,1471.828820060599,8,3,5,elo_margin,G13,NYCLI 13 Elite
G13RRJVB4NE,1469.5688262765623,16,7,9,elo_margin,G13,Boston United 13 Sapphire
G13BVJVB1NE,1467.4415661387634,9,4,5,elo_margin,G13,Blast 13U Dragons
G13LCVBC2GE,1456.6835918434808,8,3,5,elo_margin,G13,Legacy 13 Premier
G13MGJVB4NE,1456.3615540337653,10,3,7,elo_margin,G13,MGA 13's Stripes
G13GGVOL1GE,1449.6222388632352,8,3,5,elo_margin,G13,GG 13 1
G13SJVBC1NE,1446.6542852216985,5,1,4,elo_margin,G13,South County 13's Stingrays
G13CACLI3GE,1439.7554847718106,12,5,7,elo_margin,G13,CALI 13 Red
G13BEVNY1GE,1439.7387930889554,7,2,5,elo_margin,G13,BEV 13 Empire
G13NEVBC3NE,1439.689462106728,16,7,9,elo_margin,G13,Northeast 13 Blue
G13SURGE1GE,1438.6546072333526,12,5,7,elo_margin,G13,LI Surge 13 Premier Blue
G13TRICO1GE,1436.2289758608829,8,2,6,elo_margin,G13,TriCounty ATTACK 13 1
G13MAPVB3NE,1424.8126945390843,6,2,4,elo_margin,G13,Mass Power VB 13 Pink
G13LDNER3NE,1424.3109956719313,15,6,9,elo_margin,G13,Lockdown VBC 13 Robins
G13PROVA3GE,1423.8747676591104,5,1,4,elo_margin,G13,Prodigy 13.3 Club
G13SURGE2GE,1423.7225989683243,14,6,8,elo_margin,G13,LI Surge 13 Premier White
G13SJVBC2NE,1421.5389649289414,5,1,4,elo_margin,G13,South County 13's Scorpions
G13ROCKA3GE,1420.758321044458,7,2,5,elo_margin,G13,RVT 13-3 Sail
G13TCJVB1NE,1417.8313211804043,15,6,9,elo_margin,G13,Nova 13 Premier Cas
G13CJVBA5GE,1417.0672534423938,7,2,5,elo_margin,G13,CJVA 13 Ruby
G13EYNER1NE,1416.5714057951752,15,4,11,elo_margin,G13,ENVY 13 HEATWAVE
G13CJJVB1NE,1410.9185303608274,11,4,7,elo_margin,G13,CT Juniors 13 National
G13MAJVB2NE,1407.7801962149658,6,1,5,elo_margin,G13,Mass Premier 13 2
G13TRICO2GE,1404.6861858434252,8,2,6,elo_margin,G13,TriCounty ATTACK 13 2
G13TTVBC5NE,1395.822783426181,11,3,8,elo_margin,G13,SLAM 13R Silver
G13LEGIO1XL,1393.5940142975144,11,2,9,elo_margin,G13,TeamLVC 13 Black
G13LEGIO2XL,1391.2803335904384,4,0,4,elo_margin,G13,TeamLVC 13 Pink
G13RRJVB5NE,1384.7126462120007,16,6,10,elo_margin,G13,Boston United 13 Steel
G13MGJVB6NE,1384.0468166848702,6,1,5,elo_margin,G13,MGA 13's White
G13LHVBA2GE,1379.7145690658635,5,0,5,elo_margin,G13,LHVA 13 Black Travel
G13SJVBC3NE,1374.5995593938012,5,0,5,elo_margin,G13,South County 13's Sharks
G13MGJVB5NE,1364.8841232249977,6,0,6,elo_margin,G13,MGA 13's Black
G13VERSE2GE,1360.763079680119,7,0,7,elo_margin,G13,NYC Volley Verse 13 SI
G13NSJVB1NE,1353.2054975130875,23,6,17,elo_margin,G13,NH Seacoast 13 National
G13EYNER2NE,1344.5030240999815,16,3,13,elo_margin,G13,ENVY 13 NOR'EASTER
G13GAJVB2NE,1338.8725856514113,11,3,8,elo_margin,G13,Gators 13 Green
G13VERSE1GE,1336.180297909942,7,0,7,elo_margin,G13,NYC Volley Verse 13 1
G13SURGE4GE,1327.1965350222408,7,0,7,elo_margin,G13,LI Surge 13 3
G13AVVBC2NE,1322.255463391606,18,5,13,elo_margin,G13,Avidity 13 Jade
G13113232XX,1318.826312819996,11,1,10,elo_margin,G13,EliteZ 13 GIRLS CARBON
G13SURGE3GE,1316.3618134893081,7,0,7,elo_margin,G13,LI Surge 13 2
G13TTVBC4NE,1278.260873224182,11,1,10,elo_margin,G13,SLAM 13R Grey
G13RRJVB1NE,97.26214754078846,35,23,12,hybrid_points,G13,Boston United 13 National
G13LFJVB1NE,93.44752978421585,23,22,1,hybrid_points,G13,603 United 13 Seacoast White
G13113231XX,76.77446735032798,29,19,10,hybrid_points,G13,EliteZ 13 GIRLS HP BLACK
G13NEVBC1NE,75.54644240861319,21,17,4,hybrid_points,G13,Northeast 13.1
G13NEVBC2NE,61.19190539183391,20,15,5,hybrid_points,G13,Northeast 13.2
G13CACLI2GE,50.928843258370456,14,12,2,hybrid_points,G13,CALI 13 BLUE
G13CSJVB1NE,50.82007718461469,13,11,2,hybrid_points,G13,CT STARS 13s Lidania
G13TTVBC1NE,50.299147647897954,26,14,12,hybrid_points,G13,SLAM 13P Black
G13CMJVB1NE,48.21219178775833,11,11,0,hybrid_points,G13,CMASS EDGE 13 Blue
G13CMJVB2NE,46.07794755435536,21,11,10,hybrid_points,G13,CMASS EDGE 13 White
G13NYCJR1GE,41.50688552689385,12,10,2,hybrid_points,G13,NYC Juniors 13 National
G13RRJVB3NE,40.819909500253154,16,10,6,hybrid_points,G13,Boston United 13 Select - Gil
G13RRJVB2NE,39.306275086757665,16,10,6,hybrid_points,G13,Boston United 13 Select - Brittany
G13LFJVB2NE,38.79791100597146,17,10,7,hybrid_points,G13,603 United 13 Seacoast Blue
G13TTVBC2NE,36.73696428490296,21,11,10,hybrid_points,G13,SLAM 13P Red
G13FGSVA1FL,34.85949320374669,9,8,1,hybrid_points,G13,Gulfside 13U Prime
G13GRVBC1NE,34.68077070912683,12,8,4,hybrid_points,G13,GVC 13-1
G13MAJVB1NE,33.405306170486355,11,7,4,hybrid_points,G13,Mass Premier 13 1
G13LDNER2NE,30.01724378774746,16,8,8,hybrid_points,G13,Lockdown VBC 13 Sparrows
G13SPAVB1XL,29.69805770779963,18,9,9,hybrid_points,G13,Spa City 13 Aqua
G13HEVBA1NE,29.562293018915717,16,6,10,hybrid_points,G13,HEVBA 13 1
G13NYCJR2GE,28.60916072199609,9,7,2,hybrid_points,G13,NYC Juniors 13 Travel
G13TTVBC3NE,28.50195561605504,11,7,4,hybrid_points,G13,SLAM 13R White
G13APXTC1OV,28.16002464349347,7,6,1,hybrid_points,G13,Apex VBTC 13 Apex Red
G13LIBER1CH,27.617624021250865,8,7,1,hybrid_points,G13,Libero 13 HUSKIES
G13GRVBC2NE,26.94396526086627,14,8,6,hybrid_points,G13,GVC 13-2
G13TTVBC6NE,26.42158975185601,11,7,4,hybrid_points,G13,SLAM 13R Crimson
G13LDNER3NE,26.06509630999188,15,6,9,hybrid_points,G13,Lockdown VBC 13 Robins
G13LCVBC1GE,25.684657379764417,8,6,2,hybrid_points,G13,Legacy 13 National
G13PROVA2GE,25.24979636547527,6,6,0,hybrid_points,G13,Prodigy 13.2 Club
G13HKJVB1NE,24.463218777086574,6,5,1,hybrid_points,G13,Husky 13 Red
G13SJJVB1NE,24.38570407384683,10,5,5,hybrid_points,G13,SMASH 13s
G13ROCKA1GE,24.17491500967174,8,5,3,hybrid_points,G13,RVT 13-1 Surf
G13NYCVA1GE,24.046413445063138,8,6,2,hybrid_points,G13,NYC VBA 13 Tribeca
G13AVVBC1NE,23.06449133412077,16,7,9,hybrid_points,G13,Avidity 13 Ruby
G13RRJVB4NE,22.808005379711837,16,7,9,hybrid_points,G13,Boston United 13 Sapphire
G13LDNER1NE,22.631983190549995,5,5,0,hybrid_points,G13,Lockdown VBC 13 Kiwis
G13MCJVB1NE,22.458001044819966,15,6,9,hybrid_points,G13,Mill City 13's
G13TCJVB1NE,21.34616943458916,15,6,9,hybrid_points,G13,Nova 13 Premier Cas
G13NEVBC3NE,21.10130831764112,16,7,9,hybrid_points,G13,Northeast 13 Blue
G13SJJVB2NE,20.925856217870002,6,5,1,hybrid_points,G13,SMASH 13's Thunder
G13MGJVB3NE,20.352780933843754,10,6,4,hybrid_points,G13,MGA 13's Stars
G13118022XX,19.54147080016011,7,4,3,hybrid_points,G13,NYCLBVC 13U WHITE
G13LHVBA1GE,19.227039042979793,7,5,2,hybrid_points,G13,LHVA 13 Purple Travel
G13LHVBC2NE,18.37212980143122,10,5,5,hybrid_points,G13,LHV Girls 13-2 Novas
G13DSTJN1GE,18.362493546456566,7,5,2,hybrid_points,G13,Downstate (N) 13 Cobras
G13CACLI3GE,14.659048212679176,12,5,7,hybrid_points,G13,CALI 13 Red
G13ROCKA2GE,14.323547343365707,7,4,3,hybrid_points,G13,RVT 13-2 Swim
G13SOSVB1GE,13.806070845,5,3,2,hybrid_points,G13,Sideout 13N Carly
G13SURGE1GE,13.538513005172044,12,5,7,hybrid_points,G13,LI Surge 13 Premier Blue
G131175910XX,13.522337746860718,7,4,3,hybrid_points,G13,Bucaneras AVC 13U
G13LHVBC1NE,13.181105693619063,5,3,2,hybrid_points,G13,LHV Girls 13-1 Wondercatz
G13SURGE2GE,12.912758733124985,14,6,8,hybrid_points,G13,LI Surge 13 Premier White
G13DRVBC1NE,12.525043988913957,6,3,3,hybrid_points,G13,Dragons 13 1 A/V
G13CJJVB1NE,12.002581210448401,11,4,7,hybrid_points,G13,CT Juniors 13 National
G13GAJVB1NE,11.360761061539392,5,3,2,hybrid_points,G13,Gators 13 Black
G13HKJVB2NE,11.133159388512414,5,3,2,hybrid_points,G13,Husky 13 Black
G13CSJVB2NE,10.824813898860109,5,3,2,hybrid_points,G13,CT STARS 13s Gabby
G13BVJVB1NE,10.735771138462088,9,4,5,hybrid_points,G13,Blast 13U Dragons
G13NYCLI1GE,10.443748239382272,8,3,5,hybrid_points,G13,NYCLI 13 Elite
G13EYNER1NE,10.230275745473875,15,4,11,hybrid_points,G13,ENVY 13 HEATWAVE
G13MNJVB1NE,9.54167918870252,6,3,3,hybrid_points,G13,Maine Jrs 13 Silver
G13NYCVA2GE,9.047211943787648,7,3,4,hybrid_points,G13,NYC VBA 13 West Village
G13RRJVB5NE,8.83733923194508,16,6,10,hybrid_points,G13,Boston United 13 Steel
G13AVVBC2NE,8.62099539945938,18,5,13,hybrid_points,G13,Avidity 13 Jade
G13MGJVB4NE,8.111896445080038,10,3,7,hybrid_points,G13,MGA 13's Stripes
G13GGVOL1GE,7.755937267625527,8,3,5,hybrid_points,G13,GG 13 1
G13LCVBC2GE,7.2312056410648795,8,3,5,hybrid_points,G13,Legacy 13 Premier
G13TTVBC5NE,7.168654098801506,11,3,8,hybrid_points,G13,SLAM 13R Silver
G13NSJVB1NE,6.5201057517998695,23,6,17,hybrid_points,G13,NH Seacoast 13 National
G13CACLI1GE,6.4825265365,5,2,3,hybrid_points,G13,CALI 13 Black
G13BEVNY1GE,5.873671416809486,7,2,5,hybrid_points,G13,BEV 13 Empire
G13TRICO1GE,4.416517374173699,8,2,6,hybrid_points,G13,TriCounty ATTACK 13 1
G13PROVA3GE,4.24681095712236,5,1,4,hybrid_points,G13,Prodigy 13.3 Club
G13118021XX,3.9,1,1,0,hybrid_points,G13,NYCLBVC 13U BLUE
G13LEGIO1XL,3.523323242910931,11,2,9,hybrid_points,G13,TeamLVC 13 Black
G13GAJVB2NE,3.5207055554110265,11,3,8,hybrid_points,G13,Gators 13 Green
G13SJVBC1NE,2.933411046557163,5,1,4,hybrid_points,G13,South County 13's Stingrays
G13MAPVB3NE,2.295312368175906,6,2,4,hybrid_points,G13,Mass Power VB 13 Pink
G13CJVBA5GE,1.9639761484190277,7,2,5,hybrid_points,G13,CJVA 13 Ruby
G13ROCKA3GE,1.410372907934668,7,2,5,hybrid_points,G13,RVT 13-3 Sail
G13TRICO2GE,0.9252020730324737,8,2,6,hybrid_points,G13,TriCounty ATTACK 13 2
G13EYNER2NE,0.7166069305182274,16,3,13,hybrid_points,G13,ENVY 13 NOR'EASTER
G13SJVBC2NE,0.44619676502945893,5,1,4,hybrid_points,G13,South County 13's Scorpions
G14LUNAR5GEX,-0.9,1,0,1,hybrid_points,G13,CCC - Hawks 14
G13LEGIO2XL,-1.065975765,4,0,4,hybrid_points,G13,TeamLVC 13 Pink
G13VERSE2GE,-1.8301281621155463,7,0,7,hybrid_points,G13,NYC Volley Verse 13 SI
G13MAJVB2NE,-2.006564499251697,6,1,5,hybrid_points,G13,Mass Premier 13 2
G13113232XX,-3.5714636644735083,11,1,10,hybrid_points,G13,EliteZ 13 GIRLS CARBON
G13MGJVB6NE,-3.607119378581473,6,1,5,hybrid_points,G13,MGA 13's White
G13TTVBC4NE,-4.02857121341498,11,1,10,hybrid_points,G13,SLAM 13R Grey
G13LHVBA2GE,-4.205174116349873,5,0,5,hybrid_points,G13,LHVA 13 Black Travel
G13MGJVB5NE,-6.026535979290599,6,0,6,hybrid_points,G13,MGA 13's Black
G13SJVBC3NE,-6.528292375404944,5,0,5,hybrid_points,G13,South County 13's Sharks
G13VERSE1GE,-7.329231102877232,7,0,7,hybrid_points,G13,NYC Volley Verse 13 1
G13SURGE3GE,-9.010961142232295,7,0,7,hybrid_points,G13,LI Surge 13 2
G13SURGE4GE,-9.685995877189132,7,0,7,hybrid_points,G13,LI Surge 13 3
G13NYCJR1GE,38.02748960266527,12,10,2,massey,G13,NYC Juniors 13 National
G13FGSVA1FL,34.897429968208776,9,8,1,massey,G13,Gulfside 13U Prime
G13APXTC1OV,34.882774820380234,7,6,1,massey,G13,Apex VBTC 13 Apex Red
G13NEVBC1NE,34.354470034069315,21,17,4,massey,G13,Northeast 13.1
G13SOSVB1GE,32.96841157180671,5,3,2,massey,G13,Sideout 13N Carly
G13CSJVB1NE,31.23316006877875,13,11,2,massey,G13,CT STARS 13s Lidania
G13ROCKA1GE,30.916454009569417,8,5,3,massey,G13,RVT 13-1 Surf
G13LIBER1CH,30.29531883593053,8,7,1,massey,G13,Libero 13 HUSKIES
G13SJJVB1NE,29.780133151567192,10,5,5,massey,G13,SMASH 13s
G13NYCJR2GE,25.798232175791306,9,7,2,massey,G13,NYC Juniors 13 Travel
G13GRVBC1NE,25.00935052799676,12,8,4,massey,G13,GVC 13-1
G13LDNER1NE,23.35185367947568,5,5,0,massey,G13,Lockdown VBC 13 Kiwis
G13CMJVB1NE,22.310983707839547,11,11,0,massey,G13,CMASS EDGE 13 Blue
G131175910XX,21.448674107394766,7,4,3,massey,G13,Bucaneras AVC 13U
G13CACLI1GE,20.21559463934721,5,2,3,massey,G13,CALI 13 Black
G13RRJVB1NE,18.350028951335183,35,23,12,massey,G13,Boston United 13 National
G13SJJVB2NE,18.303759199028406,6,5,1,massey,G13,SMASH 13's Thunder
G13SPAVB1XL,18.084924890411582,18,9,9,massey,G13,Spa City 13 Aqua
G13DSTJN1GE,17.452504274900054,7,5,2,massey,G13,Downstate (N) 13 Cobras
G13ROCKA2GE,17.32896802036138,7,4,3,massey,G13,RVT 13-2 Swim
G13HKJVB1NE,17.037282353301123,6,5,1,massey,G13,Husky 13 Red
G13NEVBC2NE,15.24932544759347,20,15,5,massey,G13,Northeast 13.2
G13MCJVB1NE,14.449510341801655,15,6,9,massey,G13,Mill City 13's
G13LFJVB1NE,14.42108077976435,23,22,1,massey,G13,603 United 13 Seacoast White
G13GAJVB1NE,14.19718701366588,5,3,2,massey,G13,Gators 13 Black
G13LCVBC1GE,12.921453501714842,8,6,2,massey,G13,Legacy 13 National
G13NYCLI1GE,12.7157856589406,8,3,5,massey,G13,NYCLI 13 Elite
G13MAJVB1NE,12.487844163336408,11,7,4,massey,G13,Mass Premier 13 1
G13BEVNY1GE,12.154418991809628,7,2,5,massey,G13,BEV 13 Empire
G13CACLI2GE,11.861998308639855,14,12,2,massey,G13,CALI 13 BLUE
G13NYCVA2GE,11.522206822800594,7,3,4,massey,G13,NYC VBA 13 West Village
G13118022XX,10.59022990352256,7,4,3,massey,G13,NYCLBVC 13U WHITE
G13LEGIO1XL,7.794993241149619,11,2,9,massey,G13,TeamLVC 13 Black
G13DRVBC1NE,7.218347640080064,6,3,3,massey,G13,Dragons 13 1 A/V
G13SURGE1GE,6.652087771087341,12,5,7,massey,G13,LI Surge 13 Premier Blue
G13NYCVA1GE,6.08722851108511,8,6,2,massey,G13,NYC VBA 13 Tribeca
G13SJVBC1NE,5.908764877935839,5,1,4,massey,G13,South County 13's Stingrays
G13CACLI3GE,5.683905842562576,12,5,7,massey,G13,CALI 13 Red
G13LHVBA1GE,5.555122952026024,7,5,2,massey,G13,LHVA 13 Purple Travel
G13LHVBC1NE,4.5152020753280855,5,3,2,massey,G13,LHV Girls 13-1 Wondercatz
G13118021XX,3.999999999999986,1,1,0,massey,G13,NYCLBVC 13U BLUE
G13HKJVB2NE,2.9697567496163124,5,3,2,massey,G13,Husky 13 Black
G13TTVBC1NE,2.425901725551011,26,14,12,massey,G13,SLAM 13P Black
G13113231XX,1.9728425907633458,29,19,10,massey,G13,EliteZ 13 GIRLS HP BLACK
G13GRVBC2NE,0.8402968749059567,14,8,6,massey,G13,GVC 13-2
G13LDNER2NE,0.838050450963129,16,8,8,massey,G13,Lockdown VBC 13 Sparrows
G13LCVBC2GE,0.4818547298779947,8,3,5,massey,G13,Legacy 13 Premier
G13HEVBA1NE,-1.0643398503990404,16,6,10,massey,G13,HEVBA 13 1
G13MGJVB3NE,-1.6896774104984225,10,6,4,massey,G13,MGA 13's Stars
G13LFJVB2NE,-2.4039381768540657,17,10,7,massey,G13,603 United 13 Seacoast Blue
G13CJJVB1NE,-2.4675739360798667,11,4,7,massey,G13,CT Juniors 13 National
G13PROVA2GE,-3.278157835177831,6,6,0,massey,G13,Prodigy 13.2 Club
G13AVVBC1NE,-3.3660143249357795,16,7,9,massey,G13,Avidity 13 Ruby
G13CSJVB2NE,-3.410045900679062,5,3,2,massey,G13,CT STARS 13s Gabby
G13SURGE2GE,-3.622716802884908,14,6,8,massey,G13,LI Surge 13 Premier White
G13RRJVB2NE,-3.651788945512802,16,10,6,massey,G13,Boston United 13 Select - Brittany
G14LUNAR5GEX,-4.000000000000025,1,0,1,massey,G13,CCC - Hawks 14
G13CMJVB2NE,-5.211346105138547,21,11,10,massey,G13,CMASS EDGE 13 White
G13TRICO1GE,-5.606510564668599,8,2,6,massey,G13,TriCounty ATTACK 13 1
G13LHVBC2NE,-5.96398942949874,10,5,5,massey,G13,LHV Girls 13-2 Novas
G13TTVBC2NE,-6.129367954687872,21,11,10,massey,G13,SLAM 13P Red
G13ROCKA3GE,-6.24353278603247,7,2,5,massey,G13,RVT 13-3 Sail
G13MGJVB4NE,-7.237625968472475,10,3,7,massey,G13,MGA 13's Stripes
G13GGVOL1GE,-7.521544942471928,8,3,5,massey,G13,GG 13 1
G13VERSE2GE,-7.6655941481113,7,0,7,massey,G13,NYC Volley Verse 13 SI
G13RRJVB3NE,-7.744032401003029,16,10,6,massey,G13,Boston United 13 Select - Gil
G13BVJVB1NE,-8.674903723781707,9,4,5,massey,G13,Blast 13U Dragons
G13MNJVB1NE,-9.249535721722404,6,3,3,massey,G13,Maine Jrs 13 Silver
G13TRICO2GE,-9.850217684766974,8,2,6,massey,G13,TriCounty ATTACK 13 2
G13NSJVB1NE,-10.450053369120091,23,6,17,massey,G13,NH Seacoast 13 National
G13TTVBC3NE,-11.267392145284894,11,7,4,massey,G13,SLAM 13R White
G13CJVBA5GE,-11.826653559182539,7,2,5,massey,G13,CJVA 13 Ruby
G13LDNER3NE,-12.30442521416667,15,6,9,massey,G13,Lockdown VBC 13 Robins
G13NEVBC3NE,-13.108685735401952,16,7,9,massey,G13,Northeast 13 Blue
G13TCJVB1NE,-13.234972230628271,15,6,9,massey,G13,Nova 13 Premier Cas
G13EYNER1NE,-13.996031382164418,15,4,11,massey,G13,ENVY 13 HEATWAVE
G13TTVBC6NE,-14.372361452769312,11,7,4,massey,G13,SLAM 13R Crimson
G13VERSE1GE,-15.822199838461275,7,0,7,massey,G13,NYC Volley Verse 13 1
G13LEGIO2XL,-15.94228369889764,4,0,4,massey,G13,TeamLVC 13 Pink
G13RRJVB4NE,-17.07726118260957,16,7,9,massey,G13,Boston United 13 Sapphire
G13SURGE4GE,-20.27969113990764,7,0,7,massey,G13,LI Surge 13 3
G13AVVBC2NE,-20.36417577777852,18,5,13,massey,G13,Avidity 13 Jade
G13SURGE3GE,-20.77843197773581,7,0,7,massey,G13,LI Surge 13 2
G13EYNER2NE,-22.281371556532164,16,3,13,massey,G13,ENVY 13 NOR'EASTER
G13SJVBC2NE,-22.6747843997192,5,1,4,massey,G13,South County 13's Scorpions
G13MAJVB2NE,-23.079041703130425,6,1,5,massey,G13,Mass Premier 13 2
G13PROVA3GE,-26.847811203642255,5,1,4,massey,G13,Prodigy 13.3 Club
G13LHVBA2GE,-27.490754852843832,5,0,5,massey,G13,LHVA 13 Black Travel
G13RRJVB5NE,-28.476681627431482,16,6,10,massey,G13,Boston United 13 Steel
G13GAJVB2NE,-28.487881410091543,11,3,8,massey,G13,Gators 13 Green
G13TTVBC5NE,-29.749757696932868,11,3,8,massey,G13,SLAM 13R Silver
G13MGJVB5NE,-31.86562259513576,6,0,6,massey,G13,MGA 13's Black
G13SJVBC3NE,-33.7419528487875,5,0,5,massey,G13,South County 13's Sharks
G13113232XX,-34.403332319188166,11,1,10,massey,G13,EliteZ 13 GIRLS CARBON
G13MAPVB3NE,-35.64949453971166,6,2,4,massey,G13,Mass Power VB 13 Pink
G13MGJVB6NE,-37.925776997957406,6,1,5,massey,G13,MGA 13's White
G13TTVBC4NE,-38.01185848809126,11,1,10,massey,G13,SLAM 13R Grey
G13NYCJR2GE,35.875659836524214,9,7,2,massey_recent,G13,NYC Juniors 13 Travel
G13CSJVB1NE,34.78199466338909,13,11,2,massey_recent,G13,CT STARS 13s Lidania
G13NEVBC1NE,34.64496052083261,21,17,4,massey_recent,G13,Northeast 13.1
G13SJJVB1NE,31.333308860447048,10,5,5,massey_recent,G13,SMASH 13s
G13GAJVB1NE,29.794318437199664,5,3,2,massey_recent,G13,Gators 13 Black
G13CMJVB1NE,29.785317958584017,11,11,0,massey_recent,G13,CMASS EDGE 13 Blue
G13FGSVA1FL,29.192228717831014,9,8,1,massey_recent,G13,Gulfside 13U Prime
G13NYCJR1GE,28.647747483569994,12,10,2,massey_recent,G13,NYC Juniors 13 National
G13APXTC1OV,25.260772533948355,7,6,1,massey_recent,G13,Apex VBTC 13 Apex Red
G13GRVBC1NE,24.915932454041663,12,8,4,massey_recent,G13,GVC 13-1
G13ROCKA1GE,23.072546179970477,8,5,3,massey_recent,G13,RVT 13-1 Surf
G13LFJVB1NE,21.608422393789528,23,22,1,massey_recent,G13,603 United 13 Seacoast White
G13RRJVB1NE,19.813489221017313,35,23,12,massey_recent,G13,Boston United 13 National
G13HKJVB1NE,19.50764013471564,6,5,1,massey_recent,G13,Husky 13 Red
G13MCJVB1NE,19.4953308396766,15,6,9,massey_recent,G13,Mill City 13's
G13NEVBC2NE,19.270423470475617,20,15,5,massey_recent,G13,Northeast 13.2
G131175910XX,17.639748586667835,7,4,3,massey_recent,G13,Bucaneras AVC 13U
G13LCVBC1GE,15.87895071877895,8,6,2,massey_recent,G13,Legacy 13 National
G13LIBER1CH,15.763091345179712,8,7,1,massey_recent,G13,Libero 13 HUSKIES
G13ROCKA2GE,15.599101912240906,7,4,3,massey_recent,G13,RVT 13-2 Swim
G13SJVBC1NE,15.505425718759398,5,1,4,massey_recent,G13,South County 13's Stingrays
G13NYCVA1GE,15.309665664435839,8,6,2,massey_recent,G13,NYC VBA 13 Tribeca
G13NYCVA2GE,15.28477979318426,7,3,4,massey_recent,G13,NYC VBA 13 West Village
G13MAJVB1NE,13.919646267952086,11,7,4,massey_recent,G13,Mass Premier 13 1
G13PROVA2GE,13.26061519711327,6,6,0,massey_recent,G13,Prodigy 13.2 Club
G13CACLI2GE,12.016864234815824,14,12,2,massey_recent,G13,CALI 13 BLUE
G13LHVBC1NE,11.77080007402204,5,3,2,massey_recent,G13,LHV Girls 13-1 Wondercatz
G13RRJVB2NE,9.807094264123212,16,10,6,massey_recent,G13,Boston United 13 Select - Brittany
G13BEVNY1GE,9.189328097700459,7,2,5,massey_recent,G13,BEV 13 Empire
G13SPAVB1XL,8.869598656143838,18,9,9,massey_recent,G13,Spa City 13 Aqua
G13LEGIO1XL,8.755000108651272,11,2,9,massey_recent,G13,TeamLVC 13 Black
G13DSTJN1GE,8.515127404490157,7,5,2,massey_recent,G13,Downstate (N) 13 Cobras
G13LHVBA1GE,7.361178173269144,7,5,2,massey_recent,G13,LHVA 13 Purple Travel
G13DRVBC1NE,6.958910266651468,6,3,3,massey_recent,G13,Dragons 13 1 A/V
G13LHVBC2NE,6.867913732490543,10,5,5,massey_recent,G13,LHV Girls 13-2 Novas
G13TTVBC1NE,6.147150974567847,26,14,12,massey_recent,G13,SLAM 13P Black
G13CMJVB2NE,5.750635235382988,21,11,10,massey_recent,G13,CMASS EDGE 13 White
G13LDNER2NE,5.323476880662687,16,8,8,massey_recent,G13,Lockdown VBC 13 Sparrows
G13AVVBC1NE,5.272628510930092,16,7,9,massey_recent,G13,Avidity 13 Ruby
G13GGVOL1GE,5.042982788211817,8,3,5,massey_recent,G13,GG 13 1
G13HKJVB2NE,4.690636357075844,5,3,2,massey_recent,G13,Husky 13 Black
G13118021XX,3.9999999910573787,1,1,0,massey_recent,G13,NYCLBVC 13U BLUE
G13MGJVB3NE,1.6316048550844422,10,6,4,massey_recent,G13,MGA 13's Stars
G13113231XX,0.9299488476386957,29,19,10,massey_recent,G13,EliteZ 13 GIRLS HP BLACK
G13CACLI1GE,1.2489798706383226e-06,5,2,3,massey_recent,G13,CALI 13 Black
G13SJJVB2NE,1.7693550624642285e-08,6,5,1,massey_recent,G13,SMASH 13's Thunder
G13LEGIO2XL,1.4687895344422941e-08,4,0,4,massey_recent,G13,TeamLVC 13 Pink
G13LDNER1NE,-5.693798210693046e-08,5,5,0,massey_recent,G13,Lockdown VBC 13 Kiwis
G13SOSVB1GE,-3.351384750160946e-06,5,3,2,massey_recent,G13,Sideout 13N Carly
G13HEVBA1NE,-0.9753808174178538,16,6,10,massey_recent,G13,HEVBA 13 1
G13118022XX,-1.2852261844591284,7,4,3,massey_recent,G13,NYCLBVC 13U WHITE
G13RRJVB3NE,-1.4245872177601635,16,10,6,massey_recent,G13,Boston United 13 Select - Gil
G13MGJVB4NE,-1.8261721747931805,10,3,7,massey_recent,G13,MGA 13's Stripes
G13TRICO1GE,-1.8622512363066515,8,2,6,massey_recent,G13,TriCounty ATTACK 13 1
G13SURGE2GE,-2.2706446750180875,14,6,8,massey_recent,G13,LI Surge 13 Premier White
G13LCVBC2GE,-3.935951160269038,8,3,5,massey_recent,G13,Legacy 13 Premier
G14LUNAR5GEX,-4.000000008942621,1,0,1,massey_recent,G13,CCC - Hawks 14
G13NYCLI1GE,-4.078043917488536,8,3,5,massey_recent,G13,NYCLI 13 Elite
G13CSJVB2NE,-4.8174872761562355,5,3,2,massey_recent,G13,CT STARS 13s Gabby
G13VERSE2GE,-5.047507692760712,7,0,7,massey_recent,G13,NYC Volley Verse 13 SI
G13LFJVB2NE,-5.068174213087429,17,10,7,massey_recent,G13,603 United 13 Seacoast Blue
G13TTVBC2NE,-5.567854841088701,21,11,10,massey_recent,G13,SLAM 13P Red
G13SURGE1GE,-6.575229301465637,12,5,7,massey_recent,G13,LI Surge 13 Premier Blue
G13CJJVB1NE,-7.0383951255395125,11,4,7,massey_recent,G13,CT Juniors 13 National
G13GRVBC2NE,-7.209334488975241,14,8,6,massey_recent,G13,GVC 13-2
G13TCJVB1NE,-7.53525925962915,15,6,9,massey_recent,G13,Nova 13 Premier Cas
G13RRJVB4NE,-9.152954060115244,16,7,9,massey_recent,G13,Boston United 13 Sapphire
G13SJVBC2NE,-9.386253790642916,5,1,4,massey_recent,G13,South County 13's Scorpions
G13MNJVB1NE,-9.828216942749604,6,3,3,massey_recent,G13,Maine Jrs 13 Silver
G13EYNER2NE,-11.594235482370987,16,3,13,massey_recent,G13,ENVY 13 NOR'EASTER
G13LDNER3NE,-11.775236136982233,15,6,9,massey_recent,G13,Lockdown VBC 13 Robins
G13BVJVB1NE,-12.038342719894807,9,4,5,massey_recent,G13,Blast 13U Dragons
G13EYNER1NE,-12.41261014911981,15,4,11,massey_recent,G13,ENVY 13 HEATWAVE
G13NEVBC3NE,-12.463307012227101,16,7,9,massey_recent,G13,Northeast 13 Blue
G13NSJVB1NE,-12.624218904180994,23,6,17,massey_recent,G13,NH Seacoast 13 National
G13CACLI3GE,-13.216636351246871,12,5,7,massey_recent,G13,CALI 13 Red
G13LHVBA2GE,-13.263410333438287,5,0,5,massey_recent,G13,LHVA 13 Black Travel
G13TRICO2GE,-14.732037149096362,8,2,6,massey_recent,G13,TriCounty ATTACK 13 2
G13RRJVB5NE,-17.79360295754198,16,6,10,massey_recent,G13,Boston United 13 Steel
G13VERSE1GE,-17.92432024734789,7,0,7,massey_recent,G13,NYC Volley Verse 13 1
G13TTVBC3NE,-18.76576110094542,11,7,4,massey_recent,G13,SLAM 13R White
G13CJVBA5GE,-18.795196629595786,7,2,5,massey_recent,G13,CJVA 13 Ruby
G13AVVBC2NE,-19.001361938381482,18,5,13,massey_recent,G13,Avidity 13 Jade
G13ROCKA3GE,-20.006586351150734,7,2,5,massey_recent,G13,RVT 13-3 Sail
G13TTVBC6NE,-20.2206361198498,11,7,4,massey_recent,G13,SLAM 13R Crimson
G13MAJVB2NE,-20.317099732185362,6,1,5,massey_recent,G13,Mass Premier 13 2
G13PROVA3GE,-20.720214811978963,5,1,4,massey_recent,G13,Prodigy 13.3 Club
G13TTVBC5NE,-21.48808577298059,11,3,8,massey_recent,G13,SLAM 13R Silver
G13MGJVB5NE,-24.133231579110145,6,0,6,massey_recent,G13,MGA 13's Black
G13TTVBC4NE,-27.59693923494259,11,1,10,massey_recent,G13,SLAM 13R Grey
G13SJVBC3NE,-28.920360062048363,5,0,5,massey_recent,G13,South County 13's Sharks
G13GAJVB2NE,-29.43385766921056,11,3,8,massey_recent,G13,Gators 13 Green
G13MAPVB3NE,-31.33158534767792,6,2,4,massey_recent,G13,Mass Power VB 13 Pink
G13113232XX,-33.69823379938277,11,1,10,massey_recent,G13,EliteZ 13 GIRLS CARBON
G13SURGE4GE,-34.60330400287928,7,0,7,massey_recent,G13,LI Surge 13 3
G13SURGE3GE,-35.70371684240692,7,0,7,massey_recent,G13,LI Surge 13 2
G13MGJVB6NE,-40.60294341349349,6,1,5,massey_recent,G13,MGA 13's White
G14TTVBC1NE,1649.6745183366927,26,21,5,elo_baseline,G14,SLAM 14P Black
G14NEVBC1NE,1629.5255185437736,20,17,3,elo_baseline,G14,Northeast 14.1
G14LFJVB2NE,1625.0250713674031,20,16,4,elo_baseline,G14,603 United 14 Seacoast White
G14MNJVB1NE,1622.6536121897966,12,12,0,elo_baseline,G14,Maine Jrs 14-Gold
G14NEVBC2NE,1620.891985814112,17,15,2,elo_baseline,G14,Northeast 14.2
G14LDNER1NE,1617.7216479280987,11,11,0,elo_baseline,G14,Lockdown VBC 14 Mockingjays
G14LDNER2NE,1610.7117643749566,14,12,2,elo_baseline,G14,Lockdown VBC 14 Orioles
G14IGVBC1NE,1600.5030908487688,18,14,4,elo_baseline,G14,Ignite 14 Black
G14HRJVB1NE,1597.0345237035065,9,9,0,elo_baseline,G14,HardRock 14
G14MOMET2FL,1593.8951113233902,10,9,1,elo_baseline,G14,Momentum 14 Neon
G14LFJVB4NE,1593.1634402172076,16,13,3,elo_baseline,G14,603 United 14 Central Blue
G14NYCJR1GE,1591.4094448849094,13,11,2,elo_baseline,G14,NYC Juniors 14 National
G14FGSVA1FL,1582.0737765604138,9,8,1,elo_baseline,G14,Gulfside 14U Prime
G14ROCKA3GE,1577.76434149427,9,8,1,elo_baseline,G14,RVT 14-3 Sail
G14MGJVB4NE,1577.394097399279,11,9,2,elo_baseline,G14,MGA 14's Red
G14ROCKA1GE,1568.068696882283,8,7,1,elo_baseline,G14,RVT 14-1 Surf
G14PVJVB4NE,1567.109854533976,9,8,1,elo_baseline,G14,PV 14 Select North
G14LFJVB3NE,1564.7813949478389,16,11,5,elo_baseline,G14,603 United 14 Seacoast Blue
G14FGSVA2FL,1560.4437119617946,9,7,2,elo_baseline,G14,Gulfside 14U Select
G14117971XX,1556.5078662769358,7,6,1,elo_baseline,G14,14U BPR 14 1
G14NYCJR3GE,1555.9766766082575,7,6,1,elo_baseline,G14,NYC Juniors 14 Orange
G14MXVBC1NE,1555.114026232385,14,10,4,elo_baseline,G14,Max Performance 14 Jaz
G14MCJVB1NE,1553.9676507283298,14,10,4,elo_baseline,G14,Mill City 14's
G14119131XX,1552.3895778200724,12,9,3,elo_baseline,G14,Millbury Storm 14
G14NEVBC3NE,1551.8839538780683,24,15,9,elo_baseline,G14,Northeast 14 Blue
G14MAJVB3NE,1551.2776205484236,15,10,5,elo_baseline,G14,Mass Premier 14 2 Blue
G14GAJVB2NE,1547.6356524118385,6,5,1,elo_baseline,G14,Gators 14 Green
G14CMJVB2NE,1547.132162016503,10,7,3,elo_baseline,G14,CMASS EDGE 14 Blue
G14GRVBC2NE,1546.2484545096236,12,8,4,elo_baseline,G14,GVC 14-Blue
G14LDNER3NE,1544.546647874095,16,10,6,elo_baseline,G14,Lockdown VBC 14 Herons
G14MGJVB2NE,1544.0278335649264,10,7,3,elo_baseline,G14,MGA 14's Silver
G14EYNER1NE,1543.947369333835,22,13,9,elo_baseline,G14,ENVY 14 SANDSTORM
G14DDVBC4NE,1543.7395402547338,30,17,13,elo_baseline,G14,Dig Deep 14 Stars
G14APXTC1OV,1543.69271804565,8,6,2,elo_baseline,G14,Apex VBTC 14 Apex Red
G14ROCKA2GE,1543.4408566641125,8,6,2,elo_baseline,G14,RVT 14-2 Swim
G14SOSVB1GE,1543.288353374896,6,5,1,elo_baseline,G14,Sideout 14N Jeff
G14GRVBC1NE,1542.920685454339,8,6,2,elo_baseline,G14,GVC 14-Black
G14HKJVB1NE,1541.0195610178255,10,7,3,elo_baseline,G14,Husky 14 National
G14MGJVB1NE,1540.3683012439712,10,7,3,elo_baseline,G14,MGA 14's Gold
G14MGJVB6NE,1537.8597901047467,10,7,3,elo_baseline,G14,MGA 14's Stripes
G14RRJVB1NE,1535.0576840885478,25,14,11,elo_baseline,G14,Boston United 14 National
G14GAJVB1NE,1534.7942476096982,5,4,1,elo_baseline,G14,Gators 14 Black
G14SJJVB2NE,1534.3183951486083,5,4,1,elo_baseline,G14,SMASH 14s Fire
G14GREEN1GE,1533.6648583393055,7,5,2,elo_baseline,G14,Asphalt Green VBC 14-Green
G14LHVBA1GE,1532.4650968335736,7,5,2,elo_baseline,G14,LHVA 14 Purple National
G14SJVBC4NE,1527.6348736885682,5,4,1,elo_baseline,G14,South County 14-Black
G14MAJVB2NE,1525.5278548523288,10,6,4,elo_baseline,G14,Mass Premier 14 1 White
G14HKJVB2NE,1523.1088890606552,8,5,3,elo_baseline,G14,Husky 14 Northeast
G14RRJVB6NE,1522.3427723383477,15,9,6,elo_baseline,G14,Boston United 14 Steel
G14MNJVB2NE,1522.2361483449677,6,4,2,elo_baseline,G14,Maine Jrs 14-Silver
G14LHVBC3NE,1521.8392319126667,10,6,4,elo_baseline,G14,LHV Girls 14-3 Firestorm
G14LHVBC4NE,1520.8536746043021,10,6,4,elo_baseline,G14,LHV Girls 14-4 Triumph
G14MNJVB3NE,1520.4049216109295,6,4,2,elo_baseline,G14,Maine Jrs 14-Bronze
G14MCJVB2NE,1519.9032518505549,16,9,7,elo_baseline,G14,Mill City 14 Orange
G14SPAVB2XL,1517.0260336361418,5,3,2,elo_baseline,G14,Spa City 14 Coral
G14SJJVB1NE,1516.7390233834944,11,6,5,elo_baseline,G14,SMASH 14s
G14118021XX,1514.4248010270078,7,4,3,elo_baseline,G14,NYCLBVC 14U BLUE
G14CMJVB3NE,1514.2899349698582,13,7,6,elo_baseline,G14,CMASS EDGE 14 White
G14CSJVB2NE,1514.221949976717,5,3,2,elo_baseline,G14,CT STARS 14s Chuk
G14CSJVB1NE,1514.1300067395557,5,3,2,elo_baseline,G14,CT STARS 14s Victoria
G14NYCJR2GE,1513.3668303911093,7,4,3,elo_baseline,G14,NYC Juniors 14 Blue
G14TRICO2GE,1513.2132446332164,9,5,4,elo_baseline,G14,TriCounty ATTACK 14 2
G14113231XX,1513.1786314648687,24,12,12,elo_baseline,G14,EliteZ 14 GIRLS HP BLACK
G14TCJAG1XL,1512.8062010283834,5,3,2,elo_baseline,G14,Jaguars 14u Black
G14LUNAR5GEX,1512.7200680073172,7,4,3,elo_baseline,G14,CCC - Hawks 14
G14MAJVB4NE,1512.631817183985,22,13,9,elo_baseline,G14,Mass Premier 14 2 White
G14ATLAN2GE,1512.4618345460044,7,4,3,elo_baseline,G14,AVA 14 Premier 1
G14SJVBC3NE,1512.393131989985,5,3,2,elo_baseline,G14,South County 14-White
G14LHVBC2NE,1511.6546752175916,5,3,2,elo_baseline,G14,LHV Girls 14-2 Blast
G14TTVBC3NE,1511.4346047455529,11,6,5,elo_baseline,G14,SLAM 14R White
G14LFJVB1NE,1511.1914563996993,19,9,10,elo_baseline,G14,603 United 14 Seacoast Black
G14RENAS1KE,1511.0040762019357,7,4,3,elo_baseline,G14,Renaissance 14 Black
G14SJVBC2NE,1509.1611067214706,5,3,2,elo_baseline,G14,South County 14-Gold
G14MAJVB5NE,1504.4944897948203,21,10,11,elo_baseline,G14,Mass Premier 14 2 Gold
G14SURGE1GE,1504.334699971612,13,7,6,elo_baseline,G14,LI Surge 14 Premier Blue
G14NYCJR5GE,1504.3193509979305,8,4,4,elo_baseline,G14,NYC Juniors 14 Brooklyn
G14NEVBC4NE,1503.324124761259,24,13,11,elo_baseline,G14,Northeast 14 Orange
G14SRVBC1NE,1503.0243567669938,10,5,5,elo_baseline,G14,SURGE 14 BLUE
G14HKJVB3NE,1502.7954699918494,8,4,4,elo_baseline,G14,Husky 14 New England Red
G14CACLI4GE,1498.0983873061443,6,3,3,elo_baseline,G14,CALI 14 Gold North
G14OCEAN1GE,1497.7916354309916,8,4,4,elo_baseline,G14,Ocean Volleyball 14 National
G14SJVBC1NE,1495.5033433314186,5,2,3,elo_baseline,G14,South County 14-Blue
G14LEGIO2XL,1495.2080918237227,14,7,7,elo_baseline,G14,TeamLVC 14 Pink
G14RRJVB3NE,1495.061480810021,16,8,8,elo_baseline,G14,Boston United 14 Select - Aria
G14AVVBC1NE,1494.332685287886,20,9,11,elo_baseline,G14,Avidity 14 Ruby
G14118022XX,1494.1434268676744,7,3,4,elo_baseline,G14,NYCLBVC 14U WHITE
G14NETHG1XL,1490.3180630474292,5,2,3,elo_baseline,G14,NET 14 Force
G14NYCIV1GE,1489.874301945944,7,3,4,elo_baseline,G14,NYC Impact 14U Black
G14BVJVB2NE,1489.7008827777304,15,7,8,elo_baseline,G14,Blast 14U Raptors
G14LHVBA2GE,1489.5884239574764,5,2,3,elo_baseline,G14,LHVA 14 Black Travel
G14TRICO1GE,1489.3199931215531,5,2,3,elo_baseline,G14,TriCounty ATTACK 14 1
G14HKJVB4NE,1489.2372211471654,3,1,2,elo_baseline,G14,Husky 14 New England Black
G14NYCLI1GE,1488.9909721428435,7,3,4,elo_baseline,G14,NYCLI 14 Elite
G14HRJVB2NE,1488.8141921502765,12,6,6,elo_baseline,G14,HardRock 13/14
G14CACLI1GE,1488.7867589795592,5,2,3,elo_baseline,G14,CALI 14 Black
G14NYCVA2GE,1488.744544547807,7,3,4,elo_baseline,G14,NYC VBA 14 Noho
G14RRJVB4NE,1488.5783838719035,16,8,8,elo_baseline,G14,Boston United 14 Select - Mollie
G14PVJVB3NE,1488.5300670486415,9,4,5,elo_baseline,G14,PV 14 Pink Panthers
G14PROVA4GE,1488.1397770404908,9,4,5,elo_baseline,G14,Prodigy 14.4 Club
G14BEVNY3GE,1488.0522779127016,7,3,4,elo_baseline,G14,BEV 14 Skyline
G14LCVBC1GE,1487.9267507468749,7,3,4,elo_baseline,G14,Legacy 14 National
G14LCVBC2GE,1486.5461294217416,7,3,4,elo_baseline,G14,Legacy 14 Premier Natalie
G14VVVBC1NE,1486.100480522086,5,2,3,elo_baseline,G14,Vibe Girls 14u Joey
G14CSJVB3NE,1486.0966360746793,5,2,3,elo_baseline,G14,CT STARS 14s Alex
G14BVJVB1NE,1485.6768706672817,21,10,11,elo_baseline,G14,Blast 14U Jungle Cats
G14119491XX,1484.9491539494106,5,2,3,elo_baseline,G14,Vale 14 1
G14113232XX,1482.2828614543969,11,5,6,elo_baseline,G14,EliteZ 14 GIRLS CARBON
G14GAJVB3NE,1481.8739403368893,10,4,6,elo_baseline,G14,Gators 14 White
G14SPAVB1XL,1481.8326689793214,19,8,11,elo_baseline,G14,Spa City 14 Aqua
G14NYCVA1GE,1481.724546219292,8,3,5,elo_baseline,G14,NYC VBA 14 Chelsea
G14CJVBA6GE,1480.2343903917156,8,3,5,elo_baseline,G14,CJVA 14 Ruby
G14MAJVB1NE,1479.1903362647656,8,3,5,elo_baseline,G14,Mass Premier 14 1 Blue
G14LEGIO1XL,1479.060904504469,17,7,10,elo_baseline,G14,TeamLVC 14 Black
G14DIGSV2GE,1478.9795897802346,8,3,5,elo_baseline,G14,Digs 14 WHITE
G14VERSE2GE,1476.8268617369733,6,2,4,elo_baseline,G14,NYC Volley Verse 14 Navy
G14RRJVB5NE,1476.7906129114554,15,7,8,elo_baseline,G14,Boston United 14 Sapphire
G14TCJVB1NE,1475.3917535856237,4,1,3,elo_baseline,G14,Nova 14 Premier Brody/Brennan
G14CJVBA5GE,1473.4396297488759,8,3,5,elo_baseline,G14,CJVA 14 Red
G14RRJVB2NE,1469.7593234288654,21,9,12,elo_baseline,G14,Boston United 14 Northeast
G14TCJVB2NE,1467.9272043448912,11,4,7,elo_baseline,G14,Nova 14 Select Gracie
G14CACLI5GE,1466.4520800649316,7,2,5,elo_baseline,G14,CALI 14 Gold
G14DRVBC1NE,1466.112726727471,5,1,4,elo_baseline,G14,Dragons 14 Cleber
G14SURGE2GE,1465.7317566204745,11,4,7,elo_baseline,G14,LI Surge 14 Premier White
G14TTVBC4NE,1465.2970435821708,11,4,7,elo_baseline,G14,SLAM 14R Grey
G14BEVNY1GE,1463.979735326558,7,2,5,elo_baseline,G14,BEV 14 Empire
G14113233XX,1463.1923275150953,11,4,7,elo_baseline,G14,EliteZ 14 GIRLS SILVER
G14AVVBC2NE,1461.5651960306952,16,6,10,elo_baseline,G14,Avidity 14 Jade
G14MGJVB5NE,1459.094288039608,11,3,8,elo_baseline,G14,MGA 14's Stars
G14VERSE1GE,1458.7255786249964,8,2,6,elo_baseline,G14,NYC Volley Verse 14 Gold
G14MCJVB3NE,1456.558393402621,6,1,5,elo_baseline,G14,Mill City 14 Blue
G14MGJVB19NE,1455.5565918535215,4,0,4,elo_baseline,G14,MGA 14's Eagles
G14BEVNY2GE,1454.1013112349917,6,1,5,elo_baseline,G14,BEV 14 Elite
G14SPAVB3XL,1453.3422339937858,4,0,4,elo_baseline,G14,Spa City 14 Navy
G14TTVBC2NE,1452.1945467208257,21,8,13,elo_baseline,G14,SLAM 14P Red
G14MAPVB3NE,1448.924028704809,11,3,8,elo_baseline,G14,Mass Power VB 14 Pink
G14SURGE4GE,1447.3862771530135,7,1,6,elo_baseline,G14,LI Surge 14 2 North
G14IGVBC2NE,1447.112970063806,15,5,10,elo_baseline,G14,Ignite 14 Red
G14RRJVB7NE,1446.9654747352035,17,6,11,elo_baseline,G14,Boston United 14 Titanium
G14GREEN2GE,1444.6885825714055,7,1,6,elo_baseline,G14,Asphalt Green VBC 14-White
G14SSVBC1NE,1444.1473947585528,10,2,8,elo_baseline,G14,SSVBC 14 1
G14TTVBC5NE,1442.7083329302238,12,3,9,elo_baseline,G14,SLAM 14R Silver
G14112721XX,1442.5796708993175,25,9,16,elo_baseline,G14,X2 Volleyball 14 1
G14CACLI6GE,1442.0677580422066,7,1,6,elo_baseline,G14,CALI 14 Gold South
G14DIGSV1GE,1441.3840359975807,7,1,6,elo_baseline,G14,Digs 14 RED
G14TUSVA1GE,1441.3779599027,5,0,5,elo_baseline,G14,Train Up VB 14 1
G14CJJVB1NE,1437.493763664847,10,2,8,elo_baseline,G14,CT Juniors 14 National
G14TTVBC6NE,1437.409265992888,10,2,8,elo_baseline,G14,SLAM 14R Crimson
G14MGJVB7NE,1435.4596957292415,6,0,6,elo_baseline,G14,MGA 14's Black
G14PROVA3GE,1434.367049245923,8,1,7,elo_baseline,G14,Prodigy 14.3 Club
G14MGJVB20NE,1431.243195994658,6,0,6,elo_baseline,G14,MGA 14's Lions
G14CMJVB1NE,1430.7245353109993,11,2,9,elo_baseline,G14,CMASS EDGE 14 Black
G14MIVBC2NE,1429.0557025898156,15,4,11,elo_baseline,G14,Mass Impact 14 Lara
G14EYNER2NE,1428.5386453500269,15,4,11,elo_baseline,G14,ENVY 14 THUNDER
G14NSJVB1NE,1425.8888941877942,21,6,15,elo_baseline,G14,NH Seacoast 14 Premier
G14BEVNY4GE,1420.7222032651864,7,0,7,elo_baseline,G14,BEV 14 High Rise
G14SURGE3GE,1419.339509030484,7,0,7,elo_baseline,G14,LI Surge 14 2 South
G14119501XX,1411.9963013516046,8,0,8,elo_baseline,G14,Traprock 14 1
G14AVVBC3NE,1405.939693720008,16,3,13,elo_baseline,G14,Avidity 14 Emerald
G14TTVBC8NE,1399.5278584179205,11,1,10,elo_baseline,G14,SLAM 14R Platinum
G14EYNER3NE,1391.414359813065,15,2,13,elo_baseline,G14,ENVY 14 GEOSTORM
G14DRVBC2NE,1390.74117088838,10,0,10,elo_baseline,G14,Dragons 14 Gabby
G14MIVBC1NE,1386.3669187497014,16,2,14,elo_baseline,G14,Mass Impact 14 Sam
G14TTVBC7NE,1385.4365058007584,11,0,11,elo_baseline,G14,SLAM 14R Cobalt
G14117755XX,1383.8336585114232,20,5,15,elo_baseline,G14,ValleyVBC White
G14SUCES1GE,1382.504499162032,12,0,12,elo_baseline,G14,SA 14 1
G14TTVBC1NE,1764.9845210102364,26,21,5,elo_margin,G14,SLAM 14P Black
G14LDNER1NE,1752.6944745437836,11,11,0,elo_margin,G14,Lockdown VBC 14 Mockingjays
G14MNJVB1NE,1749.1895502129448,12,12,0,elo_margin,G14,Maine Jrs 14-Gold
G14LFJVB2NE,1748.2035503900047,20,16,4,elo_margin,G14,603 United 14 Seacoast White
G14NEVBC2NE,1739.2144794296778,17,15,2,elo_margin,G14,Northeast 14.2
G14NEVBC1NE,1724.9326908876037,20,17,3,elo_margin,G14,Northeast 14.1
G14LDNER2NE,1700.9710507079021,14,12,2,elo_margin,G14,Lockdown VBC 14 Orioles
G14FGSVA1FL,1696.8843948173576,9,8,1,elo_margin,G14,Gulfside 14U Prime
G14MOMET2FL,1690.4147823192811,10,9,1,elo_margin,G14,Momentum 14 Neon
G14HRJVB1NE,1689.2272638845363,9,9,0,elo_margin,G14,HardRock 14
G14IGVBC1NE,1685.7941772596241,18,14,4,elo_margin,G14,Ignite 14 Black
G14MGJVB4NE,1676.8623311585293,11,9,2,elo_margin,G14,MGA 14's Red
G14LFJVB4NE,1674.4040652873723,16,13,3,elo_margin,G14,603 United 14 Central Blue
G14NYCJR1GE,1672.6142840176244,13,11,2,elo_margin,G14,NYC Juniors 14 National
G14ROCKA1GE,1657.9297155045952,8,7,1,elo_margin,G14,RVT 14-1 Surf
G14ROCKA3GE,1655.9463919960872,9,8,1,elo_margin,G14,RVT 14-3 Sail
G14NEVBC3NE,1645.2343593266585,24,15,9,elo_margin,G14,Northeast 14 Blue
G14FGSVA2FL,1641.7598601346165,9,7,2,elo_margin,G14,Gulfside 14U Select
G14PVJVB4NE,1626.650668751596,9,8,1,elo_margin,G14,PV 14 Select North
G14RRJVB1NE,1623.6386328722983,25,14,11,elo_margin,G14,Boston United 14 National
G14117971XX,1623.582630899135,7,6,1,elo_margin,G14,14U BPR 14 1
G14LFJVB3NE,1622.2096667621076,16,11,5,elo_margin,G14,603 United 14 Seacoast Blue
G14NYCJR3GE,1617.147468353692,7,6,1,elo_margin,G14,NYC Juniors 14 Orange
G14MGJVB1NE,1616.740485051179,10,7,3,elo_margin,G14,MGA 14's Gold
G14CMJVB2NE,1613.477191488394,10,7,3,elo_margin,G14,CMASS EDGE 14 Blue
G14ROCKA2GE,1607.710555486168,8,6,2,elo_margin,G14,RVT 14-2 Swim
G14GAJVB2NE,1606.8339379786269,6,5,1,elo_margin,G14,Gators 14 Green
G14GRVBC2NE,1599.003466625341,12,8,4,elo_margin,G14,GVC 14-Blue
G14MXVBC1NE,1597.9806368110624,14,10,4,elo_margin,G14,Max Performance 14 Jaz
G14DDVBC4NE,1595.4802684303127,30,17,13,elo_margin,G14,Dig Deep 14 Stars
G14MAJVB3NE,1593.6008111666217,15,10,5,elo_margin,G14,Mass Premier 14 2 Blue
G14LDNER3NE,1592.527437957177,16,10,6,elo_margin,G14,Lockdown VBC 14 Herons
G14MCJVB1NE,1592.3454303983572,14,10,4,elo_margin,G14,Mill City 14's
G14GRVBC1NE,1592.3068921325764,8,6,2,elo_margin,G14,GVC 14-Black
G14APXTC1OV,1590.4028255174485,8,6,2,elo_margin,G14,Apex VBTC 14 Apex Red
G14MGJVB2NE,1589.7624182351458,10,7,3,elo_margin,G14,MGA 14's Silver
G14SOSVB1GE,1586.122947785491,6,5,1,elo_margin,G14,Sideout 14N Jeff
G14GREEN1GE,1579.320701875332,7,5,2,elo_margin,G14,Asphalt Green VBC 14-Green
G14SJJVB2NE,1578.9738727754273,5,4,1,elo_margin,G14,SMASH 14s Fire
G14LFJVB1NE,1576.8369662087268,19,9,10,elo_margin,G14,603 United 14 Seacoast Black
G14HKJVB1NE,1573.2938436371514,10,7,3,elo_margin,G14,Husky 14 National
G14LHVBA1GE,1570.4496277464125,7,5,2,elo_margin,G14,LHVA 14 Purple National
G14EYNER1NE,1562.3571023897678,22,13,9,elo_margin,G14,ENVY 14 SANDSTORM
G14MGJVB6NE,1562.08272874482,10,7,3,elo_margin,G14,MGA 14's Stripes
G14MNJVB2NE,1560.6968696958693,6,4,2,elo_margin,G14,Maine Jrs 14-Silver
G14SJJVB1NE,1560.5249042623088,11,6,5,elo_margin,G14,SMASH 14s
G14HKJVB2NE,1558.8164376906807,8,5,3,elo_margin,G14,Husky 14 Northeast
G14119131XX,1557.3103475183384,12,9,3,elo_margin,G14,Millbury Storm 14
G14NYCJR5GE,1557.0707829639437,8,4,4,elo_margin,G14,NYC Juniors 14 Brooklyn
G14LHVBC3NE,1555.7331578220649,10,6,4,elo_margin,G14,LHV Girls 14-3 Firestorm
G14MAJVB2NE,1554.8745198385755,10,6,4,elo_margin,G14,Mass Premier 14 1 White
G14MAJVB5NE,1549.0275710406984,21,10,11,elo_margin,G14,Mass Premier 14 2 Gold
G14SPAVB2XL,1547.3090886934915,5,3,2,elo_margin,G14,Spa City 14 Coral
G14CSJVB2NE,1546.6980273568668,5,3,2,elo_margin,G14,CT STARS 14s Chuk
G14SJVBC4NE,1546.5697785616403,5,4,1,elo_margin,G14,South County 14-Black
G14CSJVB1NE,1546.4256326796453,5,3,2,elo_margin,G14,CT STARS 14s Victoria
G14SJVBC3NE,1544.0746509328765,5,3,2,elo_margin,G14,South County 14-White
G14NYCJR2GE,1542.8048829408965,7,4,3,elo_margin,G14,NYC Juniors 14 Blue
G14GAJVB1NE,1542.3053572993829,5,4,1,elo_margin,G14,Gators 14 Black
G14LUNAR5GEX,1542.1900440016402,7,4,3,elo_margin,G14,CCC - Hawks 14
G14LHVBC4NE,1540.077170368609,10,6,4,elo_margin,G14,LHV Girls 14-4 Triumph
G14MCJVB2NE,1535.48202537388,16,9,7,elo_margin,G14,Mill City 14 Orange
G14MNJVB3NE,1534.64456446858,6,4,2,elo_margin,G14,Maine Jrs 14-Bronze
G14TRICO2GE,1534.4024996478238,9,5,4,elo_margin,G14,TriCounty ATTACK 14 2
G14ATLAN2GE,1533.9683966831344,7,4,3,elo_margin,G14,AVA 14 Premier 1
G14RENAS1KE,1532.8086496008016,7,4,3,elo_margin,G14,Renaissance 14 Black
G14LHVBC2NE,1530.838106095599,5,3,2,elo_margin,G14,LHV Girls 14-2 Blast
G14CMJVB3NE,1528.7462221687047,13,7,6,elo_margin,G14,CMASS EDGE 14 White
G14118021XX,1527.1155679635917,7,4,3,elo_margin,G14,NYCLBVC 14U BLUE
G14113231XX,1521.7879687070456,24,12,12,elo_margin,G14,EliteZ 14 GIRLS HP BLACK
G14RRJVB3NE,1519.0056245087835,16,8,8,elo_margin,G14,Boston United 14 Select - Aria
G14TTVBC3NE,1518.2062912464353,11,6,5,elo_margin,G14,SLAM 14R White
G14TCJAG1XL,1517.6704773413192,5,3,2,elo_margin,G14,Jaguars 14u Black
G14RRJVB6NE,1512.2424358067856,15,9,6,elo_margin,G14,Boston United 14 Steel
G14SJVBC1NE,1512.1250721285194,5,2,3,elo_margin,G14,South County 14-Blue
G14CACLI4GE,1506.4439221082068,6,3,3,elo_margin,G14,CALI 14 Gold North
G14SJVBC2NE,1502.6280337203143,5,3,2,elo_margin,G14,South County 14-Gold
G14SRVBC1NE,1501.486330772905,10,5,5,elo_margin,G14,SURGE 14 BLUE
G14NEVBC4NE,1499.6546121369176,24,13,11,elo_margin,G14,Northeast 14 Orange
G14HKJVB3NE,1496.763892931626,8,4,4,elo_margin,G14,Husky 14 New England Red
G14LEGIO2XL,1495.421528966369,14,7,7,elo_margin,G14,TeamLVC 14 Pink
G14OCEAN1GE,1494.0340186822905,8,4,4,elo_margin,G14,Ocean Volleyball 14 National
G14AVVBC1NE,1493.5578566721697,20,9,11,elo_margin,G14,Avidity 14 Ruby
G14NETHG1XL,1492.3878655770961,5,2,3,elo_margin,G14,NET 14 Force
G14SURGE1GE,1490.6678308931798,13,7,6,elo_margin,G14,LI Surge 14 Premier Blue
G14LCVBC1GE,1489.7880155998353,7,3,4,elo_margin,G14,Legacy 14 National
G14CACLI1GE,1486.892751074518,5,2,3,elo_margin,G14,CALI 14 Black
G14NYCLI1GE,1486.492066414149,7,3,4,elo_margin,G14,NYCLI 14 Elite
G14118022XX,1485.4831532238252,7,3,4,elo_margin,G14,NYCLBVC 14U WHITE
G14SPAVB1XL,1484.7279279671486,19,8,11,elo_margin,G14,Spa City 14 Aqua
G14LHVBA2GE,1484.5738748428707,5,2,3,elo_margin,G14,LHVA 14 Black Travel
G14NYCVA1GE,1483.7759377968755,8,3,5,elo_margin,G14,NYC VBA 14 Chelsea
G14NYCIV1GE,1481.7050968140782,7,3,4,elo_margin,G14,NYC Impact 14U Black
G14MAJVB4NE,1479.9439199966525,22,13,9,elo_margin,G14,Mass Premier 14 2 White
G14TRICO1GE,1479.3559236315166,5,2,3,elo_margin,G14,TriCounty ATTACK 14 1
G14PVJVB3NE,1479.1587807935557,9,4,5,elo_margin,G14,PV 14 Pink Panthers
G14HKJVB4NE,1478.0721939725786,3,1,2,elo_margin,G14,Husky 14 New England Black
G14GAJVB3NE,1467.5734242495694,10,4,6,elo_margin,G14,Gators 14 White
G14BVJVB2NE,1467.5319926446257,15,7,8,elo_margin,G14,Blast 14U Raptors
G14BEVNY3GE,1467.0695655105847,7,3,4,elo_margin,G14,BEV 14 Skyline
G14MAJVB1NE,1464.922076302818,8,3,5,elo_margin,G14,Mass Premier 14 1 Blue
G14LCVBC2GE,1460.838274916364,7,3,4,elo_margin,G14,Legacy 14 Premier Natalie
G14NYCVA2GE,1460.1054723896577,7,3,4,elo_margin,G14,NYC VBA 14 Noho
G14CSJVB3NE,1458.6638990589931,5,2,3,elo_margin,G14,CT STARS 14s Alex
G14119491XX,1456.9501485084006,5,2,3,elo_margin,G14,Vale 14 1
G14CJVBA6GE,1456.392060601487,8,3,5,elo_margin,G14,CJVA 14 Ruby
G14VVVBC1NE,1455.10261375331,5,2,3,elo_margin,G14,Vibe Girls 14u Joey
G14DIGSV2GE,1452.759493259025,8,3,5,elo_margin,G14,Digs 14 WHITE
G14RRJVB4NE,1450.8101212919491,16,8,8,elo_margin,G14,Boston United 14 Select - Mollie
G14TCJVB1NE,1449.155158452094,4,1,3,elo_margin,G14,Nova 14 Premier Brody/Brennan
G14RRJVB2NE,1448.8823809612418,21,9,12,elo_margin,G14,Boston United 14 Northeast
G14PROVA4GE,1447.997006754979,9,4,5,elo_margin,G14,Prodigy 14.4 Club
G14AVVBC2NE,1447.8171726108435,16,6,10,elo_margin,G14,Avidity 14 Jade
G14VERSE1GE,1447.7370118468027,8,2,6,elo_margin,G14,NYC Volley Verse 14 Gold
G14113232XX,1446.579637221843,11,5,6,elo_margin,G14,EliteZ 14 GIRLS CARBON
G14LEGIO1XL,1439.7356679441236,17,7,10,elo_margin,G14,TeamLVC 14 Black
G14BVJVB1NE,1437.8403977541968,21,10,11,elo_margin,G14,Blast 14U Jungle Cats
G14VERSE2GE,1437.1012309781074,6,2,4,elo_margin,G14,NYC Volley Verse 14 Navy
G14HRJVB2NE,1437.0205748305204,12,6,6,elo_margin,G14,HardRock 13/14
G14CJVBA5GE,1432.7934267848439,8,3,5,elo_margin,G14,CJVA 14 Red
G14MAPVB3NE,1430.816981486462,11,3,8,elo_margin,G14,Mass Power VB 14 Pink
G14BEVNY1GE,1428.1319788706958,7,2,5,elo_margin,G14,BEV 14 Empire
G14RRJVB5NE,1427.9198419124682,15,7,8,elo_margin,G14,Boston United 14 Sapphire
G14MGJVB5NE,1427.776898220101,11,3,8,elo_margin,G14,MGA 14's Stars
G14SSVBC1NE,1426.632706253377,10,2,8,elo_margin,G14,SSVBC 14 1
G14TTVBC2NE,1423.450967283596,21,8,13,elo_margin,G14,SLAM 14P Red
G14DRVBC1NE,1423.094326044275,5,1,4,elo_margin,G14,Dragons 14 Cleber
G14TCJVB2NE,1420.0027625094315,11,4,7,elo_margin,G14,Nova 14 Select Gracie
G14MCJVB3NE,1413.4981718968784,6,1,5,elo_margin,G14,Mill City 14 Blue
G14BEVNY2GE,1412.8000710119288,6,1,5,elo_margin,G14,BEV 14 Elite
G14MGJVB19NE,1408.9282923937126,4,0,4,elo_margin,G14,MGA 14's Eagles
G14CACLI5GE,1408.32364075247,7,2,5,elo_margin,G14,CALI 14 Gold
G14113233XX,1406.8476651954654,11,4,7,elo_margin,G14,EliteZ 14 GIRLS SILVER
G14SURGE2GE,1402.7818259132655,11,4,7,elo_margin,G14,LI Surge 14 Premier White
G14TTVBC4NE,1401.6175165366722,11,4,7,elo_margin,G14,SLAM 14R Grey
G14112721XX,1399.6406898484504,25,9,16,elo_margin,G14,X2 Volleyball 14 1
G14SPAVB3XL,1399.3487773029506,4,0,4,elo_margin,G14,Spa City 14 Navy
G14CACLI6GE,1398.429861374796,7,1,6,elo_margin,G14,CALI 14 Gold South
G14IGVBC2NE,1397.1202037084847,15,5,10,elo_margin,G14,Ignite 14 Red
G14SURGE4GE,1388.0460900222552,7,1,6,elo_margin,G14,LI Surge 14 2 North
G14DIGSV1GE,1383.6686336322812,7,1,6,elo_margin,G14,Digs 14 RED
G14RRJVB7NE,1383.063325654878,17,6,11,elo_margin,G14,Boston United 14 Titanium
G14TTVBC5NE,1382.6800007634038,12,3,9,elo_margin,G14,SLAM 14R Silver
G14GREEN2GE,1375.9381866782255,7,1,6,elo_margin,G14,Asphalt Green VBC 14-White
G14MIVBC2NE,1374.0639769990585,15,4,11,elo_margin,G14,Mass Impact 14 Lara
G14NSJVB1NE,1371.5372431427552,21,6,15,elo_margin,G14,NH Seacoast 14 Premier
G14CMJVB1NE,1364.2631595374762,11,2,9,elo_margin,G14,CMASS EDGE 14 Black
G14MGJVB7NE,1362.8908790230362,6,0,6,elo_margin,G14,MGA 14's Black
G14CJJVB1NE,1362.8410936550126,10,2,8,elo_margin,G14,CT Juniors 14 National
G14TUSVA1GE,1361.0447399782663,5,0,5,elo_margin,G14,Train Up VB 14 1
G14PROVA3GE,1359.990360963728,8,1,7,elo_margin,G14,Prodigy 14.3 Club
G14EYNER2NE,1356.5594427411172,15,4,11,elo_margin,G14,ENVY 14 THUNDER
G14TTVBC6NE,1351.8524075079133,10,2,8,elo_margin,G14,SLAM 14R Crimson
G14MGJVB20NE,1343.4877266201047,6,0,6,elo_margin,G14,MGA 14's Lions
G14AVVBC3NE,1335.2011965649122,16,3,13,elo_margin,G14,Avidity 14 Emerald
G14BEVNY4GE,1319.409779243792,7,0,7,elo_margin,G14,BEV 14 High Rise
G14SURGE3GE,1312.727359270466,7,0,7,elo_margin,G14,LI Surge 14 2 South
G14119501XX,1305.4894888543522,8,0,8,elo_margin,G14,Traprock 14 1
G14MIVBC1NE,1290.237421494259,16,2,14,elo_margin,G14,Mass Impact 14 Sam
G14DRVBC2NE,1289.6670085557491,10,0,10,elo_margin,G14,Dragons 14 Gabby
G14EYNER3NE,1287.6975011644909,15,2,13,elo_margin,G14,ENVY 14 GEOSTORM
G14SUCES1GE,1277.8117909464866,12,0,12,elo_margin,G14,SA 14 1
G14TTVBC8NE,1268.5513256097063,11,1,10,elo_margin,G14,SLAM 14R Platinum
G14TTVBC7NE,1267.925880135211,11,0,11,elo_margin,G14,SLAM 14R Cobalt
G14117755XX,1232.142175133188,20,5,15,elo_margin,G14,ValleyVBC White
G14TTVBC1NE,91.62720023063228,26,21,5,hybrid_points,G14,SLAM 14P Black
G14LFJVB2NE,71.70831018912548,20,16,4,hybrid_points,G14,603 United 14 Seacoast White
G14DDVBC4NE,71.16434157276687,30,17,13,hybrid_points,G14,Dig Deep 14 Stars
G14NEVBC3NE,70.9886055358929,24,15,9,hybrid_points,G14,Northeast 14 Blue
G14NEVBC1NE,69.73414780079044,20,17,3,hybrid_points,G14,Northeast 14.1
G14NEVBC2NE,67.39942608841551,17,15,2,hybrid_points,G14,Northeast 14.2
G14IGVBC1NE,60.227316452529024,18,14,4,hybrid_points,G14,Ignite 14 Black
G14RRJVB1NE,57.07403109173313,25,14,11,hybrid_points,G14,Boston United 14 National
G14NEVBC4NE,54.08382880061625,24,13,11,hybrid_points,G14,Northeast 14 Orange
G14MNJVB1NE,54.003532658819275,12,12,0,hybrid_points,G14,Maine Jrs 14-Gold
G14LFJVB4NE,52.56345776438871,16,13,3,hybrid_points,G14,603 United 14 Central Blue
G14LDNER2NE,49.475950209861736,14,12,2,hybrid_points,G14,Lockdown VBC 14 Orioles
G14LDNER1NE,49.00589645861921,11,11,0,hybrid_points,G14,Lockdown VBC 14 Mockingjays
G14MAJVB4NE,48.49064721362018,22,13,9,hybrid_points,G14,Mass Premier 14 2 White
G14NYCJR1GE,43.77227452355538,13,11,2,hybrid_points,G14,NYC Juniors 14 National
G14LFJVB3NE,43.30198843637118,16,11,5,hybrid_points,G14,603 United 14 Seacoast Blue
G14EYNER1NE,41.69728884330719,22,13,9,hybrid_points,G14,ENVY 14 SANDSTORM
G14113231XX,41.24901664941369,24,12,12,hybrid_points,G14,EliteZ 14 GIRLS HP BLACK
G14HRJVB1NE,39.80438748078164,9,9,0,hybrid_points,G14,HardRock 14
G14MGJVB4NE,39.80368785860594,11,9,2,hybrid_points,G14,MGA 14's Red
G14MCJVB1NE,39.798727854832514,14,10,4,hybrid_points,G14,Mill City 14's
G14MAJVB3NE,39.487364633723516,15,10,5,hybrid_points,G14,Mass Premier 14 2 Blue
G14MXVBC1NE,39.47715951049409,14,10,4,hybrid_points,G14,Max Performance 14 Jaz
G14LDNER3NE,38.8959400992991,16,10,6,hybrid_points,G14,Lockdown VBC 14 Herons
G14FGSVA1FL,38.1028275628037,9,8,1,hybrid_points,G14,Gulfside 14U Prime
G14PVJVB4NE,36.458159759404616,9,8,1,hybrid_points,G14,PV 14 Select North
G14MAJVB5NE,36.27183044724935,21,10,11,hybrid_points,G14,Mass Premier 14 2 Gold
G14MOMET2FL,36.24279802005473,10,9,1,hybrid_points,G14,Momentum 14 Neon
G14119131XX,35.81468560855494,12,9,3,hybrid_points,G14,Millbury Storm 14
G14LFJVB1NE,35.35441791611221,19,9,10,hybrid_points,G14,603 United 14 Seacoast Black
G14MCJVB2NE,33.70624617269819,16,9,7,hybrid_points,G14,Mill City 14 Orange
G14RRJVB3NE,33.230767875594715,16,8,8,hybrid_points,G14,Boston United 14 Select - Aria
G14RRJVB6NE,32.57007392670642,15,9,6,hybrid_points,G14,Boston United 14 Steel
G14ROCKA3GE,32.261059742183846,9,8,1,hybrid_points,G14,RVT 14-3 Sail
G14AVVBC1NE,32.033640527778225,20,9,11,hybrid_points,G14,Avidity 14 Ruby
G14RRJVB4NE,31.4496378358077,16,8,8,hybrid_points,G14,Boston United 14 Select - Mollie
G14MGJVB1NE,30.783117036134133,10,7,3,hybrid_points,G14,MGA 14's Gold
G14ROCKA1GE,30.668753133923705,8,7,1,hybrid_points,G14,RVT 14-1 Surf
G14RRJVB2NE,29.94513787283196,21,9,12,hybrid_points,G14,Boston United 14 Northeast
G14GRVBC2NE,29.676707008237393,12,8,4,hybrid_points,G14,GVC 14-Blue
G14BVJVB1NE,29.089018127090824,21,10,11,hybrid_points,G14,Blast 14U Jungle Cats
G14CMJVB2NE,29.066268301244087,10,7,3,hybrid_points,G14,CMASS EDGE 14 Blue
G14MGJVB2NE,28.860161721160964,10,7,3,hybrid_points,G14,MGA 14's Silver
G14FGSVA2FL,28.20069760144619,9,7,2,hybrid_points,G14,Gulfside 14U Select
G14HKJVB1NE,27.701977574337427,10,7,3,hybrid_points,G14,Husky 14 National
G14APXTC1OV,27.493927805119508,8,6,2,hybrid_points,G14,Apex VBTC 14 Apex Red
G14ROCKA2GE,27.416705823861548,8,6,2,hybrid_points,G14,RVT 14-2 Swim
G14CMJVB3NE,27.384463725514124,13,7,6,hybrid_points,G14,CMASS EDGE 14 White
G14117971XX,27.21489027010348,7,6,1,hybrid_points,G14,14U BPR 14 1
G14LHVBC3NE,26.92384244886126,10,6,4,hybrid_points,G14,LHV Girls 14-3 Firestorm
G14MGJVB6NE,26.888532321288906,10,7,3,hybrid_points,G14,MGA 14's Stripes
G14RRJVB5NE,26.488303944442173,15,7,8,hybrid_points,G14,Boston United 14 Sapphire
G14NYCJR3GE,26.176197230150517,7,6,1,hybrid_points,G14,NYC Juniors 14 Orange
G14SURGE1GE,26.165713926821166,13,7,6,hybrid_points,G14,LI Surge 14 Premier Blue
G14SPAVB1XL,26.119638334394885,19,8,11,hybrid_points,G14,Spa City 14 Aqua
G14LEGIO2XL,26.017983317474215,14,7,7,hybrid_points,G14,TeamLVC 14 Pink
G14SJJVB1NE,25.967069912022886,11,6,5,hybrid_points,G14,SMASH 14s
G14GRVBC1NE,24.93805692325493,8,6,2,hybrid_points,G14,GVC 14-Black
G14LHVBC4NE,24.28798359018876,10,6,4,hybrid_points,G14,LHV Girls 14-4 Triumph
G14TTVBC2NE,24.134015453431577,21,8,13,hybrid_points,G14,SLAM 14P Red
G14112721XX,22.827507775009654,25,9,16,hybrid_points,G14,X2 Volleyball 14 1
G14BVJVB2NE,22.080227773497864,15,7,8,hybrid_points,G14,Blast 14U Raptors
G14NYCJR5GE,21.01947157114272,8,4,4,hybrid_points,G14,NYC Juniors 14 Brooklyn
G14AVVBC2NE,20.946705199196977,16,6,10,hybrid_points,G14,Avidity 14 Jade
G14HKJVB2NE,20.451238727330058,8,5,3,hybrid_points,G14,Husky 14 Northeast
G14MAJVB2NE,20.42912805513545,10,6,4,hybrid_points,G14,Mass Premier 14 1 White
G14GREEN1GE,20.161997714166866,7,5,2,hybrid_points,G14,Asphalt Green VBC 14-Green
G14LHVBA1GE,19.58810821596495,7,5,2,hybrid_points,G14,LHVA 14 Purple National
G14GAJVB2NE,19.55060311678328,6,5,1,hybrid_points,G14,Gators 14 Green
G14SOSVB1GE,19.2467248895,6,5,1,hybrid_points,G14,Sideout 14N Jeff
G14PVJVB3NE,18.45060654920399,9,4,5,hybrid_points,G14,PV 14 Pink Panthers
G14TRICO2GE,18.41795521685039,9,5,4,hybrid_points,G14,TriCounty ATTACK 14 2
G14HRJVB2NE,18.277751306502214,12,6,6,hybrid_points,G14,HardRock 13/14
G14TTVBC3NE,18.02041029922238,11,6,5,hybrid_points,G14,SLAM 14R White
G14MNJVB2NE,18.003010487196132,6,4,2,hybrid_points,G14,Maine Jrs 14-Silver
G14RRJVB7NE,17.38336412807103,17,6,11,hybrid_points,G14,Boston United 14 Titanium
G14SJJVB2NE,16.9277168855,5,4,1,hybrid_points,G14,SMASH 14s Fire
G14SRVBC1NE,16.83525694011095,10,5,5,hybrid_points,G14,SURGE 14 BLUE
G14LUNAR5GEX,16.02827144715428,7,4,3,hybrid_points,G14,CCC - Hawks 14
G14RENAS1KE,15.928985271454188,7,4,3,hybrid_points,G14,Renaissance 14 Black
G14HKJVB3NE,15.80496843629834,8,4,4,hybrid_points,G14,Husky 14 New England Red
G14NYCJR2GE,15.787186447126462,7,4,3,hybrid_points,G14,NYC Juniors 14 Blue
G14LEGIO1XL,15.739471950935949,17,7,10,hybrid_points,G14,TeamLVC 14 Black
G14SJVBC4NE,15.417975953012768,5,4,1,hybrid_points,G14,South County 14-Black
G14MNJVB3NE,15.26988150527518,6,4,2,hybrid_points,G14,Maine Jrs 14-Bronze
G14GAJVB1NE,14.56469006138716,5,4,1,hybrid_points,G14,Gators 14 Black
G14113232XX,14.383810230852381,11,5,6,hybrid_points,G14,EliteZ 14 GIRLS CARBON
G14ATLAN2GE,13.77665942946625,7,4,3,hybrid_points,G14,AVA 14 Premier 1
G14SJVBC3NE,13.727443489369875,5,3,2,hybrid_points,G14,South County 14-White
G14CSJVB2NE,13.683461804547271,5,3,2,hybrid_points,G14,CT STARS 14s Chuk
G14CSJVB1NE,13.45237842579471,5,3,2,hybrid_points,G14,CT STARS 14s Victoria
G14OCEAN1GE,13.268469238377518,8,4,4,hybrid_points,G14,Ocean Volleyball 14 National
G14IGVBC2NE,12.639436155255416,15,5,10,hybrid_points,G14,Ignite 14 Red
G14118021XX,12.37983334241603,7,4,3,hybrid_points,G14,NYCLBVC 14U BLUE
G14CACLI4GE,12.299025322189754,6,3,3,hybrid_points,G14,CALI 14 Gold North
G14TCJAG1XL,11.233623373655462,5,3,2,hybrid_points,G14,Jaguars 14u Black
G14PROVA4GE,11.043668173231792,9,4,5,hybrid_points,G14,Prodigy 14.4 Club
G14NYCLI1GE,10.761593579352681,7,3,4,hybrid_points,G14,NYCLI 14 Elite
G14LHVBC2NE,10.664302405499999,5,3,2,hybrid_points,G14,LHV Girls 14-2 Blast
G14SJVBC2NE,10.662414978506565,5,3,2,hybrid_points,G14,South County 14-Gold
G14LCVBC1GE,10.523615065303458,7,3,4,hybrid_points,G14,Legacy 14 National
G14MIVBC2NE,10.474135607398573,15,4,11,hybrid_points,G14,Mass Impact 14 Lara
G14GAJVB3NE,10.43278813187474,10,4,6,hybrid_points,G14,Gators 14 White
G14SPAVB2XL,9.970926185708029,5,3,2,hybrid_points,G14,Spa City 14 Coral
G14113233XX,9.798219084318763,11,4,7,hybrid_points,G14,EliteZ 14 GIRLS SILVER
G14TTVBC4NE,9.266914713827468,11,4,7,hybrid_points,G14,SLAM 14R Grey
G14NYCVA1GE,9.041930915217737,8,3,5,hybrid_points,G14,NYC VBA 14 Chelsea
G14NETHG1XL,9.004614466452944,5,2,3,hybrid_points,G14,NET 14 Force
G14LHVBA2GE,8.92253243336057,5,2,3,hybrid_points,G14,LHVA 14 Black Travel
G14NYCIV1GE,8.880419898290773,7,3,4,hybrid_points,G14,NYC Impact 14U Black
G14MAJVB1NE,8.769454224171813,8,3,5,hybrid_points,G14,Mass Premier 14 1 Blue
G14CJVBA5GE,8.688331429245881,8,3,5,hybrid_points,G14,CJVA 14 Red
G14BEVNY3GE,8.242999106279285,7,3,4,hybrid_points,G14,BEV 14 Skyline
G14CACLI1GE,8.23881026878,5,2,3,hybrid_points,G14,CALI 14 Black
G14NSJVB1NE,7.959700557238158,21,6,15,hybrid_points,G14,NH Seacoast 14 Premier
G14SSVBC1NE,7.6102981925692195,10,2,8,hybrid_points,G14,SSVBC 14 1
G14TRICO1GE,7.533123183348531,5,2,3,hybrid_points,G14,TriCounty ATTACK 14 1
G14SJVBC1NE,7.2194864168824004,5,2,3,hybrid_points,G14,South County 14-Blue
G14DIGSV2GE,7.205025890521245,8,3,5,hybrid_points,G14,Digs 14 WHITE
G14MAPVB3NE,6.785282007610384,11,3,8,hybrid_points,G14,Mass Power VB 14 Pink
G14118022XX,6.555630058737325,7,3,4,hybrid_points,G14,NYCLBVC 14U WHITE
G14LCVBC2GE,6.5470299456212695,7,3,4,hybrid_points,G14,Legacy 14 Premier Natalie
G14NYCVA2GE,6.533771132300481,7,3,4,hybrid_points,G14,NYC VBA 14 Noho
G14VERSE1GE,6.21755348106477,8,2,6,hybrid_points,G14,NYC Volley Verse 14 Gold
G14BEVNY1GE,6.154891140408095,7,2,5,hybrid_points,G14,BEV 14 Empire
G14CJVBA6GE,6.019767525715223,8,3,5,hybrid_points,G14,CJVA 14 Ruby
G14TCJVB2NE,5.99218267839067,11,4,7,hybrid_points,G14,Nova 14 Select Gracie
G14BEVNY2GE,5.898529134639539,6,1,5,hybrid_points,G14,BEV 14 Elite
G14SURGE2GE,5.8804469536584625,11,4,7,hybrid_points,G14,LI Surge 14 Premier White
G14CSJVB3NE,5.356235011690886,5,2,3,hybrid_points,G14,CT STARS 14s Alex
G14EYNER2NE,4.558555063960226,15,4,11,hybrid_points,G14,ENVY 14 THUNDER
G14VVVBC1NE,4.40016915860057,5,2,3,hybrid_points,G14,Vibe Girls 14u Joey
G14CACLI6GE,3.8302237264847143,7,1,6,hybrid_points,G14,CALI 14 Gold South
G14MGJVB5NE,3.7444709920931403,11,3,8,hybrid_points,G14,MGA 14's Stars
G14119491XX,3.2259414425559996,5,2,3,hybrid_points,G14,Vale 14 1
G14117755XX,2.5778664159913536,20,5,15,hybrid_points,G14,ValleyVBC White
G14CACLI5GE,2.432121818367763,7,2,5,hybrid_points,G14,CALI 14 Gold
G14TCJVB1NE,2.406869840955845,4,1,3,hybrid_points,G14,Nova 14 Premier Brody/Brennan
G14VERSE2GE,2.065709678182869,6,2,4,hybrid_points,G14,NYC Volley Verse 14 Navy
G14TTVBC5NE,1.7597596131236615,12,3,9,hybrid_points,G14,SLAM 14R Silver
G14CJJVB1NE,1.7206690222692946,10,2,8,hybrid_points,G14,CT Juniors 14 National
G14HKJVB4NE,1.693518575685264,3,1,2,hybrid_points,G14,Husky 14 New England Black
G14MCJVB3NE,0.7217479494850887,6,1,5,hybrid_points,G14,Mill City 14 Blue
G14DRVBC1NE,-0.13725444898982753,5,1,4,hybrid_points,G14,Dragons 14 Cleber
G14DIGSV1GE,-0.5920738706130458,7,1,6,hybrid_points,G14,Digs 14 RED
G14CMJVB1NE,-0.7072019572025623,11,2,9,hybrid_points,G14,CMASS EDGE 14 Black
G14GREEN2GE,-0.758454495419158,7,1,6,hybrid_points,G14,Asphalt Green VBC 14-White
G14AVVBC3NE,-1.2674244485760948,16,3,13,hybrid_points,G14,Avidity 14 Emerald
G14SURGE4GE,-1.3356099012099798,7,1,6,hybrid_points,G14,LI Surge 14 2 North
G14TTVBC6NE,-2.8383488313899976,10,2,8,hybrid_points,G14,SLAM 14R Crimson
G14SPAVB3XL,-3.1376447985916927,4,0,4,hybrid_points,G14,Spa City 14 Navy
G14EYNER3NE,-3.2222231124753398,15,2,13,hybrid_points,G14,ENVY 14 GEOSTORM
G14MGJVB19NE,-3.3054452587093692,4,0,4,hybrid_points,G14,MGA 14's Eagles
G14PROVA3GE,-5.545276985776476,8,1,7,hybrid_points,G14,Prodigy 14.3 Club
G14MIVBC1NE,-6.634600788625077,16,2,14,hybrid_points,G14,Mass Impact 14 Sam
G14MGJVB7NE,-6.743520579692755,6,0,6,hybrid_points,G14,MGA 14's Black
G14TUSVA1GE,-7.1358883094068375,5,0,5,hybrid_points,G14,Train Up VB 14 1
G14MGJVB20NE,-7.223674541608769,6,0,6,hybrid_points,G14,MGA 14's Lions
G14BEVNY4GE,-7.236537808283912,7,0,7,hybrid_points,G14,BEV 14 High Rise
G14TTVBC8NE,-9.532219428132816,11,1,10,hybrid_points,G14,SLAM 14R Platinum
G14SUCES1GE,-9.80227063096487,12,0,12,hybrid_points,G14,SA 14 1
G14SURGE3GE,-10.22830445362871,7,0,7,hybrid_points,G14,LI Surge 14 2 South
G14DRVBC2NE,-10.935040430639708,10,0,10,hybrid_points,G14,Dragons 14 Gabby
G14119501XX,-11.516850351443276,8,0,8,hybrid_points,G14,Traprock 14 1
G14TTVBC7NE,-12.944380433549448,11,0,11,hybrid_points,G14,SLAM 14R Cobalt
G14FGSVA1FL,45.4533479005172,9,8,1,massey,G14,Gulfside 14U Prime
G14SOSVB1GE,40.75227026368207,6,5,1,massey,G14,Sideout 14N Jeff
G14NYCJR1GE,39.02678690461647,13,11,2,massey,G14,NYC Juniors 14 National
G14NEVBC1NE,37.735184124237705,20,17,3,massey,G14,Northeast 14.1
G14ROCKA1GE,34.83198560341322,8,7,1,massey,G14,RVT 14-1 Surf
G14GRVBC1NE,34.49895194390201,8,6,2,massey,G14,GVC 14-Black
G14SJJVB1NE,33.78884158908792,11,6,5,massey,G14,SMASH 14s
G14HKJVB1NE,32.97091558645399,10,7,3,massey,G14,Husky 14 National
G14LDNER1NE,31.948342445345414,11,11,0,massey,G14,Lockdown VBC 14 Mockingjays
G14117971XX,31.556532802553665,7,6,1,massey,G14,14U BPR 14 1
G14CACLI1GE,31.526504627629272,5,2,3,massey,G14,CALI 14 Black
G14ROCKA2GE,29.92666361600307,8,6,2,massey,G14,RVT 14-2 Swim
G14FGSVA2FL,28.555699499332448,9,7,2,massey,G14,Gulfside 14U Select
G14NYCJR2GE,27.661736327680238,7,4,3,massey,G14,NYC Juniors 14 Blue
G14NEVBC2NE,26.1187356927342,17,15,2,massey,G14,Northeast 14.2
G14APXTC1OV,26.025848114039817,8,6,2,massey,G14,Apex VBTC 14 Apex Red
G14SJJVB2NE,24.998703590621183,5,4,1,massey,G14,SMASH 14s Fire
G14OCEAN1GE,24.996468143379786,8,4,4,massey,G14,Ocean Volleyball 14 National
G14NYCJR5GE,24.675418089589073,8,4,4,massey,G14,NYC Juniors 14 Brooklyn
G14LCVBC1GE,23.766952825579374,7,3,4,massey,G14,Legacy 14 National
G14MOMET2FL,23.66782764978347,10,9,1,massey,G14,Momentum 14 Neon
G14ROCKA3GE,23.18744546796936,9,8,1,massey,G14,RVT 14-3 Sail
G14MNJVB1NE,21.043389903153248,12,12,0,massey,G14,Maine Jrs 14-Gold
G14SPAVB1XL,20.505228323304124,19,8,11,massey,G14,Spa City 14 Aqua
G14ATLAN2GE,19.835355914096745,7,4,3,massey,G14,AVA 14 Premier 1
G14MCJVB1NE,19.828354518582447,14,10,4,massey,G14,Mill City 14's
G14GRVBC2NE,18.648428923405895,12,8,4,massey,G14,GVC 14-Blue
G14LFJVB2NE,17.603563446999274,20,16,4,massey,G14,603 United 14 Seacoast White
G14LDNER2NE,17.385021205134933,14,12,2,massey,G14,Lockdown VBC 14 Orioles
G14LHVBA1GE,17.352480674754204,7,5,2,massey,G14,LHVA 14 Purple National
G14LEGIO1XL,16.632353515062604,17,7,10,massey,G14,TeamLVC 14 Black
G14TTVBC1NE,16.544009780241275,26,21,5,massey,G14,SLAM 14P Black
G14NYCJR3GE,16.487530329911554,7,6,1,massey,G14,NYC Juniors 14 Orange
G14CMJVB1NE,16.248719738863848,11,2,9,massey,G14,CMASS EDGE 14 Black
G14NYCVA1GE,15.857834984582311,8,3,5,massey,G14,NYC VBA 14 Chelsea
G14SJVBC1NE,15.29981039630107,5,2,3,massey,G14,South County 14-Blue
G14NYCLI1GE,15.04356959818247,7,3,4,massey,G14,NYCLI 14 Elite
G14HKJVB2NE,14.393793038707496,8,5,3,massey,G14,Husky 14 Northeast
G14HRJVB1NE,14.349559837989133,9,9,0,massey,G14,HardRock 14
G14LFJVB1NE,14.250972864800513,19,9,10,massey,G14,603 United 14 Seacoast Black
G14RRJVB1NE,13.238375974505223,25,14,11,massey,G14,Boston United 14 National
G14DDVBC4NE,12.985671262360054,30,17,13,massey,G14,Dig Deep 14 Stars
G14MXVBC1NE,12.889719900064085,14,10,4,massey,G14,Max Performance 14 Jaz
G14NEVBC3NE,12.379014908036686,24,15,9,massey,G14,Northeast 14 Blue
G14GREEN1GE,12.251845570882484,7,5,2,massey,G14,Asphalt Green VBC 14-Green
G14CMJVB2NE,11.895786426543918,10,7,3,massey,G14,CMASS EDGE 14 Blue
G14MGJVB1NE,9.819235674150026,10,7,3,massey,G14,MGA 14's Gold
G14MGJVB4NE,9.751225450354418,11,9,2,massey,G14,MGA 14's Red
G14MGJVB2NE,9.588557240265702,10,7,3,massey,G14,MGA 14's Silver
G14TRICO2GE,9.116095862626072,9,5,4,massey,G14,TriCounty ATTACK 14 2
G14NYCIV1GE,8.977667590659323,7,3,4,massey,G14,NYC Impact 14U Black
G14GAJVB1NE,8.853412445534026,5,4,1,massey,G14,Gators 14 Black
G14BEVNY1GE,8.429743998319001,7,2,5,massey,G14,BEV 14 Empire
G14DIGSV1GE,8.342984425480218,7,1,6,massey,G14,Digs 14 RED
G14118021XX,7.569727442471997,7,4,3,massey,G14,NYCLBVC 14U BLUE
G14118022XX,7.538808162756826,7,3,4,massey,G14,NYCLBVC 14U WHITE
G14LHVBC2NE,7.368425866329622,5,3,2,massey,G14,LHV Girls 14-2 Blast
G14DIGSV2GE,7.348588026556202,8,3,5,massey,G14,Digs 14 WHITE
G14HKJVB3NE,6.944149294560592,8,4,4,massey,G14,Husky 14 New England Red
G14LUNAR5GEX,6.783610119004962,7,4,3,massey,G14,CCC - Hawks 14
G14CJJVB1NE,5.761587847889179,10,2,8,massey,G14,CT Juniors 14 National
G14SPAVB2XL,4.939938618610711,5,3,2,massey,G14,Spa City 14 Coral
G14SJVBC2NE,4.6943388974369515,5,3,2,massey,G14,South County 14-Gold
G14AVVBC1NE,4.2998336295384405,20,9,11,massey,G14,Avidity 14 Ruby
G14CSJVB1NE,4.279613308652061,5,3,2,massey,G14,CT STARS 14s Victoria
G14LDNER3NE,4.103934772060833,16,10,6,massey,G14,Lockdown VBC 14 Herons
G14NYCVA2GE,3.973602349365473,7,3,4,massey,G14,NYC VBA 14 Noho
G14RENAS1KE,3.89770797545343,7,4,3,massey,G14,Renaissance 14 Black
G14CACLI5GE,3.7833702454607456,7,2,5,massey,G14,CALI 14 Gold
G14NEVBC4NE,3.6005088819874764,24,13,11,massey,G14,Northeast 14 Orange
G14MCJVB2NE,3.568061986827267,16,9,7,massey,G14,Mill City 14 Orange
G14EYNER1NE,3.3963416739422367,22,13,9,massey,G14,ENVY 14 SANDSTORM
G14NSJVB1NE,3.290627548150592,21,6,15,massey,G14,NH Seacoast 14 Premier
G14LHVBC3NE,2.883646157051249,10,6,4,massey,G14,LHV Girls 14-3 Firestorm
G14BEVNY2GE,2.8555048918088044,6,1,5,massey,G14,BEV 14 Elite
G14MNJVB2NE,2.748827496882307,6,4,2,massey,G14,Maine Jrs 14-Silver
G14113231XX,2.6722653926230997,24,12,12,massey,G14,EliteZ 14 GIRLS HP BLACK
G14NETHG1XL,2.1916398102253924,5,2,3,massey,G14,NET 14 Force
G14LEGIO2XL,1.4384673227801859,14,7,7,massey,G14,TeamLVC 14 Pink
G14CACLI4GE,0.9629558481507647,6,3,3,massey,G14,CALI 14 Gold North
G14BVJVB1NE,0.4218359537146199,21,10,11,massey,G14,Blast 14U Jungle Cats
G14LCVBC2GE,-0.24941759799778573,7,3,4,massey,G14,Legacy 14 Premier Natalie
G14SURGE1GE,-0.4551125650067822,13,7,6,massey,G14,LI Surge 14 Premier Blue
G14MAJVB2NE,-0.9878165478412946,10,6,4,massey,G14,Mass Premier 14 1 White
G14TCJAG1XL,-1.0339676679638163,5,3,2,massey,G14,Jaguars 14u Black
G14BEVNY3GE,-1.2718050844527804,7,3,4,massey,G14,BEV 14 Skyline
G14SUCES1GE,-1.414913915422293,12,0,12,massey,G14,SA 14 1
G14LHVBA2GE,-1.4268353821908484,5,2,3,massey,G14,LHVA 14 Black Travel
G14TCJVB1NE,-1.5068722533974075,4,1,3,massey,G14,Nova 14 Premier Brody/Brennan
G14SSVBC1NE,-1.51858341620806,10,2,8,massey,G14,SSVBC 14 1
G14LFJVB4NE,-1.684349840729503,16,13,3,massey,G14,603 United 14 Central Blue
G14IGVBC1NE,-1.7117265526313412,18,14,4,massey,G14,Ignite 14 Black
G14CJVBA6GE,-1.8862661034727877,8,3,5,massey,G14,CJVA 14 Ruby
G14GAJVB2NE,-2.07816891582746,6,5,1,massey,G14,Gators 14 Green
G14TRICO1GE,-2.1088799884271716,5,2,3,massey,G14,TriCounty ATTACK 14 1
G14CACLI6GE,-2.211348665947936,7,1,6,massey,G14,CALI 14 Gold South
G14SRVBC1NE,-2.8675373033217957,10,5,5,massey,G14,SURGE 14 BLUE
G14MAJVB1NE,-2.918260858905244,8,3,5,massey,G14,Mass Premier 14 1 Blue
G14LFJVB3NE,-3.2603536853915025,16,11,5,massey,G14,603 United 14 Seacoast Blue
G14CMJVB3NE,-3.4567166234805766,13,7,6,massey,G14,CMASS EDGE 14 White
G14RRJVB2NE,-3.5257001720947665,21,9,12,massey,G14,Boston United 14 Northeast
G14HKJVB4NE,-3.5873527923618624,3,1,2,massey,G14,Husky 14 New England Black
G14SURGE4GE,-3.635712551714353,7,1,6,massey,G14,LI Surge 14 2 North
G14VERSE1GE,-3.899503226327757,8,2,6,massey,G14,NYC Volley Verse 14 Gold
G14PVJVB4NE,-4.573081380861632,9,8,1,massey,G14,PV 14 Select North
G14VERSE2GE,-4.602763457489987,6,2,4,massey,G14,NYC Volley Verse 14 Navy
G14RRJVB3NE,-4.715863914706885,16,8,8,massey,G14,Boston United 14 Select - Aria
G14MGJVB5NE,-5.195886065993843,11,3,8,massey,G14,MGA 14's Stars
G14119131XX,-5.22308629856431,12,9,3,massey,G14,Millbury Storm 14
G14AVVBC2NE,-6.067782807781092,16,6,10,massey,G14,Avidity 14 Jade
G14TTVBC2NE,-6.5235312308992786,21,8,13,massey,G14,SLAM 14P Red
G14LHVBC4NE,-6.835558051804224,10,6,4,massey,G14,LHV Girls 14-4 Triumph
G14SJVBC3NE,-7.223131240074554,5,3,2,massey,G14,South County 14-White
G14GREEN2GE,-7.510127258206301,7,1,6,massey,G14,Asphalt Green VBC 14-White
G14MAJVB3NE,-7.610300146267074,15,10,5,massey,G14,Mass Premier 14 2 Blue
G14MAJVB4NE,-8.052041752081237,22,13,9,massey,G14,Mass Premier 14 2 White
G14PVJVB3NE,-8.146107176971531,9,4,5,massey,G14,PV 14 Pink Panthers
G14MGJVB6NE,-10.044953722518747,10,7,3,massey,G14,MGA 14's Stripes
G14CJVBA5GE,-10.067914587929657,8,3,5,massey,G14,CJVA 14 Red
G14SPAVB3XL,-10.469373361801441,4,0,4,massey,G14,Spa City 14 Navy
G14MNJVB3NE,-11.491606348771413,6,4,2,massey,G14,Maine Jrs 14-Bronze
G14SURGE2GE,-11.609620085074436,11,4,7,massey,G14,LI Surge 14 Premier White
G14MAJVB5NE,-12.420402861019255,21,10,11,massey,G14,Mass Premier 14 2 Gold
G14BVJVB2NE,-12.459441145182277,15,7,8,massey,G14,Blast 14U Raptors
G14RRJVB4NE,-12.817647482141428,16,8,8,massey,G14,Boston United 14 Select - Mollie
G14CSJVB2NE,-12.951160427567718,5,3,2,massey,G14,CT STARS 14s Chuk
G14PROVA3GE,-14.534866323829366,8,1,7,massey,G14,Prodigy 14.3 Club
G14TTVBC3NE,-15.24094080871962,11,6,5,massey,G14,SLAM 14R White
G14VVVBC1NE,-15.32854220053856,5,2,3,massey,G14,Vibe Girls 14u Joey
G14112721XX,-15.360090818741106,25,9,16,massey,G14,X2 Volleyball 14 1
G14113232XX,-15.63372474459535,11,5,6,massey,G14,EliteZ 14 GIRLS CARBON
G14MCJVB3NE,-15.929909240334387,6,1,5,massey,G14,Mill City 14 Blue
G14RRJVB5NE,-17.380104755534852,15,7,8,massey,G14,Boston United 14 Sapphire
G14RRJVB6NE,-17.792617897137674,15,9,6,massey,G14,Boston United 14 Steel
G14EYNER2NE,-18.843438659643432,15,4,11,massey,G14,ENVY 14 THUNDER
G14PROVA4GE,-19.036195581145954,9,4,5,massey,G14,Prodigy 14.4 Club
G14TUSVA1GE,-19.51468444370506,5,0,5,massey,G14,Train Up VB 14 1
G14SJVBC4NE,-19.82816452166687,5,4,1,massey,G14,South County 14-Black
G14MIVBC2NE,-21.33500471977151,15,4,11,massey,G14,Mass Impact 14 Lara
G14SURGE3GE,-22.278633542304753,7,0,7,massey,G14,LI Surge 14 2 South
G14MIVBC1NE,-23.582791806250427,16,2,14,massey,G14,Mass Impact 14 Sam
G14GAJVB3NE,-23.75613215776429,10,4,6,massey,G14,Gators 14 White
G14MGJVB19NE,-24.222773402673415,4,0,4,massey,G14,MGA 14's Eagles
G14IGVBC2NE,-24.492284805261818,15,5,10,massey,G14,Ignite 14 Red
G14BEVNY4GE,-24.653237275537478,7,0,7,massey,G14,BEV 14 High Rise
G14119491XX,-25.384920758048366,5,2,3,massey,G14,Vale 14 1
G14HRJVB2NE,-25.904239007416578,12,6,6,massey,G14,HardRock 13/14
G14CSJVB3NE,-26.74229950934448,5,2,3,massey,G14,CT STARS 14s Alex
G14MAPVB3NE,-26.987172296255764,11,3,8,massey,G14,Mass Power VB 14 Pink
G14DRVBC1NE,-27.68073051160861,5,1,4,massey,G14,Dragons 14 Cleber
G14RRJVB7NE,-27.999728579803033,17,6,11,massey,G14,Boston United 14 Titanium
G14EYNER3NE,-28.374574068001888,15,2,13,massey,G14,ENVY 14 GEOSTORM
G14117755XX,-28.38924189713499,20,5,15,massey,G14,ValleyVBC White
G14AVVBC3NE,-28.995075057891448,16,3,13,massey,G14,Avidity 14 Emerald
G14TTVBC4NE,-30.18008774760063,11,4,7,massey,G14,SLAM 14R Grey
G14113233XX,-30.389016102333716,11,4,7,massey,G14,EliteZ 14 GIRLS SILVER
G14TTVBC5NE,-31.755219409204543,12,3,9,massey,G14,SLAM 14R Silver
G14MGJVB7NE,-32.66715680735345,6,0,6,massey,G14,MGA 14's Black
G14TCJVB2NE,-33.36517020078783,11,4,7,massey,G14,Nova 14 Select Gracie
G14TTVBC6NE,-36.10210506003368,10,2,8,massey,G14,SLAM 14R Crimson
G14DRVBC2NE,-36.51265247286762,10,0,10,massey,G14,Dragons 14 Gabby
G14119501XX,-37.87037785865422,8,0,8,massey,G14,Traprock 14 1
G14TTVBC8NE,-39.08790388290427,11,1,10,massey,G14,SLAM 14R Platinum
G14TTVBC7NE,-42.723591730110016,11,0,11,massey,G14,SLAM 14R Cobalt
G14MGJVB20NE,-45.65441287496169,6,0,6,massey,G14,MGA 14's Lions
G14SJJVB1NE,56.880129408078304,11,6,5,massey_recent,G14,SMASH 14s
G14NEVBC1NE,56.78279716192282,20,17,3,massey_recent,G14,Northeast 14.1
G14LEGIO1XL,45.58419139542664,17,7,10,massey_recent,G14,TeamLVC 14 Black
G14LDNER1NE,44.64414069148097,11,11,0,massey_recent,G14,Lockdown VBC 14 Mockingjays
G14HKJVB1NE,41.858194223485775,10,7,3,massey_recent,G14,Husky 14 National
G14CMJVB1NE,35.337564143714985,11,2,9,massey_recent,G14,CMASS EDGE 14 Black
G14SPAVB1XL,35.14025943755706,19,8,11,massey_recent,G14,Spa City 14 Aqua
G14NEVBC2NE,33.35538644542935,17,15,2,massey_recent,G14,Northeast 14.2
G14GRVBC2NE,33.19313783665436,12,8,4,massey_recent,G14,GVC 14-Blue
G14LFJVB2NE,30.586483126728467,20,16,4,massey_recent,G14,603 United 14 Seacoast White
G14HRJVB1NE,28.348654547509692,9,9,0,massey_recent,G14,HardRock 14
G14SJVBC1NE,28.126426212261062,5,2,3,massey_recent,G14,South County 14-Blue
G14LFJVB1NE,26.515092667620166,19,9,10,massey_recent,G14,603 United 14 Seacoast Black
G14TTVBC1NE,25.7556981689479,26,21,5,massey_recent,G14,SLAM 14P Black
G14RRJVB1NE,25.20109087718918,25,14,11,massey_recent,G14,Boston United 14 National
G14MCJVB1NE,21.347347424108797,14,10,4,massey_recent,G14,Mill City 14's
G14MNJVB1NE,21.052319655651363,12,12,0,massey_recent,G14,Maine Jrs 14-Gold
G14MGJVB4NE,18.448092918571557,11,9,2,massey_recent,G14,MGA 14's Red
G14CMJVB2NE,18.17439573403881,10,7,3,massey_recent,G14,CMASS EDGE 14 Blue
G14MXVBC1NE,17.800041704820085,14,10,4,massey_recent,G14,Max Performance 14 Jaz
G14CJJVB1NE,17.760088384523634,10,2,8,massey_recent,G14,CT Juniors 14 National
G14LDNER2NE,17.02122841054165,14,12,2,massey_recent,G14,Lockdown VBC 14 Orioles
G14GAJVB1NE,15.524519526369508,5,4,1,massey_recent,G14,Gators 14 Black
G14HKJVB2NE,15.234179158142286,8,5,3,massey_recent,G14,Husky 14 Northeast
G14NEVBC3NE,15.08285811089318,24,15,9,massey_recent,G14,Northeast 14 Blue
G14HKJVB3NE,14.661011176208063,8,4,4,massey_recent,G14,Husky 14 New England Red
G14DDVBC4NE,13.71540707340876,30,17,13,massey_recent,G14,Dig Deep 14 Stars
G14NETHG1XL,12.470777673880619,5,2,3,massey_recent,G14,NET 14 Force
G14SPAVB2XL,12.447216570883931,5,3,2,massey_recent,G14,Spa City 14 Coral
G14MGJVB2NE,12.393733914870685,10,7,3,massey_recent,G14,MGA 14's Silver
G14EYNER1NE,12.158169544243659,22,13,9,massey_recent,G14,ENVY 14 SANDSTORM
G14LHVBC3NE,10.521408909275848,10,6,4,massey_recent,G14,LHV Girls 14-3 Firestorm
G14MAJVB5NE,9.667308769246207,21,10,11,massey_recent,G14,Mass Premier 14 2 Gold
G14PVJVB4NE,9.429200620214441,9,8,1,massey_recent,G14,PV 14 Select North
G14NEVBC4NE,8.41360961743019,24,13,11,massey_recent,G14,Northeast 14 Orange
G14SJVBC2NE,8.168216725927284,5,3,2,massey_recent,G14,South County 14-Gold
G14AVVBC1NE,7.776421221681822,20,9,11,massey_recent,G14,Avidity 14 Ruby
G14TCJVB1NE,7.162928604743073,4,1,3,massey_recent,G14,Nova 14 Premier Brody/Brennan
G14LEGIO2XL,6.947571730448544,14,7,7,massey_recent,G14,TeamLVC 14 Pink
G14BVJVB1NE,6.668894564756144,21,10,11,massey_recent,G14,Blast 14U Jungle Cats
G14LFJVB4NE,5.941569706645771,16,13,3,massey_recent,G14,603 United 14 Central Blue
G14MNJVB2NE,5.686521405420497,6,4,2,massey_recent,G14,Maine Jrs 14-Silver
G14SRVBC1NE,4.692570260268807,10,5,5,massey_recent,G14,SURGE 14 BLUE
G14HKJVB4NE,3.788982180955071,3,1,2,massey_recent,G14,Husky 14 New England Black
G14TCJAG1XL,3.6157388652248486,5,3,2,massey_recent,G14,Jaguars 14u Black
G14SSVBC1NE,3.312481270719518,10,2,8,massey_recent,G14,SSVBC 14 1
G14CMJVB3NE,3.0897643041263576,13,7,6,massey_recent,G14,CMASS EDGE 14 White
G14SUCES1GE,2.7942284481252786,12,0,12,massey_recent,G14,SA 14 1
G14MAJVB2NE,2.229051650015627,10,6,4,massey_recent,G14,Mass Premier 14 1 White
G14LDNER3NE,0.8294237797872519,16,10,6,massey_recent,G14,Lockdown VBC 14 Herons
G14GAJVB2NE,0.5164380335358909,6,5,1,massey_recent,G14,Gators 14 Green
G14RRJVB2NE,0.48178113454761107,21,9,12,massey_recent,G14,Boston United 14 Northeast
G14MGJVB5NE,0.08933616541282152,11,3,8,massey_recent,G14,MGA 14's Stars
G14NYCJR1GE,0.0035189223113079038,13,11,2,massey_recent,G14,NYC Juniors 14 National
G14DIGSV1GE,0.0029948101783734415,7,1,6,massey_recent,G14,Digs 14 RED
G14SOSVB1GE,0.0028752855258851184,6,5,1,massey_recent,G14,Sideout 14N Jeff
G14OCEAN1GE,0.0028125142494583866,8,4,4,massey_recent,G14,Ocean Volleyball 14 National
G14CJVBA6GE,0.0027895657385816897,8,3,5,massey_recent,G14,CJVA 14 Ruby
G14FGSVA2FL,0.0027791357092343816,9,7,2,massey_recent,G14,Gulfside 14U Select
G14LHVBA2GE,0.002777152107076075,5,2,3,massey_recent,G14,LHVA 14 Black Travel
G14DIGSV2GE,0.002776220176863742,8,3,5,massey_recent,G14,Digs 14 WHITE
G14SURGE2GE,0.0027736500994037794,11,4,7,massey_recent,G14,LI Surge 14 Premier White
G14CACLI1GE,0.002772537539293296,5,2,3,massey_recent,G14,CALI 14 Black
G14NYCJR3GE,0.0027688769104654565,7,6,1,massey_recent,G14,NYC Juniors 14 Orange
G14CACLI5GE,0.0027685953561886745,7,2,5,massey_recent,G14,CALI 14 Gold
G14118021XX,0.0027680441100785824,7,4,3,massey_recent,G14,NYCLBVC 14U BLUE
G14119491XX,0.0027679286025736882,5,2,3,massey_recent,G14,Vale 14 1
G14NYCJR2GE,0.002767583102568194,7,4,3,massey_recent,G14,NYC Juniors 14 Blue
G14SURGE4GE,0.0027657491201407147,7,1,6,massey_recent,G14,LI Surge 14 2 North
G14NYCJR5GE,0.0027648888442555197,8,4,4,massey_recent,G14,NYC Juniors 14 Brooklyn
G14118022XX,0.0027646895096915536,7,3,4,massey_recent,G14,NYCLBVC 14U WHITE
G14VERSE2GE,0.002764590518413712,6,2,4,massey_recent,G14,NYC Volley Verse 14 Navy
G14SURGE3GE,0.0027645671185478893,7,0,7,massey_recent,G14,LI Surge 14 2 South
G14ATLAN2GE,0.0027645524239907626,7,4,3,massey_recent,G14,AVA 14 Premier 1
G14BEVNY4GE,0.0027645172842931665,7,0,7,massey_recent,G14,BEV 14 High Rise
G14117971XX,0.002764472276981511,7,6,1,massey_recent,G14,14U BPR 14 1
G14VERSE1GE,0.00276446282349041,8,2,6,massey_recent,G14,NYC Volley Verse 14 Gold
G14APXTC1OV,0.002764452730820377,8,6,2,massey_recent,G14,Apex VBTC 14 Apex Red
G14LHVBA1GE,0.002764445473506072,7,5,2,massey_recent,G14,LHVA 14 Purple National
G14CJVBA5GE,0.002764441230527659,8,3,5,massey_recent,G14,CJVA 14 Red
G14MGJVB19NE,0.0027644393926054,4,0,4,massey_recent,G14,MGA 14's Eagles
G14TRICO1GE,0.002764438953433368,5,2,3,massey_recent,G14,TriCounty ATTACK 14 1
G14LCVBC2GE,0.002764437446036272,7,3,4,massey_recent,G14,Legacy 14 Premier Natalie
G14GREEN2GE,0.0027644373835404856,7,1,6,massey_recent,G14,Asphalt Green VBC 14-White
G14GREEN1GE,0.0027644373227326824,7,5,2,massey_recent,G14,Asphalt Green VBC 14-Green
G14LUNAR5GEX,0.0027644373224398056,7,4,3,massey_recent,G14,CCC - Hawks 14
G14BEVNY3GE,0.0027644373200850225,7,3,4,massey_recent,G14,BEV 14 Skyline
G14CACLI4GE,0.002764437298034217,6,3,3,massey_recent,G14,CALI 14 Gold North
G14NYCVA2GE,0.002764437054574076,7,3,4,massey_recent,G14,NYC VBA 14 Noho
G14ROCKA2GE,0.002764420811032009,8,6,2,massey_recent,G14,RVT 14-2 Swim
G14BEVNY2GE,0.0027643072889318443,6,1,5,massey_recent,G14,BEV 14 Elite
G14ROCKA1GE,0.002764300535890607,8,7,1,massey_recent,G14,RVT 14-1 Surf
G14NYCLI1GE,0.002764192031513124,7,3,4,massey_recent,G14,NYCLI 14 Elite
G14NYCIV1GE,0.002763932776714828,7,3,4,massey_recent,G14,NYC Impact 14U Black
G14ROCKA3GE,0.002763752167395328,9,8,1,massey_recent,G14,RVT 14-3 Sail
G14CACLI6GE,0.002763747873218536,7,1,6,massey_recent,G14,CALI 14 Gold South
G14LCVBC1GE,0.0027594539130031404,7,3,4,massey_recent,G14,Legacy 14 National
G14SURGE1GE,0.0027569665460134285,13,7,6,massey_recent,G14,LI Surge 14 Premier Blue
G14SJJVB2NE,0.002755549565267801,5,4,1,massey_recent,G14,SMASH 14s Fire
G14VVVBC1NE,0.002753025617263871,5,2,3,massey_recent,G14,Vibe Girls 14u Joey
G14TRICO2GE,0.0027400311440362035,9,5,4,massey_recent,G14,TriCounty ATTACK 14 2
G14LHVBC2NE,0.0027382183450104236,5,3,2,massey_recent,G14,LHV Girls 14-2 Blast
G14MOMET2FL,0.002736252422693486,10,9,1,massey_recent,G14,Momentum 14 Neon
G14RENAS1KE,0.00265613395670683,7,4,3,massey_recent,G14,Renaissance 14 Black
G14BEVNY1GE,0.0022804004392418253,7,2,5,massey_recent,G14,BEV 14 Empire
G14NYCVA1GE,0.002207155699293306,8,3,5,massey_recent,G14,NYC VBA 14 Chelsea
G14GRVBC1NE,0.002039566218233535,8,6,2,massey_recent,G14,GVC 14-Black
G14FGSVA1FL,0.0010448192148995172,9,8,1,massey_recent,G14,Gulfside 14U Prime
G14MAJVB1NE,-0.006714012399188007,8,3,5,massey_recent,G14,Mass Premier 14 1 Blue
G14SPAVB3XL,-0.23200282799469818,4,0,4,massey_recent,G14,Spa City 14 Navy
G14MGJVB6NE,-0.43332014951560893,10,7,3,massey_recent,G14,MGA 14's Stripes
G14MAJVB3NE,-1.7664865937872472,15,10,5,massey_recent,G14,Mass Premier 14 2 Blue
G14PROVA3GE,-1.7740945258661556,8,1,7,massey_recent,G14,Prodigy 14.3 Club
G14119131XX,-3.343150076662928,12,9,3,massey_recent,G14,Millbury Storm 14
G14IGVBC1NE,-3.524987480196571,18,14,4,massey_recent,G14,Ignite 14 Black
G14MAJVB4NE,-3.5766200819338962,22,13,9,massey_recent,G14,Mass Premier 14 2 White
G14CSJVB2NE,-3.650234412644039,5,3,2,massey_recent,G14,CT STARS 14s Chuk
G14RRJVB3NE,-4.72640564196111,16,8,8,massey_recent,G14,Boston United 14 Select - Aria
G14TTVBC2NE,-4.838643147600246,21,8,13,massey_recent,G14,SLAM 14P Red
G14MGJVB1NE,-5.683552383822319,10,7,3,massey_recent,G14,MGA 14's Gold
G14NSJVB1NE,-5.702186151088583,21,6,15,massey_recent,G14,NH Seacoast 14 Premier
G14BVJVB2NE,-5.941986866395668,15,7,8,massey_recent,G14,Blast 14U Raptors
G14LFJVB3NE,-6.681489416713433,16,11,5,massey_recent,G14,603 United 14 Seacoast Blue
G14113231XX,-6.893430197876312,24,12,12,massey_recent,G14,EliteZ 14 GIRLS HP BLACK
G14MGJVB7NE,-7.021893900965631,6,0,6,massey_recent,G14,MGA 14's Black
G14MCJVB3NE,-7.249129323535475,6,1,5,massey_recent,G14,Mill City 14 Blue
G14PVJVB3NE,-7.668905902840962,9,4,5,massey_recent,G14,PV 14 Pink Panthers
G14AVVBC2NE,-7.869298933351203,16,6,10,massey_recent,G14,Avidity 14 Jade
G14SJVBC3NE,-8.188733588874848,5,3,2,massey_recent,G14,South County 14-White
G14CSJVB1NE,-8.641032588037813,5,3,2,massey_recent,G14,CT STARS 14s Victoria
G14EYNER2NE,-10.345576732397394,15,4,11,massey_recent,G14,ENVY 14 THUNDER
G14TTVBC3NE,-12.61042876993263,11,6,5,massey_recent,G14,SLAM 14R White
G14RRJVB4NE,-14.132319444795478,16,8,8,massey_recent,G14,Boston United 14 Select - Mollie
G14TUSVA1GE,-14.540388074865636,5,0,5,massey_recent,G14,Train Up VB 14 1
G14MNJVB3NE,-14.714916916970017,6,4,2,massey_recent,G14,Maine Jrs 14-Bronze
G14RRJVB6NE,-15.655764278173766,15,9,6,massey_recent,G14,Boston United 14 Steel
G14MIVBC1NE,-15.797478733401407,16,2,14,massey_recent,G14,Mass Impact 14 Sam
G14TTVBC5NE,-16.372138759002187,12,3,9,massey_recent,G14,SLAM 14R Silver
G14SJVBC4NE,-16.380821090341776,5,4,1,massey_recent,G14,South County 14-Black
G14MAPVB3NE,-17.450779709240212,11,3,8,massey_recent,G14,Mass Power VB 14 Pink
G14RRJVB7NE,-17.785285634126183,17,6,11,massey_recent,G14,Boston United 14 Titanium
G14HRJVB2NE,-17.80683453148191,12,6,6,massey_recent,G14,HardRock 13/14
G14CSJVB3NE,-17.877563437940747,5,2,3,massey_recent,G14,CT STARS 14s Alex
G14LHVBC4NE,-18.017362047616437,10,6,4,massey_recent,G14,LHV Girls 14-4 Triumph
G14AVVBC3NE,-18.42185027594122,16,3,13,massey_recent,G14,Avidity 14 Emerald
G14112721XX,-19.24439516113654,25,9,16,massey_recent,G14,X2 Volleyball 14 1
G14IGVBC2NE,-19.41491463571653,15,5,10,massey_recent,G14,Ignite 14 Red
G14113232XX,-19.604400270299625,11,5,6,massey_recent,G14,EliteZ 14 GIRLS CARBON
G14MCJVB2NE,-20.46084924495313,16,9,7,massey_recent,G14,Mill City 14 Orange
G14TTVBC4NE,-20.71460014124244,11,4,7,massey_recent,G14,SLAM 14R Grey
G14RRJVB5NE,-20.732456277751243,15,7,8,massey_recent,G14,Boston United 14 Sapphire
G14113233XX,-21.30993184731594,11,4,7,massey_recent,G14,EliteZ 14 GIRLS SILVER
G14MIVBC2NE,-21.761097229600338,15,4,11,massey_recent,G14,Mass Impact 14 Lara
G14GAJVB3NE,-25.244667119227483,10,4,6,massey_recent,G14,Gators 14 White
G14TTVBC6NE,-27.10664084261749,10,2,8,massey_recent,G14,SLAM 14R Crimson
G14DRVBC1NE,-28.530183769069428,5,1,4,massey_recent,G14,Dragons 14 Cleber
G14117755XX,-32.086979997161315,20,5,15,massey_recent,G14,ValleyVBC White
G14PROVA4GE,-32.348313420666024,9,4,5,massey_recent,G14,Prodigy 14.4 Club
G14EYNER3NE,-33.24988031997541,15,2,13,massey_recent,G14,ENVY 14 GEOSTORM
G14TCJVB2NE,-34.57905866273661,11,4,7,massey_recent,G14,Nova 14 Select Gracie
G14MGJVB20NE,-36.05066232031804,6,0,6,massey_recent,G14,MGA 14's Lions
G14119501XX,-36.39808372204545,8,0,8,massey_recent,G14,Traprock 14 1
G14DRVBC2NE,-38.74401290242966,10,0,10,massey_recent,G14,Dragons 14 Gabby
G14TTVBC8NE,-41.16055649618064,11,1,10,massey_recent,G14,SLAM 14R Platinum
G14TTVBC7NE,-42.5081730900703,11,0,11,massey_recent,G14,SLAM 14R Cobalt
G15NEVBC1NE,1658.9641934730148,20,18,2,elo_baseline,G15,Northeast 15.1
G15MNJVB1NE,1650.6883083672117,30,25,5,elo_baseline,G15,Maine Jrs 15-National
G15NEVBC2NE,1638.9998533523587,15,14,1,elo_baseline,G15,Northeast 15.2
G15GGVOL1GE,1632.947144986577,15,14,1,elo_baseline,G15,GG 15 1 Monster
G15GAJVB3NE,1609.1907529978273,12,11,1,elo_baseline,G15,Gators 15 White
G15NEVBC3NE,1609.0525922972863,16,13,3,elo_baseline,G15,Northeast 15 Blue
G15NEVBC4NE,1606.2531134703272,18,15,3,elo_baseline,G15,Northeast 15 Orange
G15FGSVA1FL,1604.1301280219827,9,9,0,elo_baseline,G15,Gulfside 15U Prime
G15HKJVB3NE,1601.362974801413,9,9,0,elo_baseline,G15,Husky 15 New England Red
G15HEVBA9NE,1600.103464408949,22,17,5,elo_baseline,G15,HEVBA 15 99
G15MNJVB7NE,1585.8711740921947,11,10,1,elo_baseline,G15,Maine Jrs 15 Silver
G15NYCJR3GE,1583.3234162391625,9,8,1,elo_baseline,G15,NYC Juniors 15 Orange
G15MNJVB2NE,1583.239790636786,21,15,6,elo_baseline,G15,Maine Jrs 15 Gold
G15LDNER3NE,1581.5278260790112,23,16,7,elo_baseline,G15,Lockdown VBC 15 Ravens
G15EYNER1NE,1578.418838005133,12,10,2,elo_baseline,G15,ENVY 15 NATIONAL
G15CMJVB3NE,1573.3644193863886,19,13,6,elo_baseline,G15,CMASS EDGE 15 White
G15RENAS1KE,1571.2883469348153,8,7,1,elo_baseline,G15,Renaissance 15 Black
G15117751XX,1570.6075731960598,15,11,4,elo_baseline,G15,ValleyVBC Elite
G15LHVBC1NE,1569.804602789116,6,6,0,elo_baseline,G15,LHV Girls 15-1 Viragos
G15RRJVB4NE,1569.5248677178074,21,15,6,elo_baseline,G15,Boston United 15 Sapphire
G15SOSVB1GE,1568.7823511982363,6,6,0,elo_baseline,G15,Sideout 15N Artem
G15LHVBC3NE,1568.723227854902,11,9,2,elo_baseline,G15,LHV Girls 15-3 Prowl
G15RRJVB1NE,1568.706410465036,18,13,5,elo_baseline,G15,Boston United 15 National
G15FGSVA2FL,1567.8534751807774,8,7,1,elo_baseline,G15,Gulfside 15U Select
G15GRVBC2NE,1566.9335754431204,14,10,4,elo_baseline,G15,GVC 15-2
G15BVJVB1NE,1565.3246013909813,21,14,7,elo_baseline,G15,Blast 15U Sabers
G15NYCJR1GE,1564.6155194217329,14,10,4,elo_baseline,G15,NYC Juniors 15 National
G15HKJVB2NE,1563.4571023877877,8,7,1,elo_baseline,G15,Husky 15 Northeast
G15LFJVB2NE,1562.322275139027,15,11,4,elo_baseline,G15,603 United 15 Seacoast White
G15MIVBC1NE,1558.7957575558144,10,8,2,elo_baseline,G15,Mass Impact 15 Brent
G15LIBER1CH,1558.2773580896926,7,6,1,elo_baseline,G15,Libero 15 HUSKIES
G15SJJVB3NE,1557.574071915177,5,5,0,elo_baseline,G15,SMASH 15s Lava
G15RRJVB8NE,1557.0452414322604,22,15,7,elo_baseline,G15,Boston United 15 Onyx
G15ROCKA2GE,1554.4129306081759,9,7,2,elo_baseline,G15,RVT 15-2 Swim
G15NEVBC5NE,1554.1537005310515,16,10,6,elo_baseline,G15,Northeast 15 Black
G15RRJVB9NE,1550.9023512520437,21,14,7,elo_baseline,G15,Boston United 15 Chrome
G15MGJVB1NE,1549.1044689145237,11,8,3,elo_baseline,G15,MGA 15's South
G15HKJVB4NE,1548.603260343342,8,6,2,elo_baseline,G15,Husky 15 New England Black
G15EYNER2NE,1545.7493443309509,25,16,9,elo_baseline,G15,ENVY 15 FLOOD
G15SJJVB1NE,1545.4768256789082,12,8,4,elo_baseline,G15,SMASH 15s
G15SSVBC1NE,1545.3643270460238,10,7,3,elo_baseline,G15,SSVBC 15 1
G15SJVBC1NE,1544.7293820102468,15,10,5,elo_baseline,G15,South County 15-Blue
G15SJVBC3NE,1542.7778759147589,15,10,5,elo_baseline,G15,South County 15-White
G15MGJVB2NE,1540.7062697369513,10,7,3,elo_baseline,G15,MGA 15's North
G15LHVBA1GE,1539.9764715622775,12,8,4,elo_baseline,G15,LHVA 15 Purple National
G15FVNER1NE,1536.3477409824693,5,4,1,elo_baseline,G15,Fusion 15 Diamond
G15MNJVB4NE,1536.321806733869,11,7,4,elo_baseline,G15,Maine Jrs 15 Bronze
G15HHVBC4NE,1536.0104735839648,7,5,2,elo_baseline,G15,Hawks 15s
G15MAJVB1NE,1535.601679182165,14,9,5,elo_baseline,G15,Mass Premier 15 1
G15TCJVB1NE,1535.1672745283859,14,9,5,elo_baseline,G15,Nova 15 Premier Kim
G15TRICO1GE,1534.7859721774105,16,9,7,elo_baseline,G15,TriCounty ATTACK 15 1
G15TTVBC3NE,1534.6238903955152,26,14,12,elo_baseline,G15,SLAM 15P White
G15MAJVB3NE,1534.344770653112,3,3,0,elo_baseline,G15,Mass Premier 15 2
G15SJJVB2NE,1534.2433906504486,5,4,1,elo_baseline,G15,SMASH 15s Power
G15CJJVB1NE,1534.1857591214907,11,7,4,elo_baseline,G15,CT Juniors 15 National
G15MAVRK1OV,1533.0282319799535,7,5,2,elo_baseline,G15,Maverick 15 Maroon
G15NYCJR2GE,1532.7589343497132,7,5,2,elo_baseline,G15,NYC Juniors 15 Blue
G15GAJVB2NE,1532.513924913735,15,9,6,elo_baseline,G15,Gators 15 Green
G15CACLI4GE,1532.2310905907977,5,4,1,elo_baseline,G15,CALI 15 Gold Elite
G15GAJVB1NE,1531.415641147847,5,4,1,elo_baseline,G15,Gators 15 Black
G15CSJVB2NE,1531.0059689002815,5,4,1,elo_baseline,G15,CT STARS 15s Leah
G15LHVBC2NE,1529.5589514822987,12,7,5,elo_baseline,G15,LHV Girls 15-2 Ember
G15SAVBC1XL,1529.4868852236614,5,4,1,elo_baseline,G15,Sporting Albany Girls 15u
G15MCJVB3NE,1527.0326449693123,16,9,7,elo_baseline,G15,Mill City 15 Blue
G15ROCKA1GE,1526.8219514702716,8,5,3,elo_baseline,G15,RVT 15-1 Surf
G15MIVBC3NE,1526.3145417347744,22,12,10,elo_baseline,G15,Mass Impact 15 Sarah
G15CAPVC1GE,1526.026650466548,8,5,3,elo_baseline,G15,Capitals 15 National
G15LDNER1NE,1524.8744908613514,10,6,4,elo_baseline,G15,Lockdown VBC 15 Cardinals
G15LUNAR5GEX,1524.3644142577168,4,3,1,elo_baseline,G15,Lunar 15 1
G15LEGIO3XL,1523.4445926662945,10,6,4,elo_baseline,G15,TeamLVC 15 White
G15LDNER2NE,1522.326326295641,19,10,9,elo_baseline,G15,Lockdown VBC 15 Owls
G15LEGIO2XL,1521.5721668924418,10,6,4,elo_baseline,G15,TeamLVC 15 Pink
G15NYCLI1GE,1521.2143561893981,8,5,3,elo_baseline,G15,NYCLI 15 Elite
G15RRJVB5NE,1520.1407208590929,21,12,9,elo_baseline,G15,Boston United 15 Steel
G15118021XX,1518.7838953154323,9,5,4,elo_baseline,G15,NYCLBVC 15U BLUE ELITE
G15MOMET2FL,1518.2796972015187,7,4,3,elo_baseline,G15,Momentum 15 Neon
G15AVVBC3NE,1514.7900861206592,26,14,12,elo_baseline,G15,Avidity 15 Jade
G15PINVA2GE,1511.4772234821016,7,4,3,elo_baseline,G15,PVA 15 National Peak
G15516EL4GE,1511.2825737757082,7,4,3,elo_baseline,G15,516 Elite 15 Silver
G15RRJVB2NE,1510.2877828239505,39,21,18,elo_baseline,G15,Boston United 15 Northeast
G15MCJVB2NE,1509.4755755671154,24,11,13,elo_baseline,G15,Mill City 15 Orange
G15AVVBC1NE,1508.921266757384,16,8,8,elo_baseline,G15,Avidity 15 Onyx
G15HKJVB5NE,1508.4887225994287,8,4,4,elo_baseline,G15,Husky 15 New England White
G15AAVBC2NE,1508.166024210845,5,3,2,elo_baseline,G15,AVA 15 AVAlanche
G15XTREM1GE,1506.8538210202996,7,4,3,elo_baseline,G15,Xtreme 15 USA Cindy
G15TTVBC5NE,1506.4308871318776,16,8,8,elo_baseline,G15,SLAM 15R Silver
G15TTVBC4NE,1505.8731962560519,16,8,8,elo_baseline,G15,SLAM 15R Grey
G15MGJVB4NE,1505.7240443835944,10,5,5,elo_baseline,G15,MGA 15's Stripes
G15CACLI7GE,1504.6595883944663,8,4,4,elo_baseline,G15,CALI 15 Gold North
G15MAJVB5NE,1504.26226740904,8,4,4,elo_baseline,G15,Mass Premier 15-3 White
G15NYCIV1GE,1503.9012961441822,8,4,4,elo_baseline,G15,NYC Impact 15U National
G15MGJVB3NE,1503.4248065991148,10,5,5,elo_baseline,G15,MGA 15's Stars
G15RRJVB3NE,1502.674546566905,22,12,10,elo_baseline,G15,Boston United 15 Select 1
G15PROVA4GE,1502.1757290037574,8,4,4,elo_baseline,G15,Prodigy 15.4 Club
G15VERSE2GE,1501.7614500221807,8,4,4,elo_baseline,G15,NYC Volley Verse 15 Navy
G15CMJVB2NE,1501.3791233604593,10,5,5,elo_baseline,G15,CMASS EDGE 15 Blue
G15OCEAN1GE,1500.2017539863086,8,4,4,elo_baseline,G15,Ocean Volleyball 15 National
G15117753XX,1500.1692066625797,15,8,7,elo_baseline,G15,ValleyVBC Black
G15RRJVB10NE,1500.0467261538274,23,12,11,elo_baseline,G15,Boston United 15 Diamond
G15SAJVB1NE,1499.7592662731654,13,7,6,elo_baseline,G15,SA Elite 15 American
G15MXVBC1NE,1499.6434305382713,10,5,5,elo_baseline,G15,Max Performance 15 Brad
G15AVVBC4NE,1499.398909622462,26,12,14,elo_baseline,G15,Avidity 15 Emerald
G15SJVBC2NE,1496.5515939148934,15,7,8,elo_baseline,G15,South County 15-Gold
G15MAJVB2NE,1496.1787461096872,11,5,6,elo_baseline,G15,Mass Premier 15 2
G15EYNER4NE,1495.2793723891473,15,7,8,elo_baseline,G15,ENVY 15 HAILSTORM
G15MAPVB3NE,1492.9950574972497,26,13,13,elo_baseline,G15,Mass Power VB 15 Pink
G15DIGSV2GE,1492.3956693783416,7,3,4,elo_baseline,G15,Digs 15 WHITE
G15AAVBC1NE,1491.3380605346588,5,2,3,elo_baseline,G15,AVA 15 Lightning
G15ROCKA3GE,1491.1320664545246,7,3,4,elo_baseline,G15,RVT 15-3 Sail
G15MCJVB4NE,1490.4138774448345,15,7,8,elo_baseline,G15,Mill City 15 Teal
G15VOLFX1WE,1489.6266547124303,5,2,3,elo_baseline,G15,VolleyFX 15 Chant
G15118023XX,1489.5478947096642,7,3,4,elo_baseline,G15,NYCLBVC 15U BLACK
G15BEVNY1GE,1488.7896724715288,7,3,4,elo_baseline,G15,BEV 15 Empire
G15USANY1XL,1488.7439620427747,5,2,3,elo_baseline,G15,USANY Calculus 15 1
G15TCJAG1XL,1487.8941464602185,6,2,4,elo_baseline,G15,Jaguars 15u Black
G15PARAD2WE,1486.8448874976991,1,0,1,elo_baseline,G15,Paradigm Racket
G15EYNER3NE,1486.7859762233559,15,7,8,elo_baseline,G15,ENVY 15 TIDALWAVE
G15VERSE1GE,1486.6782553047303,7,3,4,elo_baseline,G15,NYC Volley Verse 15 Gold
G15MGJVB20NE,1485.2376005250692,3,1,2,elo_baseline,G15,MGA 15's Tigers
G15LIVBI1GE,1484.7331173635184,5,2,3,elo_baseline,G15,LI Blaze VBC 15
G15LEGIO1XL,1482.8881475018654,17,8,9,elo_baseline,G15,TeamLVC 15 Black
G15117754XX,1482.532277987519,14,6,8,elo_baseline,G15,ValleyVBC Blue
G15DIGSV1GE,1482.018543504324,8,3,5,elo_baseline,G15,Digs 15 RED
G15516EL3GE,1480.4082579978974,8,3,5,elo_baseline,G15,516 Elite 15 White
G15BEVNY2GE,1479.7384965278513,8,3,5,elo_baseline,G15,BEV 15 Elite
G15AVVBC2NE,1479.251019976727,20,9,11,elo_baseline,G15,Avidity 15 Ruby
G15CMJVB1NE,1479.016758272088,10,4,6,elo_baseline,G15,CMASS EDGE 15 Black
G15LFJVB1NE,1477.6736933436005,15,6,9,elo_baseline,G15,603 United 15 Seacoast Black
G15LHVBC4NE,1477.0344838814317,10,4,6,elo_baseline,G15,LHV Girls 15-4 Voltage
G15LCVBC1GE,1476.9950356478646,8,3,5,elo_baseline,G15,Legacy 15 National
G15PVJVB1NE,1475.3479534977141,24,10,14,elo_baseline,G15,PV 15 National
G15LCVBC2GE,1475.2766617247166,8,3,5,elo_baseline,G15,Legacy 15 Premier
G15NYCJR4GE,1473.2625672369936,7,2,5,elo_baseline,G15,NYC Juniors 15 SI
G15TTVBC2NE,1472.4908941097635,26,12,14,elo_baseline,G15,SLAM 15P Red
G15SRVBC1NE,1469.6290216200216,16,7,9,elo_baseline,G15,SURGE 15 YELLOW
G15SURGE1GE,1468.6228381544634,13,5,8,elo_baseline,G15,LI Surge 15 Premier Blue
G15RENAS2KE,1468.509093348105,7,2,5,elo_baseline,G15,Renaissance 15 Red
G15112721XX,1468.1064419611916,31,14,17,elo_baseline,G15,X2 Volleyball 15 1
G15SGHVB1NE,1467.5237326134666,12,4,8,elo_baseline,G15,Starlings GH 15 1
G15CJVBA5GE,1467.449751346267,7,2,5,elo_baseline,G15,CJVA 15 Red
G15GRVBC1NE,1467.0883138708537,12,4,8,elo_baseline,G15,GVC 15-1
G15CACLI6GE,1466.420664546386,7,2,5,elo_baseline,G15,CALI 15 Gold
G15HKJVB1NE,1466.390538346465,5,1,4,elo_baseline,G15,Husky 15 National
G15CAMYV1NE,1465.7241282444104,9,3,6,elo_baseline,G15,CYVB 15 1
G15CACLI1GE,1465.6192093950503,5,1,4,elo_baseline,G15,CALI 15 Black
G15VERSE3GE,1465.500979409406,7,2,5,elo_baseline,G15,NYC Volley Verse 15 SI Gold
G15PINVA1GE,1464.3087757281203,7,2,5,elo_baseline,G15,PVA 15 National Summit
G15CTRVB1NE,1463.822415081823,40,18,22,elo_baseline,G15,C3VB 15 1
G15NYCVA1GE,1462.441796452659,7,2,5,elo_baseline,G15,NYC VBA 15 Soho
G15LFJVB3NE,1461.9401347966475,12,4,8,elo_baseline,G15,603 United 15 Seacoast Blue
G15MGJVB25NE,1461.160981784405,3,0,3,elo_baseline,G15,MGA 15's Eagles
G15PROVA5GE,1458.4655924304504,8,2,6,elo_baseline,G15,Prodigy 15.5 Club
G15CJVBA6GE,1457.060796448167,8,2,6,elo_baseline,G15,CJVA 15 Ruby
G15SPAVB2XL,1456.236675716848,10,3,7,elo_baseline,G15,Spa City 15 Coral
G15WHIRL1XL,1455.3170205142126,8,2,6,elo_baseline,G15,Whirlwind VBC 15 1
G15IGVBC2NE,1453.7109721214217,18,7,11,elo_baseline,G15,Ignite 15 Red
G15MCJVB1NE,1453.0058100569493,18,6,12,elo_baseline,G15,Mill City 15's
G15SJVBC4NE,1451.8009745939091,15,5,10,elo_baseline,G15,South County 15-Black
G15SURGE2GE,1451.756702374047,13,4,9,elo_baseline,G15,LI Surge 15 Premier White
G15MGJVB19NE,1451.1517328222276,6,1,5,elo_baseline,G15,MGA 15's Falcons
G15BVJVB2NE,1451.0900530305894,20,7,13,elo_baseline,G15,Blast 15 U Badgers
G15CSJVB3NE,1450.6719651525796,6,1,5,elo_baseline,G15,CT STARS 15s Oxholm
G15MIVBC2NE,1450.455323005737,21,8,13,elo_baseline,G15,Mass Impact 15 Kayla
G15RRJVB6NE,1450.35173157721,21,9,12,elo_baseline,G15,Boston United 15 Titanium
G15UNVBC2NE,1447.6922677092991,10,3,7,elo_baseline,G15,Unity 15 Girls Silver Shamrocks
G15RRJVB12NE,1447.0876389788123,20,7,13,elo_baseline,G15,Boston United 15 Graphite
G15IGVBC1NE,1445.329789331842,21,8,13,elo_baseline,G15,Ignite 15 Black
G15BEVNY3GE,1444.918935470101,7,1,6,elo_baseline,G15,BEV 15 Skyline
G15TCJVB3NE,1443.9655366735203,17,6,11,elo_baseline,G15,Nova 15 Select Lauren
G15TCJVB4NE,1442.4296882468936,13,4,9,elo_baseline,G15,Nova 15 Regional
G15119491XX,1442.3929854016362,5,0,5,elo_baseline,G15,Vale 15 1
G15CSJVB1NE,1442.3577326928157,12,3,9,elo_baseline,G15,CT STARS 15s Nikki
G15TTVBC1NE,1442.0811526763234,23,8,15,elo_baseline,G15,SLAM 15P Black
G15CSJVB4NE,1439.8852610294293,5,0,5,elo_baseline,G15,CT STARS 15s Comstock
G15ATACK1GE,1439.4029406064585,7,1,6,elo_baseline,G15,Attack 15 1
G15SIVBC1NE,1438.8525637129542,29,10,19,elo_baseline,G15,SISU VB 15 1
G15TCJVB2NE,1438.6807689009931,5,0,5,elo_baseline,G15,Nova 15 Premier Holly
G15MGJVB6NE,1438.603069028894,8,1,7,elo_baseline,G15,MGA 15's Black
G15HRJVB1NE,1437.7458044721636,19,6,13,elo_baseline,G15,HardRock 15
G15PVJVB3NE,1436.2525862111515,23,9,14,elo_baseline,G15,PV 15 Elite
G15SPAVB1XL,1436.1008288634105,17,5,12,elo_baseline,G15,Spa City 15 Aqua
G15SPAVB3XL,1435.0667828158714,10,2,8,elo_baseline,G15,Spa City 15 Navy
G15EXVBC1NE,1434.2122027611474,10,2,8,elo_baseline,G15,Extreme 15 Purple
G15113231XX,1434.1154554836437,28,9,19,elo_baseline,G15,EliteZ 15 GIRLS HP BLACK
G15MGJVB18NE,1433.5593381703063,6,0,6,elo_baseline,G15,MGA 15's Hawks
G15NSJVB1NE,1428.4719110785923,20,6,14,elo_baseline,G15,NH Seacoast 15 Open
G15BEVNY4GE,1422.621378220389,7,0,7,elo_baseline,G15,BEV 15 High Rise
G15SURGE3GE,1420.2978391718873,7,0,7,elo_baseline,G15,LI Surge 15 2 South
G15CACLI5GE,1418.5755484342192,7,0,7,elo_baseline,G15,CALI 15 Gold South
G15MAJVB4NE,1418.4422174359704,8,0,8,elo_baseline,G15,Mass Premier 15-3 Blue
G15RRJVB7NE,1416.7026470886092,15,4,11,elo_baseline,G15,Boston United 15 Silver
G15EYNER5NE,1412.3209328898256,15,3,12,elo_baseline,G15,ENVY 15 LANDSLIDE
G15MGJVB5NE,1410.7708304243984,8,0,8,elo_baseline,G15,MGA 15's White
G15112722XX,1409.7594665404595,31,9,22,elo_baseline,G15,X2 Volleyball 15 2
G15NESVC1NE,1401.4763729507513,21,5,16,elo_baseline,G15,NE Storm 15 Tempest
G15DRVBC2NE,1390.5185121740315,10,0,10,elo_baseline,G15,Dragons 15 Angelina
G15RRJVB11NE,1388.9140157970241,20,5,15,elo_baseline,G15,Boston United 15 Cobalt
G15113233XX,1385.6803146175841,16,3,13,elo_baseline,G15,EliteZ 15 GIRLS SILVER
G15113232XX,1358.2486689189377,16,1,15,elo_baseline,G15,EliteZ 15 GIRLS CARBON
G15TCJVB5NE,1344.9407489310088,16,1,15,elo_baseline,G15,Nova 14/15 Select Addison
G15NEVBC1NE,1809.6416870518656,20,18,2,elo_margin,G15,Northeast 15.1
G15NEVBC2NE,1802.243799579169,15,14,1,elo_margin,G15,Northeast 15.2
G15GGVOL1GE,1775.2393985722074,15,14,1,elo_margin,G15,GG 15 1 Monster
G15FGSVA1FL,1738.7181333431615,9,9,0,elo_margin,G15,Gulfside 15U Prime
G15MNJVB1NE,1737.2726154463987,30,25,5,elo_margin,G15,Maine Jrs 15-National
G15HKJVB3NE,1730.8666124075626,9,9,0,elo_margin,G15,Husky 15 New England Red
G15GAJVB3NE,1725.5431605549468,12,11,1,elo_margin,G15,Gators 15 White
G15NEVBC3NE,1712.236785001331,16,13,3,elo_margin,G15,Northeast 15 Blue
G15NEVBC4NE,1676.4098555732128,18,15,3,elo_margin,G15,Northeast 15 Orange
G15NYCJR3GE,1665.6189020521676,9,8,1,elo_margin,G15,NYC Juniors 15 Orange
G15MNJVB7NE,1661.5468750159075,11,10,1,elo_margin,G15,Maine Jrs 15 Silver
G15RENAS1KE,1660.465254424467,8,7,1,elo_margin,G15,Renaissance 15 Black
G15SOSVB1GE,1659.0994979781535,6,6,0,elo_margin,G15,Sideout 15N Artem
G15HEVBA9NE,1656.9188427257689,22,17,5,elo_margin,G15,HEVBA 15 99
G15MNJVB2NE,1655.579239298344,21,15,6,elo_margin,G15,Maine Jrs 15 Gold
G15CMJVB3NE,1655.1116855201471,19,13,6,elo_margin,G15,CMASS EDGE 15 White
G15LHVBC1NE,1654.9938091360711,6,6,0,elo_margin,G15,LHV Girls 15-1 Viragos
G15FGSVA2FL,1654.1342388547168,8,7,1,elo_margin,G15,Gulfside 15U Select
G15NEVBC5NE,1646.9812391654666,16,10,6,elo_margin,G15,Northeast 15 Black
G15117751XX,1645.688608225562,15,11,4,elo_margin,G15,ValleyVBC Elite
G15HKJVB2NE,1637.0015444298638,8,7,1,elo_margin,G15,Husky 15 Northeast
G15LIBER1CH,1636.913483125979,7,6,1,elo_margin,G15,Libero 15 HUSKIES
G15GRVBC2NE,1635.8504073971112,14,10,4,elo_margin,G15,GVC 15-2
G15EYNER1NE,1635.5287252715607,12,10,2,elo_margin,G15,ENVY 15 NATIONAL
G15MIVBC1NE,1630.3953754787465,10,8,2,elo_margin,G15,Mass Impact 15 Brent
G15ROCKA2GE,1629.8538376896167,9,7,2,elo_margin,G15,RVT 15-2 Swim
G15NYCJR1GE,1627.8009339658543,14,10,4,elo_margin,G15,NYC Juniors 15 National
G15SJJVB3NE,1626.8218139690684,5,5,0,elo_margin,G15,SMASH 15s Lava
G15LDNER3NE,1625.1660841048122,23,16,7,elo_margin,G15,Lockdown VBC 15 Ravens
G15SSVBC1NE,1617.6513771664065,10,7,3,elo_margin,G15,SSVBC 15 1
G15RRJVB1NE,1617.5424466558948,18,13,5,elo_margin,G15,Boston United 15 National
G15LHVBC3NE,1617.353004692007,11,9,2,elo_margin,G15,LHV Girls 15-3 Prowl
G15MGJVB1NE,1608.0229488925638,11,8,3,elo_margin,G15,MGA 15's South
G15TRICO1GE,1605.0086075515585,16,9,7,elo_margin,G15,TriCounty ATTACK 15 1
G15BVJVB1NE,1603.3423334632498,21,14,7,elo_margin,G15,Blast 15U Sabers
G15HKJVB4NE,1603.1586009694524,8,6,2,elo_margin,G15,Husky 15 New England Black
G15SJVBC1NE,1600.647247437168,15,10,5,elo_margin,G15,South County 15-Blue
G15MGJVB2NE,1598.4944634830736,10,7,3,elo_margin,G15,MGA 15's North
G15LFJVB2NE,1590.8665161942165,15,11,4,elo_margin,G15,603 United 15 Seacoast White
G15RRJVB4NE,1589.254199809316,21,15,6,elo_margin,G15,Boston United 15 Sapphire
G15SJJVB1NE,1588.473779353025,12,8,4,elo_margin,G15,SMASH 15s
G15RRJVB8NE,1587.7850836943198,22,15,7,elo_margin,G15,Boston United 15 Onyx
G15CACLI4GE,1585.013769595175,5,4,1,elo_margin,G15,CALI 15 Gold Elite
G15RRJVB9NE,1582.9828136388812,21,14,7,elo_margin,G15,Boston United 15 Chrome
G15SJJVB2NE,1580.0454315584584,5,4,1,elo_margin,G15,SMASH 15s Power
G15MAJVB3NE,1580.026765536231,3,3,0,elo_margin,G15,Mass Premier 15 2
G15FVNER1NE,1577.946016238644,5,4,1,elo_margin,G15,Fusion 15 Diamond
G15LHVBC2NE,1572.9644014384837,12,7,5,elo_margin,G15,LHV Girls 15-2 Ember
G15MOMET2FL,1572.5773548381264,7,4,3,elo_margin,G15,Momentum 15 Neon
G15NYCJR2GE,1572.5141125108476,7,5,2,elo_margin,G15,NYC Juniors 15 Blue
G15LEGIO3XL,1572.3398761278625,10,6,4,elo_margin,G15,TeamLVC 15 White
G15LHVBA1GE,1570.7938216163063,12,8,4,elo_margin,G15,LHVA 15 Purple National
G15MAVRK1OV,1568.7748766889506,7,5,2,elo_margin,G15,Maverick 15 Maroon
G15GAJVB2NE,1568.5059177707694,15,9,6,elo_margin,G15,Gators 15 Green
G15TCJVB1NE,1567.6637794426465,14,9,5,elo_margin,G15,Nova 15 Premier Kim
G15MIVBC3NE,1567.5804500832282,22,12,10,elo_margin,G15,Mass Impact 15 Sarah
G15MNJVB4NE,1567.4031937046373,11,7,4,elo_margin,G15,Maine Jrs 15 Bronze
G15CJJVB1NE,1567.2788230131794,11,7,4,elo_margin,G15,CT Juniors 15 National
G15MCJVB2NE,1565.7033993043253,24,11,13,elo_margin,G15,Mill City 15 Orange
G15GAJVB1NE,1565.320505480734,5,4,1,elo_margin,G15,Gators 15 Black
G15SJVBC3NE,1563.8413930596546,15,10,5,elo_margin,G15,South County 15-White
G15LUNAR5GEX,1562.9500747094498,4,3,1,elo_margin,G15,Lunar 15 1
G15118021XX,1557.9501584464053,9,5,4,elo_margin,G15,NYCLBVC 15U BLUE ELITE
G15EYNER2NE,1557.765958780644,25,16,9,elo_margin,G15,ENVY 15 FLOOD
G15LDNER2NE,1557.6345624085122,19,10,9,elo_margin,G15,Lockdown VBC 15 Owls
G15CSJVB2NE,1555.7836407103475,5,4,1,elo_margin,G15,CT STARS 15s Leah
G15CAPVC1GE,1553.6150707010158,8,5,3,elo_margin,G15,Capitals 15 National
G15LDNER1NE,1553.1205215112939,10,6,4,elo_margin,G15,Lockdown VBC 15 Cardinals
G15TTVBC3NE,1553.0950192424118,26,14,12,elo_margin,G15,SLAM 15P White
G15MCJVB3NE,1551.5429586590185,16,9,7,elo_margin,G15,Mill City 15 Blue
G15HHVBC4NE,1550.6316972942764,7,5,2,elo_margin,G15,Hawks 15s
G15NYCLI1GE,1550.1467608700866,8,5,3,elo_margin,G15,NYCLI 15 Elite
G15PINVA2GE,1545.8011082768203,7,4,3,elo_margin,G15,PVA 15 National Peak
G15AVVBC1NE,1545.018688983495,16,8,8,elo_margin,G15,Avidity 15 Onyx
G15LEGIO2XL,1538.3891445709744,10,6,4,elo_margin,G15,TeamLVC 15 Pink
G15HKJVB5NE,1534.1589099666583,8,4,4,elo_margin,G15,Husky 15 New England White
G15NYCIV1GE,1533.6079027291746,8,4,4,elo_margin,G15,NYC Impact 15U National
G15ROCKA1GE,1530.7011362062165,8,5,3,elo_margin,G15,RVT 15-1 Surf
G15MGJVB4NE,1528.0094187478053,10,5,5,elo_margin,G15,MGA 15's Stripes
G15SAVBC1XL,1527.946893301654,5,4,1,elo_margin,G15,Sporting Albany Girls 15u
G15CMJVB2NE,1526.1060710979384,10,5,5,elo_margin,G15,CMASS EDGE 15 Blue
G15AVVBC4NE,1526.0829149326007,26,12,14,elo_margin,G15,Avidity 15 Emerald
G15RRJVB5NE,1525.8881914356882,21,12,9,elo_margin,G15,Boston United 15 Steel
G15TTVBC4NE,1524.4945540720569,16,8,8,elo_margin,G15,SLAM 15R Grey
G15516EL4GE,1522.0447711700972,7,4,3,elo_margin,G15,516 Elite 15 Silver
G15MAJVB1NE,1521.2067321914924,14,9,5,elo_margin,G15,Mass Premier 15 1
G15MAJVB5NE,1519.8159730453654,8,4,4,elo_margin,G15,Mass Premier 15-3 White
G15CACLI7GE,1517.9063246590376,8,4,4,elo_margin,G15,CALI 15 Gold North
G15PROVA4GE,1515.0571171298557,8,4,4,elo_margin,G15,Prodigy 15.4 Club
G15TTVBC5NE,1513.4976488379143,16,8,8,elo_margin,G15,SLAM 15R Silver
G15OCEAN1GE,1511.9985891733807,8,4,4,elo_margin,G15,Ocean Volleyball 15 National
G15SAJVB1NE,1505.2075502738965,13,7,6,elo_margin,G15,SA Elite 15 American
G15AVVBC3NE,1505.1552764497146,26,14,12,elo_margin,G15,Avidity 15 Jade
G15MGJVB3NE,1502.3160631560534,10,5,5,elo_margin,G15,MGA 15's Stars
G15USANY1XL,1501.7602522609136,5,2,3,elo_margin,G15,USANY Calculus 15 1
G15AAVBC2NE,1499.5457265095438,5,3,2,elo_margin,G15,AVA 15 AVAlanche
G15AAVBC1NE,1497.243849485735,5,2,3,elo_margin,G15,AVA 15 Lightning
G15MXVBC1NE,1497.087151058511,10,5,5,elo_margin,G15,Max Performance 15 Brad
G15VERSE2GE,1491.5114446440225,8,4,4,elo_margin,G15,NYC Volley Verse 15 Navy
G15118023XX,1491.2884368932903,7,3,4,elo_margin,G15,NYCLBVC 15U BLACK
G15XTREM1GE,1486.4816869372496,7,4,3,elo_margin,G15,Xtreme 15 USA Cindy
G15EYNER4NE,1485.3934356702732,15,7,8,elo_margin,G15,ENVY 15 HAILSTORM
G15SJVBC2NE,1484.1107145604346,15,7,8,elo_margin,G15,South County 15-Gold
G15BEVNY1GE,1483.3933001218184,7,3,4,elo_margin,G15,BEV 15 Empire
G15RRJVB2NE,1482.5609508114976,39,21,18,elo_margin,G15,Boston United 15 Northeast
G15VOLFX1WE,1482.09054332711,5,2,3,elo_margin,G15,VolleyFX 15 Chant
G15DIGSV2GE,1481.075626861774,7,3,4,elo_margin,G15,Digs 15 WHITE
G15MAJVB2NE,1480.3667349043174,11,5,6,elo_margin,G15,Mass Premier 15 2
G15EYNER3NE,1479.534830322475,15,7,8,elo_margin,G15,ENVY 15 TIDALWAVE
G15VERSE1GE,1479.0493168323344,7,3,4,elo_margin,G15,NYC Volley Verse 15 Gold
G15117754XX,1478.110622228576,14,6,8,elo_margin,G15,ValleyVBC Blue
G15RRJVB10NE,1478.0151860429692,23,12,11,elo_margin,G15,Boston United 15 Diamond
G15LFJVB1NE,1477.9881355875223,15,6,9,elo_margin,G15,603 United 15 Seacoast Black
G15LHVBC4NE,1477.5238972732802,10,4,6,elo_margin,G15,LHV Girls 15-4 Voltage
G15GRVBC1NE,1476.9904196239136,12,4,8,elo_margin,G15,GVC 15-1
G15ROCKA3GE,1475.4329318491673,7,3,4,elo_margin,G15,RVT 15-3 Sail
G15MCJVB4NE,1473.6555816804155,15,7,8,elo_margin,G15,Mill City 15 Teal
G15TCJAG1XL,1472.661414054012,6,2,4,elo_margin,G15,Jaguars 15u Black
G15PVJVB1NE,1470.5465281407617,24,10,14,elo_margin,G15,PV 15 National
G15MAPVB3NE,1470.2240545457385,26,13,13,elo_margin,G15,Mass Power VB 15 Pink
G15LFJVB3NE,1469.67109997195,12,4,8,elo_margin,G15,603 United 15 Seacoast Blue
G15BEVNY2GE,1467.9758779826843,8,3,5,elo_margin,G15,BEV 15 Elite
G15LEGIO1XL,1463.2383899332451,17,8,9,elo_margin,G15,TeamLVC 15 Black
G15PARAD2WE,1463.1962303089265,1,0,1,elo_margin,G15,Paradigm Racket
G15SURGE1GE,1460.8356057336473,13,5,8,elo_margin,G15,LI Surge 15 Premier Blue
G15RRJVB3NE,1460.1561231145108,22,12,10,elo_margin,G15,Boston United 15 Select 1
G15AVVBC2NE,1460.1513547318796,20,9,11,elo_margin,G15,Avidity 15 Ruby
G15MGJVB20NE,1460.1249536358052,3,1,2,elo_margin,G15,MGA 15's Tigers
G15516EL3GE,1460.0938435158794,8,3,5,elo_margin,G15,516 Elite 15 White
G15117753XX,1457.7915826819226,15,8,7,elo_margin,G15,ValleyVBC Black
G15PINVA1GE,1455.3489544238446,7,2,5,elo_margin,G15,PVA 15 National Summit
G15LIVBI1GE,1451.945796593499,5,2,3,elo_margin,G15,LI Blaze VBC 15
G15CMJVB1NE,1451.5332737838219,10,4,6,elo_margin,G15,CMASS EDGE 15 Black
G15DIGSV1GE,1449.8247169359915,8,3,5,elo_margin,G15,Digs 15 RED
G15TTVBC2NE,1444.492343805793,26,12,14,elo_margin,G15,SLAM 15P Red
G15SGHVB1NE,1444.2047347632015,12,4,8,elo_margin,G15,Starlings GH 15 1
G15NYCJR4GE,1442.2069306204899,7,2,5,elo_margin,G15,NYC Juniors 15 SI
G15HKJVB1NE,1441.78457243851,5,1,4,elo_margin,G15,Husky 15 National
G15112721XX,1437.441893877367,31,14,17,elo_margin,G15,X2 Volleyball 15 1
G15CACLI6GE,1432.3521824157872,7,2,5,elo_margin,G15,CALI 15 Gold
G15CTRVB1NE,1431.9357199580409,40,18,22,elo_margin,G15,C3VB 15 1
G15LCVBC2GE,1431.4829846899072,8,3,5,elo_margin,G15,Legacy 15 Premier
G15RENAS2KE,1431.1796428613868,7,2,5,elo_margin,G15,Renaissance 15 Red
G15PROVA5GE,1429.598875842012,8,2,6,elo_margin,G15,Prodigy 15.5 Club
G15LCVBC1GE,1428.4943552809495,8,3,5,elo_margin,G15,Legacy 15 National
G15CAMYV1NE,1426.7265264818138,9,3,6,elo_margin,G15,CYVB 15 1
G15CACLI1GE,1426.1441576264224,5,1,4,elo_margin,G15,CALI 15 Black
G15SRVBC1NE,1425.3703916042325,16,7,9,elo_margin,G15,SURGE 15 YELLOW
G15CSJVB1NE,1422.8328291892408,12,3,9,elo_margin,G15,CT STARS 15s Nikki
G15WHIRL1XL,1420.7902634879342,8,2,6,elo_margin,G15,Whirlwind VBC 15 1
G15VERSE3GE,1420.4456111659804,7,2,5,elo_margin,G15,NYC Volley Verse 15 SI Gold
G15SIVBC1NE,1420.3130574934298,29,10,19,elo_margin,G15,SISU VB 15 1
G15RRJVB12NE,1417.895634073301,20,7,13,elo_margin,G15,Boston United 15 Graphite
G15MCJVB1NE,1417.4338074816708,18,6,12,elo_margin,G15,Mill City 15's
G15HRJVB1NE,1417.0571533767366,19,6,13,elo_margin,G15,HardRock 15
G15BVJVB2NE,1415.7772976947167,20,7,13,elo_margin,G15,Blast 15 U Badgers
G15CJVBA5GE,1414.4951669616394,7,2,5,elo_margin,G15,CJVA 15 Red
G15SJVBC4NE,1411.4243686580153,15,5,10,elo_margin,G15,South County 15-Black
G15CJVBA6GE,1407.6978004448433,8,2,6,elo_margin,G15,CJVA 15 Ruby
G15MIVBC2NE,1405.6171389533044,21,8,13,elo_margin,G15,Mass Impact 15 Kayla
G15NYCVA1GE,1405.168154100242,7,2,5,elo_margin,G15,NYC VBA 15 Soho
G15IGVBC1NE,1405.117889505002,21,8,13,elo_margin,G15,Ignite 15 Black
G15CSJVB3NE,1401.1507646419727,6,1,5,elo_margin,G15,CT STARS 15s Oxholm
G15MGJVB25NE,1398.634188306276,3,0,3,elo_margin,G15,MGA 15's Eagles
G15TTVBC1NE,1397.8574006443919,23,8,15,elo_margin,G15,SLAM 15P Black
G15113231XX,1396.0106373062415,28,9,19,elo_margin,G15,EliteZ 15 GIRLS HP BLACK
G15SPAVB2XL,1394.1898169103047,10,3,7,elo_margin,G15,Spa City 15 Coral
G15112722XX,1391.90898833199,31,9,22,elo_margin,G15,X2 Volleyball 15 2
G15NSJVB1NE,1383.9893340468732,20,6,14,elo_margin,G15,NH Seacoast 15 Open
G15TCJVB4NE,1382.1903311051744,13,4,9,elo_margin,G15,Nova 15 Regional
G15IGVBC2NE,1381.3724901056203,18,7,11,elo_margin,G15,Ignite 15 Red
G15TCJVB3NE,1380.1196809659332,17,6,11,elo_margin,G15,Nova 15 Select Lauren
G15BEVNY3GE,1378.2401060683226,7,1,6,elo_margin,G15,BEV 15 Skyline
G15RRJVB6NE,1376.4571777448107,21,9,12,elo_margin,G15,Boston United 15 Titanium
G15MGJVB6NE,1373.7250039237097,8,1,7,elo_margin,G15,MGA 15's Black
G15SURGE2GE,1373.5335739679413,13,4,9,elo_margin,G15,LI Surge 15 Premier White
G15TCJVB2NE,1373.4755147831984,5,0,5,elo_margin,G15,Nova 15 Premier Holly
G15SPAVB1XL,1373.2042746007746,17,5,12,elo_margin,G15,Spa City 15 Aqua
G15119491XX,1371.620296468403,5,0,5,elo_margin,G15,Vale 15 1
G15PVJVB3NE,1367.4143157975323,23,9,14,elo_margin,G15,PV 15 Elite
G15EXVBC1NE,1361.4240718696244,10,2,8,elo_margin,G15,Extreme 15 Purple
G15ATACK1GE,1361.2256001985231,7,1,6,elo_margin,G15,Attack 15 1
G15MGJVB19NE,1361.1092862163543,6,1,5,elo_margin,G15,MGA 15's Falcons
G15MGJVB18NE,1356.573126424428,6,0,6,elo_margin,G15,MGA 15's Hawks
G15SPAVB3XL,1356.1409258160174,10,2,8,elo_margin,G15,Spa City 15 Navy
G15CSJVB4NE,1353.1823356976092,5,0,5,elo_margin,G15,CT STARS 15s Comstock
G15MAJVB4NE,1344.1700799623418,8,0,8,elo_margin,G15,Mass Premier 15-3 Blue
G15UNVBC2NE,1343.474733567085,10,3,7,elo_margin,G15,Unity 15 Girls Silver Shamrocks
G15CACLI5GE,1340.9383914292785,7,0,7,elo_margin,G15,CALI 15 Gold South
G15EYNER5NE,1333.8396562943497,15,3,12,elo_margin,G15,ENVY 15 LANDSLIDE
G15BEVNY4GE,1327.0063200660595,7,0,7,elo_margin,G15,BEV 15 High Rise
G15MGJVB5NE,1323.7940848030828,8,0,8,elo_margin,G15,MGA 15's White
G15RRJVB7NE,1319.6389233502575,15,4,11,elo_margin,G15,Boston United 15 Silver
G15NESVC1NE,1319.2657908615977,21,5,16,elo_margin,G15,NE Storm 15 Tempest
G15SURGE3GE,1318.8689876468732,7,0,7,elo_margin,G15,LI Surge 15 2 South
G15RRJVB11NE,1287.097688867211,20,5,15,elo_margin,G15,Boston United 15 Cobalt
G15DRVBC2NE,1264.8415518824504,10,0,10,elo_margin,G15,Dragons 15 Angelina
G15113233XX,1243.0710526191294,16,3,13,elo_margin,G15,EliteZ 15 GIRLS SILVER
G15113232XX,1234.3980668163185,16,1,15,elo_margin,G15,EliteZ 15 GIRLS CARBON
G15TCJVB5NE,1162.6662093547172,16,1,15,elo_margin,G15,Nova 14/15 Select Addison
G15MNJVB1NE,105.28632167520007,30,25,5,hybrid_points,G15,Maine Jrs 15-National
G15NEVBC1NE,79.73621386250217,20,18,2,hybrid_points,G15,Northeast 15.1
G15RRJVB2NE,73.61890567021942,39,21,18,hybrid_points,G15,Boston United 15 Northeast
G15LDNER3NE,66.9509798980987,23,16,7,hybrid_points,G15,Lockdown VBC 15 Ravens
G15HEVBA9NE,66.33557012935373,22,17,5,hybrid_points,G15,HEVBA 15 99
G15MNJVB2NE,65.21087003399259,21,15,6,hybrid_points,G15,Maine Jrs 15 Gold
G15CTRVB1NE,64.56663647350186,40,18,22,hybrid_points,G15,C3VB 15 1
G15RRJVB8NE,64.5190946456843,22,15,7,hybrid_points,G15,Boston United 15 Onyx
G15NEVBC2NE,64.39328888929192,15,14,1,hybrid_points,G15,Northeast 15.2
G15NEVBC4NE,64.08180103193095,18,15,3,hybrid_points,G15,Northeast 15 Orange
G15EYNER2NE,63.69358651836033,25,16,9,hybrid_points,G15,ENVY 15 FLOOD
G15RRJVB4NE,63.34999896255562,21,15,6,hybrid_points,G15,Boston United 15 Sapphire
G15GGVOL1GE,62.76414294912823,15,14,1,hybrid_points,G15,GG 15 1 Monster
G15RRJVB9NE,61.833036792305506,21,14,7,hybrid_points,G15,Boston United 15 Chrome
G15AVVBC3NE,57.66424063997658,26,14,12,hybrid_points,G15,Avidity 15 Jade
G15NEVBC3NE,57.55203408957613,16,13,3,hybrid_points,G15,Northeast 15 Blue
G15CMJVB3NE,54.445883325143456,19,13,6,hybrid_points,G15,CMASS EDGE 15 White
G15112721XX,52.108402598082726,31,14,17,hybrid_points,G15,X2 Volleyball 15 1
G15RRJVB1NE,50.55461335449659,18,13,5,hybrid_points,G15,Boston United 15 National
G15MIVBC3NE,50.38206358282901,22,12,10,hybrid_points,G15,Mass Impact 15 Sarah
G15AVVBC4NE,48.60248287918107,26,12,14,hybrid_points,G15,Avidity 15 Emerald
G15TTVBC3NE,48.56552368577706,26,14,12,hybrid_points,G15,SLAM 15P White
G15BVJVB1NE,48.535079784595155,21,14,7,hybrid_points,G15,Blast 15U Sabers
G15GAJVB3NE,48.222715951711564,12,11,1,hybrid_points,G15,Gators 15 White
G15117751XX,48.070291008265514,15,11,4,hybrid_points,G15,ValleyVBC Elite
G15RRJVB5NE,46.60958970905245,21,12,9,hybrid_points,G15,Boston United 15 Steel
G15TTVBC2NE,46.41070120838887,26,12,14,hybrid_points,G15,SLAM 15P Red
G15NEVBC5NE,45.62981845229348,16,10,6,hybrid_points,G15,Northeast 15 Black
G15RRJVB3NE,44.859908733882065,22,12,10,hybrid_points,G15,Boston United 15 Select 1
G15MCJVB2NE,44.823605445686745,24,11,13,hybrid_points,G15,Mill City 15 Orange
G15MNJVB7NE,44.31443204465505,11,10,1,hybrid_points,G15,Maine Jrs 15 Silver
G15RRJVB10NE,43.83417844518497,23,12,11,hybrid_points,G15,Boston United 15 Diamond
G15SJVBC1NE,43.3288445464046,15,10,5,hybrid_points,G15,South County 15-Blue
G15HKJVB3NE,42.29172860251061,9,9,0,hybrid_points,G15,Husky 15 New England Red
G15MAPVB3NE,41.463322333507506,26,13,13,hybrid_points,G15,Mass Power VB 15 Pink
G15FGSVA1FL,41.29588625980108,9,9,0,hybrid_points,G15,Gulfside 15U Prime
G15LFJVB2NE,41.19535318031554,15,11,4,hybrid_points,G15,603 United 15 Seacoast White
G15EYNER1NE,39.688045364580304,12,10,2,hybrid_points,G15,ENVY 15 NATIONAL
G15SJVBC3NE,39.18282751740844,15,10,5,hybrid_points,G15,South County 15-White
G15GRVBC2NE,38.725155430114896,14,10,4,hybrid_points,G15,GVC 15-2
G15GAJVB2NE,38.27366531123414,15,9,6,hybrid_points,G15,Gators 15 Green
G15NYCJR1GE,37.88234695298698,14,10,4,hybrid_points,G15,NYC Juniors 15 National
G15TCJVB1NE,37.3322666413454,14,9,5,hybrid_points,G15,Nova 15 Premier Kim
G15TRICO1GE,36.45130331001412,16,9,7,hybrid_points,G15,TriCounty ATTACK 15 1
G15MIVBC1NE,36.341722928432006,10,8,2,hybrid_points,G15,Mass Impact 15 Brent
G15MAJVB1NE,35.556995174719006,14,9,5,hybrid_points,G15,Mass Premier 15 1
G15MCJVB3NE,34.825385696618135,16,9,7,hybrid_points,G15,Mill City 15 Blue
G15LDNER2NE,34.69422598840856,19,10,9,hybrid_points,G15,Lockdown VBC 15 Owls
G15MGJVB1NE,34.569175773734244,11,8,3,hybrid_points,G15,MGA 15's South
G15SJJVB1NE,34.31899734554864,12,8,4,hybrid_points,G15,SMASH 15s
G15TTVBC4NE,34.00769262055647,16,8,8,hybrid_points,G15,SLAM 15R Grey
G15LHVBC3NE,32.88723913830217,11,9,2,hybrid_points,G15,LHV Girls 15-3 Prowl
G15HKJVB2NE,32.708004645790034,8,7,1,hybrid_points,G15,Husky 15 Northeast
G15AVVBC2NE,32.485825336304195,20,9,11,hybrid_points,G15,Avidity 15 Ruby
G15IGVBC1NE,32.375389619213436,21,8,13,hybrid_points,G15,Ignite 15 Black
G15FGSVA2FL,32.03882584408653,8,7,1,hybrid_points,G15,Gulfside 15U Select
G15ROCKA2GE,31.922127370084496,9,7,2,hybrid_points,G15,RVT 15-2 Swim
G15NYCJR3GE,31.415137308199874,9,8,1,hybrid_points,G15,NYC Juniors 15 Orange
G15PVJVB3NE,30.72338865762227,23,9,14,hybrid_points,G15,PV 15 Elite
G15PVJVB1NE,30.681553513481514,24,10,14,hybrid_points,G15,PV 15 National
G15MNJVB4NE,30.396853598191626,11,7,4,hybrid_points,G15,Maine Jrs 15 Bronze
G15MGJVB2NE,30.361831754769447,10,7,3,hybrid_points,G15,MGA 15's North
G15SAJVB1NE,30.34456708613344,13,7,6,hybrid_points,G15,SA Elite 15 American
G15SSVBC1NE,29.92680568544577,10,7,3,hybrid_points,G15,SSVBC 15 1
G15RENAS1KE,29.69680919202999,8,7,1,hybrid_points,G15,Renaissance 15 Black
G15LHVBA1GE,29.557461393062308,12,8,4,hybrid_points,G15,LHVA 15 Purple National
G15AVVBC1NE,28.766710851208572,16,8,8,hybrid_points,G15,Avidity 15 Onyx
G15TTVBC5NE,28.492137807190474,16,8,8,hybrid_points,G15,SLAM 15R Silver
G15CJJVB1NE,27.75182518119892,11,7,4,hybrid_points,G15,CT Juniors 15 National
G15LEGIO1XL,27.349938198746674,17,8,9,hybrid_points,G15,TeamLVC 15 Black
G15EYNER3NE,26.94015506941391,15,7,8,hybrid_points,G15,ENVY 15 TIDALWAVE
G15LEGIO3XL,26.727551916574782,10,6,4,hybrid_points,G15,TeamLVC 15 White
G15LIBER1CH,26.58881743727203,7,6,1,hybrid_points,G15,Libero 15 HUSKIES
G15SOSVB1GE,26.40980289593,6,6,0,hybrid_points,G15,Sideout 15N Artem
G15HKJVB4NE,25.893036859557444,8,6,2,hybrid_points,G15,Husky 15 New England Black
G15LHVBC2NE,25.735617336269332,12,7,5,hybrid_points,G15,LHV Girls 15-2 Ember
G15LHVBC1NE,25.631343883877328,6,6,0,hybrid_points,G15,LHV Girls 15-1 Viragos
G15RRJVB6NE,25.572189035593162,21,9,12,hybrid_points,G15,Boston United 15 Titanium
G15117753XX,25.139154038380482,15,8,7,hybrid_points,G15,ValleyVBC Black
G15113231XX,23.869171523737844,28,9,19,hybrid_points,G15,EliteZ 15 GIRLS HP BLACK
G15MCJVB4NE,23.69486811753043,15,7,8,hybrid_points,G15,Mill City 15 Teal
G15HRJVB1NE,23.675888729760658,19,6,13,hybrid_points,G15,HardRock 15
G15SRVBC1NE,23.655253397947384,16,7,9,hybrid_points,G15,SURGE 15 YELLOW
G15CMJVB2NE,22.259206955050153,10,5,5,hybrid_points,G15,CMASS EDGE 15 Blue
G15RRJVB12NE,22.249911624808053,20,7,13,hybrid_points,G15,Boston United 15 Graphite
G15TTVBC1NE,22.205791927704585,23,8,15,hybrid_points,G15,SLAM 15P Black
G15MIVBC2NE,22.138572927315032,21,8,13,hybrid_points,G15,Mass Impact 15 Kayla
G15SJVBC2NE,21.969896321783292,15,7,8,hybrid_points,G15,South County 15-Gold
G15LDNER1NE,21.965349081279754,10,6,4,hybrid_points,G15,Lockdown VBC 15 Cardinals
G15118021XX,21.746895632448545,9,5,4,hybrid_points,G15,NYCLBVC 15U BLUE ELITE
G15LEGIO2XL,21.109074369100476,10,6,4,hybrid_points,G15,TeamLVC 15 Pink
G15112722XX,20.895264860040378,31,9,22,hybrid_points,G15,X2 Volleyball 15 2
G15SJJVB3NE,20.879540587,5,5,0,hybrid_points,G15,SMASH 15s Lava
G15MAVRK1OV,20.480630305551436,7,5,2,hybrid_points,G15,Maverick 15 Maroon
G15LFJVB1NE,20.162073211838944,15,6,9,hybrid_points,G15,603 United 15 Seacoast Black
G15NYCLI1GE,20.01762844218646,8,5,3,hybrid_points,G15,NYCLI 15 Elite
G15MGJVB4NE,19.158437658087962,10,5,5,hybrid_points,G15,MGA 15's Stripes
G15SIVBC1NE,19.105904356379938,29,10,19,hybrid_points,G15,SISU VB 15 1
G15MGJVB3NE,18.773642511269507,10,5,5,hybrid_points,G15,MGA 15's Stars
G15NYCJR2GE,18.72261741139263,7,5,2,hybrid_points,G15,NYC Juniors 15 Blue
G15CACLI4GE,18.392939490975888,5,4,1,hybrid_points,G15,CALI 15 Gold Elite
G15HHVBC4NE,18.382073120573033,7,5,2,hybrid_points,G15,Hawks 15s
G15SURGE1GE,18.364436418244573,13,5,8,hybrid_points,G15,LI Surge 15 Premier Blue
G15117754XX,18.353197059027124,14,6,8,hybrid_points,G15,ValleyVBC Blue
G15BVJVB2NE,18.231305501516044,20,7,13,hybrid_points,G15,Blast 15 U Badgers
G15CAPVC1GE,17.99594420064577,8,5,3,hybrid_points,G15,Capitals 15 National
G15SJJVB2NE,17.638402645785,5,4,1,hybrid_points,G15,SMASH 15s Power
G15EYNER4NE,17.34505045614695,15,7,8,hybrid_points,G15,ENVY 15 HAILSTORM
G15ROCKA1GE,16.92411761674605,8,5,3,hybrid_points,G15,RVT 15-1 Surf
G15PINVA2GE,16.81128442012285,7,4,3,hybrid_points,G15,PVA 15 National Peak
G15CSJVB2NE,16.50449247872615,5,4,1,hybrid_points,G15,CT STARS 15s Leah
G15MOMET2FL,16.435274352641983,7,4,3,hybrid_points,G15,Momentum 15 Neon
G15MAJVB5NE,16.4205320692051,8,4,4,hybrid_points,G15,Mass Premier 15-3 White
G15NYCIV1GE,16.384896710817895,8,4,4,hybrid_points,G15,NYC Impact 15U National
G15LFJVB3NE,16.278698595546736,12,4,8,hybrid_points,G15,603 United 15 Seacoast Blue
G15MXVBC1NE,16.24608942249853,10,5,5,hybrid_points,G15,Max Performance 15 Brad
G15GAJVB1NE,16.235839424586697,5,4,1,hybrid_points,G15,Gators 15 Black
G15HKJVB5NE,16.22806668316785,8,4,4,hybrid_points,G15,Husky 15 New England White
G15OCEAN1GE,16.063980714398387,8,4,4,hybrid_points,G15,Ocean Volleyball 15 National
G15IGVBC2NE,16.044404980363794,18,7,11,hybrid_points,G15,Ignite 15 Red
G15LHVBC4NE,16.00228327350021,10,4,6,hybrid_points,G15,LHV Girls 15-4 Voltage
G15516EL4GE,15.717767500980123,7,4,3,hybrid_points,G15,516 Elite 15 Silver
G15FVNER1NE,15.706571170197249,5,4,1,hybrid_points,G15,Fusion 15 Diamond
G15NSJVB1NE,15.279413857111743,20,6,14,hybrid_points,G15,NH Seacoast 15 Open
G15SAVBC1XL,14.384376358583035,5,4,1,hybrid_points,G15,Sporting Albany Girls 15u
G15MAJVB2NE,14.36277090100575,11,5,6,hybrid_points,G15,Mass Premier 15 2
G15MCJVB1NE,13.994922254783,18,6,12,hybrid_points,G15,Mill City 15's
G15GRVBC1NE,13.562238236357162,12,4,8,hybrid_points,G15,GVC 15-1
G15MAJVB3NE,13.533349999999999,3,3,0,hybrid_points,G15,Mass Premier 15 2
G15CMJVB1NE,13.501517877091551,10,4,6,hybrid_points,G15,CMASS EDGE 15 Black
G15SPAVB1XL,13.314091009300306,17,5,12,hybrid_points,G15,Spa City 15 Aqua
G15TCJVB3NE,13.264123786318413,17,6,11,hybrid_points,G15,Nova 15 Select Lauren
G15CSJVB1NE,12.996221621707788,12,3,9,hybrid_points,G15,CT STARS 15s Nikki
G15118023XX,12.797862168998748,7,3,4,hybrid_points,G15,NYCLBVC 15U BLACK
G15RRJVB11NE,12.72907861583072,20,5,15,hybrid_points,G15,Boston United 15 Cobalt
G15XTREM1GE,12.714547115098966,7,4,3,hybrid_points,G15,Xtreme 15 USA Cindy
G15PROVA4GE,12.476720219938008,8,4,4,hybrid_points,G15,Prodigy 15.4 Club
G15VERSE1GE,12.035058083094171,7,3,4,hybrid_points,G15,NYC Volley Verse 15 Gold
G15LUNAR5GEX,11.971705690913948,4,3,1,hybrid_points,G15,Lunar 15 1
G15AAVBC2NE,11.878248477743998,5,3,2,hybrid_points,G15,AVA 15 AVAlanche
G15TCJVB4NE,11.5722343251145,13,4,9,hybrid_points,G15,Nova 15 Regional
G15CACLI7GE,10.734250547376751,8,4,4,hybrid_points,G15,CALI 15 Gold North
G15SJVBC4NE,10.733330624525479,15,5,10,hybrid_points,G15,South County 15-Black
G15USANY1XL,10.639242634999999,5,2,3,hybrid_points,G15,USANY Calculus 15 1
G15VERSE2GE,10.288582643307937,8,4,4,hybrid_points,G15,NYC Volley Verse 15 Navy
G15BEVNY2GE,10.108347896124679,8,3,5,hybrid_points,G15,BEV 15 Elite
G15AAVBC1NE,9.814191904345043,5,2,3,hybrid_points,G15,AVA 15 Lightning
G15BEVNY1GE,9.72155660640026,7,3,4,hybrid_points,G15,BEV 15 Empire
G15516EL3GE,8.655462825241745,8,3,5,hybrid_points,G15,516 Elite 15 White
G15CAMYV1NE,8.509471197196582,9,3,6,hybrid_points,G15,CYVB 15 1
G15RRJVB7NE,8.412976874412992,15,4,11,hybrid_points,G15,Boston United 15 Silver
G15ROCKA3GE,7.885514185467227,7,3,4,hybrid_points,G15,RVT 15-3 Sail
G15DIGSV2GE,7.809650559380849,7,3,4,hybrid_points,G15,Digs 15 WHITE
G15PINVA1GE,7.678000487768841,7,2,5,hybrid_points,G15,PVA 15 National Summit
G15CJVBA6GE,7.5910767180661,8,2,6,hybrid_points,G15,CJVA 15 Ruby
G15DIGSV1GE,7.547636507718461,8,3,5,hybrid_points,G15,Digs 15 RED
G15LCVBC2GE,7.215737910442849,8,3,5,hybrid_points,G15,Legacy 15 Premier
G15LCVBC1GE,7.191191274208784,8,3,5,hybrid_points,G15,Legacy 15 National
G15SGHVB1NE,6.679461029545398,12,4,8,hybrid_points,G15,Starlings GH 15 1
G15SPAVB2XL,6.166937656037737,10,3,7,hybrid_points,G15,Spa City 15 Coral
G15PROVA5GE,6.150253083295218,8,2,6,hybrid_points,G15,Prodigy 15.5 Club
G15VOLFX1WE,5.850056185,5,2,3,hybrid_points,G15,VolleyFX 15 Chant
G15NESVC1NE,5.594806447448416,21,5,16,hybrid_points,G15,NE Storm 15 Tempest
G15TCJAG1XL,5.375357608093913,6,2,4,hybrid_points,G15,Jaguars 15u Black
G15SURGE2GE,4.971275924877336,13,4,9,hybrid_points,G15,LI Surge 15 Premier White
G15VERSE3GE,4.456725532179533,7,2,5,hybrid_points,G15,NYC Volley Verse 15 SI Gold
G15NYCJR4GE,4.425614215352848,7,2,5,hybrid_points,G15,NYC Juniors 15 SI
G15WHIRL1XL,4.378311310703111,8,2,6,hybrid_points,G15,Whirlwind VBC 15 1
G15LIVBI1GE,4.090912374552595,5,2,3,hybrid_points,G15,LI Blaze VBC 15
G15EYNER5NE,3.875780170408654,15,3,12,hybrid_points,G15,ENVY 15 LANDSLIDE
G15CACLI6GE,3.267098946398816,7,2,5,hybrid_points,G15,CALI 15 Gold
G15CSJVB3NE,3.1954640110642187,6,1,5,hybrid_points,G15,CT STARS 15s Oxholm
G15RENAS2KE,2.875076714889812,7,2,5,hybrid_points,G15,Renaissance 15 Red
G15NYCVA1GE,2.658174908224213,7,2,5,hybrid_points,G15,NYC VBA 15 Soho
G15UNVBC2NE,2.3388810772960493,10,3,7,hybrid_points,G15,Unity 15 Girls Silver Shamrocks
G15CACLI1GE,1.6288817855,5,1,4,hybrid_points,G15,CALI 15 Black
G15HKJVB1NE,1.4346932870000009,5,1,4,hybrid_points,G15,Husky 15 National
G15CJVBA5GE,1.372792258026801,7,2,5,hybrid_points,G15,CJVA 15 Red
G15MGJVB20NE,1.282918873813233,3,1,2,hybrid_points,G15,MGA 15's Tigers
G15TCJVB2NE,1.1142160053746648,5,0,5,hybrid_points,G15,Nova 15 Premier Holly
G15ATACK1GE,0.34889291167882275,7,1,6,hybrid_points,G15,Attack 15 1
G15MGJVB19NE,-1.0012936901441842,6,1,5,hybrid_points,G15,MGA 15's Falcons
G15EXVBC1NE,-1.0584516309813796,10,2,8,hybrid_points,G15,Extreme 15 Purple
G15PARAD2WE,-1.16834863643,1,0,1,hybrid_points,G15,Paradigm Racket
G15SPAVB3XL,-1.5243646819068766,10,2,8,hybrid_points,G15,Spa City 15 Navy
G15113233XX,-1.9535537594637322,16,3,13,hybrid_points,G15,EliteZ 15 GIRLS SILVER
G15MGJVB6NE,-2.7309750130544694,8,1,7,hybrid_points,G15,MGA 15's Black
G15BEVNY3GE,-2.809405473607261,7,1,6,hybrid_points,G15,BEV 15 Skyline
G15MAJVB4NE,-4.041605530082517,8,0,8,hybrid_points,G15,Mass Premier 15-3 Blue
G15MGJVB25NE,-4.176081126186768,3,0,3,hybrid_points,G15,MGA 15's Eagles
G15119491XX,-5.059492267,5,0,5,hybrid_points,G15,Vale 15 1
G15CACLI5GE,-5.819448160989104,7,0,7,hybrid_points,G15,CALI 15 Gold South
G15MGJVB5NE,-5.943184948150332,8,0,8,hybrid_points,G15,MGA 15's White
G15CSJVB4NE,-6.387187415794764,5,0,5,hybrid_points,G15,CT STARS 15s Comstock
G15113232XX,-7.05868187576149,16,1,15,hybrid_points,G15,EliteZ 15 GIRLS CARBON
G15MGJVB18NE,-7.79311134411,6,0,6,hybrid_points,G15,MGA 15's Hawks
G15BEVNY4GE,-9.42266908573274,7,0,7,hybrid_points,G15,BEV 15 High Rise
G15SURGE3GE,-9.566358687500337,7,0,7,hybrid_points,G15,LI Surge 15 2 South
G15DRVBC2NE,-11.971764472842718,10,0,10,hybrid_points,G15,Dragons 15 Angelina
G15TCJVB5NE,-17.025055093354634,16,1,15,hybrid_points,G15,Nova 14/15 Select Addison
G15FGSVA1FL,56.965439833623606,9,9,0,massey,G15,Gulfside 15U Prime
G15SOSVB1GE,51.572103120294685,6,6,0,massey,G15,Sideout 15N Artem
G15NEVBC1NE,45.01721878869794,20,18,2,massey,G15,Northeast 15.1
G15NYCJR2GE,41.016972206199426,7,5,2,massey,G15,NYC Juniors 15 Blue
G15NYCJR1GE,40.11315070177551,14,10,4,massey,G15,NYC Juniors 15 National
G15SJJVB1NE,39.33280307397906,12,8,4,massey,G15,SMASH 15s
G15LDNER1NE,33.90473118163062,10,6,4,massey,G15,Lockdown VBC 15 Cardinals
G15LHVBC1NE,33.026259187226856,6,6,0,massey,G15,LHV Girls 15-1 Viragos
G15ROCKA1GE,32.287892874731796,8,5,3,massey,G15,RVT 15-1 Surf
G15HKJVB1NE,31.574063929425606,5,1,4,massey,G15,Husky 15 National
G15VOLFX1WE,30.457851330575274,5,2,3,massey,G15,VolleyFX 15 Chant
G15RRJVB1NE,30.401654639136623,18,13,5,massey,G15,Boston United 15 National
G15GAJVB1NE,30.313265776052532,5,4,1,massey,G15,Gators 15 Black
G15NEVBC2NE,30.022715528162006,15,14,1,massey,G15,Northeast 15.2
G15LEGIO1XL,29.67978433866647,17,8,9,massey,G15,TeamLVC 15 Black
G15DIGSV1GE,29.152531111154655,8,3,5,massey,G15,Digs 15 RED
G15SJJVB2NE,28.71698382934876,5,4,1,massey,G15,SMASH 15s Power
G15PINVA1GE,27.916007134454496,7,2,5,massey,G15,PVA 15 National Summit
G15NYCIV1GE,27.62718458957872,8,4,4,massey,G15,NYC Impact 15U National
G15CACLI1GE,27.589454609028984,5,1,4,massey,G15,CALI 15 Black
G15HKJVB3NE,27.540730053020877,9,9,0,massey,G15,Husky 15 New England Red
G15OCEAN1GE,26.453230035259693,8,4,4,massey,G15,Ocean Volleyball 15 National
G15CJJVB1NE,26.26462075040906,11,7,4,massey,G15,CT Juniors 15 National
G15CMJVB1NE,24.76331409842944,10,4,6,massey,G15,CMASS EDGE 15 Black
G15FGSVA2FL,24.230243034594952,8,7,1,massey,G15,Gulfside 15U Select
G15MCJVB1NE,23.709995705783143,18,6,12,massey,G15,Mill City 15's
G15BEVNY1GE,23.412146123680262,7,3,4,massey,G15,BEV 15 Empire
G15LIBER1CH,22.87134854552628,7,6,1,massey,G15,Libero 15 HUSKIES
G15GGVOL1GE,21.37807356262027,15,14,1,massey,G15,GG 15 1 Monster
G15SPAVB1XL,20.83416202197634,17,5,12,massey,G15,Spa City 15 Aqua
G15RENAS1KE,20.63661542748808,8,7,1,massey,G15,Renaissance 15 Black
G15SJJVB3NE,19.85721685205048,5,5,0,massey,G15,SMASH 15s Lava
G15GRVBC1NE,18.968221857464872,12,4,8,massey,G15,GVC 15-1
G15SJVBC1NE,18.282661365199388,15,10,5,massey,G15,South County 15-Blue
G15LCVBC1GE,18.13674967039242,8,3,5,massey,G15,Legacy 15 National
G15XTREM1GE,17.317567867817374,7,4,3,massey,G15,Xtreme 15 USA Cindy
G15NYCVA1GE,16.21603647961238,7,2,5,massey,G15,NYC VBA 15 Soho
G15WHIRL1XL,15.19930291581516,8,2,6,massey,G15,Whirlwind VBC 15 1
G15HKJVB2NE,14.963473789247393,8,7,1,massey,G15,Husky 15 Northeast
G15SSVBC1NE,14.820827606826828,10,7,3,massey,G15,SSVBC 15 1
G15EYNER1NE,14.73159405150426,12,10,2,massey,G15,ENVY 15 NATIONAL
G15LDNER2NE,14.69930624474968,19,10,9,massey,G15,Lockdown VBC 15 Owls
G15LUNAR5GEX,14.33947940093022,4,3,1,massey,G15,Lunar 15 1
G15NYCJR3GE,13.850494653473238,9,8,1,massey,G15,NYC Juniors 15 Orange
G15LHVBA1GE,13.728681377586017,12,8,4,massey,G15,LHVA 15 Purple National
G15HKJVB4NE,13.692448873612088,8,6,2,massey,G15,Husky 15 New England Black
G15USANY1XL,13.68937022392997,5,2,3,massey,G15,USANY Calculus 15 1
G15AVVBC1NE,13.059750675012125,16,8,8,massey,G15,Avidity 15 Onyx
G15MNJVB1NE,12.91478251294652,30,25,5,massey,G15,Maine Jrs 15-National
G15LHVBC2NE,12.724901343095995,12,7,5,massey,G15,LHV Girls 15-2 Ember
G15PINVA2GE,12.597243887296102,7,4,3,massey,G15,PVA 15 National Peak
G15118021XX,11.65487790297166,9,5,4,massey,G15,NYCLBVC 15U BLUE ELITE
G15NEVBC3NE,11.370498382771,16,13,3,massey,G15,Northeast 15 Blue
G15MIVBC1NE,11.088823166668952,10,8,2,massey,G15,Mass Impact 15 Brent
G15ROCKA2GE,10.555830136978859,9,7,2,massey,G15,RVT 15-2 Swim
G15NYCLI1GE,10.103723056657044,8,5,3,massey,G15,NYCLI 15 Elite
G15CAPVC1GE,9.951361346052327,8,5,3,massey,G15,Capitals 15 National
G15MOMET2FL,9.935793821887763,7,4,3,massey,G15,Momentum 15 Neon
G15SAJVB1NE,9.823189995284832,13,7,6,massey,G15,SA Elite 15 American
G15LFJVB1NE,9.41642894986114,15,6,9,massey,G15,603 United 15 Seacoast Black
G15MNJVB7NE,9.131265929109121,11,10,1,massey,G15,Maine Jrs 15 Silver
G15MGJVB1NE,8.63317817521126,11,8,3,massey,G15,MGA 15's South
G15NEVBC4NE,8.530639244675337,18,15,3,massey,G15,Northeast 15 Orange
G15CMJVB2NE,8.410457539657363,10,5,5,massey,G15,CMASS EDGE 15 Blue
G15DIGSV2GE,8.209832991556649,7,3,4,massey,G15,Digs 15 WHITE
G15MAJVB1NE,7.374763993732152,14,9,5,massey,G15,Mass Premier 15 1
G15LEGIO2XL,6.673447406579328,10,6,4,massey,G15,TeamLVC 15 Pink
G15TRICO1GE,6.090126526362225,16,9,7,massey,G15,TriCounty ATTACK 15 1
G15MAVRK1OV,6.010758870733037,7,5,2,massey,G15,Maverick 15 Maroon
G15MGJVB2NE,5.415147763664957,10,7,3,massey,G15,MGA 15's North
G15516EL4GE,5.249673832599386,7,4,3,massey,G15,516 Elite 15 Silver
G15CACLI4GE,5.162974455331354,5,4,1,massey,G15,CALI 15 Gold Elite
G15SAVBC1XL,5.062464337394041,5,4,1,massey,G15,Sporting Albany Girls 15u
G15MCJVB2NE,4.903536298024152,24,11,13,massey,G15,Mill City 15 Orange
G15LDNER3NE,4.8064145914222625,23,16,7,massey,G15,Lockdown VBC 15 Ravens
G15CMJVB3NE,4.3714278896312155,19,13,6,massey,G15,CMASS EDGE 15 White
G15EYNER2NE,3.367326435053764,25,16,9,massey,G15,ENVY 15 FLOOD
G15MNJVB2NE,3.2198451636168692,21,15,6,massey,G15,Maine Jrs 15 Gold
G15GAJVB3NE,3.071408681298939,12,11,1,massey,G15,Gators 15 White
G15BVJVB1NE,2.806516991016471,21,14,7,massey,G15,Blast 15U Sabers
G15TCJVB1NE,2.3663570609990554,14,9,5,massey,G15,Nova 15 Premier Kim
G15TTVBC1NE,2.173235346071421,23,8,15,massey,G15,SLAM 15P Black
G15HKJVB5NE,1.6223635531748792,8,4,4,massey,G15,Husky 15 New England White
G15ROCKA3GE,1.6059861902093289,7,3,4,massey,G15,RVT 15-3 Sail
G15118023XX,1.3902866173150015,7,3,4,massey,G15,NYCLBVC 15U BLACK
G15GAJVB2NE,1.3653156394727581,15,9,6,massey,G15,Gators 15 Green
G15NSJVB1NE,1.3274697539213793,20,6,14,massey,G15,NH Seacoast 15 Open
G15NEVBC5NE,1.1117722918867514,16,10,6,massey,G15,Northeast 15 Black
G15LFJVB2NE,0.5408307357390143,15,11,4,massey,G15,603 United 15 Seacoast White
G15FVNER1NE,0.2503746121142836,5,4,1,massey,G15,Fusion 15 Diamond
G15117751XX,0.1559176640847646,15,11,4,massey,G15,ValleyVBC Elite
G15516EL3GE,-0.27754778557903226,8,3,5,massey,G15,516 Elite 15 White
G15RENAS2KE,-0.3703484904133427,7,2,5,massey,G15,Renaissance 15 Red
G15MGJVB4NE,-0.6540954202379154,10,5,5,massey,G15,MGA 15's Stripes
G15AVVBC2NE,-0.9018822613001403,20,9,11,massey,G15,Avidity 15 Ruby
G15HHVBC4NE,-1.634875159620905,7,5,2,massey,G15,Hawks 15s
G15LEGIO3XL,-1.860643993801716,10,6,4,massey,G15,TeamLVC 15 White
G15MGJVB3NE,-2.047818480982307,10,5,5,massey,G15,MGA 15's Stars
G15HEVBA9NE,-2.1971929939250594,22,17,5,massey,G15,HEVBA 15 99
G15AAVBC1NE,-2.408324114875737,5,2,3,massey,G15,AVA 15 Lightning
G15GRVBC2NE,-2.5468672303320545,14,10,4,massey,G15,GVC 15-2
G15MNJVB4NE,-2.599945469008105,11,7,4,massey,G15,Maine Jrs 15 Bronze
G15RRJVB2NE,-2.616813983748335,39,21,18,massey,G15,Boston United 15 Northeast
G15MAJVB2NE,-2.7554494426130156,11,5,6,massey,G15,Mass Premier 15 2
G15MAJVB3NE,-2.829896249086815,3,3,0,massey,G15,Mass Premier 15 2
G15RRJVB8NE,-3.1732205652926,22,15,7,massey,G15,Boston United 15 Onyx
G15AVVBC3NE,-3.2375988736727797,26,14,12,massey,G15,Avidity 15 Jade
G15RRJVB4NE,-4.34992214867489,21,15,6,massey,G15,Boston United 15 Sapphire
G15TTVBC2NE,-4.41269268280621,26,12,14,massey,G15,SLAM 15P Red
G15SJVBC2NE,-4.892445577097668,15,7,8,massey,G15,South County 15-Gold
G15SPAVB2XL,-4.936216260240598,10,3,7,massey,G15,Spa City 15 Coral
G15SIVBC1NE,-5.102602665655858,29,10,19,massey,G15,SISU VB 15 1
G15VERSE1GE,-5.238228582295917,7,3,4,massey,G15,NYC Volley Verse 15 Gold
G15CJVBA5GE,-5.475105026613003,7,2,5,massey,G15,CJVA 15 Red
G15EYNER3NE,-5.546203958550855,15,7,8,massey,G15,ENVY 15 TIDALWAVE
G15PVJVB1NE,-5.614191746589386,24,10,14,massey,G15,PV 15 National
G15RRJVB3NE,-5.738140644448215,22,12,10,massey,G15,Boston United 15 Select 1
G15MCJVB3NE,-5.91702216114119,16,9,7,massey,G15,Mill City 15 Blue
G15CACLI7GE,-6.262975187331066,8,4,4,massey,G15,CALI 15 Gold North
G15LHVBC3NE,-6.36360882184453,11,9,2,massey,G15,LHV Girls 15-3 Prowl
G15MIVBC3NE,-6.394732504646797,22,12,10,massey,G15,Mass Impact 15 Sarah
G15CTRVB1NE,-6.402591006665574,40,18,22,massey,G15,C3VB 15 1
G15TCJAG1XL,-6.5643103286163385,6,2,4,massey,G15,Jaguars 15u Black
G15SURGE1GE,-7.100881069265078,13,5,8,massey,G15,LI Surge 15 Premier Blue
G15CSJVB1NE,-7.114360400605372,12,3,9,massey,G15,CT STARS 15s Nikki
G15LCVBC2GE,-7.368241365480986,8,3,5,massey,G15,Legacy 15 Premier
G15LFJVB3NE,-7.538609716164093,12,4,8,massey,G15,603 United 15 Seacoast Blue
G15AAVBC2NE,-7.566182533517159,5,3,2,massey,G15,AVA 15 AVAlanche
G15RRJVB5NE,-7.6873770727082835,21,12,9,massey,G15,Boston United 15 Steel
G15MAJVB5NE,-7.753313352379891,8,4,4,massey,G15,Mass Premier 15-3 White
G15HRJVB1NE,-7.789388686354123,19,6,13,massey,G15,HardRock 15
G15CSJVB2NE,-7.993514021297916,5,4,1,massey,G15,CT STARS 15s Leah
G15112721XX,-8.139301976946818,31,14,17,massey,G15,X2 Volleyball 15 1
G15BEVNY2GE,-8.276202014075945,8,3,5,massey,G15,BEV 15 Elite
G15NYCJR4GE,-8.389260405353731,7,2,5,massey,G15,NYC Juniors 15 SI
G15SJVBC3NE,-8.499555186619993,15,10,5,massey,G15,South County 15-White
G15VERSE3GE,-8.636564039799676,7,2,5,massey,G15,NYC Volley Verse 15 SI Gold
G15MAJVB4NE,-9.35879805423309,8,0,8,massey,G15,Mass Premier 15-3 Blue
G15TTVBC4NE,-9.37257356996395,16,8,8,massey,G15,SLAM 15R Grey
G15PROVA5GE,-9.604520556812624,8,2,6,massey,G15,Prodigy 15.5 Club
G15BEVNY3GE,-9.872120267621398,7,1,6,massey,G15,BEV 15 Skyline
G15RRJVB9NE,-9.883423522979072,21,14,7,massey,G15,Boston United 15 Chrome
G15PROVA4GE,-10.01398369621422,8,4,4,massey,G15,Prodigy 15.4 Club
G15SRVBC1NE,-10.10787573349987,16,7,9,massey,G15,SURGE 15 YELLOW
G15113231XX,-10.441219819058778,28,9,19,massey,G15,EliteZ 15 GIRLS HP BLACK
G15AVVBC4NE,-10.551826752640544,26,12,14,massey,G15,Avidity 15 Emerald
G15117754XX,-10.770602955402406,14,6,8,massey,G15,ValleyVBC Blue
G15CACLI6GE,-10.843676017846535,7,2,5,massey,G15,CALI 15 Gold
G15MXVBC1NE,-11.013407267309965,10,5,5,massey,G15,Max Performance 15 Brad
G15MIVBC2NE,-11.25744335253062,21,8,13,massey,G15,Mass Impact 15 Kayla
G15MAPVB3NE,-11.387407281832767,26,13,13,massey,G15,Mass Power VB 15 Pink
G15TTVBC3NE,-11.487550155877983,26,14,12,massey,G15,SLAM 15P White
G15VERSE2GE,-11.762767081153722,8,4,4,massey,G15,NYC Volley Verse 15 Navy
G15CJVBA6GE,-12.217737287509756,8,2,6,massey,G15,CJVA 15 Ruby
G15CACLI5GE,-12.99415779220266,7,0,7,massey,G15,CALI 15 Gold South
G15LHVBC4NE,-13.113311141133423,10,4,6,massey,G15,LHV Girls 15-4 Voltage
G15TCJVB2NE,-13.301339653913349,5,0,5,massey,G15,Nova 15 Premier Holly
G15IGVBC1NE,-13.718906725225967,21,8,13,massey,G15,Ignite 15 Black
G15TTVBC5NE,-13.851907232012666,16,8,8,massey,G15,SLAM 15R Silver
G15MGJVB6NE,-14.117520208775723,8,1,7,massey,G15,MGA 15's Black
G15RRJVB10NE,-14.428328314807388,23,12,11,massey,G15,Boston United 15 Diamond
G15117753XX,-14.87733195414302,15,8,7,massey,G15,ValleyVBC Black
G15119491XX,-14.932514979895586,5,0,5,massey,G15,Vale 15 1
G15MCJVB4NE,-15.463320592529897,15,7,8,massey,G15,Mill City 15 Teal
G15SGHVB1NE,-16.316749819531392,12,4,8,massey,G15,Starlings GH 15 1
G15SURGE2GE,-16.394808124247138,13,4,9,massey,G15,LI Surge 15 Premier White
G15NESVC1NE,-16.56301230459299,21,5,16,massey,G15,NE Storm 15 Tempest
G15PARAD2WE,-18.10260266565608,1,0,1,massey,G15,Paradigm Racket
G15CAMYV1NE,-18.679618038651153,9,3,6,massey,G15,CYVB 15 1
G15ATACK1GE,-19.211006640856848,7,1,6,massey,G15,Attack 15 1
G15SPAVB3XL,-19.593998738661853,10,2,8,massey,G15,Spa City 15 Navy
G15PVJVB3NE,-19.74803222108394,23,9,14,massey,G15,PV 15 Elite
G15BVJVB2NE,-19.866636437132073,20,7,13,massey,G15,Blast 15 U Badgers
G15EYNER5NE,-19.969549385185026,15,3,12,massey,G15,ENVY 15 LANDSLIDE
G15SJVBC4NE,-20.10198401557483,15,5,10,massey,G15,South County 15-Black
G15MGJVB5NE,-20.483734014182094,8,0,8,massey,G15,MGA 15's White
G15RRJVB12NE,-21.039739345708455,20,7,13,massey,G15,Boston United 15 Graphite
G15RRJVB6NE,-21.158424386467704,21,9,12,massey,G15,Boston United 15 Titanium
G15EYNER4NE,-21.19438336733194,15,7,8,massey,G15,ENVY 15 HAILSTORM
G15LIVBI1GE,-21.59417751847104,5,2,3,massey,G15,LI Blaze VBC 15
G15SURGE3GE,-23.436304882368344,7,0,7,massey,G15,LI Surge 15 2 South
G15TCJVB3NE,-23.604432231254545,17,6,11,massey,G15,Nova 15 Select Lauren
G15112722XX,-23.924662887104525,31,9,22,massey,G15,X2 Volleyball 15 2
G15EXVBC1NE,-24.53794595246587,10,2,8,massey,G15,Extreme 15 Purple
G15CSJVB3NE,-24.71498827231779,6,1,5,massey,G15,CT STARS 15s Oxholm
G15UNVBC2NE,-25.747131673741965,10,3,7,massey,G15,Unity 15 Girls Silver Shamrocks
G15BEVNY4GE,-26.22115775937811,7,0,7,massey,G15,BEV 15 High Rise
G15TCJVB4NE,-26.28096827099882,13,4,9,massey,G15,Nova 15 Regional
G15IGVBC2NE,-27.17707803863557,18,7,11,massey,G15,Ignite 15 Red
G15RRJVB11NE,-27.226777987386104,20,5,15,massey,G15,Boston United 15 Cobalt
G15RRJVB7NE,-28.998690855893138,15,4,11,massey,G15,Boston United 15 Silver
G15113232XX,-31.25300644701099,16,1,15,massey,G15,EliteZ 15 GIRLS CARBON
G15MGJVB19NE,-33.22314649484616,6,1,5,massey,G15,MGA 15's Falcons
G15113233XX,-33.81353658284373,16,3,13,massey,G15,EliteZ 15 GIRLS SILVER
G15DRVBC2NE,-35.88528460940775,10,0,10,massey,G15,Dragons 15 Angelina
G15MGJVB20NE,-38.904043205041816,3,1,2,massey,G15,MGA 15's Tigers
G15CSJVB4NE,-39.71738935695264,5,0,5,massey,G15,CT STARS 15s Comstock
G15MGJVB18NE,-40.88656566011274,6,0,6,massey,G15,MGA 15's Hawks
G15MGJVB25NE,-43.90404320504174,3,0,3,massey,G15,MGA 15's Eagles
G15TCJVB5NE,-45.48685711034589,16,1,15,massey,G15,Nova 14/15 Select Addison
G15HKJVB3NE,48.07617991542601,9,9,0,massey_recent,G15,Husky 15 New England Red
G15NEVBC1NE,43.174207931988015,20,18,2,massey_recent,G15,Northeast 15.1
G15SSVBC1NE,37.536481800094386,10,7,3,massey_recent,G15,SSVBC 15 1
G15GAJVB1NE,37.25973891046439,5,4,1,massey_recent,G15,Gators 15 Black
G15GGVOL1GE,34.4846458766461,15,14,1,massey_recent,G15,GG 15 1 Monster
G15LHVBC1NE,34.46102441913396,6,6,0,massey_recent,G15,LHV Girls 15-1 Viragos
G15SJJVB1NE,32.292698504188394,12,8,4,massey_recent,G15,SMASH 15s
G15NEVBC3NE,31.46420026741529,16,13,3,massey_recent,G15,Northeast 15 Blue
G15CMJVB3NE,30.51672818747543,19,13,6,massey_recent,G15,CMASS EDGE 15 White
G15MNJVB1NE,30.21612247916576,30,25,5,massey_recent,G15,Maine Jrs 15-National
G15LDNER2NE,28.426653678730478,19,10,9,massey_recent,G15,Lockdown VBC 15 Owls
G15SJVBC1NE,26.418497438903554,15,10,5,massey_recent,G15,South County 15-Blue
G15LDNER1NE,26.309789648155316,10,6,4,massey_recent,G15,Lockdown VBC 15 Cardinals
G15MGJVB1NE,26.056244390351825,11,8,3,massey_recent,G15,MGA 15's South
G15MIVBC1NE,26.04803740210321,10,8,2,massey_recent,G15,Mass Impact 15 Brent
G15LHVBC2NE,25.660526334122903,12,7,5,massey_recent,G15,LHV Girls 15-2 Ember
G15BVJVB1NE,24.974226943705442,21,14,7,massey_recent,G15,Blast 15U Sabers
G15HKJVB5NE,24.848830911074298,8,4,4,massey_recent,G15,Husky 15 New England White
G15CJJVB1NE,24.22422595052014,11,7,4,massey_recent,G15,CT Juniors 15 National
G15SIVBC1NE,23.96843215678573,29,10,19,massey_recent,G15,SISU VB 15 1
G15RRJVB1NE,23.811786531377496,18,13,5,massey_recent,G15,Boston United 15 National
G15MCJVB2NE,23.738433156465128,24,11,13,massey_recent,G15,Mill City 15 Orange
G15HKJVB4NE,22.34103814562151,8,6,2,massey_recent,G15,Husky 15 New England Black
G15HKJVB2NE,21.46669023443323,8,7,1,massey_recent,G15,Husky 15 Northeast
G15NEVBC4NE,21.216372357839806,18,15,3,massey_recent,G15,Northeast 15 Orange
G15MCJVB1NE,20.322088893111754,18,6,12,massey_recent,G15,Mill City 15's
G15LEGIO1XL,19.990053260906556,17,8,9,massey_recent,G15,TeamLVC 15 Black
G15MGJVB4NE,19.465395820516612,10,5,5,massey_recent,G15,MGA 15's Stripes
G15LEGIO2XL,19.439865681451845,10,6,4,massey_recent,G15,TeamLVC 15 Pink
G15GRVBC1NE,18.31551042704003,12,4,8,massey_recent,G15,GVC 15-1
G15MNJVB2NE,18.08059028338508,21,15,6,massey_recent,G15,Maine Jrs 15 Gold
G15SPAVB1XL,16.148456398200643,17,5,12,massey_recent,G15,Spa City 15 Aqua
G15117751XX,16.04111842794058,15,11,4,massey_recent,G15,ValleyVBC Elite
G15EYNER2NE,15.661911773590393,25,16,9,massey_recent,G15,ENVY 15 FLOOD
G15TRICO1GE,15.648551003205258,16,9,7,massey_recent,G15,TriCounty ATTACK 15 1
G15CMJVB1NE,15.517884828450892,10,4,6,massey_recent,G15,CMASS EDGE 15 Black
G15MNJVB4NE,15.438265647336115,11,7,4,massey_recent,G15,Maine Jrs 15 Bronze
G15MAJVB1NE,15.184253595175043,14,9,5,massey_recent,G15,Mass Premier 15 1
G15SAJVB1NE,14.645571402712006,13,7,6,massey_recent,G15,SA Elite 15 American
G15AAVBC1NE,13.519002350445028,5,2,3,massey_recent,G15,AVA 15 Lightning
G15PVJVB1NE,11.9741552193242,24,10,14,massey_recent,G15,PV 15 National
G15RRJVB8NE,10.953270681178482,22,15,7,massey_recent,G15,Boston United 15 Onyx
G15MAJVB2NE,10.400470469231994,11,5,6,massey_recent,G15,Mass Premier 15 2
G15NSJVB1NE,10.138050872321548,20,6,14,massey_recent,G15,NH Seacoast 15 Open
G15TCJAG1XL,10.018733549622706,6,2,4,massey_recent,G15,Jaguars 15u Black
G15FVNER1NE,9.709079715020518,5,4,1,massey_recent,G15,Fusion 15 Diamond
G15RRJVB2NE,8.857127852151022,39,21,18,massey_recent,G15,Boston United 15 Northeast
G15MGJVB3NE,8.368983565652567,10,5,5,massey_recent,G15,MGA 15's Stars
G15SJVBC2NE,8.16506807798351,15,7,8,massey_recent,G15,South County 15-Gold
G15MNJVB7NE,8.049259420148516,11,10,1,massey_recent,G15,Maine Jrs 15 Silver
G15LHVBC3NE,7.321227886245401,11,9,2,massey_recent,G15,LHV Girls 15-3 Prowl
G15GRVBC2NE,6.909799289546323,14,10,4,massey_recent,G15,GVC 15-2
G15GAJVB3NE,6.751360150025571,12,11,1,massey_recent,G15,Gators 15 White
G15AVVBC2NE,6.378780317973449,20,9,11,massey_recent,G15,Avidity 15 Ruby
G15LFJVB2NE,6.091009048399971,15,11,4,massey_recent,G15,603 United 15 Seacoast White
G15PROVA4GE,3.9326335265302497,8,4,4,massey_recent,G15,Prodigy 15.4 Club
G15LDNER3NE,3.8664220072092306,23,16,7,massey_recent,G15,Lockdown VBC 15 Ravens
G15GAJVB2NE,3.377610737722331,15,9,6,massey_recent,G15,Gators 15 Green
G15LHVBC4NE,2.747887870802611,10,4,6,massey_recent,G15,LHV Girls 15-4 Voltage
G15MGJVB2NE,2.4644938863850143,10,7,3,massey_recent,G15,MGA 15's North
G15LEGIO3XL,0.37118356172915945,10,6,4,massey_recent,G15,TeamLVC 15 White
G15CMJVB2NE,0.057225374576437504,10,5,5,massey_recent,G15,CMASS EDGE 15 Blue
G15VOLFX1WE,0.030680174284312578,5,2,3,massey_recent,G15,VolleyFX 15 Chant
G15HHVBC4NE,0.0017758826906877356,7,5,2,massey_recent,G15,Hawks 15s
G15SURGE1GE,0.000989236948531369,13,5,8,massey_recent,G15,LI Surge 15 Premier Blue
G15NEVBC2NE,0.0009740790536081345,15,14,1,massey_recent,G15,Northeast 15.2
G15CACLI4GE,0.0002656706797885544,5,4,1,massey_recent,G15,CALI 15 Gold Elite
G15SOSVB1GE,3.9869543942332806e-05,6,6,0,massey_recent,G15,Sideout 15N Artem
G15AAVBC2NE,-0.0002013953228843235,5,3,2,massey_recent,G15,AVA 15 AVAlanche
G15SURGE2GE,-0.0003940447794916757,13,4,9,massey_recent,G15,LI Surge 15 Premier White
G15LHVBA1GE,-0.00039405152764260265,12,8,4,massey_recent,G15,LHVA 15 Purple National
G15MGJVB18NE,-0.00039410932157668555,6,0,6,massey_recent,G15,MGA 15's Hawks
G15NYCJR4GE,-0.0003941212434492858,7,2,5,massey_recent,G15,NYC Juniors 15 SI
G15WHIRL1XL,-0.0003941213053859638,8,2,6,massey_recent,G15,Whirlwind VBC 15 1
G15XTREM1GE,-0.0003941256838406737,7,4,3,massey_recent,G15,Xtreme 15 USA Cindy
G15MGJVB20NE,-0.00039412658354698316,3,1,2,massey_recent,G15,MGA 15's Tigers
G15LIBER1CH,-0.0003941274806844586,7,6,1,massey_recent,G15,Libero 15 HUSKIES
G15BEVNY4GE,-0.00039412763970347875,7,0,7,massey_recent,G15,BEV 15 High Rise
G15118021XX,-0.00039412875451416696,9,5,4,massey_recent,G15,NYCLBVC 15U BLUE ELITE
G15RENAS1KE,-0.0003941293715843397,8,7,1,massey_recent,G15,Renaissance 15 Black
G15516EL3GE,-0.00039412948002159887,8,3,5,massey_recent,G15,516 Elite 15 White
G15MOMET2FL,-0.0003941295267635425,7,4,3,massey_recent,G15,Momentum 15 Neon
G15ATACK1GE,-0.00039412987435860636,7,1,6,massey_recent,G15,Attack 15 1
G15VERSE3GE,-0.0003941302726684359,7,2,5,massey_recent,G15,NYC Volley Verse 15 SI Gold
G15ROCKA3GE,-0.00039413091408002643,7,3,4,massey_recent,G15,RVT 15-3 Sail
G15CACLI7GE,-0.000394131060292624,8,4,4,massey_recent,G15,CALI 15 Gold North
G15PINVA1GE,-0.0003941323701748267,7,2,5,massey_recent,G15,PVA 15 National Summit
G15NYCJR3GE,-0.00039413237652285993,9,8,1,massey_recent,G15,NYC Juniors 15 Orange
G15ROCKA2GE,-0.00039413298002743957,9,7,2,massey_recent,G15,RVT 15-2 Swim
G15118023XX,-0.0003941336262534012,7,3,4,massey_recent,G15,NYCLBVC 15U BLACK
G15MGJVB25NE,-0.0003941345071523106,3,0,3,massey_recent,G15,MGA 15's Eagles
G15CAPVC1GE,-0.00039413581637970374,8,5,3,massey_recent,G15,Capitals 15 National
G15NYCVA1GE,-0.0003941362732102771,7,2,5,massey_recent,G15,NYC VBA 15 Soho
G15LUNAR5GEX,-0.00039413630458140503,4,3,1,massey_recent,G15,Lunar 15 1
G15MAVRK1OV,-0.0003941363056001457,7,5,2,massey_recent,G15,Maverick 15 Maroon
G15FGSVA2FL,-0.0003941363057724523,8,7,1,massey_recent,G15,Gulfside 15U Select
G15DIGSV2GE,-0.0003941363062165415,7,3,4,massey_recent,G15,Digs 15 WHITE
G15CJVBA5GE,-0.00039413630622719964,7,2,5,massey_recent,G15,CJVA 15 Red
G15BEVNY3GE,-0.0003941363062449632,7,1,6,massey_recent,G15,BEV 15 Skyline
G15CACLI5GE,-0.0003941363062485159,7,0,7,massey_recent,G15,CALI 15 Gold South
G15LCVBC2GE,-0.0003941363062573977,8,3,5,massey_recent,G15,Legacy 15 Premier
G15PARAD2WE,-0.00039413630625850793,1,0,1,massey_recent,G15,Paradigm Racket
G15PINVA2GE,-0.00039413630625850793,7,4,3,massey_recent,G15,PVA 15 National Peak
G15NYCLI1GE,-0.00039413630625850793,8,5,3,massey_recent,G15,NYCLI 15 Elite
G15NYCIV1GE,-0.00039413630625850793,8,4,4,massey_recent,G15,NYC Impact 15U National
G15516EL4GE,-0.00039413630626206064,7,4,3,massey_recent,G15,516 Elite 15 Silver
G15SURGE3GE,-0.0003941363062647252,7,0,7,massey_recent,G15,LI Surge 15 2 South
G15CACLI6GE,-0.00039413630626761176,7,2,5,massey_recent,G15,CALI 15 Gold
G15VERSE1GE,-0.00039413630627604945,7,3,4,massey_recent,G15,NYC Volley Verse 15 Gold
G15CJVBA6GE,-0.0003941363063140191,8,2,6,massey_recent,G15,CJVA 15 Ruby
G15LCVBC1GE,-0.00039413630637707975,8,3,5,massey_recent,G15,Legacy 15 National
G15BEVNY2GE,-0.0003941363066068959,8,3,5,massey_recent,G15,BEV 15 Elite
G15VERSE2GE,-0.0003941363069275283,8,4,4,massey_recent,G15,NYC Volley Verse 15 Navy
G15RENAS2KE,-0.00039413631802376337,7,2,5,massey_recent,G15,Renaissance 15 Red
G15BEVNY1GE,-0.0003941366411772673,7,3,4,massey_recent,G15,BEV 15 Empire
G15ROCKA1GE,-0.0003941514000875834,8,5,3,massey_recent,G15,RVT 15-1 Surf
G15OCEAN1GE,-0.0003941522519994578,8,4,4,massey_recent,G15,Ocean Volleyball 15 National
G15NYCJR2GE,-0.0003941553892086169,7,5,2,massey_recent,G15,NYC Juniors 15 Blue
G15DIGSV1GE,-0.0003941610478119806,8,3,5,massey_recent,G15,Digs 15 RED
G15FGSVA1FL,-0.00039416434445160853,9,9,0,massey_recent,G15,Gulfside 15U Prime
G15MAJVB3NE,-0.0003941672615550562,3,3,0,massey_recent,G15,Mass Premier 15 2
G15EYNER1NE,-0.00039418910045907474,12,10,2,massey_recent,G15,ENVY 15 NATIONAL
G15119491XX,-0.0003942026277574673,5,0,5,massey_recent,G15,Vale 15 1
G15USANY1XL,-0.00039427919554424484,5,2,3,massey_recent,G15,USANY Calculus 15 1
G15MGJVB19NE,-0.0003943131169170666,6,1,5,massey_recent,G15,MGA 15's Falcons
G15SJJVB3NE,-0.0007516147043304944,5,5,0,massey_recent,G15,SMASH 15s Lava
G15HKJVB1NE,-0.0007834951393270728,5,1,4,massey_recent,G15,Husky 15 National
G15EXVBC1NE,-0.000833008567941329,10,2,8,massey_recent,G15,Extreme 15 Purple
G15SJJVB2NE,-0.0017177297379433742,5,4,1,massey_recent,G15,SMASH 15s Power
G15NYCJR1GE,-0.023917401266856153,14,10,4,massey_recent,G15,NYC Juniors 15 National
G15CACLI1GE,-0.07305976869350594,5,1,4,massey_recent,G15,CALI 15 Black
G15AVVBC3NE,-0.23495094091645008,26,14,12,massey_recent,G15,Avidity 15 Jade
G15CSJVB1NE,-1.1241955816395792,12,3,9,massey_recent,G15,CT STARS 15s Nikki
G15NEVBC5NE,-1.1754373902527364,16,10,6,massey_recent,G15,Northeast 15 Black
G15TTVBC1NE,-1.6036483331186915,23,8,15,massey_recent,G15,SLAM 15P Black
G15RRJVB4NE,-2.064411484197591,21,15,6,massey_recent,G15,Boston United 15 Sapphire
G15MXVBC1NE,-2.361669494951186,10,5,5,massey_recent,G15,Max Performance 15 Brad
G15AVVBC1NE,-2.841794676481713,16,8,8,massey_recent,G15,Avidity 15 Onyx
G15MAJVB4NE,-4.006929497635234,8,0,8,massey_recent,G15,Mass Premier 15-3 Blue
G15MCJVB3NE,-4.100616246244382,16,9,7,massey_recent,G15,Mill City 15 Blue
G15LFJVB3NE,-4.411868415007093,12,4,8,massey_recent,G15,603 United 15 Seacoast Blue
G15EYNER3NE,-4.448300271832254,15,7,8,massey_recent,G15,ENVY 15 TIDALWAVE
G15HRJVB1NE,-4.660916840669415,19,6,13,massey_recent,G15,HardRock 15
G15RRJVB9NE,-4.714967111365898,21,14,7,massey_recent,G15,Boston United 15 Chrome
G15117754XX,-5.054396856488977,14,6,8,massey_recent,G15,ValleyVBC Blue
G15RRJVB12NE,-5.24551858995396,20,7,13,massey_recent,G15,Boston United 15 Graphite
G15AVVBC4NE,-5.488274306171912,26,12,14,massey_recent,G15,Avidity 15 Emerald
G15112721XX,-5.697813734083695,31,14,17,massey_recent,G15,X2 Volleyball 15 1
G15EYNER4NE,-5.716136444598735,15,7,8,massey_recent,G15,ENVY 15 HAILSTORM
G15MIVBC2NE,-6.981935720452764,21,8,13,massey_recent,G15,Mass Impact 15 Kayla
G15113231XX,-7.107976933141327,28,9,19,massey_recent,G15,EliteZ 15 GIRLS HP BLACK
G15TTVBC2NE,-7.768280537263209,26,12,14,massey_recent,G15,SLAM 15P Red
G15TTVBC5NE,-8.077844727547044,16,8,8,massey_recent,G15,SLAM 15R Silver
G15HEVBA9NE,-8.135693576313898,22,17,5,massey_recent,G15,HEVBA 15 99
G15RRJVB3NE,-8.394332531093998,22,12,10,massey_recent,G15,Boston United 15 Select 1
G15TTVBC3NE,-8.777727938612319,26,14,12,massey_recent,G15,SLAM 15P White
G15CSJVB2NE,-9.584410492232415,5,4,1,massey_recent,G15,CT STARS 15s Leah
G15TTVBC4NE,-9.637463060117796,16,8,8,massey_recent,G15,SLAM 15R Grey
G15UNVBC2NE,-10.647823725999528,10,3,7,massey_recent,G15,Unity 15 Girls Silver Shamrocks
G15RRJVB5NE,-10.760113852411553,21,12,9,massey_recent,G15,Boston United 15 Steel
G15LFJVB1NE,-10.969545430732968,15,6,9,massey_recent,G15,603 United 15 Seacoast Black
G15EYNER5NE,-11.320157515320654,15,3,12,massey_recent,G15,ENVY 15 LANDSLIDE
G15PVJVB3NE,-11.339679884420125,23,9,14,massey_recent,G15,PV 15 Elite
G15MAJVB5NE,-11.412711090674339,8,4,4,massey_recent,G15,Mass Premier 15-3 White
G15SAVBC1XL,-11.80309309965112,5,4,1,massey_recent,G15,Sporting Albany Girls 15u
G15117753XX,-12.031870873507751,15,8,7,massey_recent,G15,ValleyVBC Black
G15SRVBC1NE,-12.653767524038102,16,7,9,massey_recent,G15,SURGE 15 YELLOW
G15MAPVB3NE,-13.331323772846204,26,13,13,massey_recent,G15,Mass Power VB 15 Pink
G15MIVBC3NE,-13.86432686277927,22,12,10,massey_recent,G15,Mass Impact 15 Sarah
G15SJVBC3NE,-13.867863860398069,15,10,5,massey_recent,G15,South County 15-White
G15PROVA5GE,-14.00533523948717,8,2,6,massey_recent,G15,Prodigy 15.5 Club
G15TCJVB1NE,-14.417763871529207,14,9,5,massey_recent,G15,Nova 15 Premier Kim
G15MCJVB4NE,-16.282475468191578,15,7,8,massey_recent,G15,Mill City 15 Teal
G15SGHVB1NE,-17.008680068504617,12,4,8,massey_recent,G15,Starlings GH 15 1
G15112722XX,-17.24893827277073,31,9,22,massey_recent,G15,X2 Volleyball 15 2
G15MGJVB6NE,-17.645381176642594,8,1,7,massey_recent,G15,MGA 15's Black
G15SPAVB2XL,-18.672948658846856,10,3,7,massey_recent,G15,Spa City 15 Coral
G15CAMYV1NE,-19.41430479955891,9,3,6,massey_recent,G15,CYVB 15 1
G15CTRVB1NE,-20.09439788148258,40,18,22,massey_recent,G15,C3VB 15 1
G15IGVBC2NE,-20.448529801421557,18,7,11,massey_recent,G15,Ignite 15 Red
G15MGJVB5NE,-21.30687898086022,8,0,8,massey_recent,G15,MGA 15's White
G15RRJVB7NE,-21.347536167931853,15,4,11,massey_recent,G15,Boston United 15 Silver
G15RRJVB10NE,-23.369385167289582,23,12,11,massey_recent,G15,Boston United 15 Diamond
G15BVJVB2NE,-25.5800490671832,20,7,13,massey_recent,G15,Blast 15 U Badgers
G15RRJVB11NE,-25.64279468814717,20,5,15,massey_recent,G15,Boston United 15 Cobalt
G15RRJVB6NE,-26.594433002861365,21,9,12,massey_recent,G15,Boston United 15 Titanium
G15CSJVB3NE,-28.35880530996143,6,1,5,massey_recent,G15,CT STARS 15s Oxholm
G15TCJVB2NE,-28.93128711427618,5,0,5,massey_recent,G15,Nova 15 Premier Holly
G15LIVBI1GE,-29.95134368041425,5,2,3,massey_recent,G15,LI Blaze VBC 15
G15IGVBC1NE,-31.061229242989157,21,8,13,massey_recent,G15,Ignite 15 Black
G15NESVC1NE,-31.494518997259206,21,5,16,massey_recent,G15,NE Storm 15 Tempest
G15113233XX,-31.66449343951149,16,3,13,massey_recent,G15,EliteZ 15 GIRLS SILVER
G15SPAVB3XL,-33.61303960121575,10,2,8,massey_recent,G15,Spa City 15 Navy
G15SJVBC4NE,-38.385110863396775,15,5,10,massey_recent,G15,South County 15-Black
G15TCJVB4NE,-39.69213791335852,13,4,9,massey_recent,G15,Nova 15 Regional
G15TCJVB3NE,-43.9322886721906,17,6,11,massey_recent,G15,Nova 15 Select Lauren
G15TCJVB5NE,-45.220173971208425,16,1,15,massey_recent,G15,Nova 14/15 Select Addison
G15CSJVB4NE,-46.193478922702305,5,0,5,massey_recent,G15,CT STARS 15s Comstock
G15113232XX,-47.5047874044081,16,1,15,massey_recent,G15,EliteZ 15 GIRLS CARBON
G15DRVBC2NE,-50.723238406851046,10,0,10,massey_recent,G15,Dragons 15 Angelina
G16NEVBC1NE,1697.5702828454218,21,21,0,elo_baseline,G16,Northeast 16.1
G16NEVBC3NE,1674.6052825434035,23,21,2,elo_baseline,G16,Northeast 16.3
G16HKJVB3NE,1622.1748264687624,14,13,1,elo_baseline,G16,Husky 16 Northeast Black
G16GAJVB3NE,1613.2920782860756,18,15,3,elo_baseline,G16,Gators 16 Green
G16LDNER3NE,1613.1088203877061,21,16,5,elo_baseline,G16,Lockdown VBC 16 Thunder Birds
G16MGJVB2NE,1612.5365161051495,10,10,0,elo_baseline,G16,MGA 16's South
G16MCJVB5NE,1612.199425906064,22,17,5,elo_baseline,G16,Mill City 16 Blue
G16MGJVB3NE,1611.6136232161912,16,13,3,elo_baseline,G16,MGA 16's Stars
G16USANY1XL,1608.2310357738784,11,11,0,elo_baseline,G16,USANY Fortitude 16 - 1
G16LHVBC2NE,1603.697764991636,18,14,4,elo_baseline,G16,LHV Girls 16-2 Askari
G16MNJVB1NE,1596.508498097914,11,10,1,elo_baseline,G16,Maine Jrs 16 National
G16EYNER2NE,1594.0564203070373,18,14,4,elo_baseline,G16,ENVY 16 BLIZZARD
G16CMJVB3NE,1592.4847293705664,21,15,6,elo_baseline,G16,CMASS EDGE 16 White
G16RRJVB1NE,1589.3230513050019,20,15,5,elo_baseline,G16,Boston United 16 National
G16NEVBC5NE,1587.5185316047791,14,11,3,elo_baseline,G16,Northeast 16 Orange
G16ALBMR1CR,1587.075397131572,10,9,1,elo_baseline,G16,ARVC 16U Orange
G16CMJVB2NE,1583.6909247217989,14,10,4,elo_baseline,G16,CMASS EDGE 16 Blue
G16MAJVB3NE,1575.7401168962033,12,10,2,elo_baseline,G16,Mass Premier 16 3
G16MCJVB2NE,1575.008391948322,23,15,8,elo_baseline,G16,Mill City 16 Royal
G16NESVC1NE,1574.860680272841,24,16,8,elo_baseline,G16,NE Storm 16 Avalanche
G16VOLFX1WE,1574.5424993042218,13,10,3,elo_baseline,G16,VolleyFX 16 Mantra
G16MCJVB4NE,1572.029401575189,31,20,11,elo_baseline,G16,Mill City 16 Black
G16NEVBC2NE,1569.9211945367156,13,10,3,elo_baseline,G16,Northeast 16.2
G16HKJVB2NE,1568.636995167757,12,9,3,elo_baseline,G16,Husky 16 Northeast Red
G16EYNER4NE,1568.3743862704785,16,11,5,elo_baseline,G16,ENVY 16 WILDFIRE
G16RRJVB2NE,1565.7825880158136,40,25,15,elo_baseline,G16,Boston United 16 Northeast
G16MCJVB3NE,1565.4253908173534,27,16,11,elo_baseline,G16,Mill City 16 Orange
G16MNJVB4NE,1564.490338123253,11,9,2,elo_baseline,G16,Maine Jrs 16 Bronze
G16516EL1GE,1562.6793381202997,8,7,1,elo_baseline,G16,516 Elite 16 Black
G16SSVBC1NE,1560.7222093361083,10,8,2,elo_baseline,G16,SSVBC 16 1
G16MIVBC5NE,1560.290370982447,27,17,10,elo_baseline,G16,Mass Impact 16 Murph
G16SJJVB1NE,1559.3459070079327,11,8,3,elo_baseline,G16,SMASH 16s
G16TCJAG1XL,1559.1679777040438,5,5,0,elo_baseline,G16,Jaguars 16u Black
G16MXVBC1NE,1557.5745359854052,5,5,0,elo_baseline,G16,Max Performance 16 Jess
G16TTVBC2NE,1557.1422471375722,32,20,12,elo_baseline,G16,SLAM 16P Red
G16TTVBC1NE,1557.0929908597375,30,19,11,elo_baseline,G16,SLAM 16P Black
G16HEVBA9NE,1555.9465873978113,24,15,9,elo_baseline,G16,HEVBA 16 99
G16DIGSV2GE,1555.3759534389671,9,7,2,elo_baseline,G16,Digs 16 WHITE
G16NEVBC4NE,1554.9566100117631,16,11,5,elo_baseline,G16,Northeast 16 Blue
G16BWVBC1FL,1551.9827750601783,5,5,0,elo_baseline,G16,BWVC 16 Mizuno Elite
G16MNJVB3NE,1551.0468274978884,12,8,4,elo_baseline,G16,Maine Jrs 16 Silver
G16MIVBC1NE,1550.7544479637174,15,10,5,elo_baseline,G16,Mass Impact 16 Mae
G16SJVBC4NE,1550.1521760096462,20,13,7,elo_baseline,G16,South County 16-White
G16SSVBC2NE,1547.6240745834357,15,10,5,elo_baseline,G16,SSVBC 16 2
G16LEGIO2XL,1545.968168866849,15,10,5,elo_baseline,G16,TeamLVC 16 Pink
G16RRJVB4NE,1545.271410627053,26,16,10,elo_baseline,G16,Boston United 16 Select 2
G16LIBER1CH,1544.8685617593042,9,6,3,elo_baseline,G16,LIBERO 16 HUSKIES
G16SPAVB1XL,1542.9958794139866,18,11,7,elo_baseline,G16,Spa City 16 Aqua
G16TTVBC4NE,1542.9056857679554,20,13,7,elo_baseline,G16,SLAM 16R Silver
G16KNGHT1GE,1542.8093000475412,17,10,7,elo_baseline,G16,LIKVBC 16
G16MIVBC2NE,1542.583816766993,27,16,11,elo_baseline,G16,Mass Impact 16 Celia
G16SJVBC1NE,1541.6181590070523,21,12,9,elo_baseline,G16,South County 16- National
G16LFJVB4NE,1539.6007212218904,15,10,5,elo_baseline,G16,603 United 16 Seacoast Blue
G16118021XX,1539.1661331301884,13,8,5,elo_baseline,G16,NYCLBVC 16U BLUE ELITE
G16TRICO1GE,1538.7664260019499,11,7,4,elo_baseline,G16,TriCounty ATTACK 16 1
G16SAVBC1XL,1538.4284396459404,5,4,1,elo_baseline,G16,Sporting Albany Girls 16u
G16SJJVB2NE,1538.3252495558404,10,7,3,elo_baseline,G16,SMASH 16s Sparks
G16HKJVB4NE,1536.6836130074958,15,9,6,elo_baseline,G16,Husky 16 New England Red
G16LFJVB3NE,1535.789592601073,23,14,9,elo_baseline,G16,603 United 16 Central White
G16TCJVB1NE,1535.49095242911,3,3,0,elo_baseline,G16,Nova 16 Premier Jamie/Mili
G16IGVBC1NE,1535.0277777853007,25,16,9,elo_baseline,G16,Ignite 16 Black
G16WAREN3GE,1534.953201117632,5,4,1,elo_baseline,G16,Warren Sixpack 16 white
G16HKJVB5NE,1534.710490762099,13,8,5,elo_baseline,G16,Husky 16 New England Black
G16ROCKA1GE,1534.5493068193887,7,5,2,elo_baseline,G16,RVT 16-1 Surf
G16MGJVB1NE,1533.7235273197432,7,5,2,elo_baseline,G16,MGA 16's North
G16TTVBC3NE,1533.712629417301,34,19,15,elo_baseline,G16,SLAM 16P White
G16VERSE1GE,1533.6902367250475,7,5,2,elo_baseline,G16,NYC Volley Verse 16 Gold
G16SOSVB1GE,1533.5874894012227,5,4,1,elo_baseline,G16,Sideout 16N Cooper
G16SAJVB2NE,1532.9837127749333,16,10,6,elo_baseline,G16,SA Elite 16 American Impact
G16CAPVC1GE,1531.941609840882,7,5,2,elo_baseline,G16,Capitals 16 National
G16PARAD1WE,1531.4437065831855,5,4,1,elo_baseline,G16,Paradigm Rebellion
G16INNOV1PU,1531.4403355609081,7,5,2,elo_baseline,G16,InnovativeVC 16 1 Robert
G16PARAD2WE,1530.8098207751045,5,4,1,elo_baseline,G16,Paradigm Rumble
G16GSVBC1NE,1528.0390899660183,11,7,4,elo_baseline,G16,GSVC 16 Navy
G16PIEDR10PU,1527.2699079813515,8,5,3,elo_baseline,G16,LPV-16U
G16LEGIO1XL,1526.6781382105542,10,6,4,elo_baseline,G16,TeamLVC 16 Black
G16RENAS1KE,1525.689723237129,8,5,3,elo_baseline,G16,Renaissance 16 Black
G16SRVBC2NE,1524.562438953235,17,10,7,elo_baseline,G16,SURGE 16 GREEN
G16FGSVA1FL,1524.0355676431739,8,5,3,elo_baseline,G16,Gulfside 16U Select
G16PROVA1GE,1523.8142344147461,4,3,1,elo_baseline,G16,Prodigy 16.1 Premier
G16OCEAN1GE,1523.0455210178911,8,5,3,elo_baseline,G16,Ocean Volleyball 16 National
G16LHVBC3NE,1522.033471940376,15,9,6,elo_baseline,G16,LHV Girls 16-3 Braves
G16LCVBC3GE,1521.3532299070116,8,5,3,elo_baseline,G16,Legacy 16 Premier
G16NEVBC6NE,1521.2519259029311,14,8,6,elo_baseline,G16,Northeast 16 Black
G16WAREN1GE,1521.2455294022625,4,3,1,elo_baseline,G16,Warren Sixpack 16 red
G16NYCJR1GE,1519.7380913752102,13,7,6,elo_baseline,G16,NYC Juniors 16 National
G16SJVBC2NE,1519.737808135683,13,8,5,elo_baseline,G16,South County 16-Blue
G16EYNER1NE,1518.1951017602967,17,9,8,elo_baseline,G16,ENVY 16 NATIONAL
G16BEVNY1GE,1515.5738175511372,7,4,3,elo_baseline,G16,BEV 16 Empire
G16MGJVB4NE,1515.5669006094895,16,8,8,elo_baseline,G16,MGA 16's Stripes
G16AVVBC2NE,1515.411563370954,20,10,10,elo_baseline,G16,Avidity 16 Ruby
G16NYCJR5GE,1515.1984785866837,7,4,3,elo_baseline,G16,NYC Juniors 16 Brooklyn
G16MNJVB2NE,1514.8390039589208,18,10,8,elo_baseline,G16,Maine Jrs 16 Gold
G16APXTC1OV,1514.2446026838436,7,4,3,elo_baseline,G16,Apex VBTC 16 Apex Red
G16BVJVB1NE,1513.9809532581996,5,3,2,elo_baseline,G16,Blast 16U Tigers
G16OCLEV1GE,1513.8846015085282,9,5,4,elo_baseline,G16,OC Lady Elite 16 Black
G16APXTC2OV,1513.1030571597785,7,4,3,elo_baseline,G16,Apex VBTC 16 Apex White
G16CACLI5GE,1513.0294218061943,5,3,2,elo_baseline,G16,CALI 16 Gold North
G16SPKRS1GE,1513.0045252950576,5,3,2,elo_baseline,G16,SpikeHers 16 Blue
G16LEGRO3GE,1512.2568935292052,5,3,2,elo_baseline,G16,Allegro 16 Scarlet
G16SJJVB3NE,1512.0671127459293,16,8,8,elo_baseline,G16,SMASH 16's Extreme
G16SAJVB1NE,1511.688111305859,13,7,6,elo_baseline,G16,SA Elite 16 American
G16MVNER1NE,1511.1827707071952,5,3,2,elo_baseline,G16,Meraki VB 16 1
G16CACLI1GE,1510.8282899688406,5,3,2,elo_baseline,G16,CALI 16 Black
G16LDNER2NE,1510.344770653112,5,3,2,elo_baseline,G16,Lockdown VBC 16 Falcons
G16NESVC2NE,1510.0345905396453,27,14,13,elo_baseline,G16,NE Storm 16 Cyclone
G16CSJVB1NE,1509.7214703008506,13,7,6,elo_baseline,G16,CT STARS 16s Don
G16CACLI4GE,1508.7421359364084,5,3,2,elo_baseline,G16,CALI 16 Gold Elite
G16LHVBA1GE,1508.3894087949272,17,9,8,elo_baseline,G16,LHVA 16 Purple National
G16CTRVB1NE,1507.0419264312764,37,18,19,elo_baseline,G16,C3VB 16 1
G16PROVA3GE,1505.188354224575,11,6,5,elo_baseline,G16,Prodigy 16.3 Elite
G16PROVA4GE,1504.3397041161588,8,4,4,elo_baseline,G16,Prodigy 16.4 Club
G16AVVBC1NE,1504.2465404968345,14,7,7,elo_baseline,G16,Avidity 16 Onyx
G16HKJVB1NE,1504.2007970212453,10,5,5,elo_baseline,G16,Husky 16 National
G16LEGRO4GE,1503.95191172621,2,1,1,elo_baseline,G16,Allegro 16 South Black
G16MAJVB2NE,1503.360173340388,13,7,6,elo_baseline,G16,Mass Premier 16 2
G16ECLPS1GE,1502.463090710825,8,4,4,elo_baseline,G16,Eclipse 16 1
G16LDNER1NE,1501.2620493811182,14,7,7,elo_baseline,G16,Lockdown VBC 16 Hawks
G16LUNAR5GEX,1500.8113988127755,4,2,2,elo_baseline,G16,CCC - Hawks 16
G16VERSE2GE,1500.78046167586,8,4,4,elo_baseline,G16,NYC Volley Verse 16 Navy
G16LEGIO3XL,1500.582633462468,14,7,7,elo_baseline,G16,TeamLVC 16 White
G16CJVBA5GE,1500.122426381078,8,4,4,elo_baseline,G16,CJVA 16 Ruby
G16AAVBC1NE,1499.8150205555926,10,5,5,elo_baseline,G16,AVA 16 Venom
G16NYCIV2GE,1498.0573212224394,8,4,4,elo_baseline,G16,NYC Impact 16U Travel
G16MOMET1FL,1497.5276926761946,6,3,3,elo_baseline,G16,Momentum 16 Neon
G16DRVBC1NE,1497.509137989359,32,16,16,elo_baseline,G16,Dragons 16 Fyre
G16MXVBC2NE,1496.643372192853,14,7,7,elo_baseline,G16,Max Performance 16 Tony
G16LFJVB2NE,1496.5416169401226,23,12,11,elo_baseline,G16,603 United 16 Seacoast White
G16RRJVB7NE,1495.7321799256738,21,11,10,elo_baseline,G16,Boston United 16 Titanium
G16NYCIV1GE,1494.7994252580982,7,3,4,elo_baseline,G16,NYC Impact 16U National
G16117971XX,1492.514541106137,7,3,4,elo_baseline,G16,16U BPR 16 1
G16LHVBC4NE,1490.1199349596368,15,7,8,elo_baseline,G16,LHV Girls 16-4 Ragers
G16CJJVB2NE,1489.9671666893385,9,4,5,elo_baseline,G16,CT Juniors 16 Premier
G16SJVBC3NE,1489.9339905777676,18,9,9,elo_baseline,G16,South County 16-Gold
G16JHEAT3GE,1489.27429332251,5,2,3,elo_baseline,G16,CJHEAT 16 3
G16MAVRK1OV,1489.1173309280578,7,3,4,elo_baseline,G16,Maverick 16 Maroon
G16PINVA2GE,1489.1045014163947,7,3,4,elo_baseline,G16,PVA 16 National Peak
G16IGVBC2NE,1488.8630914798082,27,12,15,elo_baseline,G16,Ignite 16 Red
G16MGJVB19NE,1488.827614673444,3,1,2,elo_baseline,G16,MGA 16's Condors
G16LEGRO2GE,1488.8040908476657,5,2,3,elo_baseline,G16,Allegro 16 Ruby
G16HRJVB1NE,1488.5030930603316,28,12,16,elo_baseline,G16,HardRock 16
G16XTREM3GE,1487.6374000939168,7,3,4,elo_baseline,G16,Xtreme 16 Regional Poppy
G16GRVBC1NE,1486.7236896903842,7,3,4,elo_baseline,G16,GVC 16-1
G16EXVBC1NE,1486.0855785388756,23,11,12,elo_baseline,G16,Extreme 16 Purple
G16MAJVB1NE,1486.0350438610353,18,8,10,elo_baseline,G16,Mass Premier 16 1
G16CACLI7GE,1485.8782528443594,7,3,4,elo_baseline,G16,CALI 16 White North
G16TRICO2GE,1483.3338496346453,10,4,6,elo_baseline,G16,TriCounty ATTACK 16 2
G16NYCVA1GE,1483.1889651515748,12,5,7,elo_baseline,G16,NYC VBA 16 Broadway
G16VPVBC10NE,1482.8631079764154,5,2,3,elo_baseline,G16,Viper 16 Teal
G16CSJVB2NE,1482.2338797025209,14,6,8,elo_baseline,G16,CT STARS 16s Jenna
G16EVNER1NE,1481.90734841526,5,2,3,elo_baseline,G16,EVA U16
G16LFJVB1NE,1481.5137592165856,14,6,8,elo_baseline,G16,603 United 16 Seacoast Black
G16DIGSV1GE,1480.673849592242,8,3,5,elo_baseline,G16,Digs 16 RED
G16LCVBC1GE,1480.2189803363967,8,3,5,elo_baseline,G16,Legacy 16 National
G16DDVBC1NE,1478.944902389019,32,15,17,elo_baseline,G16,Dig Deep 16 Ginger
G16JHEAT2GE,1478.0705396521257,4,1,3,elo_baseline,G16,CJHEAT 16 2
G16EXVBC2NE,1477.4383464846253,6,2,4,elo_baseline,G16,Extreme 16 Black
G16MGJVB6NE,1475.0972642938402,8,3,5,elo_baseline,G16,MGA 16's White
G16SGHVB1NE,1474.9247611178528,13,5,8,elo_baseline,G16,Starlings GH 16 1
G16NYCLI1GE,1474.8228606738483,8,3,5,elo_baseline,G16,NYCLI 16 Elite
G16MCJVB6NE,1471.8903541826633,19,8,11,elo_baseline,G16,Mill City 16 Teal
G16GRVBC2NE,1470.5973678598837,13,5,8,elo_baseline,G16,GVC 16-2
G16NETHG2XL,1470.5535901839903,12,5,7,elo_baseline,G16,NET 16 Lightning
G16SHVBC1NE,1470.3244745208867,5,1,4,elo_baseline,G16,NE Shock 16 1
G16CJJVB1NE,1470.076645933836,10,4,6,elo_baseline,G16,CT Juniors 16 National
G16LHVBA2GE,1469.1518228262835,5,1,4,elo_baseline,G16,LHVA 16 Black Travel
G16EYNER5NE,1468.5903973292816,16,7,9,elo_baseline,G16,ENVY 16 EARTHQUAKE
G16BEVNY2GE,1468.3936719635628,7,2,5,elo_baseline,G16,BEV 16 Elite
G16PINVA1GE,1468.1405298361171,7,2,5,elo_baseline,G16,PVA 16 National Summit
G16DRVCM1CA,1467.899966544661,7,2,5,elo_baseline,G16,Durham Rebels Alliance
G16112721XX,1467.848396087187,37,16,21,elo_baseline,G16,X2 Volleyball 16 1
G16WAREN2GE,1467.6627357755974,5,1,4,elo_baseline,G16,Warren Sixpack 16 black
G16GAJVB1NE,1467.604443431859,5,1,4,elo_baseline,G16,Gators 16 Black
G16MIVBC4NE,1466.1121847676995,29,13,16,elo_baseline,G16,Mass Impact 16 Cam
G16CACLI6GE,1465.4565741691172,5,1,4,elo_baseline,G16,CALI 16 Gold South
G16ROCKA2GE,1464.9384919017145,7,2,5,elo_baseline,G16,RVT 16-2 Swim
G16NSJVB1NE,1464.8512593383882,20,8,12,elo_baseline,G16,NH Seacoast 16 Open
G16MGJVB20NE,1464.827614673444,3,0,3,elo_baseline,G16,MGA 16's Jaguars
G16HHVBC3NE,1463.88155185299,5,1,4,elo_baseline,G16,Hawks 16 Lathrop
G16113231XX,1462.6052399683329,31,13,18,elo_baseline,G16,EliteZ 16 GIRLS HP BLACK
G16EYNER3NE,1461.210664137633,21,8,13,elo_baseline,G16,ENVY 16 HURRICANE
G16CMJVB1NE,1460.959985420115,10,3,7,elo_baseline,G16,CMASS EDGE 16 Black
G16PROVA5GE,1460.8151224270935,8,2,6,elo_baseline,G16,Prodigy 16.5 Club
G16TCJVB2NE,1457.0559949142241,10,3,7,elo_baseline,G16,Nova 16 Premier Megan
G16MIVBC3NE,1456.6735940418669,26,11,15,elo_baseline,G16,Mass Impact 16 Maddi
G16CAMYV1NE,1456.084632063423,19,8,11,elo_baseline,G16,CYVB 16 1
G16LHVBC1NE,1455.2685402685556,10,3,7,elo_baseline,G16,LHV Girls 16-1 Surge
G16CJVBA6GE,1455.222728263212,6,1,5,elo_baseline,G16,CJVA 16 Red
G16NESVC3NE,1454.9194699332759,25,11,14,elo_baseline,G16,NE Storm 16 Earthquake
G16SGHVB2NE,1453.4391793208597,13,5,8,elo_baseline,G16,Starlings GH 16 2
G16MGJVB5NE,1452.758953953799,7,2,5,elo_baseline,G16,MGA 16's Black
G16BEVNY3GE,1452.239847823132,6,1,5,elo_baseline,G16,BEV 16 Skyline
G16UNVBC1NE,1451.2544670264733,18,7,11,elo_baseline,G16,Unity 16 Girls Gold Valkeries
G16CSJVB3NE,1450.7410432207794,11,3,8,elo_baseline,G16,CT STARS 16s Ioanna
G16SPAVB2XL,1448.8886291167569,13,4,9,elo_baseline,G16,Spa City 16 Coral
G16MCJVB1NE,1447.8248940286019,17,5,12,elo_baseline,G16,Mill City 16's
G16RENAS2KE,1444.2619921616674,7,1,6,elo_baseline,G16,Renaissance 16 Red
G16SOSVB2GE,1442.8242467253517,5,0,5,elo_baseline,G16,Sideout 16N Carly
G16TCJAG2XL,1442.1046238739327,7,1,6,elo_baseline,G16,Jaguars 16u Purple
G16SRVBC1NE,1441.6321026230132,15,5,10,elo_baseline,G16,SURGE 16 RED
G16GREEN1GE,1441.3685535485424,7,1,6,elo_baseline,G16,Asphalt Green VBC 16-Green
G16TTVBC5NE,1439.347465100344,21,8,13,elo_baseline,G16,SLAM 16R Crimson
G16TCJVB3NE,1437.0513021987585,18,6,12,elo_baseline,G16,Nova 16 Select Gianna
G16BVJVB2NE,1434.8770843637487,30,11,19,elo_baseline,G16,Blast 16U Vipers
G16SAJVB3NE,1432.986277776122,15,4,11,elo_baseline,G16,SA Elite 16 American Ice
G16BEVNY4GE,1430.7556302780026,6,0,6,elo_baseline,G16,BEV 16 High Rise
G16MGJVB21NE,1428.23465038244,6,0,6,elo_baseline,G16,MGA 16's Pumas
G16LFJVB6NE,1427.334421745774,16,5,11,elo_baseline,G16,603 United 16 Central Blue
G16PROVA2GE,1421.9582682677215,7,0,7,elo_baseline,G16,Prodigy 16.2 Elite
G161181910XX,1421.38415019948,7,0,7,elo_baseline,G16,SI SPIKES 16 12
G16CACLI8GE,1420.8978182403048,7,0,7,elo_baseline,G16,CALI 16 White South
G16DDVBC2NE,1416.2528984474677,28,9,19,elo_baseline,G16,Dig Deep 16 Platinum
G16NESVC4NE,1412.8136195755228,25,7,18,elo_baseline,G16,NE Storm 16 Twister
G16SURGE1GE,1407.8111317009175,11,1,10,elo_baseline,G16,LI Surge 16 Premier
G16MAPVB2NE,1406.3496430917885,26,7,19,elo_baseline,G16,Mass Power VB 16 Pink
G16CRJVB1NE,1403.9476690975584,18,3,15,elo_baseline,G16,CRVBC 16 1 Hawks
G16PVJVB3NE,1403.1274736225873,14,3,11,elo_baseline,G16,PV 16 Select
G16113232XX,1403.080450237162,20,5,15,elo_baseline,G16,EliteZ 16 GIRLS CARBON
G16113233XX,1401.6767635652138,21,6,15,elo_baseline,G16,EliteZ 16 GIRLS SILVER
G16PVJVB2NE,1399.8179622438695,31,9,22,elo_baseline,G16,PV 16 Elite
G16DRVBC2NE,1386.893166350238,10,0,10,elo_baseline,G16,Dragons 16 Michelle
G16RRJVB6NE,1385.917696588342,21,5,16,elo_baseline,G16,Boston United 16 Steel
G16TCJVB4NE,1382.3384532563678,9,0,9,elo_baseline,G16,Nova 16 Regional
G16RRJVB8NE,1373.4690093696688,23,5,18,elo_baseline,G16,Boston United 16 Silver
G16BVJVB3NE,1364.628129607684,25,6,19,elo_baseline,G16,Blast 16U Jaguars
G16RRJVB5NE,1353.5097874400874,20,3,17,elo_baseline,G16,Boston United 16 Sapphire
G16SIVBC1NE,1348.8598137299393,31,6,25,elo_baseline,G16,SISU VB 16 1
G16RRJVB3NE,1347.0229429888927,19,1,18,elo_baseline,G16,Boston United 16 Select 1
G16PVJVB1NE,1333.5091464926904,21,2,19,elo_baseline,G16,PV 16 National
G16TTVBC6NE,1327.2106756863911,22,2,20,elo_baseline,G16,SLAM 16R Platinum
G16MAPVB3NE,1300.3982211076866,25,2,23,elo_baseline,G16,Mass Power VB 16 Black
G16NEVBC1NE,1862.690503974705,21,21,0,elo_margin,G16,Northeast 16.1
G16NEVBC3NE,1828.6302238408894,23,21,2,elo_margin,G16,Northeast 16.3
G16MGJVB2NE,1752.167734815248,10,10,0,elo_margin,G16,MGA 16's South
G16HKJVB3NE,1730.597599381982,14,13,1,elo_margin,G16,Husky 16 Northeast Black
G16MGJVB3NE,1721.084417458198,16,13,3,elo_margin,G16,MGA 16's Stars
G16USANY1XL,1712.6480788152094,11,11,0,elo_margin,G16,USANY Fortitude 16 - 1
G16CMJVB2NE,1708.9772419933067,14,10,4,elo_margin,G16,CMASS EDGE 16 Blue
G16MCJVB5NE,1704.051259610323,22,17,5,elo_margin,G16,Mill City 16 Blue
G16LHVBC2NE,1700.9522230194532,18,14,4,elo_margin,G16,LHV Girls 16-2 Askari
G16LDNER3NE,1695.863399383769,21,16,5,elo_margin,G16,Lockdown VBC 16 Thunder Birds
G16GAJVB3NE,1693.1730527499087,18,15,3,elo_margin,G16,Gators 16 Green
G16CMJVB3NE,1689.6944617923746,21,15,6,elo_margin,G16,CMASS EDGE 16 White
G16MNJVB1NE,1689.3203663139343,11,10,1,elo_margin,G16,Maine Jrs 16 National
G16ALBMR1CR,1685.8841333161306,10,9,1,elo_margin,G16,ARVC 16U Orange
G16NEVBC5NE,1684.031209101664,14,11,3,elo_margin,G16,Northeast 16 Orange
G16EYNER2NE,1666.2497111657185,18,14,4,elo_margin,G16,ENVY 16 BLIZZARD
G16MCJVB2NE,1665.3695434432514,23,15,8,elo_margin,G16,Mill City 16 Royal
G16MCJVB3NE,1664.0491911305432,27,16,11,elo_margin,G16,Mill City 16 Orange
G16EYNER4NE,1658.6527348463633,16,11,5,elo_margin,G16,ENVY 16 WILDFIRE
G16RRJVB1NE,1643.0784578207374,20,15,5,elo_margin,G16,Boston United 16 National
G16VOLFX1WE,1641.0445117824818,13,10,3,elo_margin,G16,VolleyFX 16 Mantra
G16HKJVB2NE,1639.5278517660788,12,9,3,elo_margin,G16,Husky 16 Northeast Red
G16TCJAG1XL,1638.4865751868203,5,5,0,elo_margin,G16,Jaguars 16u Black
G16MAJVB3NE,1635.8384664947023,12,10,2,elo_margin,G16,Mass Premier 16 3
G16SSVBC1NE,1634.5390378787029,10,8,2,elo_margin,G16,SSVBC 16 1
G16SJJVB1NE,1630.9874603586327,11,8,3,elo_margin,G16,SMASH 16s
G16MXVBC1NE,1624.5889110372063,5,5,0,elo_margin,G16,Max Performance 16 Jess
G16516EL1GE,1621.955002665164,8,7,1,elo_margin,G16,516 Elite 16 Black
G16MIVBC5NE,1621.3985847217225,27,17,10,elo_margin,G16,Mass Impact 16 Murph
G16DIGSV2GE,1617.1976015921982,9,7,2,elo_margin,G16,Digs 16 WHITE
G16LIBER1CH,1616.3939022222758,9,6,3,elo_margin,G16,LIBERO 16 HUSKIES
G16NEVBC2NE,1615.276088778731,13,10,3,elo_margin,G16,Northeast 16.2
G16HEVBA9NE,1612.9492094478253,24,15,9,elo_margin,G16,HEVBA 16 99
G16KNGHT1GE,1611.051712219462,17,10,7,elo_margin,G16,LIKVBC 16
G16NESVC1NE,1610.1206737672853,24,16,8,elo_margin,G16,NE Storm 16 Avalanche
G16SJVBC1NE,1604.2803198110314,21,12,9,elo_margin,G16,South County 16- National
G16INNOV1PU,1603.1857593224831,7,5,2,elo_margin,G16,InnovativeVC 16 1 Robert
G16BWVBC1FL,1601.3859952023793,5,5,0,elo_margin,G16,BWVC 16 Mizuno Elite
G16TTVBC1NE,1601.3751282021053,30,19,11,elo_margin,G16,SLAM 16P Black
G16RRJVB2NE,1599.852026836086,40,25,15,elo_margin,G16,Boston United 16 Northeast
G16MNJVB3NE,1596.4872644555014,12,8,4,elo_margin,G16,Maine Jrs 16 Silver
G16MCJVB4NE,1593.0273038356534,31,20,11,elo_margin,G16,Mill City 16 Black
G16SJVBC4NE,1592.3172906043787,20,13,7,elo_margin,G16,South County 16-White
G16TRICO1GE,1589.0510119752853,11,7,4,elo_margin,G16,TriCounty ATTACK 16 1
G16MGJVB1NE,1588.2935132361954,7,5,2,elo_margin,G16,MGA 16's North
G16HKJVB5NE,1586.5866666274467,13,8,5,elo_margin,G16,Husky 16 New England Black
G16MIVBC1NE,1585.0204973777636,15,10,5,elo_margin,G16,Mass Impact 16 Mae
G16LEGIO2XL,1584.4263721958673,15,10,5,elo_margin,G16,TeamLVC 16 Pink
G16SSVBC2NE,1584.395509130145,15,10,5,elo_margin,G16,SSVBC 16 2
G16SPAVB1XL,1583.6770317679268,18,11,7,elo_margin,G16,Spa City 16 Aqua
G16MNJVB4NE,1582.2243425936063,11,9,2,elo_margin,G16,Maine Jrs 16 Bronze
G16NEVBC4NE,1580.7055062902698,16,11,5,elo_margin,G16,Northeast 16 Blue
G16ROCKA1GE,1578.8428087394295,7,5,2,elo_margin,G16,RVT 16-1 Surf
G16RENAS1KE,1577.419156979174,8,5,3,elo_margin,G16,Renaissance 16 Black
G16HKJVB4NE,1576.3156454371215,15,9,6,elo_margin,G16,Husky 16 New England Red
G16PIEDR10PU,1574.898796478827,8,5,3,elo_margin,G16,LPV-16U
G16118021XX,1574.3037193630048,13,8,5,elo_margin,G16,NYCLBVC 16U BLUE ELITE
G16TTVBC2NE,1574.290520884592,32,20,12,elo_margin,G16,SLAM 16P Red
G16EYNER1NE,1574.2749217093415,17,9,8,elo_margin,G16,ENVY 16 NATIONAL
G16TCJVB1NE,1572.2222350754384,3,3,0,elo_margin,G16,Nova 16 Premier Jamie/Mili
G16LEGIO1XL,1571.9222357699168,10,6,4,elo_margin,G16,TeamLVC 16 Black
G16SOSVB1GE,1570.4623510539184,5,4,1,elo_margin,G16,Sideout 16N Cooper
G16BEVNY1GE,1569.1929608421478,7,4,3,elo_margin,G16,BEV 16 Empire
G16SJJVB2NE,1569.123458142881,10,7,3,elo_margin,G16,SMASH 16s Sparks
G16CAPVC1GE,1568.6854517394613,7,5,2,elo_margin,G16,Capitals 16 National
G16TTVBC4NE,1565.642297184216,20,13,7,elo_margin,G16,SLAM 16R Silver
G16FGSVA1FL,1565.056719166588,8,5,3,elo_margin,G16,Gulfside 16U Select
G16NEVBC6NE,1564.0016545267213,14,8,6,elo_margin,G16,Northeast 16 Black
G16SAVBC1XL,1563.729604696098,5,4,1,elo_margin,G16,Sporting Albany Girls 16u
G16VERSE1GE,1561.7751694818737,7,5,2,elo_margin,G16,NYC Volley Verse 16 Gold
G16WAREN3GE,1560.3104521110752,5,4,1,elo_margin,G16,Warren Sixpack 16 white
G16PARAD2WE,1560.0389322701772,5,4,1,elo_margin,G16,Paradigm Rumble
G16NYCJR1GE,1559.0468019072275,13,7,6,elo_margin,G16,NYC Juniors 16 National
G16SJJVB3NE,1557.3543215986153,16,8,8,elo_margin,G16,SMASH 16's Extreme
G16PARAD1WE,1556.8074432292276,5,4,1,elo_margin,G16,Paradigm Rebellion
G16LFJVB4NE,1555.292235988072,15,10,5,elo_margin,G16,603 United 16 Seacoast Blue
G16PROVA1GE,1554.647206607912,4,3,1,elo_margin,G16,Prodigy 16.1 Premier
G16RRJVB4NE,1552.528418951254,26,16,10,elo_margin,G16,Boston United 16 Select 2
G16APXTC2OV,1551.9963690572888,7,4,3,elo_margin,G16,Apex VBTC 16 Apex White
G16MIVBC2NE,1550.8591683856841,27,16,11,elo_margin,G16,Mass Impact 16 Celia
G16SAJVB2NE,1550.138878102297,16,10,6,elo_margin,G16,SA Elite 16 American Impact
G16LFJVB3NE,1549.6978326092633,23,14,9,elo_margin,G16,603 United 16 Central White
G16OCEAN1GE,1548.6279260498864,8,5,3,elo_margin,G16,Ocean Volleyball 16 National
G16LHVBC3NE,1545.159769270862,15,9,6,elo_margin,G16,LHV Girls 16-3 Braves
G16GSVBC1NE,1544.1337611852928,11,7,4,elo_margin,G16,GSVC 16 Navy
G16IGVBC1NE,1542.7881173061173,25,16,9,elo_margin,G16,Ignite 16 Black
G16CSJVB1NE,1542.4626032491858,13,7,6,elo_margin,G16,CT STARS 16s Don
G16MGJVB4NE,1542.0827450644633,16,8,8,elo_margin,G16,MGA 16's Stripes
G16AVVBC1NE,1541.840118799336,14,7,7,elo_margin,G16,Avidity 16 Onyx
G16WAREN1GE,1541.7270566714199,4,3,1,elo_margin,G16,Warren Sixpack 16 red
G16SRVBC2NE,1541.0605810906675,17,10,7,elo_margin,G16,SURGE 16 GREEN
G16NYCJR5GE,1540.677633524804,7,4,3,elo_margin,G16,NYC Juniors 16 Brooklyn
G16BVJVB1NE,1538.5425628200778,5,3,2,elo_margin,G16,Blast 16U Tigers
G16SPKRS1GE,1538.0779520931678,5,3,2,elo_margin,G16,SpikeHers 16 Blue
G16OCLEV1GE,1536.8804342684184,9,5,4,elo_margin,G16,OC Lady Elite 16 Black
G16APXTC1OV,1535.1836339343386,7,4,3,elo_margin,G16,Apex VBTC 16 Apex Red
G16TTVBC3NE,1529.5880121019313,34,19,15,elo_margin,G16,SLAM 16P White
G16MAJVB2NE,1526.1380579932472,13,7,6,elo_margin,G16,Mass Premier 16 2
G16LHVBA1GE,1525.9246046927967,17,9,8,elo_margin,G16,LHVA 16 Purple National
G16PROVA4GE,1525.3497063659643,8,4,4,elo_margin,G16,Prodigy 16.4 Club
G16LCVBC3GE,1524.3366299959837,8,5,3,elo_margin,G16,Legacy 16 Premier
G16MVNER1NE,1522.9929602614493,5,3,2,elo_margin,G16,Meraki VB 16 1
G16CACLI4GE,1522.7699467636328,5,3,2,elo_margin,G16,CALI 16 Gold Elite
G16CACLI5GE,1522.5541603905194,5,3,2,elo_margin,G16,CALI 16 Gold North
G16AVVBC2NE,1522.389568373407,20,10,10,elo_margin,G16,Avidity 16 Ruby
G16CACLI1GE,1518.5050921794323,5,3,2,elo_margin,G16,CALI 16 Black
G16LDNER1NE,1518.3997421764134,14,7,7,elo_margin,G16,Lockdown VBC 16 Hawks
G16VERSE2GE,1518.1409945163664,8,4,4,elo_margin,G16,NYC Volley Verse 16 Navy
G16SAJVB1NE,1517.7338702136028,13,7,6,elo_margin,G16,SA Elite 16 American
G16LEGRO3GE,1516.7112709604557,5,3,2,elo_margin,G16,Allegro 16 Scarlet
G16CJVBA5GE,1516.2075416444006,8,4,4,elo_margin,G16,CJVA 16 Ruby
G16LEGRO4GE,1515.776896465812,2,1,1,elo_margin,G16,Allegro 16 South Black
G16LFJVB2NE,1514.69445425303,23,12,11,elo_margin,G16,603 United 16 Seacoast White
G16SJVBC2NE,1512.6199554443774,13,8,5,elo_margin,G16,South County 16-Blue
G16LDNER2NE,1512.2386682161632,5,3,2,elo_margin,G16,Lockdown VBC 16 Falcons
G16HRJVB1NE,1511.4805289488438,28,12,16,elo_margin,G16,HardRock 16
G16IGVBC2NE,1510.5260348381019,27,12,15,elo_margin,G16,Ignite 16 Red
G16MAJVB1NE,1509.0939262719403,18,8,10,elo_margin,G16,Mass Premier 16 1
G16CTRVB1NE,1507.5816787285626,37,18,19,elo_margin,G16,C3VB 16 1
G16ECLPS1GE,1506.1392556907304,8,4,4,elo_margin,G16,Eclipse 16 1
G16NYCIV1GE,1505.5499714920638,7,3,4,elo_margin,G16,NYC Impact 16U National
G16LEGIO3XL,1504.0313887811035,14,7,7,elo_margin,G16,TeamLVC 16 White
G16AAVBC1NE,1503.6097433645964,10,5,5,elo_margin,G16,AVA 16 Venom
G16HKJVB1NE,1502.4542194926796,10,5,5,elo_margin,G16,Husky 16 National
G16MOMET1FL,1501.0294391575394,6,3,3,elo_margin,G16,Momentum 16 Neon
G16DDVBC1NE,1499.501040329274,32,15,17,elo_margin,G16,Dig Deep 16 Ginger
G16MNJVB2NE,1493.7295072549691,18,10,8,elo_margin,G16,Maine Jrs 16 Gold
G16117971XX,1489.8298798970661,7,3,4,elo_margin,G16,16U BPR 16 1
G16LHVBC4NE,1489.3440858036101,15,7,8,elo_margin,G16,LHV Girls 16-4 Ragers
G16SGHVB1NE,1486.7694684428197,13,5,8,elo_margin,G16,Starlings GH 16 1
G16LUNAR5GEX,1485.548256375624,4,2,2,elo_margin,G16,CCC - Hawks 16
G16PROVA3GE,1482.6888319320688,11,6,5,elo_margin,G16,Prodigy 16.3 Elite
G16NESVC2NE,1482.3812315751777,27,14,13,elo_margin,G16,NE Storm 16 Cyclone
G16SJVBC3NE,1482.1448502349858,18,9,9,elo_margin,G16,South County 16-Gold
G16EXVBC1NE,1480.618053772113,23,11,12,elo_margin,G16,Extreme 16 Purple
G16NYCVA1GE,1476.429118523273,12,5,7,elo_margin,G16,NYC VBA 16 Broadway
G16GRVBC1NE,1476.335060403042,7,3,4,elo_margin,G16,GVC 16-1
G16MGJVB19NE,1475.1299207203085,3,1,2,elo_margin,G16,MGA 16's Condors
G16TRICO2GE,1473.516593885714,10,4,6,elo_margin,G16,TriCounty ATTACK 16 2
G16MAVRK1OV,1473.4763463911024,7,3,4,elo_margin,G16,Maverick 16 Maroon
G16LEGRO2GE,1472.8525580050255,5,2,3,elo_margin,G16,Allegro 16 Ruby
G16CJJVB2NE,1472.84651712989,9,4,5,elo_margin,G16,CT Juniors 16 Premier
G16MXVBC2NE,1470.6539521778768,14,7,7,elo_margin,G16,Max Performance 16 Tony
G16RRJVB7NE,1469.741690208807,21,11,10,elo_margin,G16,Boston United 16 Titanium
G16PINVA2GE,1468.0831482757567,7,3,4,elo_margin,G16,PVA 16 National Peak
G16LFJVB1NE,1467.0830836688658,14,6,8,elo_margin,G16,603 United 16 Seacoast Black
G16XTREM3GE,1464.12622950459,7,3,4,elo_margin,G16,Xtreme 16 Regional Poppy
G16DRVBC1NE,1464.0786659381959,32,16,16,elo_margin,G16,Dragons 16 Fyre
G16NYCIV2GE,1463.3109703509022,8,4,4,elo_margin,G16,NYC Impact 16U Travel
G16JHEAT2GE,1462.0298997995646,4,1,3,elo_margin,G16,CJHEAT 16 2
G16SHVBC1NE,1461.2861685488172,5,1,4,elo_margin,G16,NE Shock 16 1
G16DIGSV1GE,1460.2560107585693,8,3,5,elo_margin,G16,Digs 16 RED
G16112721XX,1458.793310573676,37,16,21,elo_margin,G16,X2 Volleyball 16 1
G16EYNER3NE,1457.4095484592199,21,8,13,elo_margin,G16,ENVY 16 HURRICANE
G16JHEAT3GE,1453.9792727490728,5,2,3,elo_margin,G16,CJHEAT 16 3
G16CMJVB1NE,1453.7321854684078,10,3,7,elo_margin,G16,CMASS EDGE 16 Black
G16CSJVB2NE,1453.3446949276092,14,6,8,elo_margin,G16,CT STARS 16s Jenna
G16MCJVB1NE,1452.2124126611777,17,5,12,elo_margin,G16,Mill City 16's
G16CACLI7GE,1451.7059839681233,7,3,4,elo_margin,G16,CALI 16 White North
G16EXVBC2NE,1450.7215594021736,6,2,4,elo_margin,G16,Extreme 16 Black
G16GAJVB1NE,1450.0429967120501,5,1,4,elo_margin,G16,Gators 16 Black
G16WAREN2GE,1449.6708443555901,5,1,4,elo_margin,G16,Warren Sixpack 16 black
G16LCVBC1GE,1446.4025662964877,8,3,5,elo_margin,G16,Legacy 16 National
G16MGJVB6NE,1445.757927021629,8,3,5,elo_margin,G16,MGA 16's White
G16MIVBC4NE,1443.3698583912137,29,13,16,elo_margin,G16,Mass Impact 16 Cam
G16EVNER1NE,1442.8540197086147,5,2,3,elo_margin,G16,EVA U16
G16VPVBC10NE,1442.758033504003,5,2,3,elo_margin,G16,Viper 16 Teal
G16PINVA1GE,1439.2533630621806,7,2,5,elo_margin,G16,PVA 16 National Summit
G16113231XX,1438.771076731981,31,13,18,elo_margin,G16,EliteZ 16 GIRLS HP BLACK
G16NYCLI1GE,1435.9898512398267,8,3,5,elo_margin,G16,NYCLI 16 Elite
G16NSJVB1NE,1435.8531840625724,20,8,12,elo_margin,G16,NH Seacoast 16 Open
G16LHVBA2GE,1435.6961134625592,5,1,4,elo_margin,G16,LHVA 16 Black Travel
G16MIVBC3NE,1433.142771987359,26,11,15,elo_margin,G16,Mass Impact 16 Maddi
G16BEVNY2GE,1431.0491148358808,7,2,5,elo_margin,G16,BEV 16 Elite
G16MCJVB6NE,1429.6638522681014,19,8,11,elo_margin,G16,Mill City 16 Teal
G16CACLI6GE,1429.510586985147,5,1,4,elo_margin,G16,CALI 16 Gold South
G16GRVBC2NE,1429.4464744780726,13,5,8,elo_margin,G16,GVC 16-2
G16ROCKA2GE,1424.5862949939824,7,2,5,elo_margin,G16,RVT 16-2 Swim
G16SPAVB2XL,1423.9037148865748,13,4,9,elo_margin,G16,Spa City 16 Coral
G16PROVA5GE,1422.2820011219626,8,2,6,elo_margin,G16,Prodigy 16.5 Club
G16CJVBA6GE,1416.094434676877,6,1,5,elo_margin,G16,CJVA 16 Red
G16LHVBC1NE,1415.3333494281912,10,3,7,elo_margin,G16,LHV Girls 16-1 Surge
G16MGJVB20NE,1415.1299207203085,3,0,3,elo_margin,G16,MGA 16's Jaguars
G16DRVCM1CA,1414.962809395327,7,2,5,elo_margin,G16,Durham Rebels Alliance
G16CJJVB1NE,1411.82949997491,10,4,6,elo_margin,G16,CT Juniors 16 National
G16HHVBC3NE,1410.9215499446996,5,1,4,elo_margin,G16,Hawks 16 Lathrop
G16BVJVB2NE,1409.3868729179492,30,11,19,elo_margin,G16,Blast 16U Vipers
G16NETHG2XL,1408.713404539733,12,5,7,elo_margin,G16,NET 16 Lightning
G16EYNER5NE,1407.500517159294,16,7,9,elo_margin,G16,ENVY 16 EARTHQUAKE
G16CSJVB3NE,1407.493309232234,11,3,8,elo_margin,G16,CT STARS 16s Ioanna
G16CAMYV1NE,1407.1476829161634,19,8,11,elo_margin,G16,CYVB 16 1
G16NESVC3NE,1401.545661262588,25,11,14,elo_margin,G16,NE Storm 16 Earthquake
G16TCJVB2NE,1401.0149078117192,10,3,7,elo_margin,G16,Nova 16 Premier Megan
G16TCJAG2XL,1399.7615764319448,7,1,6,elo_margin,G16,Jaguars 16u Purple
G16BEVNY3GE,1396.165368648534,6,1,5,elo_margin,G16,BEV 16 Skyline
G16RENAS2KE,1394.0916618133874,7,1,6,elo_margin,G16,Renaissance 16 Red
G16TTVBC5NE,1385.9052807493158,21,8,13,elo_margin,G16,SLAM 16R Crimson
G16UNVBC1NE,1383.8739056532638,18,7,11,elo_margin,G16,Unity 16 Girls Gold Valkeries
G16SRVBC1NE,1381.4481427621292,15,5,10,elo_margin,G16,SURGE 16 RED
G16SOSVB2GE,1379.6970100592484,5,0,5,elo_margin,G16,Sideout 16N Carly
G16MGJVB5NE,1377.9666061688117,7,2,5,elo_margin,G16,MGA 16's Black
G16MAPVB2NE,1371.4510371972494,26,7,19,elo_margin,G16,Mass Power VB 16 Pink
G16SGHVB2NE,1366.7064229620548,13,5,8,elo_margin,G16,Starlings GH 16 2
G16GREEN1GE,1362.6879063904535,7,1,6,elo_margin,G16,Asphalt Green VBC 16-Green
G16SAJVB3NE,1361.2725526540526,15,4,11,elo_margin,G16,SA Elite 16 American Ice
G16CRJVB1NE,1355.2044395863325,18,3,15,elo_margin,G16,CRVBC 16 1 Hawks
G16TCJVB3NE,1346.1429983139803,18,6,12,elo_margin,G16,Nova 16 Select Gianna
G16PROVA2GE,1344.8428118856111,7,0,7,elo_margin,G16,Prodigy 16.2 Elite
G16SURGE1GE,1343.4487482984255,11,1,10,elo_margin,G16,LI Surge 16 Premier
G16DDVBC2NE,1341.4218101599834,28,9,19,elo_margin,G16,Dig Deep 16 Platinum
G16BEVNY4GE,1337.0452980719208,6,0,6,elo_margin,G16,BEV 16 High Rise
G16LFJVB6NE,1332.4291897848505,16,5,11,elo_margin,G16,603 United 16 Central Blue
G16NESVC4NE,1331.214373197791,25,7,18,elo_margin,G16,NE Storm 16 Twister
G16CACLI8GE,1330.135605675461,7,0,7,elo_margin,G16,CALI 16 White South
G16MGJVB21NE,1324.2740703666323,6,0,6,elo_margin,G16,MGA 16's Pumas
G161181910XX,1320.4230115355736,7,0,7,elo_margin,G16,SI SPIKES 16 12
G16PVJVB2NE,1320.0678482784072,31,9,22,elo_margin,G16,PV 16 Elite
G16113232XX,1317.8834103888883,20,5,15,elo_margin,G16,EliteZ 16 GIRLS CARBON
G16113233XX,1299.7102613620925,21,6,15,elo_margin,G16,EliteZ 16 GIRLS SILVER
G16DRVBC2NE,1275.9484952610285,10,0,10,elo_margin,G16,Dragons 16 Michelle
G16PVJVB3NE,1260.3292627927142,14,3,11,elo_margin,G16,PV 16 Select
G16RRJVB6NE,1258.6006132504267,21,5,16,elo_margin,G16,Boston United 16 Steel
G16RRJVB8NE,1257.6102248421876,23,5,18,elo_margin,G16,Boston United 16 Silver
G16SIVBC1NE,1253.3504023912294,31,6,25,elo_margin,G16,SISU VB 16 1
G16RRJVB3NE,1233.2566675046255,19,1,18,elo_margin,G16,Boston United 16 Select 1
G16BVJVB3NE,1228.2992503058802,25,6,19,elo_margin,G16,Blast 16U Jaguars
G16TCJVB4NE,1223.3543543334476,9,0,9,elo_margin,G16,Nova 16 Regional
G16RRJVB5NE,1208.7068137235883,20,3,17,elo_margin,G16,Boston United 16 Sapphire
G16PVJVB1NE,1199.4685176760372,21,2,19,elo_margin,G16,PV 16 National
G16TTVBC6NE,1188.5242296847055,22,2,20,elo_margin,G16,SLAM 16R Platinum
G16MAPVB3NE,1135.007489085327,25,2,23,elo_margin,G16,Mass Power VB 16 Black
G16RRJVB2NE,101.89367040339167,40,25,15,hybrid_points,G16,Boston United 16 Northeast
G16NEVBC1NE,91.9414207533344,21,21,0,hybrid_points,G16,Northeast 16.1
G16NEVBC3NE,90.27757853963303,23,21,2,hybrid_points,G16,Northeast 16.3
G16TTVBC1NE,81.72841282766747,30,19,11,hybrid_points,G16,SLAM 16P Black
G16TTVBC2NE,77.70977620960547,32,20,12,hybrid_points,G16,SLAM 16P Red
G16TTVBC3NE,74.6215891658527,34,19,15,hybrid_points,G16,SLAM 16P White
G16MCJVB4NE,74.48242309487436,31,20,11,hybrid_points,G16,Mill City 16 Black
G16LDNER3NE,73.67836372828751,21,16,5,hybrid_points,G16,Lockdown VBC 16 Thunder Birds
G16MIVBC5NE,71.78925920419331,27,17,10,hybrid_points,G16,Mass Impact 16 Murph
G16MCJVB5NE,70.50826097958856,22,17,5,hybrid_points,G16,Mill City 16 Blue
G16MCJVB3NE,69.64038951165851,27,16,11,hybrid_points,G16,Mill City 16 Orange
G16IGVBC1NE,69.06075027720534,25,16,9,hybrid_points,G16,Ignite 16 Black
G16HEVBA9NE,67.37583502631266,24,15,9,hybrid_points,G16,HEVBA 16 99
G16CMJVB3NE,66.92287673708564,21,15,6,hybrid_points,G16,CMASS EDGE 16 White
G16MCJVB2NE,63.74535126285543,23,15,8,hybrid_points,G16,Mill City 16 Royal
G16GAJVB3NE,63.424774081345795,18,15,3,hybrid_points,G16,Gators 16 Green
G16RRJVB4NE,62.373765103183075,26,16,10,hybrid_points,G16,Boston United 16 Select 2
G16NESVC1NE,62.35875724367119,24,16,8,hybrid_points,G16,NE Storm 16 Avalanche
G16MIVBC2NE,60.21282223409925,27,16,11,hybrid_points,G16,Mass Impact 16 Celia
G16CTRVB1NE,59.96939825559237,37,18,19,hybrid_points,G16,C3VB 16 1
G16DDVBC1NE,59.84138678986878,32,15,17,hybrid_points,G16,Dig Deep 16 Ginger
G16RRJVB1NE,58.839659121044384,20,15,5,hybrid_points,G16,Boston United 16 National
G16LHVBC2NE,58.52982910714746,18,14,4,hybrid_points,G16,LHV Girls 16-2 Askari
G16EYNER2NE,57.11947331856932,18,14,4,hybrid_points,G16,ENVY 16 BLIZZARD
G16DRVBC1NE,56.391318690602105,32,16,16,hybrid_points,G16,Dragons 16 Fyre
G16HKJVB3NE,55.7400188631504,14,13,1,hybrid_points,G16,Husky 16 Northeast Black
G16LFJVB3NE,54.06934402387307,23,14,9,hybrid_points,G16,603 United 16 Central White
G16NESVC2NE,53.5278139175895,27,14,13,hybrid_points,G16,NE Storm 16 Cyclone
G16TTVBC4NE,52.933762232476575,20,13,7,hybrid_points,G16,SLAM 16R Silver
G16MGJVB3NE,51.92502751273505,16,13,3,hybrid_points,G16,MGA 16's Stars
G16SJVBC4NE,50.69256690606795,20,13,7,hybrid_points,G16,South County 16-White
G16LFJVB2NE,50.39602035736859,23,12,11,hybrid_points,G16,603 United 16 Seacoast White
G16USANY1XL,49.086368855531916,11,11,0,hybrid_points,G16,USANY Fortitude 16 - 1
G16NEVBC4NE,48.67786324245457,16,11,5,hybrid_points,G16,Northeast 16 Blue
G16SJVBC1NE,47.926810811749355,21,12,9,hybrid_points,G16,South County 16- National
G16112721XX,47.307016616140096,37,16,21,hybrid_points,G16,X2 Volleyball 16 1
G16EYNER4NE,46.210189541669386,16,11,5,hybrid_points,G16,ENVY 16 WILDFIRE
G16MGJVB2NE,45.88513911079763,10,10,0,hybrid_points,G16,MGA 16's South
G16NEVBC5NE,45.31142553177921,14,11,3,hybrid_points,G16,Northeast 16 Orange
G16MIVBC4NE,45.12343838993589,29,13,16,hybrid_points,G16,Mass Impact 16 Cam
G16113231XX,44.65022530276224,31,13,18,hybrid_points,G16,EliteZ 16 GIRLS HP BLACK
G16MNJVB1NE,43.00664808669075,11,10,1,hybrid_points,G16,Maine Jrs 16 National
G16SSVBC2NE,42.83378895339407,15,10,5,hybrid_points,G16,SSVBC 16 2
G16MIVBC3NE,42.20792294140853,26,11,15,hybrid_points,G16,Mass Impact 16 Maddi
G16LFJVB4NE,42.15954863978331,15,10,5,hybrid_points,G16,603 United 16 Seacoast Blue
G16CMJVB2NE,42.1497242273358,14,10,4,hybrid_points,G16,CMASS EDGE 16 Blue
G16MAJVB3NE,42.10137882990196,12,10,2,hybrid_points,G16,Mass Premier 16 3
G16MIVBC1NE,41.36869534833482,15,10,5,hybrid_points,G16,Mass Impact 16 Mae
G16SAJVB2NE,40.61380975136614,16,10,6,hybrid_points,G16,SA Elite 16 American Impact
G16IGVBC2NE,40.45865510066025,27,12,15,hybrid_points,G16,Ignite 16 Red
G16SPAVB1XL,40.4514463066215,18,11,7,hybrid_points,G16,Spa City 16 Aqua
G16LEGIO2XL,40.04439361462032,15,10,5,hybrid_points,G16,TeamLVC 16 Pink
G16NESVC3NE,39.85527906090845,25,11,14,hybrid_points,G16,NE Storm 16 Earthquake
G16KNGHT1GE,39.55453415053621,17,10,7,hybrid_points,G16,LIKVBC 16
G16NEVBC2NE,39.396320397345804,13,10,3,hybrid_points,G16,Northeast 16.2
G16VOLFX1WE,39.31838266702883,13,10,3,hybrid_points,G16,VolleyFX 16 Mantra
G16LHVBC3NE,39.10179095844266,15,9,6,hybrid_points,G16,LHV Girls 16-3 Braves
G16ALBMR1CR,39.08697440744224,10,9,1,hybrid_points,G16,ARVC 16U Orange
G16EXVBC1NE,38.83570100966103,23,11,12,hybrid_points,G16,Extreme 16 Purple
G16LHVBA1GE,38.80533545716789,17,9,8,hybrid_points,G16,LHVA 16 Purple National
G16SJVBC3NE,38.4322222641704,18,9,9,hybrid_points,G16,South County 16-Gold
G16HRJVB1NE,38.16079953781091,28,12,16,hybrid_points,G16,HardRock 16
G16MNJVB4NE,37.58455815767602,11,9,2,hybrid_points,G16,Maine Jrs 16 Bronze
G16HKJVB4NE,37.540288509454015,15,9,6,hybrid_points,G16,Husky 16 New England Red
G16SRVBC2NE,37.305893944424014,17,10,7,hybrid_points,G16,SURGE 16 GREEN
G16RRJVB7NE,36.27536803918227,21,11,10,hybrid_points,G16,Boston United 16 Titanium
G16MNJVB2NE,35.952982802224355,18,10,8,hybrid_points,G16,Maine Jrs 16 Gold
G16HKJVB2NE,35.64181459305297,12,9,3,hybrid_points,G16,Husky 16 Northeast Red
G16AVVBC2NE,35.61694936119887,20,10,10,hybrid_points,G16,Avidity 16 Ruby
G16BVJVB2NE,35.05973063709351,30,11,19,hybrid_points,G16,Blast 16U Vipers
G16SJJVB1NE,34.92430625906929,11,8,3,hybrid_points,G16,SMASH 16s
G16SSVBC1NE,33.83639681539053,10,8,2,hybrid_points,G16,SSVBC 16 1
G16EYNER1NE,33.80919763514682,17,9,8,hybrid_points,G16,ENVY 16 NATIONAL
G16MAJVB1NE,33.502502513683766,18,8,10,hybrid_points,G16,Mass Premier 16 1
G16MNJVB3NE,32.84800495138234,12,8,4,hybrid_points,G16,Maine Jrs 16 Silver
G16AVVBC1NE,32.642295731151684,14,7,7,hybrid_points,G16,Avidity 16 Onyx
G16HKJVB5NE,32.05759717551368,13,8,5,hybrid_points,G16,Husky 16 New England Black
G16CSJVB1NE,32.05733067119955,13,7,6,hybrid_points,G16,CT STARS 16s Don
G16SAJVB1NE,31.753134218608665,13,7,6,hybrid_points,G16,SA Elite 16 American
G16SJVBC2NE,31.171312301016574,13,8,5,hybrid_points,G16,South County 16-Blue
G16CAMYV1NE,31.16213471857526,19,8,11,hybrid_points,G16,CYVB 16 1
G16NEVBC6NE,31.10605203105529,14,8,6,hybrid_points,G16,Northeast 16 Black
G16SJJVB3NE,31.05001109298551,16,8,8,hybrid_points,G16,SMASH 16's Extreme
G16118021XX,30.446967773404708,13,8,5,hybrid_points,G16,NYCLBVC 16U BLUE ELITE
G16DIGSV2GE,29.955986438449056,9,7,2,hybrid_points,G16,Digs 16 WHITE
G16MAJVB2NE,29.297208313405118,13,7,6,hybrid_points,G16,Mass Premier 16 2
G16LDNER1NE,28.121721838261482,14,7,7,hybrid_points,G16,Lockdown VBC 16 Hawks
G16SJJVB2NE,27.829352750028892,10,7,3,hybrid_points,G16,SMASH 16s Sparks
G16TTVBC5NE,27.743560418942508,21,8,13,hybrid_points,G16,SLAM 16R Crimson
G16NYCJR1GE,27.224330463164172,13,7,6,hybrid_points,G16,NYC Juniors 16 National
G16TRICO1GE,27.137811320332244,11,7,4,hybrid_points,G16,TriCounty ATTACK 16 1
G16516EL1GE,27.0843427980202,8,7,1,hybrid_points,G16,516 Elite 16 Black
G16GSVBC1NE,26.15802399609329,11,7,4,hybrid_points,G16,GSVC 16 Navy
G16MGJVB4NE,25.904769862268886,16,8,8,hybrid_points,G16,MGA 16's Stripes
G16LEGIO1XL,25.806759888922365,10,6,4,hybrid_points,G16,TeamLVC 16 Black
G16EYNER3NE,25.72892998962758,21,8,13,hybrid_points,G16,ENVY 16 HURRICANE
G16INNOV1PU,24.44594087186378,7,5,2,hybrid_points,G16,InnovativeVC 16 1 Robert
G16LHVBC4NE,23.98404277786534,15,7,8,hybrid_points,G16,LHV Girls 16-4 Ragers
G16LIBER1CH,23.725371995564313,9,6,3,hybrid_points,G16,LIBERO 16 HUSKIES
G16MCJVB6NE,23.3246919049938,19,8,11,hybrid_points,G16,Mill City 16 Teal
G16TCJAG1XL,23.002847162064736,5,5,0,hybrid_points,G16,Jaguars 16u Black
G16MXVBC2NE,22.99504005141746,14,7,7,hybrid_points,G16,Max Performance 16 Tony
G16EYNER5NE,22.889450918796904,16,7,9,hybrid_points,G16,ENVY 16 EARTHQUAKE
G16LEGIO3XL,22.762614032162844,14,7,7,hybrid_points,G16,TeamLVC 16 White
G16RENAS1KE,21.855283774903047,8,5,3,hybrid_points,G16,Renaissance 16 Black
G16DDVBC2NE,21.72438762381317,28,9,19,hybrid_points,G16,Dig Deep 16 Platinum
G16UNVBC1NE,21.721540702251726,18,7,11,hybrid_points,G16,Unity 16 Girls Gold Valkeries
G16MXVBC1NE,21.628912751,5,5,0,hybrid_points,G16,Max Performance 16 Jess
G16LFJVB1NE,21.62455478778174,14,6,8,hybrid_points,G16,603 United 16 Seacoast Black
G16MGJVB1NE,21.552317161073702,7,5,2,hybrid_points,G16,MGA 16's North
G16BWVBC1FL,21.457516569775308,5,5,0,hybrid_points,G16,BWVC 16 Mizuno Elite
G16ROCKA1GE,21.195246442677835,7,5,2,hybrid_points,G16,RVT 16-1 Surf
G16PIEDR10PU,21.133407952754364,8,5,3,hybrid_points,G16,LPV-16U
G16MAPVB2NE,20.933321590109642,26,7,19,hybrid_points,G16,Mass Power VB 16 Pink
G16FGSVA1FL,19.60126333673333,8,5,3,hybrid_points,G16,Gulfside 16U Select
G16BEVNY1GE,19.441831331064012,7,4,3,hybrid_points,G16,BEV 16 Empire
G16PROVA3GE,19.429141448930345,11,6,5,hybrid_points,G16,Prodigy 16.3 Elite
G16CAPVC1GE,19.319845960747653,7,5,2,hybrid_points,G16,Capitals 16 National
G16OCEAN1GE,18.642376621655565,8,5,3,hybrid_points,G16,Ocean Volleyball 16 National
G16APXTC2OV,18.525902525743046,7,4,3,hybrid_points,G16,Apex VBTC 16 Apex White
G16NSJVB1NE,18.38228352220735,20,8,12,hybrid_points,G16,NH Seacoast 16 Open
G16VERSE1GE,18.251619761574357,7,5,2,hybrid_points,G16,NYC Volley Verse 16 Gold
G16SGHVB1NE,17.970699468689205,13,5,8,hybrid_points,G16,Starlings GH 16 1
G16NYCVA1GE,17.962612547407918,12,5,7,hybrid_points,G16,NYC VBA 16 Broadway
G16BVJVB3NE,17.700165992597327,25,6,19,hybrid_points,G16,Blast 16U Jaguars
G16AAVBC1NE,17.48419669496184,10,5,5,hybrid_points,G16,AVA 16 Venom
G16OCLEV1GE,17.04288996974477,9,5,4,hybrid_points,G16,OC Lady Elite 16 Black
G16PARAD1WE,16.557154031247933,5,4,1,hybrid_points,G16,Paradigm Rebellion
G16CSJVB2NE,16.44195203267487,14,6,8,hybrid_points,G16,CT STARS 16s Jenna
G16HKJVB1NE,16.121817885110584,10,5,5,hybrid_points,G16,Husky 16 National
G16PARAD2WE,15.860479681811936,5,4,1,hybrid_points,G16,Paradigm Rumble
G16CJVBA5GE,15.836224866703468,8,4,4,hybrid_points,G16,CJVA 16 Ruby
G16LCVBC3GE,15.796662089355507,8,5,3,hybrid_points,G16,Legacy 16 Premier
G16SAVBC1XL,15.540748314801585,5,4,1,hybrid_points,G16,Sporting Albany Girls 16u
G16PROVA4GE,15.502876788752163,8,4,4,hybrid_points,G16,Prodigy 16.4 Club
G16PVJVB2NE,15.244688457748612,31,9,22,hybrid_points,G16,PV 16 Elite
G16NYCJR5GE,15.154215943115313,7,4,3,hybrid_points,G16,NYC Juniors 16 Brooklyn
G16ECLPS1GE,15.131767869650172,8,4,4,hybrid_points,G16,Eclipse 16 1
G16SOSVB1GE,15.071135631999999,5,4,1,hybrid_points,G16,Sideout 16N Cooper
G16APXTC1OV,15.0399732085299,7,4,3,hybrid_points,G16,Apex VBTC 16 Apex Red
G16TCJVB3NE,14.942642013394996,18,6,12,hybrid_points,G16,Nova 16 Select Gianna
G16NESVC4NE,14.919000223976235,25,7,18,hybrid_points,G16,NE Storm 16 Twister
G16NETHG2XL,14.781733299927165,12,5,7,hybrid_points,G16,NET 16 Lightning
G16GRVBC2NE,14.382092318125244,13,5,8,hybrid_points,G16,GVC 16-2
G16SPAVB2XL,14.281732312581024,13,4,9,hybrid_points,G16,Spa City 16 Coral
G16VERSE2GE,14.165068604085073,8,4,4,hybrid_points,G16,NYC Volley Verse 16 Navy
G16SGHVB2NE,13.88742680060524,13,5,8,hybrid_points,G16,Starlings GH 16 2
G16CJJVB2NE,13.754651588087823,9,4,5,hybrid_points,G16,CT Juniors 16 Premier
G16WAREN3GE,13.537107358168562,5,4,1,hybrid_points,G16,Warren Sixpack 16 white
G16CACLI4GE,13.232351373689038,5,3,2,hybrid_points,G16,CALI 16 Gold Elite
G16MCJVB1NE,13.078901548691931,17,5,12,hybrid_points,G16,Mill City 16's
G16113232XX,12.447544750053948,20,5,15,hybrid_points,G16,EliteZ 16 GIRLS CARBON
G16BVJVB1NE,12.35904224183688,5,3,2,hybrid_points,G16,Blast 16U Tigers
G16TCJVB1NE,12.315852616664483,3,3,0,hybrid_points,G16,Nova 16 Premier Jamie/Mili
G16LFJVB6NE,12.289455863308259,16,5,11,hybrid_points,G16,603 United 16 Central Blue
G16SPKRS1GE,12.001543202162974,5,3,2,hybrid_points,G16,SpikeHers 16 Blue
G16PROVA1GE,11.960478326961493,4,3,1,hybrid_points,G16,Prodigy 16.1 Premier
G16SRVBC1NE,11.673364434933568,15,5,10,hybrid_points,G16,SURGE 16 RED
G16NYCIV2GE,11.599035062791895,8,4,4,hybrid_points,G16,NYC Impact 16U Travel
G16MVNER1NE,11.46408855795191,5,3,2,hybrid_points,G16,Meraki VB 16 1
G16WAREN1GE,11.30840659658194,4,3,1,hybrid_points,G16,Warren Sixpack 16 red
G16MOMET1FL,11.200345508600217,6,3,3,hybrid_points,G16,Momentum 16 Neon
G16CACLI1GE,11.14256915,5,3,2,hybrid_points,G16,CALI 16 Black
G16MAVRK1OV,10.560559438331982,7,3,4,hybrid_points,G16,Maverick 16 Maroon
G16LEGRO3GE,10.531709908403446,5,3,2,hybrid_points,G16,Allegro 16 Scarlet
G16113233XX,10.032912940687915,21,6,15,hybrid_points,G16,EliteZ 16 GIRLS SILVER
G16CACLI5GE,9.809844182650856,5,3,2,hybrid_points,G16,CALI 16 Gold North
G16SAJVB3NE,9.739431172225652,15,4,11,hybrid_points,G16,SA Elite 16 American Ice
G16GRVBC1NE,9.66757079893246,7,3,4,hybrid_points,G16,GVC 16-1
G16CMJVB1NE,9.632916095979363,10,3,7,hybrid_points,G16,CMASS EDGE 16 Black
G16LDNER2NE,9.530965905999999,5,3,2,hybrid_points,G16,Lockdown VBC 16 Falcons
G16NYCIV1GE,9.484618322126288,7,3,4,hybrid_points,G16,NYC Impact 16U National
G16DIGSV1GE,9.427769494971672,8,3,5,hybrid_points,G16,Digs 16 RED
G16CJJVB1NE,9.35292432628661,10,4,6,hybrid_points,G16,CT Juniors 16 National
G16TRICO2GE,8.905553170774635,10,4,6,hybrid_points,G16,TriCounty ATTACK 16 2
G16MGJVB6NE,8.714191121578754,8,3,5,hybrid_points,G16,MGA 16's White
G16117971XX,8.713905212099515,7,3,4,hybrid_points,G16,16U BPR 16 1
G16XTREM3GE,8.604835210254588,7,3,4,hybrid_points,G16,Xtreme 16 Regional Poppy
G16LHVBC1NE,7.787604576479586,10,3,7,hybrid_points,G16,LHV Girls 16-1 Surge
G16NYCLI1GE,7.598899246943551,8,3,5,hybrid_points,G16,NYCLI 16 Elite
G16PINVA2GE,7.293728647724607,7,3,4,hybrid_points,G16,PVA 16 National Peak
G16CACLI7GE,7.211736440296751,7,3,4,hybrid_points,G16,CALI 16 White North
G16LEGRO2GE,6.64303065894225,5,2,3,hybrid_points,G16,Allegro 16 Ruby
G16ROCKA2GE,5.610831294598377,7,2,5,hybrid_points,G16,RVT 16-2 Swim
G16LEGRO4GE,5.151321251880095,2,1,1,hybrid_points,G16,Allegro 16 South Black
G16VPVBC10NE,5.114496135451535,5,2,3,hybrid_points,G16,Viper 16 Teal
G16MGJVB5NE,4.8790626867278375,7,2,5,hybrid_points,G16,MGA 16's Black
G16TCJVB2NE,4.727873455854256,10,3,7,hybrid_points,G16,Nova 16 Premier Megan
G16LCVBC1GE,4.619999021733658,8,3,5,hybrid_points,G16,Legacy 16 National
G16EVNER1NE,4.504582933452163,5,2,3,hybrid_points,G16,EVA U16
G16CSJVB3NE,4.381258683012137,11,3,8,hybrid_points,G16,CT STARS 16s Ioanna
G16LUNAR5GEX,4.3562593855,4,2,2,hybrid_points,G16,CCC - Hawks 16
G16SHVBC1NE,4.258056959517105,5,1,4,hybrid_points,G16,NE Shock 16 1
G16EXVBC2NE,4.255859541682517,6,2,4,hybrid_points,G16,Extreme 16 Black
G16JHEAT2GE,4.070255160765315,4,1,3,hybrid_points,G16,CJHEAT 16 2
G16JHEAT3GE,3.6554087397706896,5,2,3,hybrid_points,G16,CJHEAT 16 3
G16GAJVB1NE,3.3688153957820024,5,1,4,hybrid_points,G16,Gators 16 Black
G16BEVNY2GE,3.130116613666453,7,2,5,hybrid_points,G16,BEV 16 Elite
G16PINVA1GE,3.108679743271809,7,2,5,hybrid_points,G16,PVA 16 National Summit
G16DRVCM1CA,3.0289620533253094,7,2,5,hybrid_points,G16,Durham Rebels Alliance
G16WAREN2GE,2.471808866331145,5,1,4,hybrid_points,G16,Warren Sixpack 16 black
G16PROVA5GE,2.340987797182283,8,2,6,hybrid_points,G16,Prodigy 16.5 Club
G16TCJAG2XL,2.2038904623845523,7,1,6,hybrid_points,G16,Jaguars 16u Purple
G16HHVBC3NE,2.054279434350605,5,1,4,hybrid_points,G16,Hawks 16 Lathrop
G16RRJVB6NE,1.9536203232086151,21,5,16,hybrid_points,G16,Boston United 16 Steel
G16MGJVB19NE,1.5154499999999995,3,1,2,hybrid_points,G16,MGA 16's Condors
G16LHVBA2GE,1.438339006257773,5,1,4,hybrid_points,G16,LHVA 16 Black Travel
G16RRJVB8NE,1.1587537812918292,23,5,18,hybrid_points,G16,Boston United 16 Silver
G16CACLI6GE,1.1193806459494027,5,1,4,hybrid_points,G16,CALI 16 Gold South
G16CJVBA6GE,0.7863314913052952,6,1,5,hybrid_points,G16,CJVA 16 Red
G16SIVBC1NE,-0.05479088683985378,31,6,25,hybrid_points,G16,SISU VB 16 1
G16BEVNY3GE,-0.8502205838063084,6,1,5,hybrid_points,G16,BEV 16 Skyline
G16RENAS2KE,-1.366315487186339,7,1,6,hybrid_points,G16,Renaissance 16 Red
G16GREEN1GE,-2.038506744370273,7,1,6,hybrid_points,G16,Asphalt Green VBC 16-Green
G16PVJVB3NE,-2.160436552075888,14,3,11,hybrid_points,G16,PV 16 Select
G16SURGE1GE,-2.199746507260299,11,1,10,hybrid_points,G16,LI Surge 16 Premier
G16CRJVB1NE,-2.298177834085047,18,3,15,hybrid_points,G16,CRVBC 16 1 Hawks
G16RRJVB5NE,-2.5003957994856467,20,3,17,hybrid_points,G16,Boston United 16 Sapphire
G16SOSVB2GE,-3.80824565,5,0,5,hybrid_points,G16,Sideout 16N Carly
G16PROVA2GE,-3.8573792153070983,7,0,7,hybrid_points,G16,Prodigy 16.2 Elite
G16MGJVB20NE,-4.4845500000000005,3,0,3,hybrid_points,G16,MGA 16's Jaguars
G16PVJVB1NE,-7.000462401974177,21,2,19,hybrid_points,G16,PV 16 National
G16CACLI8GE,-7.275597914384455,7,0,7,hybrid_points,G16,CALI 16 White South
G16MGJVB21NE,-7.978324277285587,6,0,6,hybrid_points,G16,MGA 16's Pumas
G161181910XX,-8.277546316669127,7,0,7,hybrid_points,G16,SI SPIKES 16 12
G16TTVBC6NE,-8.451917752660602,22,2,20,hybrid_points,G16,SLAM 16R Platinum
G16BEVNY4GE,-8.830141653021332,6,0,6,hybrid_points,G16,BEV 16 High Rise
G16DRVBC2NE,-8.889356128288954,10,0,10,hybrid_points,G16,Dragons 16 Michelle
G16TCJVB4NE,-8.91241223926262,9,0,9,hybrid_points,G16,Nova 16 Regional
G16RRJVB3NE,-10.96692340933382,19,1,18,hybrid_points,G16,Boston United 16 Select 1
G16MAPVB3NE,-17.64658876012503,25,2,23,hybrid_points,G16,Mass Power VB 16 Black
G16NEVBC1NE,49.690882471689704,21,21,0,massey,G16,Northeast 16.1
G16SOSVB1GE,43.43967385553914,5,4,1,massey,G16,Sideout 16N Cooper
G16SJJVB1NE,41.703165388843665,11,8,3,massey,G16,SMASH 16s
G16LEGIO1XL,36.05340064457866,10,6,4,massey,G16,TeamLVC 16 Black
G16LIBER1CH,36.02255863656947,9,6,3,massey,G16,LIBERO 16 HUSKIES
G16VOLFX1WE,35.782086165172224,13,10,3,massey,G16,VolleyFX 16 Mantra
G16ROCKA1GE,35.269205787868984,7,5,2,massey,G16,RVT 16-1 Surf
G16CACLI1GE,34.47504949381731,5,3,2,massey,G16,CALI 16 Black
G16BEVNY1GE,33.55170624663749,7,4,3,massey,G16,BEV 16 Empire
G16NYCJR1GE,31.857548960416974,13,7,6,massey,G16,NYC Juniors 16 National
G16NYCVA1GE,31.330316124401456,12,5,7,massey,G16,NYC VBA 16 Broadway
G16HKJVB1NE,29.648720543208608,10,5,5,massey,G16,Husky 16 National
G16RRJVB1NE,28.33481112841605,20,15,5,massey,G16,Boston United 16 National
G16CMJVB1NE,28.05495878211103,10,3,7,massey,G16,CMASS EDGE 16 Black
G16SPAVB1XL,27.991348368668575,18,11,7,massey,G16,Spa City 16 Aqua
G16USANY1XL,27.728416394729038,11,11,0,massey,G16,USANY Fortitude 16 - 1
G16LDNER1NE,26.297833725734908,14,7,7,massey,G16,Lockdown VBC 16 Hawks
G16NEVBC2NE,26.0166700572035,13,10,3,massey,G16,Northeast 16.2
G16ALBMR1CR,24.368444865254574,10,9,1,massey,G16,ARVC 16U Orange
G16DIGSV1GE,24.26645252497586,8,3,5,massey,G16,Digs 16 RED
G16MGJVB2NE,24.176307278113967,10,10,0,massey,G16,MGA 16's South
G16MCJVB1NE,22.901578163826066,17,5,12,massey,G16,Mill City 16's
G16APXTC1OV,22.389244422037386,7,4,3,massey,G16,Apex VBTC 16 Apex Red
G16PARAD1WE,21.401866934649036,5,4,1,massey,G16,Paradigm Rebellion
G16HKJVB3NE,20.665199232990705,14,13,1,massey,G16,Husky 16 Northeast Black
G16OCEAN1GE,20.277862261887506,8,5,3,massey,G16,Ocean Volleyball 16 National
G16SOSVB2GE,19.512445480062933,5,0,5,massey,G16,Sideout 16N Carly
G16DIGSV2GE,19.26896154549311,9,7,2,massey,G16,Digs 16 WHITE
G16PINVA1GE,19.1109600593238,7,2,5,massey,G16,PVA 16 National Summit
G16WAREN1GE,18.717165339442616,4,3,1,massey,G16,Warren Sixpack 16 red
G16NEVBC3NE,18.672354585625666,23,21,2,massey,G16,Northeast 16.3
G16OCLEV1GE,18.0658176507535,9,5,4,massey,G16,OC Lady Elite 16 Black
G16MNJVB1NE,17.98649390521716,11,10,1,massey,G16,Maine Jrs 16 National
G16SSVBC1NE,17.413854414764934,10,8,2,massey,G16,SSVBC 16 1
G16CMJVB2NE,17.360462123240083,14,10,4,massey,G16,CMASS EDGE 16 Blue
G16TCJAG1XL,16.95173159261621,5,5,0,massey,G16,Jaguars 16u Black
G16RENAS1KE,16.52636623289275,8,5,3,massey,G16,Renaissance 16 Black
G16PROVA1GE,16.166973059150557,4,3,1,massey,G16,Prodigy 16.1 Premier
G16SJVBC1NE,16.153926857991475,21,12,9,massey,G16,South County 16- National
G16LEGRO4GE,15.802467010877137,2,1,1,massey,G16,Allegro 16 South Black
G16SJJVB2NE,15.53408157045034,10,7,3,massey,G16,SMASH 16s Sparks
G16MCJVB2NE,14.542663370190304,23,15,8,massey,G16,Mill City 16 Royal
G16MVNER1NE,14.438815636098436,5,3,2,massey,G16,Meraki VB 16 1
G16SJJVB3NE,14.073033247398453,16,8,8,massey,G16,SMASH 16's Extreme
G16HKJVB2NE,13.732846978983572,12,9,3,massey,G16,Husky 16 Northeast Red
G16TCJVB1NE,13.71121793814094,3,3,0,massey,G16,Nova 16 Premier Jamie/Mili
G16GRVBC1NE,13.660405494741447,7,3,4,massey,G16,GVC 16-1
G16APXTC2OV,13.47288418674666,7,4,3,massey,G16,Apex VBTC 16 Apex White
G16MIVBC1NE,13.445149848053955,15,10,5,massey,G16,Mass Impact 16 Mae
G16LDNER2NE,13.426548862999878,5,3,2,massey,G16,Lockdown VBC 16 Falcons
G16MCJVB3NE,12.984145226627426,27,16,11,massey,G16,Mill City 16 Orange
G16AVVBC1NE,12.92718206171752,14,7,7,massey,G16,Avidity 16 Onyx
G16NESVC1NE,12.921507445516138,24,16,8,massey,G16,NE Storm 16 Avalanche
G16SSVBC2NE,12.105585159026765,15,10,5,massey,G16,SSVBC 16 2
G16KNGHT1GE,11.86734540172181,17,10,7,massey,G16,LIKVBC 16
G16MGJVB3NE,11.797996878744637,16,13,3,massey,G16,MGA 16's Stars
G16DDVBC1NE,11.792209989064599,32,15,17,massey,G16,Dig Deep 16 Ginger
G16CJJVB1NE,11.604833426000328,10,4,6,massey,G16,CT Juniors 16 National
G16DRVCM1CA,11.430830061637387,7,2,5,massey,G16,Durham Rebels Alliance
G16BVJVB1NE,11.15792144068475,5,3,2,massey,G16,Blast 16U Tigers
G16CAPVC1GE,11.135403976118159,7,5,2,massey,G16,Capitals 16 National
G16LHVBC2NE,10.996006380021129,18,14,4,massey,G16,LHV Girls 16-2 Askari
G16MAJVB1NE,10.73611158295794,18,8,10,massey,G16,Mass Premier 16 1
G16LEGIO2XL,10.49934886273677,15,10,5,massey,G16,TeamLVC 16 Pink
G16EYNER1NE,10.446848898153151,17,9,8,massey,G16,ENVY 16 NATIONAL
G16VERSE1GE,10.443209956631062,7,5,2,massey,G16,NYC Volley Verse 16 Gold
G16LCVBC1GE,10.414281711813167,8,3,5,massey,G16,Legacy 16 National
G16MGJVB1NE,10.409694683045291,7,5,2,massey,G16,MGA 16's North
G16SAVBC1XL,9.994437699193602,5,4,1,massey,G16,Sporting Albany Girls 16u
G16INNOV1PU,9.88596944379833,7,5,2,massey,G16,InnovativeVC 16 1 Robert
G16516EL1GE,9.847614275297468,8,7,1,massey,G16,516 Elite 16 Black
G16LFJVB1NE,9.618940594382593,14,6,8,massey,G16,603 United 16 Seacoast Black
G16LHVBA1GE,9.530620172563241,17,9,8,massey,G16,LHVA 16 Purple National
G16NYCIV1GE,9.294562632042787,7,3,4,massey,G16,NYC Impact 16U National
G16PIEDR10PU,9.10712026800219,8,5,3,massey,G16,LPV-16U
G16SAJVB1NE,9.045636961730922,13,7,6,massey,G16,SA Elite 16 American
G16118021XX,8.938190542133498,13,8,5,massey,G16,NYCLBVC 16U BLUE ELITE
G16HKJVB4NE,8.798217224975307,15,9,6,massey,G16,Husky 16 New England Red
G16NEVBC5NE,8.422543523922759,14,11,3,massey,G16,Northeast 16 Orange
G16FGSVA1FL,8.094967153931501,8,5,3,massey,G16,Gulfside 16U Select
G16PROVA2GE,7.904094900089033,7,0,7,massey,G16,Prodigy 16.2 Elite
G16TRICO1GE,7.696707393152866,11,7,4,massey,G16,TriCounty ATTACK 16 1
G16NYCJR5GE,7.5640623568494885,7,4,3,massey,G16,NYC Juniors 16 Brooklyn
G16MXVBC1NE,7.489375844493846,5,5,0,massey,G16,Max Performance 16 Jess
G16ECLPS1GE,7.29675849458571,8,4,4,massey,G16,Eclipse 16 1
G16TTVBC1NE,7.191747474889411,30,19,11,massey,G16,SLAM 16P Black
G16LDNER3NE,6.964514068349043,21,16,5,massey,G16,Lockdown VBC 16 Thunder Birds
G16LFJVB2NE,6.928699539898169,23,12,11,massey,G16,603 United 16 Seacoast White
G16117971XX,6.470551737415376,7,3,4,massey,G16,16U BPR 16 1
G16CMJVB3NE,6.4635723650663905,21,15,6,massey,G16,CMASS EDGE 16 White
G16EYNER2NE,6.211863790993201,18,14,4,massey,G16,ENVY 16 BLIZZARD
G16NEVBC4NE,5.859866133207046,16,11,5,massey,G16,Northeast 16 Blue
G16MGJVB4NE,5.6987874277096555,16,8,8,massey,G16,MGA 16's Stripes
G16WAREN2GE,5.546932358052199,5,1,4,massey,G16,Warren Sixpack 16 black
G16PINVA2GE,5.357596570559009,7,3,4,massey,G16,PVA 16 National Peak
G16GAJVB1NE,5.008118235832507,5,1,4,massey,G16,Gators 16 Black
G16MCJVB5NE,4.863644728845706,22,17,5,massey,G16,Mill City 16 Blue
G16CSJVB1NE,4.566314973590695,13,7,6,massey,G16,CT STARS 16s Don
G16SPAVB2XL,4.509277265645833,13,4,9,massey,G16,Spa City 16 Coral
G16NSJVB1NE,4.502592970499426,20,8,12,massey,G16,NH Seacoast 16 Open
G16CJJVB2NE,4.360147048164123,9,4,5,massey,G16,CT Juniors 16 Premier
G16LFJVB3NE,4.079116277759319,23,14,9,massey,G16,603 United 16 Central White
G16RRJVB2NE,3.9499309949654684,40,25,15,massey,G16,Boston United 16 Northeast
G16SAJVB2NE,2.8919293791148775,16,10,6,massey,G16,SA Elite 16 American Impact
G16MAVRK1OV,2.8232141749304125,7,3,4,massey,G16,Maverick 16 Maroon
G16HEVBA9NE,2.362372676437957,24,15,9,massey,G16,HEVBA 16 99
G16AVVBC2NE,1.9671000616323155,20,10,10,massey,G16,Avidity 16 Ruby
G16MOMET1FL,1.6178632385327738,6,3,3,massey,G16,Momentum 16 Neon
G16LFJVB4NE,1.2535196236126147,15,10,5,massey,G16,603 United 16 Seacoast Blue
G16NEVBC6NE,0.8182450410620028,14,8,6,massey,G16,Northeast 16 Black
G16SGHVB1NE,0.756627584513641,13,5,8,massey,G16,Starlings GH 16 1
G16ROCKA2GE,0.01769435431534916,7,2,5,massey,G16,RVT 16-2 Swim
G16WAREN3GE,-0.1320266764740996,5,4,1,massey,G16,Warren Sixpack 16 white
G16MAJVB2NE,-0.3323887171905209,13,7,6,massey,G16,Mass Premier 16 2
G16CACLI5GE,-0.4534532398387974,5,3,2,massey,G16,CALI 16 Gold North
G16HKJVB5NE,-0.5759015121601738,13,8,5,massey,G16,Husky 16 New England Black
G16PARAD2WE,-1.0038052267061808,5,4,1,massey,G16,Paradigm Rumble
G16SHVBC1NE,-1.2094274386166983,5,1,4,massey,G16,NE Shock 16 1
G16GRVBC2NE,-1.2496608044181612,13,5,8,massey,G16,GVC 16-2
G16AAVBC1NE,-1.4401404399511577,10,5,5,massey,G16,AVA 16 Venom
G16CRJVB1NE,-1.7648365358548546,18,3,15,massey,G16,CRVBC 16 1 Hawks
G16LHVBC1NE,-2.147445953421249,10,3,7,massey,G16,LHV Girls 16-1 Surge
G16NESVC2NE,-2.212780607446163,27,14,13,massey,G16,NE Storm 16 Cyclone
G16SJVBC2NE,-2.2464549535744736,13,8,5,massey,G16,South County 16-Blue
G16MAJVB3NE,-2.4495688000188807,12,10,2,massey,G16,Mass Premier 16 3
G16SJVBC3NE,-2.682881292629352,18,9,9,massey,G16,South County 16-Gold
G16SPKRS1GE,-2.8155349152938998,5,3,2,massey,G16,SpikeHers 16 Blue
G16MNJVB2NE,-3.1574028406550343,18,10,8,massey,G16,Maine Jrs 16 Gold
G16EYNER4NE,-3.2512969968295042,16,11,5,massey,G16,ENVY 16 WILDFIRE
G16TTVBC2NE,-3.446045198895133,32,20,12,massey,G16,SLAM 16P Red
G16BWVBC1FL,-3.5784471336829284,5,5,0,massey,G16,BWVC 16 Mizuno Elite
G16MCJVB4NE,-3.5954940814482477,31,20,11,massey,G16,Mill City 16 Black
G16LHVBA2GE,-3.699240793941287,5,1,4,massey,G16,LHVA 16 Black Travel
G16TRICO2GE,-3.8434200758330554,10,4,6,massey,G16,TriCounty ATTACK 16 2
G16CJVBA5GE,-3.921042641374261,8,4,4,massey,G16,CJVA 16 Ruby
G16LCVBC3GE,-4.061659792314286,8,5,3,massey,G16,Legacy 16 Premier
G16LHVBC3NE,-4.498147086538111,15,9,6,massey,G16,LHV Girls 16-3 Braves
G16SRVBC2NE,-4.648973993547238,17,10,7,massey,G16,SURGE 16 GREEN
G16IGVBC1NE,-4.778179259123541,25,16,9,massey,G16,Ignite 16 Black
G16MNJVB3NE,-5.021689171145674,12,8,4,massey,G16,Maine Jrs 16 Silver
G16MNJVB4NE,-5.140733265499466,11,9,2,massey,G16,Maine Jrs 16 Bronze
G16DDVBC2NE,-5.51011214932034,28,9,19,massey,G16,Dig Deep 16 Platinum
G16VERSE2GE,-5.721259362527887,8,4,4,massey,G16,NYC Volley Verse 16 Navy
G16CACLI4GE,-6.0150088139509705,5,3,2,massey,G16,CALI 16 Gold Elite
G16PROVA3GE,-6.557043257940692,11,6,5,massey,G16,Prodigy 16.3 Elite
G16GAJVB3NE,-6.838115360112813,18,15,3,massey,G16,Gators 16 Green
G16MIVBC2NE,-6.878047772692298,27,16,11,massey,G16,Mass Impact 16 Celia
G16BEVNY2GE,-7.221157667076386,7,2,5,massey,G16,BEV 16 Elite
G16NYCIV2GE,-7.242469883521309,8,4,4,massey,G16,NYC Impact 16U Travel
G16NETHG2XL,-7.391700851941009,12,5,7,massey,G16,NET 16 Lightning
G16TTVBC3NE,-7.402984320515135,34,19,15,massey,G16,SLAM 16P White
G16MAPVB2NE,-7.792074931242109,26,7,19,massey,G16,Mass Power VB 16 Pink
G16LEGRO3GE,-7.83332500532892,5,3,2,massey,G16,Allegro 16 Scarlet
G16SJVBC4NE,-7.871893431705045,20,13,7,massey,G16,South County 16-White
G16HRJVB1NE,-7.989624689059211,28,12,16,massey,G16,HardRock 16
G16TCJVB2NE,-8.06893926620425,10,3,7,massey,G16,Nova 16 Premier Megan
G16XTREM3GE,-8.157627266874137,7,3,4,massey,G16,Xtreme 16 Regional Poppy
G16JHEAT2GE,-8.26407528709321,4,1,3,massey,G16,CJHEAT 16 2
G16113231XX,-8.268518870114455,31,13,18,massey,G16,EliteZ 16 GIRLS HP BLACK
G16MXVBC2NE,-8.31228164312813,14,7,7,massey,G16,Max Performance 16 Tony
G16NYCLI1GE,-9.004659801240523,8,3,5,massey,G16,NYCLI 16 Elite
G16MGJVB5NE,-9.24393572693981,7,2,5,massey,G16,MGA 16's Black
G16DRVBC1NE,-9.852396704972207,32,16,16,massey,G16,Dragons 16 Fyre
G16PVJVB1NE,-10.03628718581328,21,2,19,massey,G16,PV 16 National
G16RRJVB4NE,-10.161623606622642,26,16,10,massey,G16,Boston United 16 Select 2
G16CSJVB2NE,-10.481382906461574,14,6,8,massey,G16,CT STARS 16s Jenna
G16TCJAG2XL,-10.917417923561079,7,1,6,massey,G16,Jaguars 16u Purple
G16RENAS2KE,-11.414038526648266,7,1,6,massey,G16,Renaissance 16 Red
G16NESVC3NE,-11.429334846653758,25,11,14,massey,G16,NE Storm 16 Earthquake
G16LUNAR5GEX,-11.649032345167349,4,2,2,massey,G16,CCC - Hawks 16
G16SIVBC1NE,-11.829194353467841,31,6,25,massey,G16,SISU VB 16 1
G16TTVBC4NE,-11.970184157086644,20,13,7,massey,G16,SLAM 16R Silver
G16PROVA4GE,-12.021850579915698,8,4,4,massey,G16,Prodigy 16.4 Club
G16MIVBC5NE,-12.218891323266147,27,17,10,massey,G16,Mass Impact 16 Murph
G16LEGIO3XL,-12.581252898803859,14,7,7,massey,G16,TeamLVC 16 White
G16SAJVB3NE,-12.675477636826496,15,4,11,massey,G16,SA Elite 16 American Ice
G16UNVBC1NE,-12.73171878942804,18,7,11,massey,G16,Unity 16 Girls Gold Valkeries
G16CACLI6GE,-12.795666278970742,5,1,4,massey,G16,CALI 16 Gold South
G16MGJVB6NE,-12.82601642177406,8,3,5,massey,G16,MGA 16's White
G16CTRVB1NE,-13.092121001209797,37,18,19,massey,G16,C3VB 16 1
G16CACLI7GE,-13.137268733779,7,3,4,massey,G16,CALI 16 White North
G16LEGRO2GE,-13.530394722201699,5,2,3,massey,G16,Allegro 16 Ruby
G16LHVBC4NE,-13.580587635765937,15,7,8,massey,G16,LHV Girls 16-4 Ragers
G16EYNER3NE,-13.651259713068324,21,8,13,massey,G16,ENVY 16 HURRICANE
G16CJVBA6GE,-13.82184070947903,6,1,5,massey,G16,CJVA 16 Red
G16112721XX,-13.868570930148657,37,16,21,massey,G16,X2 Volleyball 16 1
G16GSVBC1NE,-14.980463950685694,11,7,4,massey,G16,GSVC 16 Navy
G16EXVBC1NE,-15.73137964901083,23,11,12,massey,G16,Extreme 16 Purple
G16CAMYV1NE,-15.874873021611455,19,8,11,massey,G16,CYVB 16 1
G16SURGE1GE,-15.975976421597624,11,1,10,massey,G16,LI Surge 16 Premier
G16SGHVB2NE,-16.48540298486591,13,5,8,massey,G16,Starlings GH 16 2
G16IGVBC2NE,-16.8261634993626,27,12,15,massey,G16,Ignite 16 Red
G16PVJVB2NE,-17.295867826591824,31,9,22,massey,G16,PV 16 Elite
G16CSJVB3NE,-17.39557825493938,11,3,8,massey,G16,CT STARS 16s Ioanna
G16113232XX,-17.57143327392287,20,5,15,massey,G16,EliteZ 16 GIRLS CARBON
G16PROVA5GE,-17.794542527854258,8,2,6,massey,G16,Prodigy 16.5 Club
G16MCJVB6NE,-17.98671577984088,19,8,11,massey,G16,Mill City 16 Teal
G16BVJVB2NE,-18.12788994167284,30,11,19,massey,G16,Blast 16U Vipers
G16MIVBC3NE,-18.555115318939205,26,11,15,massey,G16,Mass Impact 16 Maddi
G16GREEN1GE,-18.822055137206434,7,1,6,massey,G16,Asphalt Green VBC 16-Green
G16BEVNY3GE,-18.960666150629265,6,1,5,massey,G16,BEV 16 Skyline
G16RRJVB7NE,-19.221984604560333,21,11,10,massey,G16,Boston United 16 Titanium
G16CACLI8GE,-19.60742183350097,7,0,7,massey,G16,CALI 16 White South
G16MIVBC4NE,-19.828978227957727,29,13,16,massey,G16,Mass Impact 16 Cam
G16MGJVB19NE,-19.91442183538246,3,1,2,massey,G16,MGA 16's Condors
G16TTVBC5NE,-19.97724768049799,21,8,13,massey,G16,SLAM 16R Crimson
G16JHEAT3GE,-20.222820584491224,5,2,3,massey,G16,CJHEAT 16 3
G16EYNER5NE,-20.419613210452972,16,7,9,massey,G16,ENVY 16 EARTHQUAKE
G16RRJVB3NE,-20.601892583351017,19,1,18,massey,G16,Boston United 16 Select 1
G16NESVC4NE,-21.162598167157334,25,7,18,massey,G16,NE Storm 16 Twister
G16SRVBC1NE,-21.30730004904051,15,5,10,massey,G16,SURGE 16 RED
G16LFJVB6NE,-21.580797720639925,16,5,11,massey,G16,603 United 16 Central Blue
G16TCJVB3NE,-22.67650453410498,18,6,12,massey,G16,Nova 16 Select Gianna
G16HHVBC3NE,-23.374059841313226,5,1,4,massey,G16,Hawks 16 Lathrop
G161181910XX,-23.563078160382272,7,0,7,massey,G16,SI SPIKES 16 12
G16EXVBC2NE,-24.73159712278904,6,2,4,massey,G16,Extreme 16 Black
G16VPVBC10NE,-24.94519075799127,5,2,3,massey,G16,Viper 16 Teal
G16BVJVB3NE,-25.471163735185264,25,6,19,massey,G16,Blast 16U Jaguars
G16RRJVB5NE,-28.07556420779173,20,3,17,massey,G16,Boston United 16 Sapphire
G16EVNER1NE,-29.501849363252763,5,2,3,massey,G16,EVA U16
G16DRVBC2NE,-32.07028357235431,10,0,10,massey,G16,Dragons 16 Michelle
G16RRJVB6NE,-33.80230208383442,21,5,16,massey,G16,Boston United 16 Steel
G16113233XX,-34.14558278259774,21,6,15,massey,G16,EliteZ 16 GIRLS SILVER
G16RRJVB8NE,-34.49807848558838,23,5,18,massey,G16,Boston United 16 Silver
G16TTVBC6NE,-35.66570914860705,22,2,20,massey,G16,SLAM 16R Platinum
G16BEVNY4GE,-36.78501338845312,6,0,6,massey,G16,BEV 16 High Rise
G16MAPVB3NE,-39.35366242835333,25,2,23,massey,G16,Mass Power VB 16 Black
G16PVJVB3NE,-41.39530998998514,14,3,11,massey,G16,PV 16 Select
G16MGJVB20NE,-42.16442183538239,3,0,3,massey,G16,MGA 16's Jaguars
G16MGJVB21NE,-46.7928895685931,6,0,6,massey,G16,MGA 16's Pumas
G16TCJVB4NE,-48.22685219318867,9,0,9,massey,G16,Nova 16 Regional
G16CMJVB2NE,39.20775541837045,14,10,4,massey_recent,G16,CMASS EDGE 16 Blue
G16SSVBC1NE,38.30121563514781,10,8,2,massey_recent,G16,SSVBC 16 1
G16NEVBC3NE,35.95038262577944,23,21,2,massey_recent,G16,Northeast 16.3
G16MCJVB2NE,32.23123730442197,23,15,8,massey_recent,G16,Mill City 16 Royal
G16EYNER2NE,31.074549256653228,18,14,4,massey_recent,G16,ENVY 16 BLIZZARD
G16KNGHT1GE,30.121866853985146,17,10,7,massey_recent,G16,LIKVBC 16
G16HKJVB3NE,29.93108589834273,14,13,1,massey_recent,G16,Husky 16 Northeast Black
G16SJVBC1NE,26.004816375289842,21,12,9,massey_recent,G16,South County 16- National
G16MNJVB1NE,23.55693693962928,11,10,1,massey_recent,G16,Maine Jrs 16 National
G16AVVBC1NE,22.837481387366616,14,7,7,massey_recent,G16,Avidity 16 Onyx
G16CMJVB3NE,22.635065518926005,21,15,6,massey_recent,G16,CMASS EDGE 16 White
G16MCJVB3NE,22.46887252592161,27,16,11,massey_recent,G16,Mill City 16 Orange
G16TCJVB1NE,22.433922631793312,3,3,0,massey_recent,G16,Nova 16 Premier Jamie/Mili
G16NEVBC5NE,21.560475071759214,14,11,3,massey_recent,G16,Northeast 16 Orange
G16118021XX,20.844807974058135,13,8,5,massey_recent,G16,NYCLBVC 16U BLUE ELITE
G16MGJVB3NE,20.522207500152017,16,13,3,massey_recent,G16,MGA 16's Stars
G16HEVBA9NE,20.259171596776987,24,15,9,massey_recent,G16,HEVBA 16 99
G16LEGRO4GE,19.896821871973817,2,1,1,massey_recent,G16,Allegro 16 South Black
G16MAJVB2NE,19.874878457494408,13,7,6,massey_recent,G16,Mass Premier 16 2
G16NEVBC6NE,19.005179323178332,14,8,6,massey_recent,G16,Northeast 16 Black
G16SSVBC2NE,18.51338316582261,15,10,5,massey_recent,G16,SSVBC 16 2
G16LHVBC2NE,18.241591589013844,18,14,4,massey_recent,G16,LHV Girls 16-2 Askari
G16SAVBC1XL,17.54719311188831,5,4,1,massey_recent,G16,Sporting Albany Girls 16u
G16AVVBC2NE,17.47723224665579,20,10,10,massey_recent,G16,Avidity 16 Ruby
G16NEVBC1NE,17.460934030784788,21,21,0,massey_recent,G16,Northeast 16.1
G16MCJVB5NE,16.793229312164144,22,17,5,massey_recent,G16,Mill City 16 Blue
G16MAJVB1NE,16.2664814695224,18,8,10,massey_recent,G16,Mass Premier 16 1
G16GRVBC2NE,16.100780175938148,13,5,8,massey_recent,G16,GVC 16-2
G16HKJVB5NE,15.836638632511784,13,8,5,massey_recent,G16,Husky 16 New England Black
G16MIVBC1NE,15.753795486197733,15,10,5,massey_recent,G16,Mass Impact 16 Mae
G16TTVBC1NE,15.251804065999348,30,19,11,massey_recent,G16,SLAM 16P Black
G16HKJVB2NE,15.235548917978193,12,9,3,massey_recent,G16,Husky 16 Northeast Red
G16MGJVB4NE,14.15879568228183,16,8,8,massey_recent,G16,MGA 16's Stripes
G16SGHVB1NE,13.35095956061641,13,5,8,massey_recent,G16,Starlings GH 16 1
G16LFJVB3NE,13.227745106985722,23,14,9,massey_recent,G16,603 United 16 Central White
G16HKJVB4NE,12.22604947979843,15,9,6,massey_recent,G16,Husky 16 New England Red
G16CJJVB2NE,11.974498017598146,9,4,5,massey_recent,G16,CT Juniors 16 Premier
G16LEGIO2XL,11.742625272547352,15,10,5,massey_recent,G16,TeamLVC 16 Pink
G16LFJVB2NE,11.219242106556866,23,12,11,massey_recent,G16,603 United 16 Seacoast White
G16CSJVB1NE,10.789878359631093,13,7,6,massey_recent,G16,CT STARS 16s Don
G16NESVC1NE,10.6008920822227,24,16,8,massey_recent,G16,NE Storm 16 Avalanche
G16DDVBC1NE,9.68181149486007,32,15,17,massey_recent,G16,Dig Deep 16 Ginger
G16SAJVB1NE,9.61316845996858,13,7,6,massey_recent,G16,SA Elite 16 American
G16NSJVB1NE,8.358971308246428,20,8,12,massey_recent,G16,NH Seacoast 16 Open
G16LHVBA2GE,7.66196610089407,5,1,4,massey_recent,G16,LHVA 16 Black Travel
G16SJJVB1NE,7.027787320834352,11,8,3,massey_recent,G16,SMASH 16s
G16CRJVB1NE,6.56365263906514,18,3,15,massey_recent,G16,CRVBC 16 1 Hawks
G16LEGIO1XL,5.839257260034375,10,6,4,massey_recent,G16,TeamLVC 16 Black
G16SPAVB2XL,4.9134888098931775,13,4,9,massey_recent,G16,Spa City 16 Coral
G16MGJVB5NE,4.903232455519787,7,2,5,massey_recent,G16,MGA 16's Black
G16SJVBC2NE,4.335977276414688,13,8,5,massey_recent,G16,South County 16-Blue
G16EVNER1NE,3.8747315222464795,5,2,3,massey_recent,G16,EVA U16
G16MNJVB3NE,3.497059553480007,12,8,4,massey_recent,G16,Maine Jrs 16 Silver
G16RRJVB1NE,2.1571344162403934,20,15,5,massey_recent,G16,Boston United 16 National
G16MNJVB4NE,1.9177658212972268,11,9,2,massey_recent,G16,Maine Jrs 16 Bronze
G16MIVBC5NE,1.7215250319724142,27,17,10,massey_recent,G16,Mass Impact 16 Murph
G16TTVBC2NE,1.6643603781916503,32,20,12,massey_recent,G16,SLAM 16P Red
G16MIVBC2NE,1.655299186178833,27,16,11,massey_recent,G16,Mass Impact 16 Celia
G16DDVBC2NE,1.4372473043177543,28,9,19,massey_recent,G16,Dig Deep 16 Platinum
G16MCJVB4NE,1.2959407149137165,31,20,11,massey_recent,G16,Mill City 16 Black
G16GAJVB3NE,1.2408153311376786,18,15,3,massey_recent,G16,Gators 16 Green
G16NEVBC4NE,0.8928122457635901,16,11,5,massey_recent,G16,Northeast 16 Blue
G16EYNER1NE,0.04135653892901203,17,9,8,massey_recent,G16,ENVY 16 NATIONAL
G16SJJVB2NE,0.02912616813529123,10,7,3,massey_recent,G16,SMASH 16s Sparks
G16MXVBC2NE,0.021742708132560296,14,7,7,massey_recent,G16,Max Performance 16 Tony
G16EYNER4NE,0.011372532267531599,16,11,5,massey_recent,G16,ENVY 16 WILDFIRE
G16SRVBC1NE,0.007342234714091511,15,5,10,massey_recent,G16,SURGE 16 RED
G16LHVBC1NE,0.005332864815247085,10,3,7,massey_recent,G16,LHV Girls 16-1 Surge
G16EYNER5NE,0.005277019090773605,16,7,9,massey_recent,G16,ENVY 16 EARTHQUAKE
G16SJJVB3NE,0.0020874808239650378,16,8,8,massey_recent,G16,SMASH 16's Extreme
G16PROVA5GE,0.001752131600698259,8,2,6,massey_recent,G16,Prodigy 16.5 Club
G16SOSVB2GE,0.0016594412227962096,5,0,5,massey_recent,G16,Sideout 16N Carly
G16CSJVB3NE,0.0016525429952082282,11,3,8,massey_recent,G16,CT STARS 16s Ioanna
G16CACLI1GE,0.0013868307112959166,5,3,2,massey_recent,G16,CALI 16 Black
G16SOSVB1GE,0.0013180649860398685,5,4,1,massey_recent,G16,Sideout 16N Cooper
G16NYCVA1GE,0.0012546476877313695,12,5,7,massey_recent,G16,NYC VBA 16 Broadway
G16SPKRS1GE,0.0011172712401718576,5,3,2,massey_recent,G16,SpikeHers 16 Blue
G16BVJVB1NE,0.001084099914605119,5,3,2,massey_recent,G16,Blast 16U Tigers
G16DRVBC2NE,0.0010785706495494707,10,0,10,massey_recent,G16,Dragons 16 Michelle
G16EXVBC2NE,0.00107719258369382,6,2,4,massey_recent,G16,Extreme 16 Black
G16CJVBA6GE,0.0010769924614394966,6,1,5,massey_recent,G16,CJVA 16 Red
G16ROCKA2GE,0.0010769924589353885,7,2,5,massey_recent,G16,RVT 16-2 Swim
G16MAVRK1OV,0.0010769924516860763,7,3,4,massey_recent,G16,Maverick 16 Maroon
G16TCJAG2XL,0.0010769924506095485,7,1,6,massey_recent,G16,Jaguars 16u Purple
G16VERSE2GE,0.0010769924505994455,8,4,4,massey_recent,G16,NYC Volley Verse 16 Navy
G16JHEAT2GE,0.0010769924505594775,4,1,3,massey_recent,G16,CJHEAT 16 2
G16BEVNY4GE,0.0010769924505563133,6,0,6,massey_recent,G16,BEV 16 High Rise
G16516EL1GE,0.0010769924505562578,8,7,1,massey_recent,G16,516 Elite 16 Black
G16MOMET1FL,0.0010769924505562023,6,3,3,massey_recent,G16,Momentum 16 Neon
G16LCVBC3GE,0.0010769924505562023,8,5,3,massey_recent,G16,Legacy 16 Premier
G16GRVBC1NE,0.0010769924505562023,7,3,4,massey_recent,G16,GVC 16-1
G16PINVA1GE,0.0010769924505562023,7,2,5,massey_recent,G16,PVA 16 National Summit
G16OCLEV1GE,0.0010769924505562023,9,5,4,massey_recent,G16,OC Lady Elite 16 Black
G16CACLI8GE,0.0010769924505562023,7,0,7,massey_recent,G16,CALI 16 White South
G16PROVA3GE,0.0010769924505562023,11,6,5,massey_recent,G16,Prodigy 16.3 Elite
G16PINVA2GE,0.0010769924505562023,7,3,4,massey_recent,G16,PVA 16 National Peak
G16MGJVB1NE,0.0010769924505562023,7,5,2,massey_recent,G16,MGA 16's North
G16BEVNY3GE,0.0010769924505562023,6,1,5,massey_recent,G16,BEV 16 Skyline
G16CACLI7GE,0.0010769924505562023,7,3,4,massey_recent,G16,CALI 16 White North
G16PROVA2GE,0.0010769924505562023,7,0,7,massey_recent,G16,Prodigy 16.2 Elite
G16ECLPS1GE,0.0010769924505562023,8,4,4,massey_recent,G16,Eclipse 16 1
G16NYCJR5GE,0.0010769924505562023,7,4,3,massey_recent,G16,NYC Juniors 16 Brooklyn
G16NYCIV1GE,0.0010769924505562023,7,3,4,massey_recent,G16,NYC Impact 16U National
G16DIGSV2GE,0.0010769924505562023,9,7,2,massey_recent,G16,Digs 16 WHITE
G16TRICO2GE,0.0010769924505562023,10,4,6,massey_recent,G16,TriCounty ATTACK 16 2
G16LUNAR5GEX,0.0010769924505562023,4,2,2,massey_recent,G16,CCC - Hawks 16
G16XTREM3GE,0.0010769924505562023,7,3,4,massey_recent,G16,Xtreme 16 Regional Poppy
G16ALBMR1CR,0.0010769924505562023,10,9,1,massey_recent,G16,ARVC 16U Orange
G161181910XX,0.0010769924505562023,7,0,7,massey_recent,G16,SI SPIKES 16 12
G16BEVNY1GE,0.0010769924505562023,7,4,3,massey_recent,G16,BEV 16 Empire
G16CJVBA5GE,0.0010769924505562023,8,4,4,massey_recent,G16,CJVA 16 Ruby
G16VERSE1GE,0.0010769924505562023,7,5,2,massey_recent,G16,NYC Volley Verse 16 Gold
G16DIGSV1GE,0.0010769924505562023,8,3,5,massey_recent,G16,Digs 16 RED
G16PROVA1GE,0.0010769924505562023,4,3,1,massey_recent,G16,Prodigy 16.1 Premier
G16LCVBC1GE,0.0010769924505562023,8,3,5,massey_recent,G16,Legacy 16 National
G16WAREN3GE,0.0010769924505562023,5,4,1,massey_recent,G16,Warren Sixpack 16 white
G16WAREN2GE,0.0010769924505562023,5,1,4,massey_recent,G16,Warren Sixpack 16 black
G16WAREN1GE,0.0010769924505562023,4,3,1,massey_recent,G16,Warren Sixpack 16 red
G16MVNER1NE,0.0010769924505562023,5,3,2,massey_recent,G16,Meraki VB 16 1
G16LIBER1CH,0.0010769924505562023,9,6,3,massey_recent,G16,LIBERO 16 HUSKIES
G16OCEAN1GE,0.0010769924505562023,8,5,3,massey_recent,G16,Ocean Volleyball 16 National
G16PARAD1WE,0.0010769924505562023,5,4,1,massey_recent,G16,Paradigm Rebellion
G16PARAD2WE,0.0010769924505562023,5,4,1,massey_recent,G16,Paradigm Rumble
G16JHEAT3GE,0.0010769924505562023,5,2,3,massey_recent,G16,CJHEAT 16 3
G16ROCKA1GE,0.0010769924505562023,7,5,2,massey_recent,G16,RVT 16-1 Surf
G16SHVBC1NE,0.0010769924505562023,5,1,4,massey_recent,G16,NE Shock 16 1
G16APXTC1OV,0.0010769924505562023,7,4,3,massey_recent,G16,Apex VBTC 16 Apex Red
G16LEGRO2GE,0.0010769924505562023,5,2,3,massey_recent,G16,Allegro 16 Ruby
G16LEGRO3GE,0.0010769924505562023,5,3,2,massey_recent,G16,Allegro 16 Scarlet
G16DRVCM1CA,0.0010769924505562023,7,2,5,massey_recent,G16,Durham Rebels Alliance
G16MGJVB20NE,0.0010769924505560358,3,0,3,massey_recent,G16,MGA 16's Jaguars
G16117971XX,0.0010769924505560358,7,3,4,massey_recent,G16,16U BPR 16 1
G16NYCLI1GE,0.0010769924505275585,8,3,5,massey_recent,G16,NYCLI 16 Elite
G16MGJVB19NE,0.001076992450502523,3,1,2,massey_recent,G16,MGA 16's Condors
G16INNOV1PU,0.0010769924503268302,7,5,2,massey_recent,G16,InnovativeVC 16 1 Robert
G16TRICO1GE,0.001076992449974723,11,7,4,massey_recent,G16,TriCounty ATTACK 16 1
G16RENAS1KE,0.0010769924497773808,8,5,3,massey_recent,G16,Renaissance 16 Black
G16PIEDR10PU,0.001076992449593528,8,5,3,massey_recent,G16,LPV-16U
G16BEVNY2GE,0.0010769924490512395,7,2,5,massey_recent,G16,BEV 16 Elite
G16MGJVB2NE,0.0010769924488900906,10,10,0,massey_recent,G16,MGA 16's South
G16GREEN1GE,0.001076992448125369,7,1,6,massey_recent,G16,Asphalt Green VBC 16-Green
G16FGSVA1FL,0.0010769924479432924,8,5,3,massey_recent,G16,Gulfside 16U Select
G16NYCIV2GE,0.0010769924476608517,8,4,4,massey_recent,G16,NYC Impact 16U Travel
G16RENAS2KE,0.0010769924475307335,7,1,6,massey_recent,G16,Renaissance 16 Red
G16APXTC2OV,0.0010769903902913547,7,4,3,massey_recent,G16,Apex VBTC 16 Apex White
G16CAPVC1GE,0.001076990389859478,7,5,2,massey_recent,G16,Capitals 16 National
G16BWVBC1FL,0.001076603665650544,5,5,0,massey_recent,G16,BWVC 16 Mizuno Elite
G16CACLI4GE,0.0010749190920846252,5,3,2,massey_recent,G16,CALI 16 Gold Elite
G16MGJVB21NE,0.001074503244387015,6,0,6,massey_recent,G16,MGA 16's Pumas
G16TCJAG1XL,0.00107335176204576,5,5,0,massey_recent,G16,Jaguars 16u Black
G16CACLI5GE,0.0010724592081063355,5,3,2,massey_recent,G16,CALI 16 Gold North
G16SURGE1GE,0.0010689160239066298,11,1,10,massey_recent,G16,LI Surge 16 Premier
G16CACLI6GE,0.001067231336047525,5,1,4,massey_recent,G16,CALI 16 Gold South
G16LHVBA1GE,0.0010600607441198506,17,9,8,massey_recent,G16,LHVA 16 Purple National
G16MXVBC1NE,0.0009637632245019234,5,5,0,massey_recent,G16,Max Performance 16 Jess
G16VOLFX1WE,0.0008387877401512811,13,10,3,massey_recent,G16,VolleyFX 16 Mantra
G16SRVBC2NE,0.0007666730107561692,17,10,7,massey_recent,G16,SURGE 16 GREEN
G16CSJVB2NE,0.0004448274615742598,14,6,8,massey_recent,G16,CT STARS 16s Jenna
G16NYCJR1GE,0.0001295520031777131,13,7,6,massey_recent,G16,NYC Juniors 16 National
G16LDNER2NE,-0.001366261312798045,5,3,2,massey_recent,G16,Lockdown VBC 16 Falcons
G16NEVBC2NE,-0.0018811759579824283,13,10,3,massey_recent,G16,Northeast 16.2
G16USANY1XL,-0.003731352889443984,11,11,0,massey_recent,G16,USANY Fortitude 16 - 1
G16GAJVB1NE,-0.0048137380897697035,5,1,4,massey_recent,G16,Gators 16 Black
G16LFJVB1NE,-0.0263588219241358,14,6,8,massey_recent,G16,603 United 16 Seacoast Black
G16TCJVB2NE,-0.3947252064660606,10,3,7,massey_recent,G16,Nova 16 Premier Megan
G16SPAVB1XL,-0.43960613745365235,18,11,7,massey_recent,G16,Spa City 16 Aqua
G16MAJVB3NE,-0.4817068415148976,12,10,2,massey_recent,G16,Mass Premier 16 3
G16CTRVB1NE,-0.6028706875923782,37,18,19,massey_recent,G16,C3VB 16 1
G16MNJVB2NE,-0.7107718755373078,18,10,8,massey_recent,G16,Maine Jrs 16 Gold
G16LFJVB4NE,-1.2609808861020262,15,10,5,massey_recent,G16,603 United 16 Seacoast Blue
G16MAPVB2NE,-1.512141537971586,26,7,19,massey_recent,G16,Mass Power VB 16 Pink
G16HKJVB1NE,-1.989756155593767,10,5,5,massey_recent,G16,Husky 16 National
G16LDNER3NE,-2.010721917664015,21,16,5,massey_recent,G16,Lockdown VBC 16 Thunder Birds
G16CMJVB1NE,-2.703470125889033,10,3,7,massey_recent,G16,CMASS EDGE 16 Black
G16112721XX,-3.3147354489068155,37,16,21,massey_recent,G16,X2 Volleyball 16 1
G16SAJVB2NE,-3.3586967188103753,16,10,6,massey_recent,G16,SA Elite 16 American Impact
G16VPVBC10NE,-3.859034186301301,5,2,3,massey_recent,G16,Viper 16 Teal
G16RRJVB2NE,-4.035213867558056,40,25,15,massey_recent,G16,Boston United 16 Northeast
G16LDNER1NE,-5.231141337620202,14,7,7,massey_recent,G16,Lockdown VBC 16 Hawks
G16MCJVB1NE,-5.246242406329353,17,5,12,massey_recent,G16,Mill City 16's
G16LEGIO3XL,-5.263877287246818,14,7,7,massey_recent,G16,TeamLVC 16 White
G16IGVBC1NE,-5.326871276324713,25,16,9,massey_recent,G16,Ignite 16 Black
G16CAMYV1NE,-6.221212032073114,19,8,11,massey_recent,G16,CYVB 16 1
G16SJVBC3NE,-6.635360272926693,18,9,9,massey_recent,G16,South County 16-Gold
G16TTVBC3NE,-6.956392145601906,34,19,15,massey_recent,G16,SLAM 16P White
G16UNVBC1NE,-7.478227550948928,18,7,11,massey_recent,G16,Unity 16 Girls Gold Valkeries
G16EXVBC1NE,-7.642573774098064,23,11,12,massey_recent,G16,Extreme 16 Purple
G16AAVBC1NE,-7.862271523539384,10,5,5,massey_recent,G16,AVA 16 Venom
G16SJVBC4NE,-8.185246250183923,20,13,7,massey_recent,G16,South County 16-White
G16IGVBC2NE,-8.72473025911346,27,12,15,massey_recent,G16,Ignite 16 Red
G16LHVBC4NE,-8.827905183032064,15,7,8,massey_recent,G16,LHV Girls 16-4 Ragers
G16MGJVB6NE,-8.919088951460061,8,3,5,massey_recent,G16,MGA 16's White
G16PVJVB1NE,-9.129577736849896,21,2,19,massey_recent,G16,PV 16 National
G16PROVA4GE,-9.406742210205671,8,4,4,massey_recent,G16,Prodigy 16.4 Club
G16TTVBC4NE,-9.527082306501633,20,13,7,massey_recent,G16,SLAM 16R Silver
G16TTVBC5NE,-9.681120004443537,21,8,13,massey_recent,G16,SLAM 16R Crimson
G16RRJVB4NE,-10.236762849937893,26,16,10,massey_recent,G16,Boston United 16 Select 2
G16EYNER3NE,-10.722029107689275,21,8,13,massey_recent,G16,ENVY 16 HURRICANE
G16LHVBC3NE,-10.95119757991077,15,9,6,massey_recent,G16,LHV Girls 16-3 Braves
G16SIVBC1NE,-11.453024478497397,31,6,25,massey_recent,G16,SISU VB 16 1
G16GSVBC1NE,-11.799407844574748,11,7,4,massey_recent,G16,GSVC 16 Navy
G16TCJVB3NE,-12.390274316545677,18,6,12,massey_recent,G16,Nova 16 Select Gianna
G16RRJVB7NE,-12.75480432196034,21,11,10,massey_recent,G16,Boston United 16 Titanium
G16RRJVB3NE,-12.795616149855396,19,1,18,massey_recent,G16,Boston United 16 Select 1
G16NESVC2NE,-12.887466388821855,27,14,13,massey_recent,G16,NE Storm 16 Cyclone
G16HRJVB1NE,-12.97268264803754,28,12,16,massey_recent,G16,HardRock 16
G16NETHG2XL,-14.246627049894066,12,5,7,massey_recent,G16,NET 16 Lightning
G16MIVBC3NE,-14.383931327236668,26,11,15,massey_recent,G16,Mass Impact 16 Maddi
G16PVJVB2NE,-14.393580129879457,31,9,22,massey_recent,G16,PV 16 Elite
G16NESVC3NE,-14.777997624283481,25,11,14,massey_recent,G16,NE Storm 16 Earthquake
G16DRVBC1NE,-14.801832874267635,32,16,16,massey_recent,G16,Dragons 16 Fyre
G16BVJVB2NE,-15.047079503472375,30,11,19,massey_recent,G16,Blast 16U Vipers
G16MIVBC4NE,-15.52791412203945,29,13,16,massey_recent,G16,Mass Impact 16 Cam
G16CJJVB1NE,-16.86071667981618,10,4,6,massey_recent,G16,CT Juniors 16 National
G16LFJVB6NE,-17.875814043743084,16,5,11,massey_recent,G16,603 United 16 Central Blue
G16113231XX,-18.171026853698557,31,13,18,massey_recent,G16,EliteZ 16 GIRLS HP BLACK
G16HHVBC3NE,-19.21907121823688,5,1,4,massey_recent,G16,Hawks 16 Lathrop
G16SGHVB2NE,-21.528339835913524,13,5,8,massey_recent,G16,Starlings GH 16 2
G16MCJVB6NE,-21.569570706615252,19,8,11,massey_recent,G16,Mill City 16 Teal
G16113232XX,-21.79621827041893,20,5,15,massey_recent,G16,EliteZ 16 GIRLS CARBON
G16RRJVB5NE,-25.66275071362491,20,3,17,massey_recent,G16,Boston United 16 Sapphire
G16NESVC4NE,-28.137318131643614,25,7,18,massey_recent,G16,NE Storm 16 Twister
G16SAJVB3NE,-30.689976819161544,15,4,11,massey_recent,G16,SA Elite 16 American Ice
G16RRJVB6NE,-31.747977369125895,21,5,16,massey_recent,G16,Boston United 16 Steel
G16BVJVB3NE,-34.92701118599246,25,6,19,massey_recent,G16,Blast 16U Jaguars
G16113233XX,-35.22785785247579,21,6,15,massey_recent,G16,EliteZ 16 GIRLS SILVER
G16RRJVB8NE,-35.69730781814481,23,5,18,massey_recent,G16,Boston United 16 Silver
G16TTVBC6NE,-38.67721525742466,22,2,20,massey_recent,G16,SLAM 16R Platinum
G16PVJVB3NE,-40.66993959421192,14,3,11,massey_recent,G16,PV 16 Select
G16MAPVB3NE,-43.32488502641337,25,2,23,massey_recent,G16,Mass Power VB 16 Black
G16TCJVB4NE,-52.05837301224133,9,0,9,massey_recent,G16,Nova 16 Regional
G17MNJVB1NE,1696.859098568351,26,24,2,elo_baseline,G17,Maine Jrs 17 National
G17NYCVA1GE,1653.1586767469437,15,15,0,elo_baseline,G17,NYC VBA 17 Westside
G17CMJVB2NE,1645.884764194142,19,17,2,elo_baseline,G17,CMASS EDGE 17 Blue
G17LFJVB2NE,1641.9301675892311,27,22,5,elo_baseline,G17,603 United 17 Seacoast White
G17LFJVB3NE,1630.130797252829,15,14,1,elo_baseline,G17,603 United 17 Seacoast Blue
G17CMJVB3NE,1624.6694418979264,17,15,2,elo_baseline,G17,CMASS EDGE 17 White
G17MNJVB2NE,1608.317024177608,22,17,5,elo_baseline,G17,Maine Jrs 17 Gold
G17NEVBC1NE,1605.2373796937923,19,15,4,elo_baseline,G17,Northeast 17.1
G17NEVBC2NE,1605.1959577475213,15,13,2,elo_baseline,G17,Northeast 17.2
G17LFJVB1NE,1594.141821936221,19,14,5,elo_baseline,G17,603 United 17 Seacoast Black
G17HRJVB1NE,1594.0655502256427,23,17,6,elo_baseline,G17,HardRock 17
G17TTVBC1NE,1592.9441024164437,34,22,12,elo_baseline,G17,SLAM 17P Black
G17RRJVB2NE,1584.8132368484853,35,20,15,elo_baseline,G17,Boston United 17 National - Dimitri
G17118611XX,1584.588070707627,9,8,1,elo_baseline,G17,JVC 17 1
G17NEVBC3NE,1581.9479724429893,10,9,1,elo_baseline,G17,Northeast 17 Blue
G17BUFLO1FL,1580.7064809392882,9,8,1,elo_baseline,G17,Buffalo Stampeders-Tre Mann Elite 17 1
G17RRJVB3NE,1580.622797868195,39,24,15,elo_baseline,G17,Boston United 17 Northeast
G17SJVBC3NE,1577.0358404166464,26,18,8,elo_baseline,G17,South County 17-Gold
G17MGJVB1NE,1575.152063729823,9,8,1,elo_baseline,G17,MGA 17's South
G17NESVC2NE,1573.8596799218517,28,19,9,elo_baseline,G17,NE Storm 17 Blizzard
G17SJJVB2NE,1572.3817992314648,11,9,2,elo_baseline,G17,SMASH 17s Black Ice
G17HKJVB3NE,1570.2652295232988,13,10,3,elo_baseline,G17,Husky 17 Northeast Black
G17SPKRS1GE,1569.7896241877775,6,6,0,elo_baseline,G17,SpikeHers 17 Gold
G17HKJVB2NE,1569.2331794310528,6,6,0,elo_baseline,G17,Husky 17 Northeast Red
G17117971XX,1567.7760974383414,8,7,1,elo_baseline,G17,17U BPR 17 1
G17VOLFX1WE,1567.148230746788,14,10,4,elo_baseline,G17,VolleyFX 17 Rapture
G17MGJVB4NE,1562.84728309497,14,10,4,elo_baseline,G17,MGA 17's Stars
G17MCJVB1NE,1560.7313968880517,18,12,6,elo_baseline,G17,Mill City 17's
G17LDNER1NE,1555.4218651652513,13,9,4,elo_baseline,G17,Lockdown VBC 17 Phoenix
G17SJVBC1NE,1550.63648684978,23,15,8,elo_baseline,G17,South County 17-National
G17MAVRK1OV,1549.7491758542803,8,6,2,elo_baseline,G17,Maverick 17 Maroon
G17NEVBC4NE,1548.7182907829103,16,10,6,elo_baseline,G17,Northeast 17 Orange
G17MCJVB2NE,1544.9771370394822,31,18,13,elo_baseline,G17,Mill City 17 Orange
G17PINVA2GE,1544.9533253336497,8,6,2,elo_baseline,G17,PVA 17 National Peak
G17MGJVB2NE,1544.476771712281,8,6,2,elo_baseline,G17,MGA 17's North
G17NYCJR3GE,1544.2536277130955,8,6,2,elo_baseline,G17,NYC Juniors 17 SI
G17CMJVB1NE,1543.4236796297973,12,8,4,elo_baseline,G17,CMASS EDGE 17 Black
G17SJVBC2NE,1542.6154251008902,26,16,10,elo_baseline,G17,South County 17-Blue
G17SJJVB1NE,1540.7850492756863,12,8,4,elo_baseline,G17,SMASH 17s
G17CSJVB1NE,1536.3455364380845,12,8,4,elo_baseline,G17,CT STARS 17s Rony
G17CEDGE1WE,1536.2484415294946,7,5,2,elo_baseline,G17,CEVC 17 1
G17LHVBC2NE,1535.8418077047131,11,7,4,elo_baseline,G17,LHV Girls 17-2 Origin
G17118021XX,1535.280709000792,11,7,4,elo_baseline,G17,NYCLBVC 17U BLUE ELITE
G17OCLEV1GE,1535.0058055119298,9,6,3,elo_baseline,G17,OC Lady Elite 17 Black
G17WAREN1GE,1534.8510316105078,3,3,0,elo_baseline,G17,Warren Sixpack 17 red
G17CJJVB1NE,1534.154368399239,7,5,2,elo_baseline,G17,CT Juniors 17 National
G17HHVBC2NE,1533.5414692102363,5,4,1,elo_baseline,G17,Hawks 17 Catalino
G17TTVBC3NE,1533.1300398564515,32,19,13,elo_baseline,G17,SLAM 17P White
G17WAREN3GE,1531.0700333849159,5,4,1,elo_baseline,G17,Warren Sixpack 17 white
G17ATLAN2GE,1530.4111600009362,9,6,3,elo_baseline,G17,AVA 17 Premier 1
G17LHVBA1GE,1530.3132409450757,7,5,2,elo_baseline,G17,LHVA 17 Purple National
G17NESVC1NE,1528.8815999157257,26,15,11,elo_baseline,G17,NE Storm 17 Hurricane
G17CACLI3GE,1528.6239113153017,13,8,5,elo_baseline,G17,CALI 17 Red
G17SHVBC1NE,1527.8342327351781,4,3,1,elo_baseline,G17,NE Shock 17 1
G17GEVBC1NE,1527.1454526837601,19,11,8,elo_baseline,G17,Generations vbc 17 1
G17DIGSV2GE,1523.8504289951402,8,5,3,elo_baseline,G17,Digs 17 WHITE
G17VVVBC2NE,1523.717775034257,10,6,4,elo_baseline,G17,Vibe 17u Silver
G17PARAD1WE,1523.3304068600955,4,3,1,elo_baseline,G17,Paradigm Revolt
G17HHVBC7NE,1522.0043889942594,10,6,4,elo_baseline,G17,Hawks 17 Aviles
G17LEGRO2GE,1521.3927114552814,6,4,2,elo_baseline,G17,Allegro 17 Scarlet
G17GRVBC1NE,1516.959150761496,7,4,3,elo_baseline,G17,GVC 17-1
G17CAPVC1GE,1515.15998428763,9,5,4,elo_baseline,G17,Capitals 17 National
G17SPAVB1XL,1514.0212828551144,17,9,8,elo_baseline,G17,Spa City 17 Aqua
G17WAREN2GE,1513.2687532524708,5,3,2,elo_baseline,G17,Warren Sixpack 17 black
G17AAVBC1NE,1512.96034749995,11,6,5,elo_baseline,G17,AVA 17 Elites
G17CSJVB2NE,1511.2243379044999,13,7,6,elo_baseline,G17,CT STARS 17s Abbi
G17TUSVA1GE,1510.9891681058366,7,4,3,elo_baseline,G17,Train Up VB 17 1
G17SJJVB3NE,1510.181740738347,15,8,7,elo_baseline,G17,SMASH 17's Focus
G17CAPVC2GE,1509.5521279761576,5,3,2,elo_baseline,G17,Capitals 17 United
G17SRVBC2NE,1509.4247582690991,15,8,7,elo_baseline,G17,SURGE 17 TEAL
G17MAJVB1NE,1508.6574525522917,21,11,10,elo_baseline,G17,Mass Premier 17 1
G17LEGIO2XL,1506.452320719764,13,7,6,elo_baseline,G17,TeamLVC 17 Pink
G17PINVA1GE,1504.1388682229083,8,4,4,elo_baseline,G17,PVA 17 National Summit
G17LDNER2NE,1501.7457813082049,10,5,5,elo_baseline,G17,Lockdown VBC 17 Blue Jays
G17RENAS1KE,1499.138840893962,8,4,4,elo_baseline,G17,Renaissance 17 Black
G17RRJVB4NE,1498.632773353782,28,14,14,elo_baseline,G17,Boston United 17 Select 1
G17EYNER1NE,1497.1610787530894,17,8,9,elo_baseline,G17,ENVY 17 NATIONAL
G17LEGRO3GE,1496.7430121589477,4,2,2,elo_baseline,G17,Allegro 17 South Black
G17ELITE1GE,1495.560901699911,7,3,4,elo_baseline,G17,New York Elite 17 Black
G17KNGHT1GE,1494.547162316678,7,3,4,elo_baseline,G17,LIKVBC 17
G17SSVBC1NE,1494.4898194970958,11,5,6,elo_baseline,G17,SSVBC 17 1
G17LHVBC3NE,1494.1919921331498,15,7,8,elo_baseline,G17,LHV Girls 17-3 Apex
G17LDNER3NE,1493.9996121231882,21,10,11,elo_baseline,G17,Lockdown VBC 17 Raptors
G17HKJVB4NE,1493.5687493727316,13,6,7,elo_baseline,G17,Husky 17 New England
G17NYCLI1GE,1492.4457394336985,7,3,4,elo_baseline,G17,NYCLI 17 Elite
G17WHIRL2XL,1489.9055351725683,7,3,4,elo_baseline,G17,Whirlwind VBC 17 2
G17SOSVB2GE,1489.5160206836956,5,2,3,elo_baseline,G17,Sideout 17N Artem
G17GSVBC1NE,1488.781712966056,11,5,6,elo_baseline,G17,GSVC 17 Navy
G17BEVNY1GE,1488.25681301768,7,3,4,elo_baseline,G17,BEV 17 Empire
G17NETHG1XL,1488.2332105076919,5,2,3,elo_baseline,G17,NET 17 Force
G17LEGRO4GE,1488.0912231633333,5,2,3,elo_baseline,G17,Allegro 17 Ruby
G17SOSVB1GE,1487.6255824796226,5,2,3,elo_baseline,G17,Sideout 17N Justin
G17CACLI4GE,1486.2684246434173,5,2,3,elo_baseline,G17,CALI 17 Gold North
G17EYNER2NE,1485.0165988904687,17,8,9,elo_baseline,G17,ENVY 17 TSUNAMI
G17VERSE1GE,1484.9893426149565,7,3,4,elo_baseline,G17,NYC Volley Verse 17 1
G17SRVBC1NE,1483.9009320002995,28,12,16,elo_baseline,G17,SURGE 17 ORANGE
G17SJVBC4NE,1483.6799348568015,26,14,12,elo_baseline,G17,South County 17-White
G17NYCJR2GE,1483.3401310274967,7,3,4,elo_baseline,G17,NYC Juniors 17 Travel
G17SPAVB3XL,1482.5839875724957,13,6,7,elo_baseline,G17,Spa City 17 Coral
G17NYCIV1GE,1480.7043977503818,6,2,4,elo_baseline,G17,NYC Impact 17U Black
G17FGSVA1FL,1479.5288291018944,6,2,4,elo_baseline,G17,Gulfside 17U Select
G17DIGSV1GE,1478.667752281666,8,3,5,elo_baseline,G17,Digs 17 RED
G17MOMET2FL,1478.0754608310988,8,3,5,elo_baseline,G17,Momentum 17 Neon
G17118022XX,1477.8916374320097,6,2,4,elo_baseline,G17,NYCLBVC 17U WHITE
G17NYCJR1GE,1477.835254425469,12,5,7,elo_baseline,G17,NYC Juniors 17 National
G17TTVBC4NE,1477.3298533330808,22,11,11,elo_baseline,G17,SLAM 17R Silver
G17NETHG2XL,1477.0087460979196,12,5,7,elo_baseline,G17,NET 17 Lightning
G17SAJVB2NE,1472.0693961962452,16,7,9,elo_baseline,G17,SA Elite 17 American
G17GRVBC2NE,1471.774189851829,11,4,7,elo_baseline,G17,GVC 17-2
G17AVVBC1NE,1471.4409855551453,20,9,11,elo_baseline,G17,Avidity 17 Diamond
G17EYNER3NE,1470.6150326502716,19,8,11,elo_baseline,G17,ENVY 17 LIGHTNING
G17WHIRL1XL,1468.9363495680855,7,2,5,elo_baseline,G17,Whirlwind VBC 17 1
G17OCEAN2GE,1467.777672038663,7,2,5,elo_baseline,G17,Ocean Volleyball 17 National Mike
G17OCEAN1GE,1466.8759667163206,7,2,5,elo_baseline,G17,Ocean Volleyball 17 National Jose
G17MIVBC1NE,1466.5234383348316,9,3,6,elo_baseline,G17,Mass Impact 17 Connor
G17CAPVC3GE,1465.7642691804353,5,1,4,elo_baseline,G17,Capitals 17 Liberty
G17GAJVB1NE,1464.6069175905395,5,1,4,elo_baseline,G17,Gators 17 Black
G17TCJVB1NE,1464.4109187043164,10,3,7,elo_baseline,G17,Nova 17 Premier Cam
G17LHVBC1NE,1463.7702119313024,10,3,7,elo_baseline,G17,LHV Girls 17-1 Ignite
G17RRJVB1NE,1462.4111775616993,17,7,10,elo_baseline,G17,Boston United 17 National - Kyle
G17VVVBC1NE,1460.4826762814835,10,3,7,elo_baseline,G17,Vibe 17u Gold
G17ATACK1GE,1458.8005180391556,8,2,6,elo_baseline,G17,Attack 17 1
G17MCJVB3NE,1458.2290134596128,21,8,13,elo_baseline,G17,Mill City 17 Blue
G17CAMYV1NE,1458.040405550035,22,9,13,elo_baseline,G17,CYVB 17 1
G17RENAS2KE,1457.0291601052838,8,2,6,elo_baseline,G17,Renaissance 17 Red
G17FCVBC1NE,1456.8778678036476,11,3,8,elo_baseline,G17,FCA Volleyball 17 1
G17CSJVB3NE,1451.3731394945758,13,4,9,elo_baseline,G17,CT STARS 17s Delia
G17BEVNY2GE,1451.0812119548766,6,1,5,elo_baseline,G17,BEV 17 Elite
G17TTVBC2NE,1444.2424123264266,29,11,18,elo_baseline,G17,SLAM 17P Red
G17LEGRO5GE,1443.7517148398883,5,0,5,elo_baseline,G17,Allegro 17 South Red
G17CACLI1GE,1443.5703927262132,5,0,5,elo_baseline,G17,CALI 17 Black
G17PPNER1NE,1443.3549718655293,9,2,7,elo_baseline,G17,Pure Passion 17 1
G17VVVBC3NE,1440.5060932402114,5,0,5,elo_baseline,G17,Vibe Girls 17u Jocelyn
G17LCVBC2GE,1440.0462647467436,7,1,6,elo_baseline,G17,Legacy 17 Premier
G17MGJVB3NE,1438.5365876319515,10,2,8,elo_baseline,G17,MGA 17's White
G17MXVBC1NE,1436.610688727494,20,7,13,elo_baseline,G17,Max Performance 17 Kayla
G17NESVC3NE,1436.3559462825078,21,8,13,elo_baseline,G17,NE Storm 17 Heatwave
G17HKJVB1NE,1436.2216545982592,11,2,9,elo_baseline,G17,Husky 17 National
G17113231XX,1436.174014116134,33,11,22,elo_baseline,G17,EliteZ 17 GIRLS HP BLACK
G17BEVNY3GE,1432.3143547034401,8,1,7,elo_baseline,G17,BEV 17 Skyline
G17TTVBC5NE,1431.555464578835,21,7,14,elo_baseline,G17,SLAM 17R Crimson
G17PVJVB2NE,1430.8949543145138,32,10,22,elo_baseline,G17,PV 17 Elite
G17BVJVB1NE,1430.8197608703674,10,2,8,elo_baseline,G17,Blast 17U Cobras
G17LCVBC1GE,1430.6126335407641,8,1,7,elo_baseline,G17,Legacy 17 National
G17TCJVB3NE,1429.7563658014053,16,5,11,elo_baseline,G17,Nova 17 Regional
G17NEVBC5NE,1429.157638945594,16,4,12,elo_baseline,G17,Northeast 17 Black
G17MGJVB20NE,1428.073219071449,6,0,6,elo_baseline,G17,MGA 17's Panthers
G171191980XX,1419.7097879791136,7,0,7,elo_baseline,G17,COL. SANTANDER
G17SURGE1GE,1418.874743904124,7,0,7,elo_baseline,G17,LI Surge 17 1
G17LEGIO1XL,1411.2795316585484,18,4,14,elo_baseline,G17,TeamLVC 17 Black
G17EYNER4NE,1408.2590638968945,15,3,12,elo_baseline,G17,ENVY 17 AVALANCHE
G17DDVBC1NE,1406.8568438377315,37,12,25,elo_baseline,G17,Dig Deep 17 Ginger
G17IGVBC1NE,1405.7024889910374,27,10,17,elo_baseline,G17,Ignite 17 Black
G17BVJVB2NE,1405.1222568957362,26,8,18,elo_baseline,G17,Blast 17U Panthers
G17PVJVB1NE,1399.5911942684593,27,8,19,elo_baseline,G17,PV 17 National
G17PROVA3GE,1383.5430807914167,14,1,13,elo_baseline,G17,Prodigy 17.3 Elite
G17SUCES1GE,1374.628211931344,12,0,12,elo_baseline,G17,SA 17 1
G17SIVBC1NE,1315.3215140848924,39,8,31,elo_baseline,G17,SISU VB 17 1
G17RRJVB5NE,1311.747055758483,21,1,20,elo_baseline,G17,Boston United 17 Sapphire
G17MAPVB3NE,1281.0522855642448,31,4,27,elo_baseline,G17,Mass Power VB 17 Pink
G17MNJVB1NE,1841.7344255644305,26,24,2,elo_margin,G17,Maine Jrs 17 National
G17NYCVA1GE,1808.6602381432585,15,15,0,elo_margin,G17,NYC VBA 17 Westside
G17LFJVB2NE,1753.9825760847582,27,22,5,elo_margin,G17,603 United 17 Seacoast White
G17LFJVB3NE,1745.5921057607125,15,14,1,elo_margin,G17,603 United 17 Seacoast Blue
G17CMJVB3NE,1742.9206277727255,17,15,2,elo_margin,G17,CMASS EDGE 17 White
G17CMJVB2NE,1740.1145537111954,19,17,2,elo_margin,G17,CMASS EDGE 17 Blue
G17RRJVB2NE,1725.2583384655757,35,20,15,elo_margin,G17,Boston United 17 National - Dimitri
G17MNJVB2NE,1711.8149744356203,22,17,5,elo_margin,G17,Maine Jrs 17 Gold
G17118611XX,1707.0542336745734,9,8,1,elo_margin,G17,JVC 17 1
G17TTVBC1NE,1702.6329575705672,34,22,12,elo_margin,G17,SLAM 17P Black
G17NEVBC2NE,1699.6205008143645,15,13,2,elo_margin,G17,Northeast 17.2
G17LFJVB1NE,1694.453903219382,19,14,5,elo_margin,G17,603 United 17 Seacoast Black
G17NEVBC1NE,1694.1961549509188,19,15,4,elo_margin,G17,Northeast 17.1
G17SJJVB2NE,1674.8376762953326,11,9,2,elo_margin,G17,SMASH 17s Black Ice
G17BUFLO1FL,1671.6781925001826,9,8,1,elo_margin,G17,Buffalo Stampeders-Tre Mann Elite 17 1
G17MGJVB1NE,1667.787823596455,9,8,1,elo_margin,G17,MGA 17's South
G17117971XX,1666.3039885673602,8,7,1,elo_margin,G17,17U BPR 17 1
G17HRJVB1NE,1665.904680702533,23,17,6,elo_margin,G17,HardRock 17
G17HKJVB2NE,1657.2075213366095,6,6,0,elo_margin,G17,Husky 17 Northeast Red
G17NEVBC3NE,1656.068793477217,10,9,1,elo_margin,G17,Northeast 17 Blue
G17SPKRS1GE,1649.1528364569685,6,6,0,elo_margin,G17,SpikeHers 17 Gold
G17VOLFX1WE,1648.1480658419198,14,10,4,elo_margin,G17,VolleyFX 17 Rapture
G17MGJVB4NE,1642.2774965727297,14,10,4,elo_margin,G17,MGA 17's Stars
G17LDNER1NE,1640.848196997626,13,9,4,elo_margin,G17,Lockdown VBC 17 Phoenix
G17HKJVB3NE,1630.8642948737368,13,10,3,elo_margin,G17,Husky 17 Northeast Black
G17NESVC2NE,1629.0797051406466,28,19,9,elo_margin,G17,NE Storm 17 Blizzard
G17RRJVB3NE,1624.554052441319,39,24,15,elo_margin,G17,Boston United 17 Northeast
G17MCJVB1NE,1603.52660933291,18,12,6,elo_margin,G17,Mill City 17's
G17MAVRK1OV,1602.2335415761675,8,6,2,elo_margin,G17,Maverick 17 Maroon
G17SJJVB1NE,1601.616872268249,12,8,4,elo_margin,G17,SMASH 17s
G17PINVA2GE,1600.1237467102242,8,6,2,elo_margin,G17,PVA 17 National Peak
G17MCJVB2NE,1598.4660309444228,31,18,13,elo_margin,G17,Mill City 17 Orange
G17NYCJR3GE,1595.5993415558953,8,6,2,elo_margin,G17,NYC Juniors 17 SI
G17SJVBC3NE,1591.4457084090686,26,18,8,elo_margin,G17,South County 17-Gold
G17MGJVB2NE,1588.8500874915876,8,6,2,elo_margin,G17,MGA 17's North
G17LHVBC2NE,1588.6449314752547,11,7,4,elo_margin,G17,LHV Girls 17-2 Origin
G17118021XX,1586.1709609404463,11,7,4,elo_margin,G17,NYCLBVC 17U BLUE ELITE
G17NEVBC4NE,1584.1378512600663,16,10,6,elo_margin,G17,Northeast 17 Orange
G17CEDGE1WE,1582.2937556885645,7,5,2,elo_margin,G17,CEVC 17 1
G17OCLEV1GE,1576.252200718194,9,6,3,elo_margin,G17,OC Lady Elite 17 Black
G17DIGSV2GE,1574.1967417747796,8,5,3,elo_margin,G17,Digs 17 WHITE
G17WAREN1GE,1572.61440147479,3,3,0,elo_margin,G17,Warren Sixpack 17 red
G17CJJVB1NE,1571.395289986452,7,5,2,elo_margin,G17,CT Juniors 17 National
G17CACLI3GE,1568.9365917958303,13,8,5,elo_margin,G17,CALI 17 Red
G17HHVBC2NE,1563.469232621183,5,4,1,elo_margin,G17,Hawks 17 Catalino
G17WAREN3GE,1561.5708940584598,5,4,1,elo_margin,G17,Warren Sixpack 17 white
G17VVVBC2NE,1557.596122687361,10,6,4,elo_margin,G17,Vibe 17u Silver
G17SHVBC1NE,1557.0576850336433,4,3,1,elo_margin,G17,NE Shock 17 1
G17CMJVB1NE,1556.4388064877498,12,8,4,elo_margin,G17,CMASS EDGE 17 Black
G17SJVBC2NE,1555.9635912252268,26,16,10,elo_margin,G17,South County 17-Blue
G17PARAD1WE,1555.2953026830444,4,3,1,elo_margin,G17,Paradigm Revolt
G17LEGRO2GE,1554.4979937104738,6,4,2,elo_margin,G17,Allegro 17 Scarlet
G17HHVBC7NE,1553.3333032688604,10,6,4,elo_margin,G17,Hawks 17 Aviles
G17ATLAN2GE,1550.9368125650658,9,6,3,elo_margin,G17,AVA 17 Premier 1
G17LHVBA1GE,1545.237002992608,7,5,2,elo_margin,G17,LHVA 17 Purple National
G17SPAVB1XL,1545.0845846185625,17,9,8,elo_margin,G17,Spa City 17 Aqua
G17CSJVB1NE,1544.9681162640181,12,8,4,elo_margin,G17,CT STARS 17s Rony
G17GEVBC1NE,1544.0619460480889,19,11,8,elo_margin,G17,Generations vbc 17 1
G17TTVBC3NE,1542.8155580056118,32,19,13,elo_margin,G17,SLAM 17P White
G17GRVBC1NE,1542.0583718515863,7,4,3,elo_margin,G17,GVC 17-1
G17SJVBC1NE,1538.4216049558522,23,15,8,elo_margin,G17,South County 17-National
G17NESVC1NE,1537.6841164573652,26,15,11,elo_margin,G17,NE Storm 17 Hurricane
G17WAREN2GE,1535.7495001172,5,3,2,elo_margin,G17,Warren Sixpack 17 black
G17AAVBC1NE,1534.4986416357508,11,6,5,elo_margin,G17,AVA 17 Elites
G17CAPVC1GE,1529.4646598042073,9,5,4,elo_margin,G17,Capitals 17 National
G17PINVA1GE,1526.5584863302036,8,4,4,elo_margin,G17,PVA 17 National Summit
G17ELITE1GE,1523.6240933424308,7,3,4,elo_margin,G17,New York Elite 17 Black
G17LDNER3NE,1523.2688466893549,21,10,11,elo_margin,G17,Lockdown VBC 17 Raptors
G17SJJVB3NE,1516.3190997170107,15,8,7,elo_margin,G17,SMASH 17's Focus
G17LEGRO3GE,1512.0186435669339,4,2,2,elo_margin,G17,Allegro 17 South Black
G17TUSVA1GE,1511.5877766585836,7,4,3,elo_margin,G17,Train Up VB 17 1
G17KNGHT1GE,1511.506433224145,7,3,4,elo_margin,G17,LIKVBC 17
G17MAJVB1NE,1510.5274552927049,21,11,10,elo_margin,G17,Mass Premier 17 1
G17EYNER1NE,1509.911840120977,17,8,9,elo_margin,G17,ENVY 17 NATIONAL
G17HKJVB4NE,1509.9087075050666,13,6,7,elo_margin,G17,Husky 17 New England
G17LDNER2NE,1508.3842722611262,10,5,5,elo_margin,G17,Lockdown VBC 17 Blue Jays
G17SSVBC1NE,1506.9645326599402,11,5,6,elo_margin,G17,SSVBC 17 1
G17CSJVB2NE,1505.7175147500413,13,7,6,elo_margin,G17,CT STARS 17s Abbi
G17RRJVB4NE,1498.0235584503016,28,14,14,elo_margin,G17,Boston United 17 Select 1
G17CAPVC2GE,1494.7772645469695,5,3,2,elo_margin,G17,Capitals 17 United
G17SRVBC1NE,1494.271339509823,28,12,16,elo_margin,G17,SURGE 17 ORANGE
G17SRVBC2NE,1492.7018939076995,15,8,7,elo_margin,G17,SURGE 17 TEAL
G17BEVNY1GE,1487.5572829758203,7,3,4,elo_margin,G17,BEV 17 Empire
G17NYCLI1GE,1484.6696174312792,7,3,4,elo_margin,G17,NYCLI 17 Elite
G17SOSVB1GE,1478.8823652467665,5,2,3,elo_margin,G17,Sideout 17N Justin
G17LEGRO4GE,1478.5840588057656,5,2,3,elo_margin,G17,Allegro 17 Ruby
G17LHVBC3NE,1476.0713633978387,15,7,8,elo_margin,G17,LHV Girls 17-3 Apex
G17EYNER2NE,1473.8188141691196,17,8,9,elo_margin,G17,ENVY 17 TSUNAMI
G17NETHG1XL,1472.170822259951,5,2,3,elo_margin,G17,NET 17 Force
G17WHIRL2XL,1469.3119694564475,7,3,4,elo_margin,G17,Whirlwind VBC 17 2
G17FGSVA1FL,1469.2265340379934,6,2,4,elo_margin,G17,Gulfside 17U Select
G17GSVBC1NE,1468.401625205913,11,5,6,elo_margin,G17,GSVC 17 Navy
G17LEGIO2XL,1468.261264656841,13,7,6,elo_margin,G17,TeamLVC 17 Pink
G17NYCIV1GE,1467.3970386669291,6,2,4,elo_margin,G17,NYC Impact 17U Black
G17RENAS1KE,1466.316554335095,8,4,4,elo_margin,G17,Renaissance 17 Black
G17GRVBC2NE,1461.3327167162577,11,4,7,elo_margin,G17,GVC 17-2
G17SOSVB2GE,1460.5292584699523,5,2,3,elo_margin,G17,Sideout 17N Artem
G17118022XX,1458.8139705764586,6,2,4,elo_margin,G17,NYCLBVC 17U WHITE
G17CACLI4GE,1458.638373678445,5,2,3,elo_margin,G17,CALI 17 Gold North
G17EYNER3NE,1457.5616132277398,19,8,11,elo_margin,G17,ENVY 17 LIGHTNING
G17WHIRL1XL,1456.3607711514474,7,2,5,elo_margin,G17,Whirlwind VBC 17 1
G17NYCJR2GE,1452.625844124199,7,3,4,elo_margin,G17,NYC Juniors 17 Travel
G17MOMET2FL,1451.3089116611163,8,3,5,elo_margin,G17,Momentum 17 Neon
G17LHVBC1NE,1449.2338309765469,10,3,7,elo_margin,G17,LHV Girls 17-1 Ignite
G17MIVBC1NE,1449.1744602617052,9,3,6,elo_margin,G17,Mass Impact 17 Connor
G17DIGSV1GE,1448.4175348476401,8,3,5,elo_margin,G17,Digs 17 RED
G17FCVBC1NE,1448.407494083216,11,3,8,elo_margin,G17,FCA Volleyball 17 1
G17NYCJR1GE,1444.6067308918864,12,5,7,elo_margin,G17,NYC Juniors 17 National
G17ATACK1GE,1441.1662135543588,8,2,6,elo_margin,G17,Attack 17 1
G17113231XX,1440.0256999237263,33,11,22,elo_margin,G17,EliteZ 17 GIRLS HP BLACK
G17OCEAN1GE,1438.5067316640718,7,2,5,elo_margin,G17,Ocean Volleyball 17 National Jose
G17OCEAN2GE,1438.0127176611452,7,2,5,elo_margin,G17,Ocean Volleyball 17 National Mike
G17VERSE1GE,1437.7893507040658,7,3,4,elo_margin,G17,NYC Volley Verse 17 1
G17SPAVB3XL,1436.9851717419156,13,6,7,elo_margin,G17,Spa City 17 Coral
G17CAMYV1NE,1434.5442983064177,22,9,13,elo_margin,G17,CYVB 17 1
G17MCJVB3NE,1432.5264319409018,21,8,13,elo_margin,G17,Mill City 17 Blue
G17SAJVB2NE,1431.3901844272546,16,7,9,elo_margin,G17,SA Elite 17 American
G17CAPVC3GE,1431.3395903783319,5,1,4,elo_margin,G17,Capitals 17 Liberty
G17NETHG2XL,1430.9801116568979,12,5,7,elo_margin,G17,NET 17 Lightning
G17VVVBC1NE,1430.6523607186286,10,3,7,elo_margin,G17,Vibe 17u Gold
G17AVVBC1NE,1429.026854513689,20,9,11,elo_margin,G17,Avidity 17 Diamond
G17GAJVB1NE,1427.9331416522875,5,1,4,elo_margin,G17,Gators 17 Black
G17HKJVB1NE,1426.3137463450614,11,2,9,elo_margin,G17,Husky 17 National
G17TCJVB1NE,1424.040112432821,10,3,7,elo_margin,G17,Nova 17 Premier Cam
G17RENAS2KE,1420.9500988769387,8,2,6,elo_margin,G17,Renaissance 17 Red
G17RRJVB1NE,1413.8778863416853,17,7,10,elo_margin,G17,Boston United 17 National - Kyle
G17PVJVB2NE,1410.729649906419,32,10,22,elo_margin,G17,PV 17 Elite
G17TTVBC4NE,1408.50071069768,22,11,11,elo_margin,G17,SLAM 17R Silver
G17SJVBC4NE,1404.4679930835978,26,14,12,elo_margin,G17,South County 17-White
G17TTVBC2NE,1399.1946964869915,29,11,18,elo_margin,G17,SLAM 17P Red
G17BEVNY2GE,1397.3420330850881,6,1,5,elo_margin,G17,BEV 17 Elite
G17CSJVB3NE,1393.0584391471639,13,4,9,elo_margin,G17,CT STARS 17s Delia
G17LEGRO5GE,1386.525157255216,5,0,5,elo_margin,G17,Allegro 17 South Red
G17NEVBC5NE,1376.0402394774835,16,4,12,elo_margin,G17,Northeast 17 Black
G17MGJVB3NE,1372.1352187256743,10,2,8,elo_margin,G17,MGA 17's White
G17CACLI1GE,1368.6984258631815,5,0,5,elo_margin,G17,CALI 17 Black
G17MXVBC1NE,1368.2723915909548,20,7,13,elo_margin,G17,Max Performance 17 Kayla
G17BEVNY3GE,1365.6408714364175,8,1,7,elo_margin,G17,BEV 17 Skyline
G17PPNER1NE,1365.0975682995404,9,2,7,elo_margin,G17,Pure Passion 17 1
G17LCVBC1GE,1364.763609824876,8,1,7,elo_margin,G17,Legacy 17 National
G17LCVBC2GE,1362.4727141004153,7,1,6,elo_margin,G17,Legacy 17 Premier
G17DDVBC1NE,1362.3640211575878,37,12,25,elo_margin,G17,Dig Deep 17 Ginger
G17VVVBC3NE,1357.550257141075,5,0,5,elo_margin,G17,Vibe Girls 17u Jocelyn
G17NESVC3NE,1353.6050069735184,21,8,13,elo_margin,G17,NE Storm 17 Heatwave
G17TTVBC5NE,1353.300066929718,21,7,14,elo_margin,G17,SLAM 17R Crimson
G17TCJVB3NE,1352.7663044891988,16,5,11,elo_margin,G17,Nova 17 Regional
G17LEGIO1XL,1351.8910590915225,18,4,14,elo_margin,G17,TeamLVC 17 Black
G17BVJVB1NE,1342.4218105680804,10,2,8,elo_margin,G17,Blast 17U Cobras
G17BVJVB2NE,1337.0566578832354,26,8,18,elo_margin,G17,Blast 17U Panthers
G17MGJVB20NE,1325.4731575451535,6,0,6,elo_margin,G17,MGA 17's Panthers
G17SURGE1GE,1316.5524045564953,7,0,7,elo_margin,G17,LI Surge 17 1
G171191980XX,1316.318530362216,7,0,7,elo_margin,G17,COL. SANTANDER
G17PVJVB1NE,1307.3808032884308,27,8,19,elo_margin,G17,PV 17 National
G17EYNER4NE,1304.1466341355526,15,3,12,elo_margin,G17,ENVY 17 AVALANCHE
G17IGVBC1NE,1292.9875829305154,27,10,17,elo_margin,G17,Ignite 17 Black
G17PROVA3GE,1288.6362370371305,14,1,13,elo_margin,G17,Prodigy 17.3 Elite
G17SUCES1GE,1237.3955062320676,12,0,12,elo_margin,G17,SA 17 1
G17SIVBC1NE,1177.340713788173,39,8,31,elo_margin,G17,SISU VB 17 1
G17RRJVB5NE,1132.7142926826225,21,1,20,elo_margin,G17,Boston United 17 Sapphire
G17MAPVB3NE,1081.8885260775849,31,4,27,elo_margin,G17,Mass Power VB 17 Pink
G17MNJVB1NE,105.21102929928172,26,24,2,hybrid_points,G17,Maine Jrs 17 National
G17RRJVB3NE,98.74841025679478,39,24,15,hybrid_points,G17,Boston United 17 Northeast
G17TTVBC1NE,96.88836397182166,34,22,12,hybrid_points,G17,SLAM 17P Black
G17LFJVB2NE,94.76321320000356,27,22,5,hybrid_points,G17,603 United 17 Seacoast White
G17RRJVB2NE,88.0108494655321,35,20,15,hybrid_points,G17,Boston United 17 National - Dimitri
G17NESVC2NE,79.05475643091697,28,19,9,hybrid_points,G17,NE Storm 17 Blizzard
G17SJVBC3NE,77.04477945437559,26,18,8,hybrid_points,G17,South County 17-Gold
G17MNJVB2NE,76.42139720794904,22,17,5,hybrid_points,G17,Maine Jrs 17 Gold
G17TTVBC3NE,75.29133814316444,32,19,13,hybrid_points,G17,SLAM 17P White
G17MCJVB2NE,73.85119492182125,31,18,13,hybrid_points,G17,Mill City 17 Orange
G17HRJVB1NE,72.59620593596131,23,17,6,hybrid_points,G17,HardRock 17
G17CMJVB2NE,72.23642723537529,19,17,2,hybrid_points,G17,CMASS EDGE 17 Blue
G17NYCVA1GE,66.80998723057073,15,15,0,hybrid_points,G17,NYC VBA 17 Westside
G17SJVBC2NE,66.41051855564456,26,16,10,hybrid_points,G17,South County 17-Blue
G17CMJVB3NE,66.32035086964106,17,15,2,hybrid_points,G17,CMASS EDGE 17 White
G17SJVBC1NE,62.75012721063711,23,15,8,hybrid_points,G17,South County 17-National
G17NEVBC1NE,62.530756721731805,19,15,4,hybrid_points,G17,Northeast 17.1
G17LFJVB3NE,61.965676428306715,15,14,1,hybrid_points,G17,603 United 17 Seacoast Blue
G17NESVC1NE,59.72815292716786,26,15,11,hybrid_points,G17,NE Storm 17 Hurricane
G17LFJVB1NE,58.043295719736214,19,14,5,hybrid_points,G17,603 United 17 Seacoast Black
G17NEVBC2NE,53.011448984299925,15,13,2,hybrid_points,G17,Northeast 17.2
G17RRJVB4NE,52.953148076390434,28,14,14,hybrid_points,G17,Boston United 17 Select 1
G17MCJVB1NE,46.547532673587035,18,12,6,hybrid_points,G17,Mill City 17's
G17SJVBC4NE,43.82600594334159,26,14,12,hybrid_points,G17,South County 17-White
G17HKJVB3NE,43.30410664912668,13,10,3,hybrid_points,G17,Husky 17 Northeast Black
G17MAJVB1NE,42.798837220777024,21,11,10,hybrid_points,G17,Mass Premier 17 1
G17MGJVB4NE,42.43656313369203,14,10,4,hybrid_points,G17,MGA 17's Stars
G17SJJVB2NE,41.19426362973011,11,9,2,hybrid_points,G17,SMASH 17s Black Ice
G17VOLFX1WE,40.91829535454567,14,10,4,hybrid_points,G17,VolleyFX 17 Rapture
G17LDNER1NE,40.74921715290078,13,9,4,hybrid_points,G17,Lockdown VBC 17 Phoenix
G17LDNER3NE,39.686550349731974,21,10,11,hybrid_points,G17,Lockdown VBC 17 Raptors
G17NEVBC4NE,38.39611134487091,16,10,6,hybrid_points,G17,Northeast 17 Orange
G17CAMYV1NE,38.36291428709837,22,9,13,hybrid_points,G17,CYVB 17 1
G17TTVBC4NE,37.73458937578399,22,11,11,hybrid_points,G17,SLAM 17R Silver
G17MGJVB1NE,37.35795931174287,9,8,1,hybrid_points,G17,MGA 17's South
G17GEVBC1NE,36.44895510381754,19,11,8,hybrid_points,G17,Generations vbc 17 1
G17118611XX,36.27409697775404,9,8,1,hybrid_points,G17,JVC 17 1
G17NEVBC3NE,35.94691935489649,10,9,1,hybrid_points,G17,Northeast 17 Blue
G17SRVBC1NE,35.40021365878153,28,12,16,hybrid_points,G17,SURGE 17 ORANGE
G17CACLI3GE,34.168637469872856,13,8,5,hybrid_points,G17,CALI 17 Red
G17BUFLO1FL,33.47213556505486,9,8,1,hybrid_points,G17,Buffalo Stampeders-Tre Mann Elite 17 1
G17SPAVB1XL,33.32019635571658,17,9,8,hybrid_points,G17,Spa City 17 Aqua
G17AVVBC1NE,32.821750904445295,20,9,11,hybrid_points,G17,Avidity 17 Diamond
G17DDVBC1NE,32.70046632817577,37,12,25,hybrid_points,G17,Dig Deep 17 Ginger
G17SJJVB1NE,32.69859955637688,12,8,4,hybrid_points,G17,SMASH 17s
G17117971XX,32.281223867892535,8,7,1,hybrid_points,G17,17U BPR 17 1
G17TTVBC2NE,32.17390487710907,29,11,18,hybrid_points,G17,SLAM 17P Red
G17113231XX,32.126801240175304,33,11,22,hybrid_points,G17,EliteZ 17 GIRLS HP BLACK
G17118021XX,30.361029142255862,11,7,4,hybrid_points,G17,NYCLBVC 17U BLUE ELITE
G17SJJVB3NE,29.28084023296652,15,8,7,hybrid_points,G17,SMASH 17's Focus
G17CSJVB1NE,28.985733198649704,12,8,4,hybrid_points,G17,CT STARS 17s Rony
G17LHVBC2NE,28.83761928838095,11,7,4,hybrid_points,G17,LHV Girls 17-2 Origin
G17EYNER1NE,28.466768928371803,17,8,9,hybrid_points,G17,ENVY 17 NATIONAL
G17EYNER3NE,27.84610058245465,19,8,11,hybrid_points,G17,ENVY 17 LIGHTNING
G17IGVBC1NE,27.73174992927892,27,10,17,hybrid_points,G17,Ignite 17 Black
G17SAJVB2NE,27.15461372501834,16,7,9,hybrid_points,G17,SA Elite 17 American
G17EYNER2NE,26.94046384192462,17,8,9,hybrid_points,G17,ENVY 17 TSUNAMI
G17CMJVB1NE,26.410117203958542,12,8,4,hybrid_points,G17,CMASS EDGE 17 Black
G17SRVBC2NE,26.052449573650414,15,8,7,hybrid_points,G17,SURGE 17 TEAL
G17HKJVB2NE,25.856780178353326,6,6,0,hybrid_points,G17,Husky 17 Northeast Red
G17OCLEV1GE,25.10441169271681,9,6,3,hybrid_points,G17,OC Lady Elite 17 Black
G17SPKRS1GE,25.075830138308884,6,6,0,hybrid_points,G17,SpikeHers 17 Gold
G17CSJVB2NE,24.608496412743754,13,7,6,hybrid_points,G17,CT STARS 17s Abbi
G17LHVBC3NE,24.440892680106586,15,7,8,hybrid_points,G17,LHV Girls 17-3 Apex
G17MGJVB2NE,23.89849524099542,8,6,2,hybrid_points,G17,MGA 17's North
G17HHVBC7NE,23.837445195807923,10,6,4,hybrid_points,G17,Hawks 17 Aviles
G17PINVA2GE,23.726372183015823,8,6,2,hybrid_points,G17,PVA 17 National Peak
G17HKJVB4NE,23.70936194919587,13,6,7,hybrid_points,G17,Husky 17 New England
G17NYCJR3GE,23.57844859597442,8,6,2,hybrid_points,G17,NYC Juniors 17 SI
G17MXVBC1NE,23.24017996737212,20,7,13,hybrid_points,G17,Max Performance 17 Kayla
G17MAVRK1OV,23.106777744044074,8,6,2,hybrid_points,G17,Maverick 17 Maroon
G17PVJVB2NE,22.998108416776386,32,10,22,hybrid_points,G17,PV 17 Elite
G17CJJVB1NE,22.575213249106785,7,5,2,hybrid_points,G17,CT Juniors 17 National
G17MCJVB3NE,22.160629938853,21,8,13,hybrid_points,G17,Mill City 17 Blue
G17ATLAN2GE,21.86698209228918,9,6,3,hybrid_points,G17,AVA 17 Premier 1
G17RRJVB1NE,21.512029109835094,17,7,10,hybrid_points,G17,Boston United 17 National - Kyle
G17LEGIO2XL,21.33187690708148,13,7,6,hybrid_points,G17,TeamLVC 17 Pink
G17AAVBC1NE,21.310387820425717,11,6,5,hybrid_points,G17,AVA 17 Elites
G17VVVBC2NE,21.26219137163497,10,6,4,hybrid_points,G17,Vibe 17u Silver
G17BVJVB2NE,21.20607925488247,26,8,18,hybrid_points,G17,Blast 17U Panthers
G17LHVBA1GE,20.850631112132444,7,5,2,hybrid_points,G17,LHVA 17 Purple National
G17NESVC3NE,20.843691595263532,21,8,13,hybrid_points,G17,NE Storm 17 Heatwave
G17SSVBC1NE,20.700801899187343,11,5,6,hybrid_points,G17,SSVBC 17 1
G17CEDGE1WE,19.97914716231121,7,5,2,hybrid_points,G17,CEVC 17 1
G17DIGSV2GE,19.300276353388085,8,5,3,hybrid_points,G17,Digs 17 WHITE
G17PVJVB1NE,18.91293815119511,27,8,19,hybrid_points,G17,PV 17 National
G17TTVBC5NE,18.84902543885714,21,7,14,hybrid_points,G17,SLAM 17R Crimson
G17GSVBC1NE,18.71016017438777,11,5,6,hybrid_points,G17,GSVC 17 Navy
G17LDNER2NE,18.327283274289112,10,5,5,hybrid_points,G17,Lockdown VBC 17 Blue Jays
G17SPAVB3XL,17.939388442986726,13,6,7,hybrid_points,G17,Spa City 17 Coral
G17LEGRO2GE,17.829243030292613,6,4,2,hybrid_points,G17,Allegro 17 Scarlet
G17CAPVC1GE,17.782913038353446,9,5,4,hybrid_points,G17,Capitals 17 National
G17TCJVB3NE,17.162206073949076,16,5,11,hybrid_points,G17,Nova 17 Regional
G17WAREN3GE,16.791507239843465,5,4,1,hybrid_points,G17,Warren Sixpack 17 white
G17NETHG2XL,16.09547665898847,12,5,7,hybrid_points,G17,NET 17 Lightning
G17PINVA1GE,15.579866642702179,8,4,4,hybrid_points,G17,PVA 17 National Summit
G17HHVBC2NE,15.418925844533792,5,4,1,hybrid_points,G17,Hawks 17 Catalino
G17GRVBC1NE,14.868403114586721,7,4,3,hybrid_points,G17,GVC 17-1
G17KNGHT1GE,14.610876307354395,7,3,4,hybrid_points,G17,LIKVBC 17
G17MIVBC1NE,13.800352273982138,9,3,6,hybrid_points,G17,Mass Impact 17 Connor
G17GRVBC2NE,13.375254829198031,11,4,7,hybrid_points,G17,GVC 17-2
G17PARAD1WE,13.360349194802948,4,3,1,hybrid_points,G17,Paradigm Revolt
G17TUSVA1GE,13.266688375179037,7,4,3,hybrid_points,G17,Train Up VB 17 1
G17NYCJR1GE,13.162451009451964,12,5,7,hybrid_points,G17,NYC Juniors 17 National
G17ELITE1GE,12.495216278317987,7,3,4,hybrid_points,G17,New York Elite 17 Black
G17WAREN1GE,12.442398136978387,3,3,0,hybrid_points,G17,Warren Sixpack 17 red
G17SHVBC1NE,11.95289237515069,4,3,1,hybrid_points,G17,NE Shock 17 1
G17FCVBC1NE,10.817131729913239,11,3,8,hybrid_points,G17,FCA Volleyball 17 1
G17BEVNY1GE,10.639313041186204,7,3,4,hybrid_points,G17,BEV 17 Empire
G17VVVBC1NE,10.186830993577328,10,3,7,hybrid_points,G17,Vibe 17u Gold
G17WAREN2GE,10.105372052448581,5,3,2,hybrid_points,G17,Warren Sixpack 17 black
G17RENAS1KE,10.061763988088487,8,4,4,hybrid_points,G17,Renaissance 17 Black
G17WHIRL2XL,9.965217586693246,7,3,4,hybrid_points,G17,Whirlwind VBC 17 2
G17CAPVC2GE,9.54457575826631,5,3,2,hybrid_points,G17,Capitals 17 United
G17MOMET2FL,9.522475587657471,8,3,5,hybrid_points,G17,Momentum 17 Neon
G17LEGIO1XL,9.251745592152725,18,4,14,hybrid_points,G17,TeamLVC 17 Black
G17FGSVA1FL,8.97467970281348,6,2,4,hybrid_points,G17,Gulfside 17U Select
G17NYCJR2GE,8.44853090471822,7,3,4,hybrid_points,G17,NYC Juniors 17 Travel
G17LEGRO3GE,8.233268709415558,4,2,2,hybrid_points,G17,Allegro 17 South Black
G17LEGRO4GE,8.231212662757109,5,2,3,hybrid_points,G17,Allegro 17 Ruby
G17SOSVB1GE,8.218709722849999,5,2,3,hybrid_points,G17,Sideout 17N Justin
G17VERSE1GE,7.55534654223999,7,3,4,hybrid_points,G17,NYC Volley Verse 17 1
G17LHVBC1NE,7.527342648347551,10,3,7,hybrid_points,G17,LHV Girls 17-1 Ignite
G17NYCLI1GE,7.469252125695256,7,3,4,hybrid_points,G17,NYCLI 17 Elite
G17NEVBC5NE,7.207748569149299,16,4,12,hybrid_points,G17,Northeast 17 Black
G17WHIRL1XL,6.5388466434029615,7,2,5,hybrid_points,G17,Whirlwind VBC 17 1
G17OCEAN1GE,6.242227510377886,7,2,5,hybrid_points,G17,Ocean Volleyball 17 National Jose
G17DIGSV1GE,6.150891902840062,8,3,5,hybrid_points,G17,Digs 17 RED
G17OCEAN2GE,6.014547057280293,7,2,5,hybrid_points,G17,Ocean Volleyball 17 National Mike
G17NETHG1XL,5.714770876530266,5,2,3,hybrid_points,G17,NET 17 Force
G17CSJVB3NE,5.654655863678678,13,4,9,hybrid_points,G17,CT STARS 17s Delia
G17118022XX,5.435395216756729,6,2,4,hybrid_points,G17,NYCLBVC 17U WHITE
G17ATACK1GE,5.416124753586494,8,2,6,hybrid_points,G17,Attack 17 1
G17HKJVB1NE,5.377525852241291,11,2,9,hybrid_points,G17,Husky 17 National
G17TCJVB1NE,4.630715237505941,10,3,7,hybrid_points,G17,Nova 17 Premier Cam
G17RENAS2KE,4.433770617033346,8,2,6,hybrid_points,G17,Renaissance 17 Red
G17CAPVC3GE,4.4149479960379425,5,1,4,hybrid_points,G17,Capitals 17 Liberty
G17CACLI4GE,4.094678116194773,5,2,3,hybrid_points,G17,CALI 17 Gold North
G17SOSVB2GE,4.028677815000001,5,2,3,hybrid_points,G17,Sideout 17N Artem
G17NYCIV1GE,3.256005909504848,6,2,4,hybrid_points,G17,NYC Impact 17U Black
G17SIVBC1NE,3.136726005661048,39,8,31,hybrid_points,G17,SISU VB 17 1
G17PPNER1NE,3.0968308420349637,9,2,7,hybrid_points,G17,Pure Passion 17 1
G17GAJVB1NE,1.8239164323939567,5,1,4,hybrid_points,G17,Gators 17 Black
G17BEVNY2GE,1.4481111663089863,6,1,5,hybrid_points,G17,BEV 17 Elite
G17LCVBC2GE,-0.5668299559862227,7,1,6,hybrid_points,G17,Legacy 17 Premier
G17BVJVB1NE,-0.6036308237960875,10,2,8,hybrid_points,G17,Blast 17U Cobras
G17MGJVB3NE,-1.4946298327349203,10,2,8,hybrid_points,G17,MGA 17's White
G17EYNER4NE,-1.5604501178352879,15,3,12,hybrid_points,G17,ENVY 17 AVALANCHE
G17BEVNY3GE,-1.9980541612405742,8,1,7,hybrid_points,G17,BEV 17 Skyline
G17LCVBC1GE,-2.0081337486603807,8,1,7,hybrid_points,G17,Legacy 17 National
G17LEGRO5GE,-3.8866040175409124,5,0,5,hybrid_points,G17,Allegro 17 South Red
G17PROVA3GE,-4.088076187662688,14,1,13,hybrid_points,G17,Prodigy 17.3 Elite
G17VVVBC3NE,-5.0704597949880394,5,0,5,hybrid_points,G17,Vibe Girls 17u Jocelyn
G17CACLI1GE,-5.1596608999999996,5,0,5,hybrid_points,G17,CALI 17 Black
G171191980XX,-6.238048644787538,7,0,7,hybrid_points,G17,COL. SANTANDER
G17SURGE1GE,-7.252529777589627,7,0,7,hybrid_points,G17,LI Surge 17 1
G17MGJVB20NE,-8.700501373808727,6,0,6,hybrid_points,G17,MGA 17's Panthers
G17RRJVB5NE,-11.759236054397318,21,1,20,hybrid_points,G17,Boston United 17 Sapphire
G17MAPVB3NE,-15.07374712548106,31,4,27,hybrid_points,G17,Mass Power VB 17 Pink
G17SUCES1GE,-16.593613929790433,12,0,12,hybrid_points,G17,SA 17 1
G17NYCVA1GE,42.1584112680619,15,15,0,massey,G17,NYC VBA 17 Westside
G17NEVBC1NE,34.29409677726316,19,15,4,massey,G17,Northeast 17.1
G17SJJVB1NE,31.36332511162042,12,8,4,massey,G17,SMASH 17s
G17LDNER1NE,31.01262210212259,13,9,4,massey,G17,Lockdown VBC 17 Phoenix
G17VOLFX1WE,30.26341393467159,14,10,4,massey,G17,VolleyFX 17 Rapture
G17MAVRK1OV,30.191227162278544,8,6,2,massey,G17,Maverick 17 Maroon
G17SOSVB1GE,30.092902431926028,5,2,3,massey,G17,Sideout 17N Justin
G17BUFLO1FL,28.66222337124484,9,8,1,massey,G17,Buffalo Stampeders-Tre Mann Elite 17 1
G17118611XX,27.365662125020336,9,8,1,massey,G17,JVC 17 1
G17SJJVB2NE,26.873374879945416,11,9,2,massey,G17,SMASH 17s Black Ice
G17MCJVB1NE,25.65284898444451,18,12,6,massey,G17,Mill City 17's
G17CMJVB1NE,25.334692883826314,12,8,4,massey,G17,CMASS EDGE 17 Black
G17PINVA1GE,25.036368003731784,8,4,4,massey,G17,PVA 17 National Summit
G17SPAVB1XL,24.968160734060614,17,9,8,massey,G17,Spa City 17 Aqua
G17ELITE1GE,23.85645993433151,7,3,4,massey,G17,New York Elite 17 Black
G17NEVBC2NE,23.55833864293193,15,13,2,massey,G17,Northeast 17.2
G17117971XX,23.13908513877211,8,7,1,massey,G17,17U BPR 17 1
G17MGJVB1NE,22.553379076783475,9,8,1,massey,G17,MGA 17's South
G17HKJVB1NE,21.71120111121623,11,2,9,massey,G17,Husky 17 National
G17PARAD1WE,21.542144523620482,4,3,1,massey,G17,Paradigm Revolt
G17SOSVB2GE,21.286349289457775,5,2,3,massey,G17,Sideout 17N Artem
G17NYCJR1GE,20.68969669283318,12,5,7,massey,G17,NYC Juniors 17 National
G17HKJVB2NE,19.7539549731612,6,6,0,massey,G17,Husky 17 Northeast Red
G17MNJVB1NE,17.944758268797084,26,24,2,massey,G17,Maine Jrs 17 National
G17WAREN1GE,17.906037587189928,3,3,0,massey,G17,Warren Sixpack 17 red
G17GRVBC1NE,17.845635681560147,7,4,3,massey,G17,GVC 17-1
G17BEVNY1GE,17.584163498743873,7,3,4,massey,G17,BEV 17 Empire
G17OCLEV1GE,15.89885204403973,9,6,3,massey,G17,OC Lady Elite 17 Black
G17LFJVB1NE,15.46110615241552,19,14,5,massey,G17,603 United 17 Seacoast Black
G17CJJVB1NE,13.801048421485755,7,5,2,massey,G17,CT Juniors 17 National
G17LEGIO1XL,12.500853770877653,18,4,14,massey,G17,TeamLVC 17 Black
G17CMJVB2NE,12.37085440573255,19,17,2,massey,G17,CMASS EDGE 17 Blue
G17DIGSV1GE,12.209906123866661,8,3,5,massey,G17,Digs 17 RED
G17MGJVB2NE,12.183860086693336,8,6,2,massey,G17,MGA 17's North
G17HKJVB3NE,10.300852679707726,13,10,3,massey,G17,Husky 17 Northeast Black
G17SPKRS1GE,10.07094521259615,6,6,0,massey,G17,SpikeHers 17 Gold
G17WAREN2GE,9.593478266964556,5,3,2,massey,G17,Warren Sixpack 17 black
G17OCEAN1GE,9.372546347203741,7,2,5,massey,G17,Ocean Volleyball 17 National Jose
G17LFJVB3NE,8.958108110357406,15,14,1,massey,G17,603 United 17 Seacoast Blue
G17LFJVB2NE,8.71094290267106,27,22,5,massey,G17,603 United 17 Seacoast White
G17SHVBC1NE,8.64540464923108,4,3,1,massey,G17,NE Shock 17 1
G17118021XX,7.601335247231178,11,7,4,massey,G17,NYCLBVC 17U BLUE ELITE
G17WHIRL1XL,7.581676438729897,7,2,5,massey,G17,Whirlwind VBC 17 1
G17PINVA2GE,7.56785814890918,8,6,2,massey,G17,PVA 17 National Peak
G17DIGSV2GE,7.558366823700902,8,5,3,massey,G17,Digs 17 WHITE
G17CEDGE1WE,7.459431034886133,7,5,2,massey,G17,CEVC 17 1
G17SJJVB3NE,7.327292885559146,15,8,7,massey,G17,SMASH 17's Focus
G17NEVBC3NE,7.326099085439619,10,9,1,massey,G17,Northeast 17 Blue
G17TTVBC1NE,7.291968469946434,34,22,12,massey,G17,SLAM 17P Black
G17RRJVB1NE,7.1725493089754835,17,7,10,massey,G17,Boston United 17 National - Kyle
G17MCJVB2NE,6.789789978580444,31,18,13,massey,G17,Mill City 17 Orange
G17CACLI1GE,6.595241990536888,5,0,5,massey,G17,CALI 17 Black
G17LDNER2NE,6.3527409046822125,10,5,5,massey,G17,Lockdown VBC 17 Blue Jays
G17CMJVB3NE,6.346418774075762,17,15,2,massey,G17,CMASS EDGE 17 White
G17RRJVB2NE,6.0084991381879895,35,20,15,massey,G17,Boston United 17 National - Dimitri
G17HRJVB1NE,5.9223808768681305,23,17,6,massey,G17,HardRock 17
G17NYCJR2GE,5.716045808105225,7,3,4,massey,G17,NYC Juniors 17 Travel
G17LHVBC1NE,5.640617443418028,10,3,7,massey,G17,LHV Girls 17-1 Ignite
G17EYNER1NE,5.596939668777111,17,8,9,massey,G17,ENVY 17 NATIONAL
G17SJVBC1NE,5.431358595558145,23,15,8,massey,G17,South County 17-National
G17SSVBC1NE,5.228252264981961,11,5,6,massey,G17,SSVBC 17 1
G17NYCJR3GE,3.932717669541212,8,6,2,massey,G17,NYC Juniors 17 SI
G17LHVBA1GE,3.9004736929866635,7,5,2,massey,G17,LHVA 17 Purple National
G17RENAS1KE,3.704332603305758,8,4,4,massey,G17,Renaissance 17 Black
G17CAPVC1GE,3.609071768833747,9,5,4,massey,G17,Capitals 17 National
G17SJVBC2NE,3.445022730152534,26,16,10,massey,G17,South County 17-Blue
G17HHVBC7NE,3.097572414160941,10,6,4,massey,G17,Hawks 17 Aviles
G17MNJVB2NE,2.6792404051689447,22,17,5,massey,G17,Maine Jrs 17 Gold
G17MOMET2FL,2.652096806915517,8,3,5,massey,G17,Momentum 17 Neon
G17CACLI3GE,2.2764487517661105,13,8,5,massey,G17,CALI 17 Red
G17MGJVB4NE,1.7206720506363693,14,10,4,massey,G17,MGA 17's Stars
G17GAJVB1NE,1.3520016190288509,5,1,4,massey,G17,Gators 17 Black
G17HHVBC2NE,1.344522271397535,5,4,1,massey,G17,Hawks 17 Catalino
G17ATLAN2GE,1.137588527151003,9,6,3,massey,G17,AVA 17 Premier 1
G17FGSVA1FL,0.5375155355831485,6,2,4,massey,G17,Gulfside 17U Select
G17RRJVB3NE,0.45106042869898033,39,24,15,massey,G17,Boston United 17 Northeast
G17CSJVB1NE,0.4437876407649609,12,8,4,massey,G17,CT STARS 17s Rony
G17OCEAN2GE,0.16522264949686827,7,2,5,massey,G17,Ocean Volleyball 17 National Mike
G17AVVBC1NE,0.03771874299062539,20,9,11,massey,G17,Avidity 17 Diamond
G17NESVC2NE,-0.092265401061006,28,19,9,massey,G17,NE Storm 17 Blizzard
G17WHIRL2XL,-0.42478312134368856,7,3,4,massey,G17,Whirlwind VBC 17 2
G17FCVBC1NE,-0.48817033140384947,11,3,8,massey,G17,FCA Volleyball 17 1
G17NYCIV1GE,-0.6342681490836366,6,2,4,massey,G17,NYC Impact 17U Black
G17MIVBC1NE,-1.0147710426575496,9,3,6,massey,G17,Mass Impact 17 Connor
G17KNGHT1GE,-1.441329452134871,7,3,4,massey,G17,LIKVBC 17
G17SJVBC3NE,-1.4457500976840691,26,18,8,massey,G17,South County 17-Gold
G17HKJVB4NE,-1.4762749568539197,13,6,7,massey,G17,Husky 17 New England
G17NYCLI1GE,-1.575202139687522,7,3,4,massey,G17,NYCLI 17 Elite
G17LHVBC2NE,-1.7106040042999524,11,7,4,massey,G17,LHV Girls 17-2 Origin
G17NEVBC4NE,-1.8918922483645737,16,10,6,massey,G17,Northeast 17 Orange
G17LEGRO3GE,-3.25116909985487,4,2,2,massey,G17,Allegro 17 South Black
G17118022XX,-3.5166746730109435,6,2,4,massey,G17,NYCLBVC 17U WHITE
G17TUSVA1GE,-3.572970871844798,7,4,3,massey,G17,Train Up VB 17 1
G17EYNER2NE,-3.6032037972346407,17,8,9,massey,G17,ENVY 17 TSUNAMI
G17GRVBC2NE,-4.0166892405050785,11,4,7,massey,G17,GVC 17-2
G17SRVBC1NE,-4.091265063152893,28,12,16,massey,G17,SURGE 17 ORANGE
G17SPAVB3XL,-4.383610834263273,13,6,7,massey,G17,Spa City 17 Coral
G17NETHG1XL,-5.013934767174902,5,2,3,massey,G17,NET 17 Force
G17DDVBC1NE,-5.348723043099291,37,12,25,massey,G17,Dig Deep 17 Ginger
G17PVJVB1NE,-5.607545190317499,27,8,19,massey,G17,PV 17 National
G17MAJVB1NE,-5.648864133951209,21,11,10,massey,G17,Mass Premier 17 1
G17AAVBC1NE,-5.837661344420756,11,6,5,massey,G17,AVA 17 Elites
G17NESVC1NE,-5.966840476218904,26,15,11,massey,G17,NE Storm 17 Hurricane
G17VVVBC2NE,-6.2484962802174255,10,6,4,massey,G17,Vibe 17u Silver
G17WAREN3GE,-6.386896438651876,5,4,1,massey,G17,Warren Sixpack 17 white
G17TCJVB1NE,-6.522610945856993,10,3,7,massey,G17,Nova 17 Premier Cam
G17LCVBC1GE,-6.532191247210358,8,1,7,massey,G17,Legacy 17 National
G17NETHG2XL,-6.5352784412400995,12,5,7,massey,G17,NET 17 Lightning
G171191980XX,-6.633042292941031,7,0,7,massey,G17,COL. SANTANDER
G17CSJVB2NE,-6.7635560088821345,13,7,6,massey,G17,CT STARS 17s Abbi
G17LEGIO2XL,-6.796822408405223,13,7,6,massey,G17,TeamLVC 17 Pink
G17LEGRO2GE,-6.879389250207403,6,4,2,massey,G17,Allegro 17 Scarlet
G17ATACK1GE,-7.392569433232752,8,2,6,massey,G17,Attack 17 1
G17LDNER3NE,-7.438965400553987,21,10,11,massey,G17,Lockdown VBC 17 Raptors
G17SAJVB2NE,-7.644380982584439,16,7,9,massey,G17,SA Elite 17 American
G17NEVBC5NE,-9.054163310691493,16,4,12,massey,G17,Northeast 17 Black
G17EYNER3NE,-9.530730796063345,19,8,11,massey,G17,ENVY 17 LIGHTNING
G17VVVBC1NE,-9.887625250471434,10,3,7,massey,G17,Vibe 17u Gold
G17LEGRO4GE,-10.020526286053496,5,2,3,massey,G17,Allegro 17 Ruby
G17RENAS2KE,-10.51438849196569,8,2,6,massey,G17,Renaissance 17 Red
G17TTVBC2NE,-10.969208731337133,29,11,18,massey,G17,SLAM 17P Red
G17TTVBC3NE,-11.635993728491421,32,19,13,massey,G17,SLAM 17P White
G17113231XX,-12.53068511485278,33,11,22,massey,G17,EliteZ 17 GIRLS HP BLACK
G17BEVNY2GE,-12.795821631400631,6,1,5,massey,G17,BEV 17 Elite
G17PROVA3GE,-13.121789064981275,14,1,13,massey,G17,Prodigy 17.3 Elite
G17SIVBC1NE,-13.15996493771987,39,8,31,massey,G17,SISU VB 17 1
G17CAPVC3GE,-13.253665575486014,5,1,4,massey,G17,Capitals 17 Liberty
G17SRVBC2NE,-13.517894477188838,15,8,7,massey,G17,SURGE 17 TEAL
G17MXVBC1NE,-13.799428791168994,20,7,13,massey,G17,Max Performance 17 Kayla
G17GSVBC1NE,-13.885554257494825,11,5,6,massey,G17,GSVC 17 Navy
G17GEVBC1NE,-13.957075096240546,19,11,8,massey,G17,Generations vbc 17 1
G17LEGRO5GE,-14.301632210894038,5,0,5,massey,G17,Allegro 17 South Red
G17LCVBC2GE,-14.657903563362694,7,1,6,massey,G17,Legacy 17 Premier
G17RRJVB4NE,-14.755603588312589,28,14,14,massey,G17,Boston United 17 Select 1
G17CACLI4GE,-15.052438940374811,5,2,3,massey,G17,CALI 17 Gold North
G17LHVBC3NE,-15.698941874956404,15,7,8,massey,G17,LHV Girls 17-3 Apex
G17CAMYV1NE,-16.318321816100674,22,9,13,massey,G17,CYVB 17 1
G17BVJVB1NE,-16.332511001025637,10,2,8,massey,G17,Blast 17U Cobras
G17CAPVC2GE,-16.90586722219041,5,3,2,massey,G17,Capitals 17 United
G17IGVBC1NE,-17.71846474455218,27,10,17,massey,G17,Ignite 17 Black
G17TTVBC4NE,-18.459810837178598,22,11,11,massey,G17,SLAM 17R Silver
G17MCJVB3NE,-18.720867138540818,21,8,13,massey,G17,Mill City 17 Blue
G17CSJVB3NE,-19.539758984771456,13,4,9,massey,G17,CT STARS 17s Delia
G17VERSE1GE,-20.214718152648878,7,3,4,massey,G17,NYC Volley Verse 17 1
G17PVJVB2NE,-21.445591943139036,32,10,22,massey,G17,PV 17 Elite
G17MGJVB3NE,-22.045306326961096,10,2,8,massey,G17,MGA 17's White
G17BVJVB2NE,-22.779359459124485,26,8,18,massey,G17,Blast 17U Panthers
G17SJVBC4NE,-23.106924995529056,26,14,12,massey,G17,South County 17-White
G17BEVNY3GE,-24.30443456408023,8,1,7,massey,G17,BEV 17 Skyline
G17NESVC3NE,-25.542742752239263,21,8,13,massey,G17,NE Storm 17 Heatwave
G17EYNER4NE,-25.76738796646999,15,3,12,massey,G17,ENVY 17 AVALANCHE
G17TCJVB3NE,-26.120311141012508,16,5,11,massey,G17,Nova 17 Regional
G17PPNER1NE,-26.24426647608957,9,2,7,massey,G17,Pure Passion 17 1
G17SUCES1GE,-27.068306720081665,12,0,12,massey,G17,SA 17 1
G17VVVBC3NE,-27.670250225987186,5,0,5,massey,G17,Vibe Girls 17u Jocelyn
G17TTVBC5NE,-27.815481306816025,21,7,14,massey,G17,SLAM 17R Crimson
G17RRJVB5NE,-33.15671531524165,21,1,20,massey,G17,Boston United 17 Sapphire
G17MAPVB3NE,-33.30878084664507,31,4,27,massey,G17,Mass Power VB 17 Pink
G17SURGE1GE,-33.35040580310108,7,0,7,massey,G17,LI Surge 17 1
G17MGJVB20NE,-47.854938490547,6,0,6,massey,G17,MGA 17's Panthers
G17LFJVB1NE,49.39367481160648,19,14,5,massey_recent,G17,603 United 17 Seacoast Black
G17118021XX,43.91468364683873,11,7,4,massey_recent,G17,NYCLBVC 17U BLUE ELITE
G17TTVBC1NE,41.505319569125135,34,22,12,massey_recent,G17,SLAM 17P Black
G17MNJVB1NE,39.79973302199323,26,24,2,massey_recent,G17,Maine Jrs 17 National
G17CJJVB1NE,34.971959460558594,7,5,2,massey_recent,G17,CT Juniors 17 National
G17LDNER2NE,32.653662708840194,10,5,5,massey_recent,G17,Lockdown VBC 17 Blue Jays
G17RRJVB2NE,32.20965921955507,35,20,15,massey_recent,G17,Boston United 17 National - Dimitri
G17LEGRO3GE,32.147990403532646,4,2,2,massey_recent,G17,Allegro 17 South Black
G17HKJVB3NE,31.895391712558308,13,10,3,massey_recent,G17,Husky 17 Northeast Black
G17NEVBC3NE,31.557505107699676,10,9,1,massey_recent,G17,Northeast 17 Blue
G17MCJVB2NE,30.46587429225077,31,18,13,massey_recent,G17,Mill City 17 Orange
G17GRVBC2NE,30.3016542189441,11,4,7,massey_recent,G17,GVC 17-2
G17TCJVB1NE,30.039568968109112,10,3,7,massey_recent,G17,Nova 17 Premier Cam
G17CMJVB3NE,29.091602634600775,17,15,2,massey_recent,G17,CMASS EDGE 17 White
G17LEGIO2XL,29.07922476221799,13,7,6,massey_recent,G17,TeamLVC 17 Pink
G17SPAVB3XL,28.250809732516053,13,6,7,massey_recent,G17,Spa City 17 Coral
G17CMJVB2NE,28.199906760506394,19,17,2,massey_recent,G17,CMASS EDGE 17 Blue
G17SRVBC1NE,28.195577729597503,28,12,16,massey_recent,G17,SURGE 17 ORANGE
G17SSVBC1NE,26.139413361171478,11,5,6,massey_recent,G17,SSVBC 17 1
G17LFJVB2NE,25.871297894940703,27,22,5,massey_recent,G17,603 United 17 Seacoast White
G17SJJVB3NE,25.242639781392832,15,8,7,massey_recent,G17,SMASH 17's Focus
G17SJVBC1NE,21.84301142507706,23,15,8,massey_recent,G17,South County 17-National
G17LEGRO5GE,21.43135986696024,5,0,5,massey_recent,G17,Allegro 17 South Red
G17FCVBC1NE,21.335688227453744,11,3,8,massey_recent,G17,FCA Volleyball 17 1
G17SJVBC2NE,20.051724150609008,26,16,10,massey_recent,G17,South County 17-Blue
G17AAVBC1NE,19.060138386741194,11,6,5,massey_recent,G17,AVA 17 Elites
G17AVVBC1NE,18.2829151122508,20,9,11,massey_recent,G17,Avidity 17 Diamond
G17LFJVB3NE,17.753866371268643,15,14,1,massey_recent,G17,603 United 17 Seacoast Blue
G17HKJVB4NE,17.424515756164233,13,6,7,massey_recent,G17,Husky 17 New England
G17DDVBC1NE,16.578091924230975,37,12,25,massey_recent,G17,Dig Deep 17 Ginger
G17MNJVB2NE,15.66631567590941,22,17,5,massey_recent,G17,Maine Jrs 17 Gold
G17HRJVB1NE,14.75429548747134,23,17,6,massey_recent,G17,HardRock 17
G17LDNER1NE,14.040113521173108,13,9,4,massey_recent,G17,Lockdown VBC 17 Phoenix
G17NEVBC4NE,12.693263931046282,16,10,6,massey_recent,G17,Northeast 17 Orange
G17CSJVB1NE,11.137746987949978,12,8,4,massey_recent,G17,CT STARS 17s Rony
G17PVJVB1NE,10.85948601634733,27,8,19,massey_recent,G17,PV 17 National
G17EYNER3NE,7.718102400623483,19,8,11,massey_recent,G17,ENVY 17 LIGHTNING
G17SJJVB1NE,6.659573825891947,12,8,4,massey_recent,G17,SMASH 17s
G17CMJVB1NE,5.835437091881946,12,8,4,massey_recent,G17,CMASS EDGE 17 Black
G17KNGHT1GE,5.094818212713092,7,3,4,massey_recent,G17,LIKVBC 17
G17MCJVB1NE,4.532091437879137,18,12,6,massey_recent,G17,Mill City 17's
G17NESVC2NE,4.396565418579613,28,19,9,massey_recent,G17,NE Storm 17 Blizzard
G17NEVBC5NE,4.232329551954923,16,4,12,massey_recent,G17,Northeast 17 Black
G17NEVBC1NE,4.123246048800252,19,15,4,massey_recent,G17,Northeast 17.1
G17SIVBC1NE,3.318901482429496,39,8,31,massey_recent,G17,SISU VB 17 1
G171191980XX,0.007351153948473188,7,0,7,massey_recent,G17,COL. SANTANDER
G17NEVBC2NE,0.0056065254500516915,15,13,2,massey_recent,G17,Northeast 17.2
G17EYNER1NE,0.00536680395285849,17,8,9,massey_recent,G17,ENVY 17 NATIONAL
G17BUFLO1FL,0.005357082098146115,9,8,1,massey_recent,G17,Buffalo Stampeders-Tre Mann Elite 17 1
G17LHVBC2NE,0.00531215366540394,11,7,4,massey_recent,G17,LHV Girls 17-2 Origin
G17VOLFX1WE,0.005289259333629559,14,10,4,massey_recent,G17,VolleyFX 17 Rapture
G17DIGSV2GE,0.005279788396045149,8,5,3,massey_recent,G17,Digs 17 WHITE
G17118611XX,0.005260387091473806,9,8,1,massey_recent,G17,JVC 17 1
G17ELITE1GE,0.005247030495839855,7,3,4,massey_recent,G17,New York Elite 17 Black
G17CAPVC1GE,0.005245547995807787,9,5,4,massey_recent,G17,Capitals 17 National
G17MAVRK1OV,0.005241523289417405,8,6,2,massey_recent,G17,Maverick 17 Maroon
G17CEDGE1WE,0.005240365532964919,7,5,2,massey_recent,G17,CEVC 17 1
G17BEVNY2GE,0.0052391874033972385,6,1,5,massey_recent,G17,BEV 17 Elite
G17VERSE1GE,0.0052390473546539695,7,3,4,massey_recent,G17,NYC Volley Verse 17 1
G17WAREN2GE,0.005238641433080948,5,3,2,massey_recent,G17,Warren Sixpack 17 black
G17FGSVA1FL,0.005236705328701685,6,2,4,massey_recent,G17,Gulfside 17U Select
G17WHIRL2XL,0.005234301940304498,7,3,4,massey_recent,G17,Whirlwind VBC 17 2
G17ATLAN2GE,0.00523363276542943,9,6,3,massey_recent,G17,AVA 17 Premier 1
G17NETHG1XL,0.005233281379797505,5,2,3,massey_recent,G17,NET 17 Force
G17PARAD1WE,0.005232502412501727,4,3,1,massey_recent,G17,Paradigm Revolt
G17LHVBC1NE,0.005232335706239155,10,3,7,massey_recent,G17,LHV Girls 17-1 Ignite
G17SHVBC1NE,0.005232112682574064,4,3,1,massey_recent,G17,NE Shock 17 1
G17OCEAN2GE,0.005231559158838994,7,2,5,massey_recent,G17,Ocean Volleyball 17 National Mike
G17HKJVB2NE,0.005227368377343389,6,6,0,massey_recent,G17,Husky 17 Northeast Red
G17GAJVB1NE,0.005225967278905674,5,1,4,massey_recent,G17,Gators 17 Black
G17MOMET2FL,0.005225428089454143,8,3,5,massey_recent,G17,Momentum 17 Neon
G17NYCJR1GE,0.005224606074485383,12,5,7,massey_recent,G17,NYC Juniors 17 National
G17RENAS1KE,0.005224475416857555,8,4,4,massey_recent,G17,Renaissance 17 Black
G17CAPVC2GE,0.0052232910639591346,5,3,2,massey_recent,G17,Capitals 17 United
G17GRVBC1NE,0.005222923990416906,7,4,3,massey_recent,G17,GVC 17-1
G17SURGE1GE,0.005222791720167486,7,0,7,massey_recent,G17,LI Surge 17 1
G17LEGRO4GE,0.005222790416224532,5,2,3,massey_recent,G17,Allegro 17 Ruby
G17TUSVA1GE,0.005222786814818914,7,4,3,massey_recent,G17,Train Up VB 17 1
G17RENAS2KE,0.005222785801433538,8,2,6,massey_recent,G17,Renaissance 17 Red
G17DIGSV1GE,0.0052227842804279945,8,3,5,massey_recent,G17,Digs 17 RED
G17BEVNY1GE,0.005222782203846421,7,3,4,massey_recent,G17,BEV 17 Empire
G17SPKRS1GE,0.00522278199382642,6,6,0,massey_recent,G17,SpikeHers 17 Gold
G17NYCIV1GE,0.005222780475249156,6,2,4,massey_recent,G17,NYC Impact 17U Black
G17BEVNY3GE,0.005222778045641974,8,1,7,massey_recent,G17,BEV 17 Skyline
G17NYCLI1GE,0.005222777679832369,7,3,4,massey_recent,G17,NYCLI 17 Elite
G17HHVBC2NE,0.005222773622455268,5,4,1,massey_recent,G17,Hawks 17 Catalino
G17SOSVB1GE,0.005222773249212498,5,2,3,massey_recent,G17,Sideout 17N Justin
G17SOSVB2GE,0.005222772747413007,5,2,3,massey_recent,G17,Sideout 17N Artem
G17VVVBC3NE,0.005222772167896128,5,0,5,massey_recent,G17,Vibe Girls 17u Jocelyn
G17LCVBC2GE,0.005222772151005195,7,1,6,massey_recent,G17,Legacy 17 Premier
G17118022XX,0.005222772055778702,6,2,4,massey_recent,G17,NYCLBVC 17U WHITE
G17NYCJR3GE,0.005222769104575864,8,6,2,massey_recent,G17,NYC Juniors 17 SI
G17CACLI4GE,0.00522276693931234,5,2,3,massey_recent,G17,CALI 17 Gold North
G17NYCJR2GE,0.00522270394354285,7,3,4,massey_recent,G17,NYC Juniors 17 Travel
G17LHVBA1GE,0.0052225719749139365,7,5,2,massey_recent,G17,LHVA 17 Purple National
G17WAREN1GE,0.005222304948489631,3,3,0,massey_recent,G17,Warren Sixpack 17 red
G17LEGRO2GE,0.0052220528624382645,6,4,2,massey_recent,G17,Allegro 17 Scarlet
G17PINVA1GE,0.005221976324778055,8,4,4,massey_recent,G17,PVA 17 National Summit
G17NYCVA1GE,0.005221289752043834,15,15,0,massey_recent,G17,NYC VBA 17 Westside
G17PINVA2GE,0.005221246905825483,8,6,2,massey_recent,G17,PVA 17 National Peak
G17CACLI1GE,0.005220756686635131,5,0,5,massey_recent,G17,CALI 17 Black
G17WAREN3GE,0.005219711073793487,5,4,1,massey_recent,G17,Warren Sixpack 17 white
G17OCEAN1GE,0.0052182159863514155,7,2,5,massey_recent,G17,Ocean Volleyball 17 National Jose
G17MGJVB3NE,0.005215502208781864,10,2,8,massey_recent,G17,MGA 17's White
G17CAPVC3GE,0.005215376579671638,5,1,4,massey_recent,G17,Capitals 17 Liberty
G17MGJVB2NE,0.005207786583027119,8,6,2,massey_recent,G17,MGA 17's North
G17ATACK1GE,0.005191467093064173,8,2,6,massey_recent,G17,Attack 17 1
G17MGJVB1NE,0.005180065849848203,9,8,1,massey_recent,G17,MGA 17's South
G17WHIRL1XL,0.00515959037209246,7,2,5,massey_recent,G17,Whirlwind VBC 17 1
G17EYNER2NE,0.005155513856969662,17,8,9,massey_recent,G17,ENVY 17 TSUNAMI
G17SJJVB2NE,0.005140984081002269,11,9,2,massey_recent,G17,SMASH 17s Black Ice
G17OCLEV1GE,0.005080560813860213,9,6,3,massey_recent,G17,OC Lady Elite 17 Black
G17117971XX,0.005069010915456529,8,7,1,massey_recent,G17,17U BPR 17 1
G17MIVBC1NE,0.0050488499229093264,9,3,6,massey_recent,G17,Mass Impact 17 Connor
G17CACLI3GE,0.004971436865496726,13,8,5,massey_recent,G17,CALI 17 Red
G17LCVBC1GE,0.000505936491978165,8,1,7,massey_recent,G17,Legacy 17 National
G17HKJVB1NE,-0.2630828537299261,11,2,9,massey_recent,G17,Husky 17 National
G17HHVBC7NE,-0.4018815151207109,10,6,4,massey_recent,G17,Hawks 17 Aviles
G17BVJVB1NE,-0.7842408609406761,10,2,8,massey_recent,G17,Blast 17U Cobras
G17GSVBC1NE,-2.331404775330661,11,5,6,massey_recent,G17,GSVC 17 Navy
G17SPAVB1XL,-3.211377603649713,17,9,8,massey_recent,G17,Spa City 17 Aqua
G17113231XX,-3.6933355895782682,33,11,22,massey_recent,G17,EliteZ 17 GIRLS HP BLACK
G17RRJVB3NE,-4.0920589858898175,39,24,15,massey_recent,G17,Boston United 17 Northeast
G17NETHG2XL,-5.527357208556587,12,5,7,massey_recent,G17,NET 17 Lightning
G17MCJVB3NE,-8.05632186581375,21,8,13,massey_recent,G17,Mill City 17 Blue
G17SJVBC3NE,-8.335651104360823,26,18,8,massey_recent,G17,South County 17-Gold
G17NESVC1NE,-8.46485476272364,26,15,11,massey_recent,G17,NE Storm 17 Hurricane
G17MXVBC1NE,-9.267445900156485,20,7,13,massey_recent,G17,Max Performance 17 Kayla
G17MAJVB1NE,-9.829281523054384,21,11,10,massey_recent,G17,Mass Premier 17 1
G17LDNER3NE,-10.416201715152788,21,10,11,massey_recent,G17,Lockdown VBC 17 Raptors
G17TTVBC2NE,-11.179390595717418,29,11,18,massey_recent,G17,SLAM 17P Red
G17VVVBC2NE,-11.298509910573024,10,6,4,massey_recent,G17,Vibe 17u Silver
G17LEGIO1XL,-11.602655080512086,18,4,14,massey_recent,G17,TeamLVC 17 Black
G17MGJVB4NE,-12.334492225918847,14,10,4,massey_recent,G17,MGA 17's Stars
G17SAJVB2NE,-13.063443981003763,16,7,9,massey_recent,G17,SA Elite 17 American
G17CSJVB2NE,-15.956851668455862,13,7,6,massey_recent,G17,CT STARS 17s Abbi
G17SUCES1GE,-16.680135012496446,12,0,12,massey_recent,G17,SA 17 1
G17CSJVB3NE,-16.787800346324914,13,4,9,massey_recent,G17,CT STARS 17s Delia
G17VVVBC1NE,-19.201977131901028,10,3,7,massey_recent,G17,Vibe 17u Gold
G17GEVBC1NE,-19.465968278285356,19,11,8,massey_recent,G17,Generations vbc 17 1
G17TTVBC4NE,-20.036252914788175,22,11,11,massey_recent,G17,SLAM 17R Silver
G17RRJVB1NE,-20.066567485603386,17,7,10,massey_recent,G17,Boston United 17 National - Kyle
G17PROVA3GE,-22.14841433590461,14,1,13,massey_recent,G17,Prodigy 17.3 Elite
G17RRJVB4NE,-27.22589854415154,28,14,14,massey_recent,G17,Boston United 17 Select 1
G17LHVBC3NE,-30.30995391818038,15,7,8,massey_recent,G17,LHV Girls 17-3 Apex
G17PVJVB2NE,-31.721607042135506,32,10,22,massey_recent,G17,PV 17 Elite
G17TTVBC3NE,-32.65538297400399,32,19,13,massey_recent,G17,SLAM 17P White
G17SRVBC2NE,-33.627501136706336,15,8,7,massey_recent,G17,SURGE 17 TEAL
G17CAMYV1NE,-33.772886974309245,22,9,13,massey_recent,G17,CYVB 17 1
G17TTVBC5NE,-34.20266701756796,21,7,14,massey_recent,G17,SLAM 17R Crimson
G17EYNER4NE,-34.949887058745176,15,3,12,massey_recent,G17,ENVY 17 AVALANCHE
G17PPNER1NE,-40.24415111901547,9,2,7,massey_recent,G17,Pure Passion 17 1
G17IGVBC1NE,-42.062077025922015,27,10,17,massey_recent,G17,Ignite 17 Black
G17SJVBC4NE,-42.267183367951006,26,14,12,massey_recent,G17,South County 17-White
G17NESVC3NE,-43.18434369497972,21,8,13,massey_recent,G17,NE Storm 17 Heatwave
G17BVJVB2NE,-44.12554801025919,26,8,18,massey_recent,G17,Blast 17U Panthers
G17TCJVB3NE,-45.94868184338043,16,5,11,massey_recent,G17,Nova 17 Regional
G17RRJVB5NE,-57.93235581931009,21,1,20,massey_recent,G17,Boston United 17 Sapphire
G17MAPVB3NE,-59.96470459795985,31,4,27,massey_recent,G17,Mass Power VB 17 Pink
G17MGJVB20NE,-61.427282646510314,6,0,6,massey_recent,G17,MGA 17's Panthers
G18USANY1XL,1695.51215550594,22,22,0,elo_baseline,G18,USANY Fortitude 18 - 1
G18MWJVB1NE,1618.6164321540818,19,16,3,elo_baseline,G18,Metrowest VBC 18 Gold
G18DRVBC1NE,1615.8741280509082,23,18,5,elo_baseline,G18,Dragons 18 Phantoms
G18VOLFX1WE,1611.7787570964203,13,12,1,elo_baseline,G18,VolleyFX 18 Magic
G18LFJVB2NE,1610.5090134470138,25,19,6,elo_baseline,G18,603 United 18 Seacoast White
G18NEVBC3NE,1601.7797160800308,14,12,2,elo_baseline,G18,Northeast 18 Blue
G18MNJVB1NE,1600.2761849689584,18,14,4,elo_baseline,G18,Maine Jrs 18 National
G18SJVBC1NE,1596.441777637499,17,14,3,elo_baseline,G18,South County 18-Blue
G18SSVBC1NE,1589.2617006248058,16,13,3,elo_baseline,G18,SSVBC 18 1
G18NXTLV1PU,1582.4490356663057,9,8,1,elo_baseline,G18,Next Level 18 1
G18MGJVB2NE,1576.502914295336,13,10,3,elo_baseline,G18,MGA 18's Black
G18ESVBC1OV,1575.9911572113933,9,8,1,elo_baseline,G18,ESO 18 Elite
G18USANY3XL,1570.7068572180171,11,9,2,elo_baseline,G18,USANY Five Rivers 18 - 3
G18FCVBC1NE,1566.6795406076737,13,9,4,elo_baseline,G18,FCA Volleyball 18 1
G18VOLFX2WE,1564.1810496475362,8,7,1,elo_baseline,G18,VolleyFX 18 Mystery
G18CADOV1WE,1559.4854425049762,5,5,0,elo_baseline,G18,CADO 18 1
G18PPNER1NE,1556.2054066621563,15,11,4,elo_baseline,G18,Pure Passion 18 1
G18LFJVB3NE,1552.187419277653,23,15,8,elo_baseline,G18,603 United 18 Central White
G18MCJVB3NE,1551.304531760915,28,16,12,elo_baseline,G18,Mill City 18 Orange
G18SPAVB2XL,1549.9659082631727,15,10,5,elo_baseline,G18,Spa City 18 Coral
G18SPAVB1XL,1548.0209265148235,17,10,7,elo_baseline,G18,Spa City 18 Aqua
G18LIVBI1GE,1548.0149891157323,11,8,3,elo_baseline,G18,LI Blaze VBC 18
G18CMJVB2NE,1547.6038414939028,13,9,4,elo_baseline,G18,CMASS EDGE 18 Blue
G18RRJVB1NE,1546.3772326180228,17,11,6,elo_baseline,G18,Boston United 18 National
G18HKJVB1NE,1546.2290355652706,10,7,3,elo_baseline,G18,Husky 18 National
G18CMJVB1NE,1544.2019838031176,10,7,3,elo_baseline,G18,CMASS EDGE 18 Black
G18PIEDR15PU,1543.5953273014889,8,6,2,elo_baseline,G18,LPV-18U
G18XTREM2GE,1542.9639648762727,8,6,2,elo_baseline,G18,Xtreme 18 National Deb
G18MCJVB4NE,1542.5625698848153,19,11,8,elo_baseline,G18,Mill City 18 Blue
G18WHIRL1XL,1540.500772137018,8,6,2,elo_baseline,G18,Whirlwind VBC 18 1
G18CEDGE1WE,1539.1135178865247,8,6,2,elo_baseline,G18,CEVC 18 1
G18COQUI2PU,1535.0821976091822,7,5,2,elo_baseline,G18,BORINQUEN COQUI CPT 2026
G18SJJVB1NE,1534.4406233442378,11,7,4,elo_baseline,G18,SMASH 18s
G18DSTJN1GE,1533.2430627455726,7,5,2,elo_baseline,G18,Downstate (N) 18 Cobras
G18APXTC1OV,1533.242649681579,7,5,2,elo_baseline,G18,Apex VBTC 18 Apex Red
G18HKJVB2NE,1533.1969725879603,11,7,4,elo_baseline,G18,Husky 18 Northeast
G18WAREN1GE,1532.9462214862544,5,4,1,elo_baseline,G18,Warren Sixpack 18 Red
G18NEVBC1NE,1532.836461523034,11,7,4,elo_baseline,G18,Northeast 18.1
G18FVNER3NE,1532.4418807844224,5,4,1,elo_baseline,G18,Fusion 18 Elite
G18DDVBC1NE,1532.2059027328148,33,19,14,elo_baseline,G18,Dig Deep 18 Ginger
G18AAVBC1NE,1531.824199172388,15,9,6,elo_baseline,G18,AVA 18 Purple Sharks
G18HRJVB1NE,1531.5645503237602,5,4,1,elo_baseline,G18,HardRock 18
G18RENAS1KE,1531.3876998339895,7,5,2,elo_baseline,G18,Renaissance 18 Black
G18RRJVB2NE,1531.1864431418603,37,21,16,elo_baseline,G18,Boston United 18 Northeast
G18SAJVB1NE,1529.5581426560207,13,8,5,elo_baseline,G18,SA Elite 18 American
G18TCJVB1NE,1528.510336379518,11,7,4,elo_baseline,G18,Nova 18 Premier Matt
G18PARAD1WE,1526.520336201731,4,3,1,elo_baseline,G18,Paradigm Revolution
G18GSVBC1NE,1525.1857073258047,8,5,3,elo_baseline,G18,GSVC 18 Navy
G18MGJVB1NE,1523.5195406677385,10,6,4,elo_baseline,G18,MGA 18's White
G18HHVBC1NE,1522.7755093982285,4,3,1,elo_baseline,G18,Hawks 18 Lathrop
G18USANY2XL,1520.0845572217947,19,11,8,elo_baseline,G18,USANY Patience 18 - 2
G18DIGSV1GE,1519.7040587336742,8,5,3,elo_baseline,G18,Digs 18 RED
G18NYCLI1GE,1518.6090984632701,8,5,3,elo_baseline,G18,NYCLI 18 Elite
G18MAJVB1NE,1518.4947665330317,20,12,8,elo_baseline,G18,Mass Premier 18 1
G18NYCJR1GE,1515.767525756969,12,7,5,elo_baseline,G18,NYC Juniors 18 National
G18112721XX,1513.5565191128896,34,16,18,elo_baseline,G18,X2 Volleyball 18 1
G18PRINC1GE,1513.3905493266036,5,3,2,elo_baseline,G18,Princeton 18 Black
G18KNGHT1GE,1512.0,1,1,0,elo_baseline,G18,LIKVBC 18
G18SHVBC1NE,1511.779025796071,5,3,2,elo_baseline,G18,NE Shock 18 1
G18FVNER1NE,1511.7135455761586,5,3,2,elo_baseline,G18,Fusion 18 Premier
G18SJJVB2NE,1511.2271011497355,5,3,2,elo_baseline,G18,SMASH 18s Attack
G18SSVBC2NE,1511.117370954944,15,8,7,elo_baseline,G18,SSVBC 18 2
G18SIVBC1NE,1511.0840203857879,35,17,18,elo_baseline,G18,SISU VB 18 1
G18SOSVB1GE,1510.4564359530827,5,3,2,elo_baseline,G18,Sideout 18N Elvis
G18LFJVB1NE,1507.4976052012921,18,9,9,elo_baseline,G18,603 United 18 Seacoast Black
G18LCVBC2GE,1504.6493515704876,8,4,4,elo_baseline,G18,Legacy 18 National Marcus
G18NEVBC2NE,1502.979569046679,9,4,5,elo_baseline,G18,Northeast 18.2
G18ALLIN1FL,1502.7486774879385,8,4,4,elo_baseline,G18,AVA 18 Coral
G18OCLEV1GE,1501.5688309777408,8,4,4,elo_baseline,G18,OC Lady Elite 18 Black
G18CJJVB1NE,1500.7879372506673,10,5,5,elo_baseline,G18,CT Juniors 18 National
G18BEVNY2GE,1499.7913861331867,8,4,4,elo_baseline,G18,BEV 18 Elite
G18DRVBC3NE,1498.7835167467902,4,2,2,elo_baseline,G18,Dragons 18 Erica
G18NETHG1XL,1497.3220575576588,12,6,6,elo_baseline,G18,NET 18 Force
G18BEVNY1GE,1496.54887090042,8,4,4,elo_baseline,G18,BEV 18 Empire
G18MIVBC3NE,1495.7563209185073,23,12,11,elo_baseline,G18,Mass Impact 18 Chris
G18CACLI2GE,1491.2653389282784,12,6,6,elo_baseline,G18,CALI 18 Blue
G18TUSVA1GE,1490.716687270495,7,3,4,elo_baseline,G18,Train Up VB 18 1
G18NYCIV1GE,1489.482636814973,7,3,4,elo_baseline,G18,NYC Impact 18U Black
G18117941XX,1488.5727307416246,7,3,4,elo_baseline,G18,X-Performance 17/18
G18SAVBC2XL,1488.0548507270603,5,2,3,elo_baseline,G18,Sporting Albany Girls 18 Orange
G18LEGRO4GE,1486.9221839432728,5,2,3,elo_baseline,G18,Allegro 18 Scarlet
G18GAJVB1NE,1485.9595616498307,10,4,6,elo_baseline,G18,Gators 18 Black
G18SAVBC1XL,1485.6505158839252,5,2,3,elo_baseline,G18,Sporting Albany Girls 18 Blue
G18FVNER2NE,1483.8854907264347,5,2,3,elo_baseline,G18,Fusion Elite
G18MIVBC1NE,1483.340887960619,15,7,8,elo_baseline,G18,Mass Impact 18 Shannon
G18VPVBC10NE,1482.904166142844,10,4,6,elo_baseline,G18,Viper 18 Purple
G18LDNER2NE,1482.1779327536315,21,10,11,elo_baseline,G18,Lockdown VBC 18 Ospreys
G18LDNER1NE,1481.6596648357117,20,9,11,elo_baseline,G18,Lockdown VBC 18 Eagles
G18TTVBC2NE,1480.0073502516423,17,8,9,elo_baseline,G18,SLAM 18R Red
G18LCVBC1GE,1479.7406480477923,8,3,5,elo_baseline,G18,Legacy 18 National Odaly
G18MNJVB3NE,1479.4957791291824,13,6,7,elo_baseline,G18,Maine Jrs 18-Silver
G18LEGRO3GE,1477.4586426015994,4,1,3,elo_baseline,G18,Allegro 18 South Black
G18NYCVA1GE,1477.280234264188,8,3,5,elo_baseline,G18,NYC VBA 18 Amsterdam
G18HOOMA1AH,1475.503682413335,8,3,5,elo_baseline,G18,Ho'omau 18U Alex
G18BVJVB1NE,1474.4767526745068,10,4,6,elo_baseline,G18,Blast 18U Lions
G18CTRVB1NE,1473.9483280876243,37,17,20,elo_baseline,G18,C3VB 18 1
G18LEGIO1XL,1469.6574372723296,18,7,11,elo_baseline,G18,TeamLVC 18 Black
G18VVVBC1NE,1468.209440150965,15,6,9,elo_baseline,G18,Vibe 18u Premier
G181190999XX,1467.3826509825478,14,6,8,elo_baseline,G18,Tide 18 99
G18EASTS1WE,1467.2792160229076,7,2,5,elo_baseline,G18,Eastside Ice Tempest
G18SGHVB1NE,1464.0061284763333,7,2,5,elo_baseline,G18,Starlings GH 18 1
G18JHEAT2GE,1463.3992377420884,5,1,4,elo_baseline,G18,CJHEAT 18 2
G18STARQ1GE,1459.7728228003075,7,2,5,elo_baseline,G18,Starlings NYC Queens 18 1
G18MIVBC2NE,1458.2090713562873,15,5,10,elo_baseline,G18,Mass Impact 18 Mike
G18TTVBC1NE,1457.6228648109345,28,13,15,elo_baseline,G18,SLAM 18P Black
G18NESVC1NE,1455.5974535586683,24,10,14,elo_baseline,G18,NE Storm 18 Typhoon
G18GAJVB2NE,1454.5294815869918,13,5,8,elo_baseline,G18,Gators 18 Green
G18GREEN1GE,1452.0551481611276,8,2,6,elo_baseline,G18,Asphalt Green VBC 18-Green
G18UNVBC1NE,1446.5997821012816,20,8,12,elo_baseline,G18,Unity 18 Girls National Banshees
G18NSJVB1NE,1445.7184472780646,21,8,13,elo_baseline,G18,NH Seacoast 18 Premier
G18PVJVB1NE,1443.369017794396,21,7,14,elo_baseline,G18,PV 18 National
G18MNJVB4NE,1438.387441673864,8,2,6,elo_baseline,G18,Maine Jrs 18 Bronze
G18SOSVB2GE,1436.476985653529,8,1,7,elo_baseline,G18,Sideout 18N Jamie
G18EYNER2NE,1435.5795078243839,14,4,10,elo_baseline,G18,ENVY 18 TORNADO
G18MWJVB2NE,1434.4228631912617,10,2,8,elo_baseline,G18,Metrowest VBC 18 Navy
G18EYNER1NE,1431.8899411469417,20,6,14,elo_baseline,G18,ENVY 18 CYCLONE
G18SRVBC1NE,1430.0223652085504,28,10,18,elo_baseline,G18,SURGE 18 PINK
G18MIVBC4NE,1429.0378468597542,23,9,14,elo_baseline,G18,Mass Impact 18 Curro
G18PVJVB2NE,1417.6738873805702,28,9,19,elo_baseline,G18,PV 18 Elite
G18MCJVB1NE,1413.4766280631325,22,6,16,elo_baseline,G18,Mill City 18’s
G18DRVBC2NE,1410.1971154485332,10,1,9,elo_baseline,G18,Dragons 18 Emily
G18UNVBC2NE,1408.7453983386558,10,1,9,elo_baseline,G18,Unity 18 Girls Silver Krakens
G18MIVBC5NE,1400.7660286994499,23,6,17,elo_baseline,G18,Mass Impact 18 Morgan
G18SURGE1GE,1388.0579459707058,12,1,11,elo_baseline,G18,LI Surge 18 Premier
G18CRJVB1NE,1377.3471872901644,21,4,17,elo_baseline,G18,CRVBC 18 1 Eagles
G18NESVC2NE,1362.8401253939303,24,5,19,elo_baseline,G18,NE Storm 18 Downburst
G18DDVBC2NE,1361.8984478678333,32,7,25,elo_baseline,G18,Dig Deep 18 Force
G18MAPVB3NE,1355.4874351457886,28,6,22,elo_baseline,G18,Mass Power VB 18 Pink
G18RRJVB3NE,1354.2484042577069,23,4,19,elo_baseline,G18,Boston United 18 Select
G18CTRVB2NE,1347.4277983962706,36,9,27,elo_baseline,G18,C3VB 18 2
G18113231XX,1330.1239540159108,30,5,25,elo_baseline,G18,EliteZ 18 GIRLS HP BLACK
G18USANY1XL,1846.9952640527256,22,22,0,elo_margin,G18,USANY Fortitude 18 - 1
G18VOLFX1WE,1715.1933638993519,13,12,1,elo_margin,G18,VolleyFX 18 Magic
G18DRVBC1NE,1714.069239793483,23,18,5,elo_margin,G18,Dragons 18 Phantoms
G18MNJVB1NE,1712.6607890778403,18,14,4,elo_margin,G18,Maine Jrs 18 National
G18LFJVB2NE,1711.4254546186914,25,19,6,elo_margin,G18,603 United 18 Seacoast White
G18MWJVB1NE,1702.3463784635885,19,16,3,elo_margin,G18,Metrowest VBC 18 Gold
G18NXTLV1PU,1691.3334125104968,9,8,1,elo_margin,G18,Next Level 18 1
G18MGJVB2NE,1687.940455925222,13,10,3,elo_margin,G18,MGA 18's Black
G18NEVBC3NE,1674.1737094302434,14,12,2,elo_margin,G18,Northeast 18 Blue
G18SJVBC1NE,1670.783530638275,17,14,3,elo_margin,G18,South County 18-Blue
G18ESVBC1OV,1666.8656922004297,9,8,1,elo_margin,G18,ESO 18 Elite
G18SSVBC1NE,1646.5788309851446,16,13,3,elo_margin,G18,SSVBC 18 1
G18CADOV1WE,1644.161343324596,5,5,0,elo_margin,G18,CADO 18 1
G18MCJVB3NE,1637.2389888970472,28,16,12,elo_margin,G18,Mill City 18 Orange
G18VOLFX2WE,1635.1232539891937,8,7,1,elo_margin,G18,VolleyFX 18 Mystery
G18FCVBC1NE,1632.3007184817645,13,9,4,elo_margin,G18,FCA Volleyball 18 1
G18SPAVB1XL,1630.4509243943266,17,10,7,elo_margin,G18,Spa City 18 Aqua
G18USANY3XL,1629.2736051240083,11,9,2,elo_margin,G18,USANY Five Rivers 18 - 3
G18CMJVB1NE,1619.8892854831818,10,7,3,elo_margin,G18,CMASS EDGE 18 Black
G18RRJVB1NE,1613.5128251570168,17,11,6,elo_margin,G18,Boston United 18 National
G18MCJVB4NE,1602.9310452110653,19,11,8,elo_margin,G18,Mill City 18 Blue
G18PPNER1NE,1597.614710520203,15,11,4,elo_margin,G18,Pure Passion 18 1
G18XTREM2GE,1597.2001171295758,8,6,2,elo_margin,G18,Xtreme 18 National Deb
G18PIEDR15PU,1596.1817681936295,8,6,2,elo_margin,G18,LPV-18U
G18SPAVB2XL,1595.2165759916707,15,10,5,elo_margin,G18,Spa City 18 Coral
G18WHIRL1XL,1593.5392020521342,8,6,2,elo_margin,G18,Whirlwind VBC 18 1
G18NEVBC1NE,1588.5241728451674,11,7,4,elo_margin,G18,Northeast 18.1
G18CMJVB2NE,1587.9212084974874,13,9,4,elo_margin,G18,CMASS EDGE 18 Blue
G18LIVBI1GE,1586.9206442627917,11,8,3,elo_margin,G18,LI Blaze VBC 18
G18HRJVB1NE,1585.6192686621869,5,4,1,elo_margin,G18,HardRock 18
G18HKJVB1NE,1584.1080451497928,10,7,3,elo_margin,G18,Husky 18 National
G18HKJVB2NE,1582.7001407170462,11,7,4,elo_margin,G18,Husky 18 Northeast
G18COQUI2PU,1580.6308975012319,7,5,2,elo_margin,G18,BORINQUEN COQUI CPT 2026
G18WAREN1GE,1579.7132861526086,5,4,1,elo_margin,G18,Warren Sixpack 18 Red
G18DSTJN1GE,1576.0378202437357,7,5,2,elo_margin,G18,Downstate (N) 18 Cobras
G18LFJVB3NE,1571.7971756054064,23,15,8,elo_margin,G18,603 United 18 Central White
G18AAVBC1NE,1571.5575738168866,15,9,6,elo_margin,G18,AVA 18 Purple Sharks
G18SJJVB1NE,1568.583590065209,11,7,4,elo_margin,G18,SMASH 18s
G18PARAD1WE,1566.9820719944548,4,3,1,elo_margin,G18,Paradigm Revolution
G18APXTC1OV,1561.3247102007476,7,5,2,elo_margin,G18,Apex VBTC 18 Apex Red
G18112721XX,1560.7973150407809,34,16,18,elo_margin,G18,X2 Volleyball 18 1
G18TCJVB1NE,1559.8880383232138,11,7,4,elo_margin,G18,Nova 18 Premier Matt
G18USANY2XL,1556.858229896066,19,11,8,elo_margin,G18,USANY Patience 18 - 2
G18GSVBC1NE,1554.33849088019,8,5,3,elo_margin,G18,GSVC 18 Navy
G18CEDGE1WE,1551.6236110356822,8,6,2,elo_margin,G18,CEVC 18 1
G18MGJVB1NE,1551.4847928462202,10,6,4,elo_margin,G18,MGA 18's White
G18HHVBC1NE,1551.1812813244828,4,3,1,elo_margin,G18,Hawks 18 Lathrop
G18FVNER3NE,1550.8490971966178,5,4,1,elo_margin,G18,Fusion 18 Elite
G18RENAS1KE,1549.0132208903701,7,5,2,elo_margin,G18,Renaissance 18 Black
G18PRINC1GE,1548.8632881914696,5,3,2,elo_margin,G18,Princeton 18 Black
G18RRJVB2NE,1547.8782646861473,37,21,16,elo_margin,G18,Boston United 18 Northeast
G18SJJVB2NE,1545.5659318120236,5,3,2,elo_margin,G18,SMASH 18s Attack
G18DIGSV1GE,1544.3076793580299,8,5,3,elo_margin,G18,Digs 18 RED
G18NYCLI1GE,1543.485895969551,8,5,3,elo_margin,G18,NYCLI 18 Elite
G18LFJVB1NE,1536.0968232391363,18,9,9,elo_margin,G18,603 United 18 Seacoast Black
G18KNGHT1GE,1527.6310211159287,1,1,0,elo_margin,G18,LIKVBC 18
G18DDVBC1NE,1526.8885634925148,33,19,14,elo_margin,G18,Dig Deep 18 Ginger
G18SAJVB1NE,1526.6824428355928,13,8,5,elo_margin,G18,SA Elite 18 American
G18SHVBC1NE,1523.6597510027384,5,3,2,elo_margin,G18,NE Shock 18 1
G18ALLIN1FL,1521.7060490328013,8,4,4,elo_margin,G18,AVA 18 Coral
G18SSVBC2NE,1520.3784096905717,15,8,7,elo_margin,G18,SSVBC 18 2
G18NYCJR1GE,1518.0553925087202,12,7,5,elo_margin,G18,NYC Juniors 18 National
G18NEVBC2NE,1513.8715664394697,9,4,5,elo_margin,G18,Northeast 18.2
G18SOSVB1GE,1512.1847154823568,5,3,2,elo_margin,G18,Sideout 18N Elvis
G18SIVBC1NE,1510.1591842094028,35,17,18,elo_margin,G18,SISU VB 18 1
G18LCVBC2GE,1507.9006335296096,8,4,4,elo_margin,G18,Legacy 18 National Marcus
G18BEVNY1GE,1498.165954953144,8,4,4,elo_margin,G18,BEV 18 Empire
G18OCLEV1GE,1496.0285819977364,8,4,4,elo_margin,G18,OC Lady Elite 18 Black
G18BEVNY2GE,1495.6126658556227,8,4,4,elo_margin,G18,BEV 18 Elite
G18FVNER1NE,1493.5742336817318,5,3,2,elo_margin,G18,Fusion 18 Premier
G18CJJVB1NE,1492.7423636683359,10,5,5,elo_margin,G18,CT Juniors 18 National
G18DRVBC3NE,1491.7431125919336,4,2,2,elo_margin,G18,Dragons 18 Erica
G18NYCIV1GE,1491.6111072051604,7,3,4,elo_margin,G18,NYC Impact 18U Black
G18NETHG1XL,1490.2909771014115,12,6,6,elo_margin,G18,NET 18 Force
G18LEGRO4GE,1486.9663093069526,5,2,3,elo_margin,G18,Allegro 18 Scarlet
G18MAJVB1NE,1483.3047461195597,20,12,8,elo_margin,G18,Mass Premier 18 1
G18LDNER2NE,1483.1804216477055,21,10,11,elo_margin,G18,Lockdown VBC 18 Ospreys
G18SAVBC2XL,1478.6053928496644,5,2,3,elo_margin,G18,Sporting Albany Girls 18 Orange
G18TUSVA1GE,1477.557381630618,7,3,4,elo_margin,G18,Train Up VB 18 1
G18MIVBC3NE,1476.7817539124258,23,12,11,elo_margin,G18,Mass Impact 18 Chris
G18VPVBC10NE,1472.1011870314612,10,4,6,elo_margin,G18,Viper 18 Purple
G18LEGRO3GE,1471.8647828111891,4,1,3,elo_margin,G18,Allegro 18 South Black
G18117941XX,1471.3298342771493,7,3,4,elo_margin,G18,X-Performance 17/18
G18NYCVA1GE,1468.0989917651814,8,3,5,elo_margin,G18,NYC VBA 18 Amsterdam
G18LDNER1NE,1464.7322680029713,20,9,11,elo_margin,G18,Lockdown VBC 18 Eagles
G18GAJVB1NE,1464.679497771457,10,4,6,elo_margin,G18,Gators 18 Black
G18MIVBC1NE,1463.8352962620443,15,7,8,elo_margin,G18,Mass Impact 18 Shannon
G18SAVBC1XL,1460.4193051686877,5,2,3,elo_margin,G18,Sporting Albany Girls 18 Blue
G18FVNER2NE,1459.176007557934,5,2,3,elo_margin,G18,Fusion Elite
G18LCVBC1GE,1458.1005176963906,8,3,5,elo_margin,G18,Legacy 18 National Odaly
G18MNJVB3NE,1450.0339323351466,13,6,7,elo_margin,G18,Maine Jrs 18-Silver
G18LEGIO1XL,1450.0289799076031,18,7,11,elo_margin,G18,TeamLVC 18 Black
G18EASTS1WE,1449.5581700397854,7,2,5,elo_margin,G18,Eastside Ice Tempest
G18MIVBC2NE,1437.0117845499751,15,5,10,elo_margin,G18,Mass Impact 18 Mike
G18VVVBC1NE,1435.70428139574,15,6,9,elo_margin,G18,Vibe 18u Premier
G18BVJVB1NE,1433.507999983806,10,4,6,elo_margin,G18,Blast 18U Lions
G18HOOMA1AH,1432.6225125028834,8,3,5,elo_margin,G18,Ho'omau 18U Alex
G18SGHVB1NE,1431.2294758120338,7,2,5,elo_margin,G18,Starlings GH 18 1
G18CTRVB1NE,1426.22476784443,37,17,20,elo_margin,G18,C3VB 18 1
G18CACLI2GE,1423.4270814104057,12,6,6,elo_margin,G18,CALI 18 Blue
G181190999XX,1415.6092380006703,14,6,8,elo_margin,G18,Tide 18 99
G18TTVBC2NE,1415.0472446714527,17,8,9,elo_margin,G18,SLAM 18R Red
G18PVJVB1NE,1404.940846147926,21,7,14,elo_margin,G18,PV 18 National
G18EYNER1NE,1402.9049788906898,20,6,14,elo_margin,G18,ENVY 18 CYCLONE
G18JHEAT2GE,1394.4448757813518,5,1,4,elo_margin,G18,CJHEAT 18 2
G18NESVC1NE,1392.7437070805036,24,10,14,elo_margin,G18,NE Storm 18 Typhoon
G18STARQ1GE,1389.8702476789365,7,2,5,elo_margin,G18,Starlings NYC Queens 18 1
G18GREEN1GE,1388.1869007613332,8,2,6,elo_margin,G18,Asphalt Green VBC 18-Green
G18NSJVB1NE,1381.882903029128,21,8,13,elo_margin,G18,NH Seacoast 18 Premier
G18MWJVB2NE,1381.8506925495428,10,2,8,elo_margin,G18,Metrowest VBC 18 Navy
G18GAJVB2NE,1378.520948979301,13,5,8,elo_margin,G18,Gators 18 Green
G18UNVBC1NE,1378.3492163794874,20,8,12,elo_margin,G18,Unity 18 Girls National Banshees
G18TTVBC1NE,1377.6885832039634,28,13,15,elo_margin,G18,SLAM 18P Black
G18EYNER2NE,1375.1601156995023,14,4,10,elo_margin,G18,ENVY 18 TORNADO
G18MCJVB1NE,1371.6051767107606,22,6,16,elo_margin,G18,Mill City 18’s
G18SOSVB2GE,1371.2622297664932,8,1,7,elo_margin,G18,Sideout 18N Jamie
G18PVJVB2NE,1369.6689383738933,28,9,19,elo_margin,G18,PV 18 Elite
G18MNJVB4NE,1367.815100162826,8,2,6,elo_margin,G18,Maine Jrs 18 Bronze
G18SRVBC1NE,1351.6176180043885,28,10,18,elo_margin,G18,SURGE 18 PINK
G18MIVBC4NE,1336.6013089576008,23,9,14,elo_margin,G18,Mass Impact 18 Curro
G18MIVBC5NE,1326.652458407738,23,6,17,elo_margin,G18,Mass Impact 18 Morgan
G18DRVBC2NE,1315.613426489986,10,1,9,elo_margin,G18,Dragons 18 Emily
G18DDVBC2NE,1306.6932977683093,32,7,25,elo_margin,G18,Dig Deep 18 Force
G18UNVBC2NE,1291.5535957432562,10,1,9,elo_margin,G18,Unity 18 Girls Silver Krakens
G18CRJVB1NE,1280.8688396007906,21,4,17,elo_margin,G18,CRVBC 18 1 Eagles
G18SURGE1GE,1264.7325194395287,12,1,11,elo_margin,G18,LI Surge 18 Premier
G18CTRVB2NE,1245.4284285331598,36,9,27,elo_margin,G18,C3VB 18 2
G18NESVC2NE,1235.107299638343,24,5,19,elo_margin,G18,NE Storm 18 Downburst
G18MAPVB3NE,1219.8701136267475,28,6,22,elo_margin,G18,Mass Power VB 18 Pink
G18RRJVB3NE,1206.495145571618,23,4,19,elo_margin,G18,Boston United 18 Select
G18113231XX,1182.5915464131476,30,5,25,elo_margin,G18,EliteZ 18 GIRLS HP BLACK
G18USANY1XL,99.29413424307526,22,22,0,hybrid_points,G18,USANY Fortitude 18 - 1
G18RRJVB2NE,81.95983468234657,37,21,16,hybrid_points,G18,Boston United 18 Northeast
G18LFJVB2NE,81.44483634532502,25,19,6,hybrid_points,G18,603 United 18 Seacoast White
G18DRVBC1NE,78.35509178492761,23,18,5,hybrid_points,G18,Dragons 18 Phantoms
G18DDVBC1NE,68.74637542788365,33,19,14,hybrid_points,G18,Dig Deep 18 Ginger
G18MCJVB3NE,67.92372087939191,28,16,12,hybrid_points,G18,Mill City 18 Orange
G18MWJVB1NE,67.38741480584673,19,16,3,hybrid_points,G18,Metrowest VBC 18 Gold
G18MNJVB1NE,65.61162487276941,18,14,4,hybrid_points,G18,Maine Jrs 18 National
G18LFJVB3NE,63.72876930271864,23,15,8,hybrid_points,G18,603 United 18 Central White
G18SJVBC1NE,61.45877856212232,17,14,3,hybrid_points,G18,South County 18-Blue
G18SSVBC1NE,55.68842608970862,16,13,3,hybrid_points,G18,SSVBC 18 1
G18112721XX,55.12872176116377,34,16,18,hybrid_points,G18,X2 Volleyball 18 1
G18CTRVB1NE,54.74523715335545,37,17,20,hybrid_points,G18,C3VB 18 1
G18SIVBC1NE,54.586075253945666,35,17,18,hybrid_points,G18,SISU VB 18 1
G18VOLFX1WE,50.05244012817757,13,12,1,hybrid_points,G18,VolleyFX 18 Magic
G18USANY2XL,46.89667598626309,19,11,8,hybrid_points,G18,USANY Patience 18 - 2
G18NEVBC3NE,46.81323784340775,14,12,2,hybrid_points,G18,Northeast 18 Blue
G18PPNER1NE,45.284607165905825,15,11,4,hybrid_points,G18,Pure Passion 18 1
G18MAJVB1NE,44.96035109687594,20,12,8,hybrid_points,G18,Mass Premier 18 1
G18MGJVB2NE,44.429832716426475,13,10,3,hybrid_points,G18,MGA 18's Black
G18RRJVB1NE,43.318230366053434,17,11,6,hybrid_points,G18,Boston United 18 National
G18MIVBC3NE,42.71883773641433,23,12,11,hybrid_points,G18,Mass Impact 18 Chris
G18SPAVB2XL,41.90916393036774,15,10,5,hybrid_points,G18,Spa City 18 Coral
G18LDNER2NE,40.762373984233776,21,10,11,hybrid_points,G18,Lockdown VBC 18 Ospreys
G18TTVBC1NE,39.32843353200807,28,13,15,hybrid_points,G18,SLAM 18P Black
G18USANY3XL,38.873054763016114,11,9,2,hybrid_points,G18,USANY Five Rivers 18 - 3
G18CMJVB2NE,38.57498810163621,13,9,4,hybrid_points,G18,CMASS EDGE 18 Blue
G18SPAVB1XL,37.73992940350865,17,10,7,hybrid_points,G18,Spa City 18 Aqua
G18MCJVB4NE,36.89276581116855,19,11,8,hybrid_points,G18,Mill City 18 Blue
G18AAVBC1NE,36.55814640092791,15,9,6,hybrid_points,G18,AVA 18 Purple Sharks
G18FCVBC1NE,35.86103985576316,13,9,4,hybrid_points,G18,FCA Volleyball 18 1
G18ESVBC1OV,35.23494552052903,9,8,1,hybrid_points,G18,ESO 18 Elite
G18NESVC1NE,34.30560423579774,24,10,14,hybrid_points,G18,NE Storm 18 Typhoon
G18NXTLV1PU,34.1093777187897,9,8,1,hybrid_points,G18,Next Level 18 1
G18LFJVB1NE,33.80934709816419,18,9,9,hybrid_points,G18,603 United 18 Seacoast Black
G18SSVBC2NE,33.434799193350166,15,8,7,hybrid_points,G18,SSVBC 18 2
G18NEVBC1NE,33.41856006796351,11,7,4,hybrid_points,G18,Northeast 18.1
G18HKJVB2NE,32.41681710005288,11,7,4,hybrid_points,G18,Husky 18 Northeast
G18CMJVB1NE,31.570449046705647,10,7,3,hybrid_points,G18,CMASS EDGE 18 Black
G18LIVBI1GE,31.474479521444827,11,8,3,hybrid_points,G18,LI Blaze VBC 18
G18TCJVB1NE,31.17331131263344,11,7,4,hybrid_points,G18,Nova 18 Premier Matt
G18VOLFX2WE,29.750810716879524,8,7,1,hybrid_points,G18,VolleyFX 18 Mystery
G18SAJVB1NE,29.71189252233101,13,8,5,hybrid_points,G18,SA Elite 18 American
G18SRVBC1NE,29.349491526236125,28,10,18,hybrid_points,G18,SURGE 18 PINK
G18LDNER1NE,27.89246555545128,20,9,11,hybrid_points,G18,Lockdown VBC 18 Eagles
G18SJJVB1NE,27.86893201954357,11,7,4,hybrid_points,G18,SMASH 18s
G18XTREM2GE,26.81605108410043,8,6,2,hybrid_points,G18,Xtreme 18 National Deb
G18WHIRL1XL,26.34532161328705,8,6,2,hybrid_points,G18,Whirlwind VBC 18 1
G18MIVBC1NE,26.306929983649297,15,7,8,hybrid_points,G18,Mass Impact 18 Shannon
G18MNJVB3NE,25.668552077181666,13,6,7,hybrid_points,G18,Maine Jrs 18-Silver
G18TTVBC2NE,25.629951492690594,17,8,9,hybrid_points,G18,SLAM 18R Red
G18PIEDR15PU,25.25473612402519,8,6,2,hybrid_points,G18,LPV-18U
G18MIVBC4NE,24.966592253410347,23,9,14,hybrid_points,G18,Mass Impact 18 Curro
G18NYCJR1GE,24.802247591714963,12,7,5,hybrid_points,G18,NYC Juniors 18 National
G18HKJVB1NE,24.752792262423437,10,7,3,hybrid_points,G18,Husky 18 National
G18PVJVB2NE,24.007311508626522,28,9,19,hybrid_points,G18,PV 18 Elite
G18PVJVB1NE,23.06460214965399,21,7,14,hybrid_points,G18,PV 18 National
G18MGJVB1NE,22.95821899424928,10,6,4,hybrid_points,G18,MGA 18's White
G18CADOV1WE,22.53384454115801,5,5,0,hybrid_points,G18,CADO 18 1
G18GSVBC1NE,21.69527136939546,8,5,3,hybrid_points,G18,GSVC 18 Navy
G18CEDGE1WE,21.67349733318874,8,6,2,hybrid_points,G18,CEVC 18 1
G18LEGIO1XL,21.412816697352753,18,7,11,hybrid_points,G18,TeamLVC 18 Black
G18DIGSV1GE,20.81730631489976,8,5,3,hybrid_points,G18,Digs 18 RED
G18UNVBC1NE,20.77002226699314,20,8,12,hybrid_points,G18,Unity 18 Girls National Banshees
G181190999XX,20.665763970273733,14,6,8,hybrid_points,G18,Tide 18 99
G18DSTJN1GE,20.499167773085443,7,5,2,hybrid_points,G18,Downstate (N) 18 Cobras
G18COQUI2PU,20.45527003497596,7,5,2,hybrid_points,G18,BORINQUEN COQUI CPT 2026
G18NETHG1XL,20.36974393891607,12,6,6,hybrid_points,G18,NET 18 Force
G18RENAS1KE,19.936209057333947,7,5,2,hybrid_points,G18,Renaissance 18 Black
G18EYNER1NE,19.880839256047995,20,6,14,hybrid_points,G18,ENVY 18 CYCLONE
G18NYCLI1GE,19.84596921700749,8,5,3,hybrid_points,G18,NYCLI 18 Elite
G18VVVBC1NE,19.700222653151258,15,6,9,hybrid_points,G18,Vibe 18u Premier
G18APXTC1OV,19.610942634044687,7,5,2,hybrid_points,G18,Apex VBTC 18 Apex Red
G18HRJVB1NE,19.21648024050469,5,4,1,hybrid_points,G18,HardRock 18
G18MCJVB1NE,18.670492649120288,22,6,16,hybrid_points,G18,Mill City 18’s
G18NSJVB1NE,18.229962927115963,21,8,13,hybrid_points,G18,NH Seacoast 18 Premier
G18CTRVB2NE,18.095440053688133,36,9,27,hybrid_points,G18,C3VB 18 2
G18WAREN1GE,16.85231551330088,5,4,1,hybrid_points,G18,Warren Sixpack 18 Red
G18CJJVB1NE,16.67035751736975,10,5,5,hybrid_points,G18,CT Juniors 18 National
G18BEVNY1GE,16.63058427289062,8,4,4,hybrid_points,G18,BEV 18 Empire
G18CACLI2GE,15.00386690300358,12,6,6,hybrid_points,G18,CALI 18 Blue
G18SJJVB2NE,14.694695338499999,5,3,2,hybrid_points,G18,SMASH 18s Attack
G18FVNER3NE,14.683561139883901,5,4,1,hybrid_points,G18,Fusion 18 Elite
G18BEVNY2GE,14.605837806348411,8,4,4,hybrid_points,G18,BEV 18 Elite
G18VPVBC10NE,13.613057632308998,10,4,6,hybrid_points,G18,Viper 18 Purple
G18MIVBC2NE,13.32949643168596,15,5,10,hybrid_points,G18,Mass Impact 18 Mike
G18ALLIN1FL,13.173198268239345,8,4,4,hybrid_points,G18,AVA 18 Coral
G18LCVBC2GE,13.042131503138087,8,4,4,hybrid_points,G18,Legacy 18 National Marcus
G18PARAD1WE,12.901786843752154,4,3,1,hybrid_points,G18,Paradigm Revolution
G18OCLEV1GE,12.746360413884318,8,4,4,hybrid_points,G18,OC Lady Elite 18 Black
G18HHVBC1NE,12.471803347130457,4,3,1,hybrid_points,G18,Hawks 18 Lathrop
G18BVJVB1NE,11.848949576909556,10,4,6,hybrid_points,G18,Blast 18U Lions
G18PRINC1GE,11.473171247139321,5,3,2,hybrid_points,G18,Princeton 18 Black
G18NYCVA1GE,10.948325906078612,8,3,5,hybrid_points,G18,NYC VBA 18 Amsterdam
G18GAJVB1NE,10.641752864431906,10,4,6,hybrid_points,G18,Gators 18 Black
G18SOSVB1GE,10.111185485,5,3,2,hybrid_points,G18,Sideout 18N Elvis
G18NEVBC2NE,10.053085598150721,9,4,5,hybrid_points,G18,Northeast 18.2
G18117941XX,9.593448743528079,7,3,4,hybrid_points,G18,X-Performance 17/18
G18DDVBC2NE,9.433220488328455,32,7,25,hybrid_points,G18,Dig Deep 18 Force
G18SHVBC1NE,9.276258821266895,5,3,2,hybrid_points,G18,NE Shock 18 1
G18NYCIV1GE,9.273809587552899,7,3,4,hybrid_points,G18,NYC Impact 18U Black
G18EASTS1WE,9.187879970198251,7,2,5,hybrid_points,G18,Eastside Ice Tempest
G18LCVBC1GE,9.114574516796607,8,3,5,hybrid_points,G18,Legacy 18 National Odaly
G18MIVBC5NE,9.084543304888328,23,6,17,hybrid_points,G18,Mass Impact 18 Morgan
G18FVNER1NE,8.874165934843058,5,3,2,hybrid_points,G18,Fusion 18 Premier
G18EYNER2NE,8.764171880736802,14,4,10,hybrid_points,G18,ENVY 18 TORNADO
G18GAJVB2NE,8.160379401837492,13,5,8,hybrid_points,G18,Gators 18 Green
G18FVNER2NE,7.593138107380425,5,2,3,hybrid_points,G18,Fusion Elite
G18MAPVB3NE,7.279920443326056,28,6,22,hybrid_points,G18,Mass Power VB 18 Pink
G18TUSVA1GE,7.224697932341403,7,3,4,hybrid_points,G18,Train Up VB 18 1
G18DRVBC3NE,6.66231583602535,4,2,2,hybrid_points,G18,Dragons 18 Erica
G18SGHVB1NE,6.546935802606134,7,2,5,hybrid_points,G18,Starlings GH 18 1
G18LEGRO4GE,6.419951099745344,5,2,3,hybrid_points,G18,Allegro 18 Scarlet
G18LEGRO3GE,5.964766135387361,4,1,3,hybrid_points,G18,Allegro 18 South Black
G18MWJVB2NE,5.572703286612037,10,2,8,hybrid_points,G18,Metrowest VBC 18 Navy
G18SAVBC2XL,4.890592497801178,5,2,3,hybrid_points,G18,Sporting Albany Girls 18 Orange
G18SAVBC1XL,4.519604964925439,5,2,3,hybrid_points,G18,Sporting Albany Girls 18 Blue
G18HOOMA1AH,4.17222614680867,8,3,5,hybrid_points,G18,Ho'omau 18U Alex
G18MNJVB4NE,4.146718024820117,8,2,6,hybrid_points,G18,Maine Jrs 18 Bronze
G18KNGHT1GE,3.95,1,1,0,hybrid_points,G18,LIKVBC 18
G18GREEN1GE,2.169610677726564,8,2,6,hybrid_points,G18,Asphalt Green VBC 18-Green
G18STARQ1GE,1.4069564471238332,7,2,5,hybrid_points,G18,Starlings NYC Queens 18 1
G18NESVC2NE,1.1040023757766502,24,5,19,hybrid_points,G18,NE Storm 18 Downburst
G18CRJVB1NE,-0.5678098558412875,21,4,17,hybrid_points,G18,CRVBC 18 1 Eagles
G18JHEAT2GE,-0.9136021097497673,5,1,4,hybrid_points,G18,CJHEAT 18 2
G18RRJVB3NE,-1.041727606042957,23,4,19,hybrid_points,G18,Boston United 18 Select
G18SOSVB2GE,-3.721630882439821,8,1,7,hybrid_points,G18,Sideout 18N Jamie
G18113231XX,-3.803964801437546,30,5,25,hybrid_points,G18,EliteZ 18 GIRLS HP BLACK
G18DRVBC2NE,-5.136005558987598,10,1,9,hybrid_points,G18,Dragons 18 Emily
G18UNVBC2NE,-6.994583050082723,10,1,9,hybrid_points,G18,Unity 18 Girls Silver Krakens
G18SURGE1GE,-8.021093325691714,12,1,11,hybrid_points,G18,LI Surge 18 Premier
G18NEVBC1NE,34.93649387254547,11,7,4,massey,G18,Northeast 18.1
G18CMJVB1NE,30.68227110942633,10,7,3,massey,G18,CMASS EDGE 18 Black
G18SJJVB1NE,29.837410767840584,11,7,4,massey,G18,SMASH 18s
G18VOLFX1WE,29.284072660719307,13,12,1,massey,G18,VolleyFX 18 Magic
G18USANY1XL,29.07755068606285,22,22,0,massey,G18,USANY Fortitude 18 - 1
G18HKJVB1NE,28.4980463357686,10,7,3,massey,G18,Husky 18 National
G18SJJVB2NE,26.4048642327266,5,3,2,massey,G18,SMASH 18s Attack
G18SOSVB1GE,25.333507497810917,5,3,2,massey,G18,Sideout 18N Elvis
G18ESVBC1OV,25.0746023005762,9,8,1,massey,G18,ESO 18 Elite
G18NXTLV1PU,25.044860544392385,9,8,1,massey,G18,Next Level 18 1
G18RRJVB1NE,23.449390449621774,17,11,6,massey,G18,Boston United 18 National
G18WHIRL1XL,23.276352282298895,8,6,2,massey,G18,Whirlwind VBC 18 1
G18CADOV1WE,23.0039665466885,5,5,0,massey,G18,CADO 18 1
G18COQUI2PU,22.993966459755402,7,5,2,massey,G18,BORINQUEN COQUI CPT 2026
G18VOLFX2WE,22.159865352513748,8,7,1,massey,G18,VolleyFX 18 Mystery
G18NYCJR1GE,21.88319619856318,12,7,5,massey,G18,NYC Juniors 18 National
G18PARAD1WE,20.97837251378098,4,3,1,massey,G18,Paradigm Revolution
G18APXTC1OV,19.687618770129994,7,5,2,massey,G18,Apex VBTC 18 Apex Red
G18DSTJN1GE,19.583952839630147,7,5,2,massey,G18,Downstate (N) 18 Cobras
G18XTREM2GE,18.380987652984828,8,6,2,massey,G18,Xtreme 18 National Deb
G18LEGIO1XL,16.858952420075745,18,7,11,massey,G18,TeamLVC 18 Black
G18SSVBC1NE,16.528060408550694,16,13,3,massey,G18,SSVBC 18 1
G18SPAVB1XL,15.696432684078891,17,10,7,massey,G18,Spa City 18 Aqua
G18MNJVB1NE,15.631717270960388,18,14,4,massey,G18,Maine Jrs 18 National
G18LFJVB1NE,14.747566306277427,18,9,9,massey,G18,603 United 18 Seacoast Black
G18TCJVB1NE,13.430811628639361,11,7,4,massey,G18,Nova 18 Premier Matt
G18LCVBC1GE,12.288978386771474,8,3,5,massey,G18,Legacy 18 National Odaly
G18MCJVB1NE,11.862411215148223,22,6,16,massey,G18,Mill City 18’s
G18PRINC1GE,11.690029044973748,5,3,2,massey,G18,Princeton 18 Black
G18DIGSV1GE,11.426615249276919,8,5,3,massey,G18,Digs 18 RED
G18ALLIN1FL,11.089547722459365,8,4,4,massey,G18,AVA 18 Coral
G18NEVBC2NE,10.880283580918546,9,4,5,massey,G18,Northeast 18.2
G18FCVBC1NE,10.689620795253408,13,9,4,massey,G18,FCA Volleyball 18 1
G18BEVNY1GE,10.296264367583756,8,4,4,massey,G18,BEV 18 Empire
G18LDNER1NE,9.80044664678346,20,9,11,massey,G18,Lockdown VBC 18 Eagles
G18RENAS1KE,9.791426430039616,7,5,2,massey,G18,Renaissance 18 Black
G18MGJVB2NE,9.775484900254558,13,10,3,massey,G18,MGA 18's Black
G18FVNER1NE,9.543051152347578,5,3,2,massey,G18,Fusion 18 Premier
G18CMJVB2NE,9.220125262211914,13,9,4,massey,G18,CMASS EDGE 18 Blue
G18PIEDR15PU,8.595153729377392,8,6,2,massey,G18,LPV-18U
G18DDVBC1NE,8.571354284096916,33,19,14,massey,G18,Dig Deep 18 Ginger
G18SSVBC2NE,8.20991408867855,15,8,7,massey,G18,SSVBC 18 2
G18SJVBC1NE,7.775047284174848,17,14,3,massey,G18,South County 18-Blue
G18USANY2XL,7.609258851732072,19,11,8,massey,G18,USANY Patience 18 - 2
G18MCJVB3NE,7.080907881266111,28,16,12,massey,G18,Mill City 18 Orange
G18LFJVB2NE,6.641231249017782,25,19,6,massey,G18,603 United 18 Seacoast White
G18NEVBC3NE,6.376303409847708,14,12,2,massey,G18,Northeast 18 Blue
G18TUSVA1GE,6.339053098180569,7,3,4,massey,G18,Train Up VB 18 1
G18HHVBC1NE,6.158097684821552,4,3,1,massey,G18,Hawks 18 Lathrop
G18USANY3XL,5.957545561822911,11,9,2,massey,G18,USANY Five Rivers 18 - 3
G18SPAVB2XL,5.073696002331314,15,10,5,massey,G18,Spa City 18 Coral
G18HRJVB1NE,4.241680015662299,5,4,1,massey,G18,HardRock 18
G18HKJVB2NE,4.174122053825764,11,7,4,massey,G18,Husky 18 Northeast
G18WAREN1GE,3.5554309137813203,5,4,1,massey,G18,Warren Sixpack 18 Red
G18NYCIV1GE,3.374290401901013,7,3,4,massey,G18,NYC Impact 18U Black
G18NETHG1XL,3.354112612958808,12,6,6,massey,G18,NET 18 Force
G18LCVBC2GE,3.098787656385398,8,4,4,massey,G18,Legacy 18 National Marcus
G18GAJVB1NE,3.0072177621641707,10,4,6,massey,G18,Gators 18 Black
G18SIVBC1NE,2.7514194900063345,35,17,18,massey,G18,SISU VB 18 1
G18LEGRO3GE,2.288924934765781,4,1,3,massey,G18,Allegro 18 South Black
G18MWJVB1NE,1.8132160760594882,19,16,3,massey,G18,Metrowest VBC 18 Gold
G18DRVBC1NE,1.7880924462579495,23,18,5,massey,G18,Dragons 18 Phantoms
G18EYNER1NE,1.6494780664875037,20,6,14,massey,G18,ENVY 18 CYCLONE
G18MIVBC1NE,1.498879275134673,15,7,8,massey,G18,Mass Impact 18 Shannon
G18OCLEV1GE,1.4669468782390434,8,4,4,massey,G18,OC Lady Elite 18 Black
G18AAVBC1NE,1.2756020646732393,15,9,6,massey,G18,AVA 18 Purple Sharks
G18EASTS1WE,1.021351324084982,7,2,5,massey,G18,Eastside Ice Tempest
G18CEDGE1WE,0.5549962281398518,8,6,2,massey,G18,CEVC 18 1
G18PPNER1NE,0.48809865105094286,15,11,4,massey,G18,Pure Passion 18 1
G18117941XX,0.18479150816290835,7,3,4,massey,G18,X-Performance 17/18
G18NYCLI1GE,-0.5096213951801962,8,5,3,massey,G18,NYCLI 18 Elite
G18MGJVB1NE,-0.5441355566064325,10,6,4,massey,G18,MGA 18's White
G18LFJVB3NE,-0.5551559132416486,23,15,8,massey,G18,603 United 18 Central White
G18LDNER2NE,-0.6754488188702119,21,10,11,massey,G18,Lockdown VBC 18 Ospreys
G18PVJVB1NE,-0.71432954545039,21,7,14,massey,G18,PV 18 National
G18NYCVA1GE,-0.9279016895592718,8,3,5,massey,G18,NYC VBA 18 Amsterdam
G18BEVNY2GE,-1.1378570832124353,8,4,4,massey,G18,BEV 18 Elite
G18LIVBI1GE,-2.4080569160127325,11,8,3,massey,G18,LI Blaze VBC 18
G18CJJVB1NE,-2.96691980338442,10,5,5,massey,G18,CT Juniors 18 National
G18RRJVB2NE,-4.66658730390013,37,21,16,massey,G18,Boston United 18 Northeast
G18SRVBC1NE,-4.887694202740981,28,10,18,massey,G18,SURGE 18 PINK
G18KNGHT1GE,-5.855037720800709,1,1,0,massey,G18,LIKVBC 18
G18HOOMA1AH,-6.21052734808254,8,3,5,massey,G18,Ho'omau 18U Alex
G18TTVBC1NE,-6.579216607350997,28,13,15,massey,G18,SLAM 18P Black
G18MCJVB4NE,-7.728154327953035,19,11,8,massey,G18,Mill City 18 Blue
G18GSVBC1NE,-7.750449191248736,8,5,3,massey,G18,GSVC 18 Navy
G18MAJVB1NE,-8.166880325381655,20,12,8,massey,G18,Mass Premier 18 1
G18SAVBC2XL,-8.288509945887942,5,2,3,massey,G18,Sporting Albany Girls 18 Orange
G18SOSVB2GE,-8.595525776559022,8,1,7,massey,G18,Sideout 18N Jamie
G18MIVBC2NE,-8.921253646091703,15,5,10,massey,G18,Mass Impact 18 Mike
G18SHVBC1NE,-8.96984779483449,5,3,2,massey,G18,NE Shock 18 1
G18SAVBC1XL,-9.488825654515415,5,2,3,massey,G18,Sporting Albany Girls 18 Blue
G18CRJVB1NE,-9.578342495519768,21,4,17,massey,G18,CRVBC 18 1 Eagles
G18CTRVB1NE,-10.196301047926319,37,17,20,massey,G18,C3VB 18 1
G18SAJVB1NE,-10.284436048127843,13,8,5,massey,G18,SA Elite 18 American
G18STARQ1GE,-11.19127032599665,7,2,5,massey,G18,Starlings NYC Queens 18 1
G18BVJVB1NE,-11.824652755945696,10,4,6,massey,G18,Blast 18U Lions
G18GREEN1GE,-12.430977479728316,8,2,6,massey,G18,Asphalt Green VBC 18-Green
G18VPVBC10NE,-12.607859446238097,10,4,6,massey,G18,Viper 18 Purple
G18112721XX,-12.993364864240899,34,16,18,massey,G18,X2 Volleyball 18 1
G18DDVBC2NE,-12.99926756502305,32,7,25,massey,G18,Dig Deep 18 Force
G18FVNER3NE,-13.018116203348637,5,4,1,massey,G18,Fusion 18 Elite
G18LEGRO4GE,-13.155323779661657,5,2,3,massey,G18,Allegro 18 Scarlet
G18UNVBC1NE,-13.455472417664591,20,8,12,massey,G18,Unity 18 Girls National Banshees
G18TTVBC2NE,-13.851542230307258,17,8,9,massey,G18,SLAM 18R Red
G18CACLI2GE,-14.109715164135833,12,6,6,massey,G18,CALI 18 Blue
G18MIVBC3NE,-14.632284653899262,23,12,11,massey,G18,Mass Impact 18 Chris
G18SGHVB1NE,-14.855037720800855,7,2,5,massey,G18,Starlings GH 18 1
G18NSJVB1NE,-16.024895509196053,21,8,13,massey,G18,NH Seacoast 18 Premier
G18PVJVB2NE,-16.38837802926806,28,9,19,massey,G18,PV 18 Elite
G18NESVC1NE,-16.608491179260184,24,10,14,massey,G18,NE Storm 18 Typhoon
G18VVVBC1NE,-17.01618306381143,15,6,9,massey,G18,Vibe 18u Premier
G18CTRVB2NE,-17.760301612356272,36,9,27,massey,G18,C3VB 18 2
G181190999XX,-18.119690929551798,14,6,8,massey,G18,Tide 18 99
G18FVNER2NE,-18.79148237265045,5,2,3,massey,G18,Fusion Elite
G18EYNER2NE,-19.84427123187873,14,4,10,massey,G18,ENVY 18 TORNADO
G18MNJVB3NE,-20.300039231732747,13,6,7,massey,G18,Maine Jrs 18-Silver
G18SURGE1GE,-21.067023317173245,12,1,11,massey,G18,LI Surge 18 Premier
G18MIVBC4NE,-23.006325632772555,23,9,14,massey,G18,Mass Impact 18 Curro
G18NESVC2NE,-25.097632709456967,24,5,19,massey,G18,NE Storm 18 Downburst
G18DRVBC3NE,-25.31987006344229,4,2,2,massey,G18,Dragons 18 Erica
G18MWJVB2NE,-25.492781880436407,10,2,8,massey,G18,Metrowest VBC 18 Navy
G18MIVBC5NE,-25.625903133626203,23,6,17,massey,G18,Mass Impact 18 Morgan
G18GAJVB2NE,-25.645012823070363,13,5,8,massey,G18,Gators 18 Green
G18113231XX,-25.98379576833029,30,5,25,massey,G18,EliteZ 18 GIRLS HP BLACK
G18MAPVB3NE,-29.51609836590803,28,6,22,massey,G18,Mass Power VB 18 Pink
G18MNJVB4NE,-30.265617295632968,8,2,6,massey,G18,Maine Jrs 18 Bronze
G18RRJVB3NE,-30.288955370591726,23,4,19,massey,G18,Boston United 18 Select
G18DRVBC2NE,-31.974757792651136,10,1,9,massey,G18,Dragons 18 Emily
G18JHEAT2GE,-32.44386145764152,5,1,4,massey,G18,CJHEAT 18 2
G18UNVBC2NE,-36.48090649566113,10,1,9,massey,G18,Unity 18 Girls Silver Krakens
G18HKJVB1NE,36.38765569401037,10,7,3,massey_recent,G18,Husky 18 National
G18USANY1XL,36.153147138532724,22,22,0,massey_recent,G18,USANY Fortitude 18 - 1
G18CMJVB1NE,33.48493303207794,10,7,3,massey_recent,G18,CMASS EDGE 18 Black
G18NEVBC1NE,32.716448264821615,11,7,4,massey_recent,G18,Northeast 18.1
G18CADOV1WE,28.53335915341259,5,5,0,massey_recent,G18,CADO 18 1
G18RRJVB1NE,26.21641050036724,17,11,6,massey_recent,G18,Boston United 18 National
G18SPAVB1XL,26.202474602352048,17,10,7,massey_recent,G18,Spa City 18 Aqua
G18DRVBC1NE,24.174786337796196,23,18,5,massey_recent,G18,Dragons 18 Phantoms
G18SSVBC1NE,22.941725231651358,16,13,3,massey_recent,G18,SSVBC 18 1
G18SJJVB1NE,21.819415326341996,11,7,4,massey_recent,G18,SMASH 18s
G18MNJVB1NE,20.550450682198793,18,14,4,massey_recent,G18,Maine Jrs 18 National
G18USANY2XL,20.045455533806404,19,11,8,massey_recent,G18,USANY Patience 18 - 2
G18NEVBC2NE,19.974526866902124,9,4,5,massey_recent,G18,Northeast 18.2
G18LEGIO1XL,18.18301479039814,18,7,11,massey_recent,G18,TeamLVC 18 Black
G18VOLFX1WE,17.6439717275864,13,12,1,massey_recent,G18,VolleyFX 18 Magic
G18LFJVB1NE,15.508972665553163,18,9,9,massey_recent,G18,603 United 18 Seacoast Black
G18TCJVB1NE,15.170528897017261,11,7,4,massey_recent,G18,Nova 18 Premier Matt
G18WHIRL1XL,13.882383969442245,8,6,2,massey_recent,G18,Whirlwind VBC 18 1
G18SPAVB2XL,12.810830503484521,15,10,5,massey_recent,G18,Spa City 18 Coral
G18MCJVB3NE,12.703924310269493,28,16,12,massey_recent,G18,Mill City 18 Orange
G18SSVBC2NE,12.222809544369655,15,8,7,massey_recent,G18,SSVBC 18 2
G18NETHG1XL,10.513653084261875,12,6,6,massey_recent,G18,NET 18 Force
G18LFJVB2NE,10.336031969056947,25,19,6,massey_recent,G18,603 United 18 Seacoast White
G18GSVBC1NE,10.17658347705813,8,5,3,massey_recent,G18,GSVC 18 Navy
G18EYNER1NE,9.62256068570955,20,6,14,massey_recent,G18,ENVY 18 CYCLONE
G18LDNER1NE,9.563249123854629,20,9,11,massey_recent,G18,Lockdown VBC 18 Eagles
G18DDVBC1NE,9.275377992875464,33,19,14,massey_recent,G18,Dig Deep 18 Ginger
G18XTREM2GE,8.2253297740853,8,6,2,massey_recent,G18,Xtreme 18 National Deb
G18HKJVB2NE,8.217166379798243,11,7,4,massey_recent,G18,Husky 18 Northeast
G18FCVBC1NE,7.959311964082205,13,9,4,massey_recent,G18,FCA Volleyball 18 1
G18SIVBC1NE,7.886662188249005,35,17,18,massey_recent,G18,SISU VB 18 1
G18HRJVB1NE,7.7680817869826,5,4,1,massey_recent,G18,HardRock 18
G18MCJVB1NE,7.6890737270812055,22,6,16,massey_recent,G18,Mill City 18’s
G18MCJVB4NE,7.231699623672085,19,11,8,massey_recent,G18,Mill City 18 Blue
G18AAVBC1NE,5.807682643748526,15,9,6,massey_recent,G18,AVA 18 Purple Sharks
G18RRJVB2NE,4.939733535507982,37,21,16,massey_recent,G18,Boston United 18 Northeast
G18DIGSV1GE,4.7670554435846455,8,5,3,massey_recent,G18,Digs 18 RED
G18CJJVB1NE,4.742824326001258,10,5,5,massey_recent,G18,CT Juniors 18 National
G18NYCVA1GE,4.279862791986068,8,3,5,massey_recent,G18,NYC VBA 18 Amsterdam
G18LEGRO3GE,4.122934488672337,4,1,3,massey_recent,G18,Allegro 18 South Black
G18LIVBI1GE,2.5023838609563818,11,8,3,massey_recent,G18,LI Blaze VBC 18
G18CACLI2GE,1.9909218099477326,12,6,6,massey_recent,G18,CALI 18 Blue
G18112721XX,1.5878821380094017,34,16,18,massey_recent,G18,X2 Volleyball 18 1
G18LCVBC1GE,1.140223679876963,8,3,5,massey_recent,G18,Legacy 18 National Odaly
G18NYCIV1GE,1.0086065644219953,7,3,4,massey_recent,G18,NYC Impact 18U Black
G18ESVBC1OV,1.0015796716952863,9,8,1,massey_recent,G18,ESO 18 Elite
G18FVNER2NE,0.6986885095455282,5,2,3,massey_recent,G18,Fusion Elite
G18VOLFX2WE,0.40117384878887163,8,7,1,massey_recent,G18,VolleyFX 18 Mystery
G18GAJVB1NE,0.3071321057607346,10,4,6,massey_recent,G18,Gators 18 Black
G18MGJVB2NE,0.18457790569021082,13,10,3,massey_recent,G18,MGA 18's Black
G18COQUI2PU,0.1473611014926699,7,5,2,massey_recent,G18,BORINQUEN COQUI CPT 2026
G18WAREN1GE,0.13305597783370393,5,4,1,massey_recent,G18,Warren Sixpack 18 Red
G18SURGE1GE,0.03026933342922744,12,1,11,massey_recent,G18,LI Surge 18 Premier
G18STARQ1GE,0.023844619431218073,7,2,5,massey_recent,G18,Starlings NYC Queens 18 1
G18PIEDR15PU,0.021841567990102062,8,6,2,massey_recent,G18,LPV-18U
G18BEVNY2GE,0.004214753334015997,8,4,4,massey_recent,G18,BEV 18 Elite
G18NYCLI1GE,0.0014856698195615525,8,5,3,massey_recent,G18,NYCLI 18 Elite
G18ALLIN1FL,0.0011453888975998527,8,4,4,massey_recent,G18,AVA 18 Coral
G18MGJVB1NE,-9.881804344013748e-05,10,6,4,massey_recent,G18,MGA 18's White
G18SAVBC1XL,-0.0003362704414990869,5,2,3,massey_recent,G18,Sporting Albany Girls 18 Blue
G18EASTS1WE,-0.0007268152075430301,7,2,5,massey_recent,G18,Eastside Ice Tempest
G18PARAD1WE,-0.00074099062599009,4,3,1,massey_recent,G18,Paradigm Revolution
G18PRINC1GE,-0.0012474610825703447,5,3,2,massey_recent,G18,Princeton 18 Black
G18USANY3XL,-0.001349709017160805,11,9,2,massey_recent,G18,USANY Five Rivers 18 - 3
G18HOOMA1AH,-0.0013699564244267215,8,3,5,massey_recent,G18,Ho'omau 18U Alex
G18LEGRO4GE,-0.0013728477187613386,5,2,3,massey_recent,G18,Allegro 18 Scarlet
G18SAVBC2XL,-0.00140496059641948,5,2,3,massey_recent,G18,Sporting Albany Girls 18 Orange
G18JHEAT2GE,-0.001431220849682946,5,1,4,massey_recent,G18,CJHEAT 18 2
G18MWJVB2NE,-0.0014406492916414493,10,2,8,massey_recent,G18,Metrowest VBC 18 Navy
G18HHVBC1NE,-0.0014422142722865239,4,3,1,massey_recent,G18,Hawks 18 Lathrop
G18DRVBC3NE,-0.0014435277975846095,4,2,2,massey_recent,G18,Dragons 18 Erica
G18DRVBC2NE,-0.0014474196503517778,10,1,9,massey_recent,G18,Dragons 18 Emily
G18SOSVB1GE,-0.0014486782090217254,5,3,2,massey_recent,G18,Sideout 18N Elvis
G18SJJVB2NE,-0.0014524252954206673,5,3,2,massey_recent,G18,SMASH 18s Attack
G18SHVBC1NE,-0.0014632506313760896,5,3,2,massey_recent,G18,NE Shock 18 1
G18FVNER1NE,-0.0017475126137740382,5,3,2,massey_recent,G18,Fusion 18 Premier
G18GREEN1GE,-0.0019264211865632763,8,2,6,massey_recent,G18,Asphalt Green VBC 18-Green
G18117941XX,-0.002029611669237097,7,3,4,massey_recent,G18,X-Performance 17/18
G18LCVBC2GE,-0.0023213980946512613,8,4,4,massey_recent,G18,Legacy 18 National Marcus
G18CEDGE1WE,-0.02080145329847516,8,6,2,massey_recent,G18,CEVC 18 1
G18RENAS1KE,-0.027999964845349945,7,5,2,massey_recent,G18,Renaissance 18 Black
G18NEVBC3NE,-0.06339617783863738,14,12,2,massey_recent,G18,Northeast 18 Blue
G18DSTJN1GE,-0.08734845651750123,7,5,2,massey_recent,G18,Downstate (N) 18 Cobras
G18NXTLV1PU,-1.2197458857811159,9,8,1,massey_recent,G18,Next Level 18 1
G18LDNER2NE,-1.9207439024567705,21,10,11,massey_recent,G18,Lockdown VBC 18 Ospreys
G18CMJVB2NE,-1.9631726795868385,13,9,4,massey_recent,G18,CMASS EDGE 18 Blue
G18SJVBC1NE,-2.022766210811018,17,14,3,massey_recent,G18,South County 18-Blue
G18TUSVA1GE,-2.3630307345830057,7,3,4,massey_recent,G18,Train Up VB 18 1
G18PPNER1NE,-3.281233164860968,15,11,4,massey_recent,G18,Pure Passion 18 1
G18MWJVB1NE,-3.423947717650621,19,16,3,massey_recent,G18,Metrowest VBC 18 Gold
G18KNGHT1GE,-3.71703876909143,1,1,0,massey_recent,G18,LIKVBC 18
G18CRJVB1NE,-4.312829825524071,21,4,17,massey_recent,G18,CRVBC 18 1 Eagles
G18BEVNY1GE,-4.355093399769246,8,4,4,massey_recent,G18,BEV 18 Empire
G18MIVBC1NE,-5.0388941001018575,15,7,8,massey_recent,G18,Mass Impact 18 Shannon
G18SOSVB2GE,-5.892147300883285,8,1,7,massey_recent,G18,Sideout 18N Jamie
G18SAJVB1NE,-5.933828595193106,13,8,5,massey_recent,G18,SA Elite 18 American
G18OCLEV1GE,-6.876119732210016,8,4,4,massey_recent,G18,OC Lady Elite 18 Black
G18UNVBC1NE,-6.894746948302508,20,8,12,massey_recent,G18,Unity 18 Girls National Banshees
G18MAJVB1NE,-7.64682341595066,20,12,8,massey_recent,G18,Mass Premier 18 1
G18APXTC1OV,-7.652174066015112,7,5,2,massey_recent,G18,Apex VBTC 18 Apex Red
G18LFJVB3NE,-7.993354452451513,23,15,8,massey_recent,G18,603 United 18 Central White
G18NYCJR1GE,-8.018614838295726,12,7,5,massey_recent,G18,NYC Juniors 18 National
G18DDVBC2NE,-8.664856485286185,32,7,25,massey_recent,G18,Dig Deep 18 Force
G18MIVBC3NE,-9.515199729731018,23,12,11,massey_recent,G18,Mass Impact 18 Chris
G18PVJVB1NE,-9.939893060014104,21,7,14,massey_recent,G18,PV 18 National
G18MIVBC2NE,-10.09467645349383,15,5,10,massey_recent,G18,Mass Impact 18 Mike
G18CTRVB1NE,-10.168303093656856,37,17,20,massey_recent,G18,C3VB 18 1
G18NSJVB1NE,-13.122042487487676,21,8,13,massey_recent,G18,NH Seacoast 18 Premier
G18SGHVB1NE,-13.142833799685814,7,2,5,massey_recent,G18,Starlings GH 18 1
G18CTRVB2NE,-14.07316737604266,36,9,27,massey_recent,G18,C3VB 18 2
G18VPVBC10NE,-14.484944655113052,10,4,6,massey_recent,G18,Viper 18 Purple
G18MNJVB3NE,-14.670110689108517,13,6,7,massey_recent,G18,Maine Jrs 18-Silver
G18NESVC1NE,-14.972247162524575,24,10,14,massey_recent,G18,NE Storm 18 Typhoon
G18GAJVB2NE,-16.734257767409005,13,5,8,massey_recent,G18,Gators 18 Green
G181190999XX,-16.908536374041574,14,6,8,massey_recent,G18,Tide 18 99
G18EYNER2NE,-17.158286586848725,14,4,10,massey_recent,G18,ENVY 18 TORNADO
G18NESVC2NE,-18.236078468644713,24,5,19,massey_recent,G18,NE Storm 18 Downburst
G18SRVBC1NE,-18.80230112073042,28,10,18,massey_recent,G18,SURGE 18 PINK
G18TTVBC1NE,-19.47197549662249,28,13,15,massey_recent,G18,SLAM 18P Black
G18FVNER3NE,-20.728000084137225,5,4,1,massey_recent,G18,Fusion 18 Elite
G18VVVBC1NE,-20.888028513623823,15,6,9,massey_recent,G18,Vibe 18u Premier
G18TTVBC2NE,-21.003828924205582,17,8,9,massey_recent,G18,SLAM 18R Red
G18113231XX,-21.2102624754661,30,5,25,massey_recent,G18,EliteZ 18 GIRLS HP BLACK
G18PVJVB2NE,-21.513606898841715,28,9,19,massey_recent,G18,PV 18 Elite
G18MIVBC4NE,-22.26313986017496,23,9,14,massey_recent,G18,Mass Impact 18 Curro
G18BVJVB1NE,-22.652506426553547,10,4,6,massey_recent,G18,Blast 18U Lions
G18UNVBC2NE,-24.948497858821895,10,1,9,massey_recent,G18,Unity 18 Girls Silver Krakens
G18RRJVB3NE,-26.931036685366585,23,4,19,massey_recent,G18,Boston United 18 Select
G18MAPVB3NE,-28.647960093424597,28,6,22,massey_recent,G18,Mass Power VB 18 Pink
G18MIVBC5NE,-29.783700281915017,23,6,17,massey_recent,G18,Mass Impact 18 Morgan
G18MNJVB4NE,-30.15411542587109,8,2,6,massey_recent,G18,Maine Jrs 18 Bronze
B17CAPIT1XL,1625.9901131517151,13,13,0,elo_baseline,MIXED,CSVC 17 BIG SLIDE
B15SYRVB1XL,1577.7578497657132,7,7,0,elo_baseline,MIXED,SVC 15 1 Boys
G15NEVBC2NE,1566.8717773066198,6,6,0,elo_baseline,MIXED,Northeast 15.2
G16SJJVB1NE,1565.7237655515387,6,6,0,elo_baseline,MIXED,SMASH 16s
G17NEVBC2NE,1565.721293056805,6,6,0,elo_baseline,MIXED,Northeast 17.2
G11LDNER1NE,1561.2254425118253,8,7,1,elo_baseline,MIXED,Lockdown VBC 11 Hummingbirds
B16SJJVB1NE,1557.2143134554417,5,5,0,elo_baseline,MIXED,SMASH Boys 16-1
G16NEVBC2NE,1554.8633254160357,5,5,0,elo_baseline,MIXED,Northeast 16.2
G13118021XX,1546.3392175228448,8,6,2,elo_baseline,MIXED,NYCLBVC 13U BLUE
B16CAPIT1XL,1534.710300311031,5,4,1,elo_baseline,MIXED,CSVC 16 WOLFJAW
G17CJJVB1NE,1532.4121408669232,5,4,1,elo_baseline,MIXED,CT Juniors 17 National
G15SJJVB1NE,1532.0101785468003,5,4,1,elo_baseline,MIXED,SMASH 15s
G15PARAD1WE,1531.9926036129739,5,4,1,elo_baseline,MIXED,Paradigm Ruckus
B14117752XX,1525.728472594514,2,2,0,elo_baseline,MIXED,ValleyVBC Elite Boys
G12TCJVB1NE,1525.4778417853547,2,2,0,elo_baseline,MIXED,Nova 12 Select Brie/Ryleigh
B18315VB1XL,1524.7730890438784,2,2,0,elo_baseline,MIXED,315VB 18 USA
G18HKJVB2NE,1524.0,2,2,0,elo_baseline,MIXED,Husky 18 Northeast
G18PARAD1WE,1524.0,2,2,0,elo_baseline,MIXED,Paradigm Revolution
G17LDNER1NE,1523.585699413623,4,3,1,elo_baseline,MIXED,Lockdown VBC 17 Phoenix
B15LEGIO1XL,1523.5149084493557,4,3,1,elo_baseline,MIXED,TeamLVC Boys 15 Black
G14MXVBC1NE,1523.2950661565199,2,2,0,elo_baseline,MIXED,Max Performance 14 Jaz
G14NEVBC2NE,1523.1713988272459,2,2,0,elo_baseline,MIXED,Northeast 14.2
G15MIVBC1NE,1522.8014028069158,6,4,2,elo_baseline,MIXED,Mass Impact 15 Brent
G13GREEN1GE,1522.5420650157935,8,5,3,elo_baseline,MIXED,Asphalt Green VBC 13-Green
G18EYNER1NE,1522.0584119956309,2,2,0,elo_baseline,MIXED,ENVY 18 CYCLONE
G17MIVBC1NE,1522.0403379106015,6,4,2,elo_baseline,MIXED,Mass Impact 17 Connor
G15PARAD2WE,1521.961707179803,4,3,1,elo_baseline,MIXED,Paradigm Racket
G15LFJVB3NE,1521.7897171315249,2,2,0,elo_baseline,MIXED,603 United 15 Seacoast Blue
G12SJJVB2NE,1521.6541962307592,2,2,0,elo_baseline,MIXED,SMASH 12s Energy
G13FVNER1NE,1521.215167196274,6,4,2,elo_baseline,MIXED,Fusion 13 Sparks
G13BVJVB1NE,1520.0749099473924,6,4,2,elo_baseline,MIXED,Blast 13U Dragons
G16PARAD1WE,1513.565149036027,1,1,0,elo_baseline,MIXED,Paradigm Rebellion
B14RRJVB1NE,1513.3227813174656,1,1,0,elo_baseline,MIXED,Boston United Boys 14-1
G16PARAD2WE,1513.210678146753,1,1,0,elo_baseline,MIXED,Paradigm Rumble
G18TCJVB1NE,1513.2102057613872,1,1,0,elo_baseline,MIXED,Nova 18 Premier Matt
B14SJJVB1NE,1513.1969996934067,1,1,0,elo_baseline,MIXED,SMASH Boys 14-1
G14MGJVB6NE,1513.1842465110399,1,1,0,elo_baseline,MIXED,MGA 14's Stripes
G14MAJVB3NE,1512.813372137389,1,1,0,elo_baseline,MIXED,Mass Premier 14 2 Blue
G18SJVBC1NE,1512.8000938285802,1,1,0,elo_baseline,MIXED,South County 18-Blue
G15117751XX,1512.8000938285802,1,1,0,elo_baseline,MIXED,ValleyVBC Elite
G15NEVBC5NE,1512.414300586377,1,1,0,elo_baseline,MIXED,Northeast 15 Black
G14PVJVB3NE,1512.414300586377,1,1,0,elo_baseline,MIXED,PV 14 Pink Panthers
G18LFJVB2NE,1512.414300586377,1,1,0,elo_baseline,MIXED,603 United 18 Seacoast White
G16LFJVB2NE,1512.414300586377,1,1,0,elo_baseline,MIXED,603 United 16 Seacoast White
G14TCJVB1NE,1512.414300586377,1,1,0,elo_baseline,MIXED,Nova 14 Premier Brody/Brennan
G16118021XX,1512.414300586377,1,1,0,elo_baseline,MIXED,NYCLBVC 16U BLUE ELITE
G12SJJVB3NE,1512.414300586377,1,1,0,elo_baseline,MIXED,SMASH 12's Volts
G18USANY1XL,1512.414300586377,1,1,0,elo_baseline,MIXED,USANY Fortitude 18 - 1
B14NEVBC1NE,1512.4022171387278,1,1,0,elo_baseline,MIXED,NEVBC Boys 14.1
B18SJJVB3NE,1512.3725226457232,3,2,1,elo_baseline,MIXED,SMASH Boys 18's Surge
G17NYCJR3GE,1512.2058560628336,1,1,0,elo_baseline,MIXED,NYC Juniors 17 SI
G15RRJVB9NE,1512.0143094285309,1,1,0,elo_baseline,MIXED,Boston United 15 Chrome
G14ROCKA1GE,1512.0143094285309,1,1,0,elo_baseline,MIXED,RVT 14-1 Surf
G12LIBER1CH,1512.0143094285309,1,1,0,elo_baseline,MIXED,Libero 12 Huskies
G12SJJVB1NE,1512.000970802514,1,1,0,elo_baseline,MIXED,SMASH 12s
G18AAVBC1NE,1512.0,1,1,0,elo_baseline,MIXED,AVA 18 Purple Sharks
G16TTVBC4NE,1512.0,1,1,0,elo_baseline,MIXED,SLAM 16R Silver
G15AVVBC3NE,1512.0,1,1,0,elo_baseline,MIXED,Avidity 15 Jade
B17NEVBC1NE,1512.0,3,2,1,elo_baseline,MIXED,NEVBC Boys 17.1
G16CMJVB3NE,1512.0,1,1,0,elo_baseline,MIXED,CMASS EDGE 16 White
G17LHVBA1GE,1512.0,1,1,0,elo_baseline,MIXED,LHVA 17 Purple National
G16APXTC2OV,1512.0,1,1,0,elo_baseline,MIXED,Apex VBTC 16 Apex White
B18MCJVB1NE,1512.0,1,1,0,elo_baseline,MIXED,Mill City 18's
G14118022XX,1512.0,1,1,0,elo_baseline,MIXED,NYCLBVC 14U WHITE
G14NYCJR5GE,1512.0,1,1,0,elo_baseline,MIXED,NYC Juniors 14 Brooklyn
G17GRVBC2NE,1512.0,1,1,0,elo_baseline,MIXED,GVC 17-2
G12NYCJR1GE,1512.0,1,1,0,elo_baseline,MIXED,NYC Juniors 12 Blue
G15CAMYV1NE,1512.0,1,1,0,elo_baseline,MIXED,CYVB 15 1
G17HKJVB4NE,1512.0,1,1,0,elo_baseline,MIXED,Husky 17 New England
G16CMJVB2NE,1512.0,1,1,0,elo_baseline,MIXED,CMASS EDGE 16 Blue
B18MVNER2NE,1512.0,1,1,0,elo_baseline,MIXED,Meraki VB 18 2
G15HKJVB1NE,1511.9927916838521,5,3,2,elo_baseline,MIXED,Husky 15 National
G16NEVBC5NE,1511.9856905714691,1,1,0,elo_baseline,MIXED,Northeast 16 Orange
G14BVJVB1NE,1511.706363337104,5,3,2,elo_baseline,MIXED,Blast 14U Jungle Cats
G16DDVBC1NE,1511.6793490473592,1,1,0,elo_baseline,MIXED,Dig Deep 16 Ginger
G17SIVBC1NE,1511.6280561756819,1,1,0,elo_baseline,MIXED,SISU VB 17 1
G12ROCKA3GE,1511.5994986937403,1,1,0,elo_baseline,MIXED,RVT 12-3 Sail
G16SSVBC1NE,1511.585699413623,1,1,0,elo_baseline,MIXED,SSVBC 16 1
G15BVJVB1NE,1511.585699413623,1,1,0,elo_baseline,MIXED,Blast 15U Sabers
G17EYNER1NE,1511.585699413623,1,1,0,elo_baseline,MIXED,ENVY 17 NATIONAL
G17PROVA3GE,1511.585699413623,1,1,0,elo_baseline,MIXED,Prodigy 17.3 Elite
G16LHVBA1GE,1511.585699413623,1,1,0,elo_baseline,MIXED,LHVA 16 Purple National
G16NESVC1NE,1511.585699413623,1,1,0,elo_baseline,MIXED,NE Storm 16 Avalanche
G16CAMYV1NE,1511.585699413623,1,1,0,elo_baseline,MIXED,CYVB 16 1
G17MCJVB2NE,1511.585699413623,1,1,0,elo_baseline,MIXED,Mill City 17 Orange
G16DRVBC1NE,1511.585699413623,1,1,0,elo_baseline,MIXED,Dragons 16 Fyre
G17LFJVB2NE,1511.585699413623,1,1,0,elo_baseline,MIXED,603 United 17 Seacoast White
G17MGJVB4NE,1511.2557709857447,1,1,0,elo_baseline,MIXED,MGA 17's Stars
G12118021XX,1511.1999061714198,1,1,0,elo_baseline,MIXED,NYCLBVC 12U BLUE
G14LFJVB3NE,1511.186627862611,1,1,0,elo_baseline,MIXED,603 United 14 Seacoast Blue
G16LFJVB3NE,1511.186627862611,1,1,0,elo_baseline,MIXED,603 United 16 Central White
G16NESVC3NE,1511.186627862611,1,1,0,elo_baseline,MIXED,NE Storm 16 Earthquake
G17SHVBC1NE,1511.186627862611,1,1,0,elo_baseline,MIXED,NE Shock 17 1
G16MCJVB3NE,1511.186627862611,1,1,0,elo_baseline,MIXED,Mill City 16 Orange
G16113231XX,1511.186627862611,1,1,0,elo_baseline,MIXED,EliteZ 16 GIRLS HP BLACK
G17NYCIV1GE,1511.186627862611,1,1,0,elo_baseline,MIXED,NYC Impact 17U Black
G12LDNER1NE,1511.1727776620078,1,1,0,elo_baseline,MIXED,Lockdown VBC 12 SandPipers
G16JHEAT2GE,1511.172385326556,1,1,0,elo_baseline,MIXED,CJHEAT 16 2
G16AVVBC1NE,1510.970291957831,1,1,0,elo_baseline,MIXED,Avidity 16 Onyx
G12LDNER2NE,1510.900153195235,1,1,0,elo_baseline,MIXED,Lockdown VBC 12 Puffins
B13SJJVB1NE,1510.8591856520916,16,9,7,elo_baseline,MIXED,SMASH Boys 13-1
G17BEVNY2GE,1510.8030003065933,1,1,0,elo_baseline,MIXED,BEV 17 Elite
G16MOMET1FL,1510.8030003065933,1,1,0,elo_baseline,MIXED,Momentum 16 Neon
G16RRJVB5NE,1510.8030003065933,1,1,0,elo_baseline,MIXED,Boston United 16 Sapphire
G16BVJVB3NE,1510.8030003065933,1,1,0,elo_baseline,MIXED,Blast 16U Jaguars
G16SAJVB3NE,1510.8030003065933,1,1,0,elo_baseline,MIXED,SA Elite 16 American Ice
G12RRJVB1NE,1510.7896986386793,1,1,0,elo_baseline,MIXED,Boston United 12 Select
G16NESVC4NE,1510.434850963973,1,1,0,elo_baseline,MIXED,NE Storm 16 Twister
G14GAJVB1NE,1510.399413707314,5,3,2,elo_baseline,MIXED,Gators 14 Black
B17HKJVB2NE,1510.387909320012,5,3,2,elo_baseline,MIXED,Husky 17.2
G12LHVBC1NE,1510.0237194656056,3,2,1,elo_baseline,MIXED,LHV Girls 12-1 Spark
G15118022XX,1505.9607282360917,8,4,4,elo_baseline,MIXED,NYCLBVC 15U WHITE
B14SAVBC1XL,1504.8281851021736,4,2,2,elo_baseline,MIXED,Sporting Albany Boys 14u
G16LDNER1NE,1502.7691469976473,2,1,1,elo_baseline,MIXED,Lockdown VBC 16 Hawks
G14GREEN1GE,1501.9853125503319,2,1,1,elo_baseline,MIXED,Asphalt Green VBC 14-Green
G14IGVBC2NE,1501.967162497603,2,1,1,elo_baseline,MIXED,Ignite 14 Red
G16NEVBC3NE,1501.5113163491153,2,1,1,elo_baseline,MIXED,Northeast 16.3
B18PVJVB4NE,1500.7730938301236,2,1,1,elo_baseline,MIXED,PV Boys 18 4
B16NESVC2NE,1500.7131800166812,6,3,3,elo_baseline,MIXED,NE Storm 16 Monsoon
G16TCJVB1NE,1500.5386698952852,2,1,1,elo_baseline,MIXED,Nova 16 Premier Jamie/Mili
B18SJJVB2NE,1500.4000076259508,2,1,1,elo_baseline,MIXED,SMASH Boys 18's Force
B18PVJVB1NE,1500.3995629429944,2,1,1,elo_baseline,MIXED,PV Boys 18 1
G14LEGIO2XL,1500.0285823499016,2,1,1,elo_baseline,MIXED,TeamLVC 14 Pink
B17PVJVB1NE,1500.0,2,1,1,elo_baseline,MIXED,PV Boys 17 1
G16MCJVB6NE,1500.0,2,1,1,elo_baseline,MIXED,Mill City 16 Teal
G17KNGHT1GE,1500.0,2,1,1,elo_baseline,MIXED,LIKVBC 17
G16SJVBC3NE,1500.0,2,1,1,elo_baseline,MIXED,South County 16-Gold
B17CAPIT2XL,1499.9857082163928,2,1,1,elo_baseline,MIXED,CSVC 17 SKYLIGHT
G18DDVBC1NE,1499.6000088421538,2,1,1,elo_baseline,MIXED,Dig Deep 18 Ginger
G16HEVBA9NE,1499.585699413623,2,1,1,elo_baseline,MIXED,HEVBA 16 99
G17SJJVB1NE,1499.585699413623,4,2,2,elo_baseline,MIXED,SMASH 17s
G12VERSE1GE,1498.9781074643072,2,1,1,elo_baseline,MIXED,NYC Volley Verse 12 1
G14LFJVB4NE,1498.5774362366244,2,1,1,elo_baseline,MIXED,603 United 14 Central Blue
G14GAJVB3NE,1498.4438234218762,2,1,1,elo_baseline,MIXED,Gators 14 White
G16SPAVB2XL,1498.2157041902615,2,1,1,elo_baseline,MIXED,Spa City 16 Coral
G16UNVBC1NE,1497.7023034082952,2,1,1,elo_baseline,MIXED,Unity 16 Girls Gold Valkeries
G11GRVBC1NE,1495.4418102243596,13,6,7,elo_baseline,MIXED,GVC 11-1
G16MNJVB1NE,1493.754872173258,9,4,5,elo_baseline,MIXED,Maine Jrs 16 National
B18NESVC1NE,1491.6963126852902,1,0,1,elo_baseline,MIXED,NE Storm 18 Thunder
B18BVJVB1NE,1491.169693902867,1,0,1,elo_baseline,MIXED,Blast 18 Fire
B18LHVBC2NE,1490.874521572856,1,0,1,elo_baseline,MIXED,LHV Boys 18-2 Blitz
B18118281XX,1490.5654264395553,1,0,1,elo_baseline,MIXED,PW-VB Quarter-Zip Elite 67-Matcha
B17SJJVB3NE,1490.425463978835,3,1,2,elo_baseline,MIXED,SMASH Boys 17's Shock
B16RRJVB3NE,1490.3967460614933,3,1,2,elo_baseline,MIXED,Boston United Boys 16 Select 1
G16MXVBC1NE,1490.3722281413816,5,2,3,elo_baseline,MIXED,Max Performance 16 Jess
G12PROVA1GE,1489.9179368242799,1,0,1,elo_baseline,MIXED,Prodigy 12.1 Club
G17SJJVB2NE,1489.9051009557093,1,0,1,elo_baseline,MIXED,SMASH 17s Black Ice
G18CADOV1WE,1489.9050148106776,1,0,1,elo_baseline,MIXED,CADO 18 1
B15CAPIT1XL,1489.6263015122195,3,1,2,elo_baseline,MIXED,CSVC 15 PANTHERS
G12TTVBC2NE,1489.565149036027,1,0,1,elo_baseline,MIXED,SLAM 12R Red
G18SPAVB1XL,1489.5516560513372,1,0,1,elo_baseline,MIXED,Spa City 18 Aqua
G16LFJVB1NE,1489.210206343887,1,0,1,elo_baseline,MIXED,603 United 16 Seacoast Black
G16CJJVB2NE,1489.1969996934067,1,0,1,elo_baseline,MIXED,CT Juniors 16 Premier
G16HKJVB2NE,1489.1969996934067,1,0,1,elo_baseline,MIXED,Husky 16 Northeast Red
G18SSVBC1NE,1489.1829289930706,1,0,1,elo_baseline,MIXED,SSVBC 18 1
G17118021XX,1489.1679148338346,1,0,1,elo_baseline,MIXED,NYCLBVC 17U BLUE ELITE
B14HKJVB1NE,1489.0559546487464,1,0,1,elo_baseline,MIXED,Husky 14.1
G16LEGIO3XL,1488.827614673444,1,0,1,elo_baseline,MIXED,TeamLVC 16 White
G16PROVA1GE,1488.8271233992737,1,0,1,elo_baseline,MIXED,Prodigy 16.1 Premier
G18SSVBC2NE,1488.8271227927348,1,0,1,elo_baseline,MIXED,SSVBC 18 2
G14CACLI4GE,1488.8247997800765,1,0,1,elo_baseline,MIXED,CALI 14 Gold North
G16LEGIO2XL,1488.813372137389,1,0,1,elo_baseline,MIXED,TeamLVC 16 Pink
G12TTVBC3NE,1488.813372137389,1,0,1,elo_baseline,MIXED,SLAM 12R White
G17PARAD1WE,1488.813372137389,1,0,1,elo_baseline,MIXED,Paradigm Revolt
G14PVJVB4NE,1488.8000938285802,1,0,1,elo_baseline,MIXED,PV 14 Select North
B17SJJVB2NE,1488.8000141155899,3,1,2,elo_baseline,MIXED,SMASH Boys 17 Chaos
G14TTVBC8NE,1488.7726115932974,1,0,1,elo_baseline,MIXED,SLAM 14R Platinum
B14SJJVB2NE,1488.7442290142553,1,0,1,elo_baseline,MIXED,SMASH Boys 14's Thunder
G14EYNER1NE,1488.467569065675,1,0,1,elo_baseline,MIXED,ENVY 14 SANDSTORM
G16SIVBC1NE,1488.4285923699842,1,0,1,elo_baseline,MIXED,SISU VB 16 1
G14RENAS1KE,1488.426177345286,1,0,1,elo_baseline,MIXED,Renaissance 14 Black
G18USANY2XL,1488.414300586377,1,0,1,elo_baseline,MIXED,USANY Patience 18 - 2
G16SSVBC2NE,1488.414300586377,1,0,1,elo_baseline,MIXED,SSVBC 16 2
G18CTRVB1NE,1488.414300586377,1,0,1,elo_baseline,MIXED,C3VB 18 1
G16PVJVB1NE,1488.414300586377,1,0,1,elo_baseline,MIXED,PV 16 National
G12NSJVB1NE,1488.414300586377,1,0,1,elo_baseline,MIXED,NH Seacoast 12 USA
B14CAPIT2XL,1488.414300586377,1,0,1,elo_baseline,MIXED,CSVC 14 SAWTEETH
G18CTRVB2NE,1488.4005013062597,1,0,1,elo_baseline,MIXED,C3VB 18 2
G14112721XX,1488.4005013062597,1,0,1,elo_baseline,MIXED,X2 Volleyball 14 1
G15GAJVB2NE,1488.4005013062597,1,0,1,elo_baseline,MIXED,Gators 15 Green
G14RRJVB5NE,1488.3719438243181,1,0,1,elo_baseline,MIXED,Boston United 14 Sapphire
G18DRVBC1NE,1488.3590757967124,1,0,1,elo_baseline,MIXED,Dragons 18 Phantoms
G14BEVNY2GE,1488.0552484078978,1,0,1,elo_baseline,MIXED,BEV 14 Elite
G16NEVBC6NE,1488.000970802514,1,0,1,elo_baseline,MIXED,Northeast 16 Black
G15117754XX,1488.0,1,0,1,elo_baseline,MIXED,ValleyVBC Blue
G14TTVBC6NE,1488.0,1,0,1,elo_baseline,MIXED,SLAM 14R Crimson
G18LEGRO3GE,1488.0,1,0,1,elo_baseline,MIXED,Allegro 18 South Black
G14RRJVB6NE,1488.0,1,0,1,elo_baseline,MIXED,Boston United 14 Steel
G14SPAVB3XL,1488.0,1,0,1,elo_baseline,MIXED,Spa City 14 Navy
G18NEVBC2NE,1488.0,1,0,1,elo_baseline,MIXED,Northeast 18.2
G16WAREN1GE,1488.0,1,0,1,elo_baseline,MIXED,Warren Sixpack 16 red
G17LEGRO3GE,1488.0,1,0,1,elo_baseline,MIXED,Allegro 17 South Black
G16CTRVB1NE,1488.0,1,0,1,elo_baseline,MIXED,C3VB 16 1
G16MXVBC2NE,1488.0,1,0,1,elo_baseline,MIXED,Max Performance 16 Tony
G17HKJVB3NE,1488.0,1,0,1,elo_baseline,MIXED,Husky 17 Northeast Black
G18MCJVB3NE,1488.0,1,0,1,elo_baseline,MIXED,Mill City 18 Orange
G12HRJVB1NE,1488.0,1,0,1,elo_baseline,MIXED,HardRock 12
G18SGHVB1NE,1488.0,1,0,1,elo_baseline,MIXED,Starlings GH 18 1
G15RRJVB11NE,1487.9894953333082,1,0,1,elo_baseline,MIXED,Boston United 15 Cobalt
G15RRJVB4NE,1487.9856905714691,1,0,1,elo_baseline,MIXED,Boston United 15 Sapphire
G18TTVBC2NE,1487.9856905714691,1,0,1,elo_baseline,MIXED,SLAM 18R Red
G14MIVBC2NE,1487.9856905714691,1,0,1,elo_baseline,MIXED,Mass Impact 14 Lara
B18PVJVB3NE,1487.9733904914692,3,1,2,elo_baseline,MIXED,PV Boys 18 3
G13SPAVB2XL,1487.9714176500984,5,2,3,elo_baseline,MIXED,Spa City 13 Coral
B18TTVBC1NE,1487.9688321769286,1,0,1,elo_baseline,MIXED,SLAM 18 1 Boys
G17CSJVB1NE,1487.7839729751477,1,0,1,elo_baseline,MIXED,CT STARS 17s Rony
G16CJVBA6GE,1487.7839729751477,1,0,1,elo_baseline,MIXED,CJVA 16 Red
G14CACLI6GE,1487.6280561756819,1,0,1,elo_baseline,MIXED,CALI 14 Gold South
B15RRJVB2NE,1487.6138124445538,5,2,3,elo_baseline,MIXED,Boston United Boys 15 Select 1
B17RRJVB1NE,1487.6000088421538,3,1,2,elo_baseline,MIXED,Boston United Boys 17 National 1
G14VERSE2GE,1487.5994986937403,1,0,1,elo_baseline,MIXED,NYC Volley Verse 14 Navy
G12BEVNY1GE,1487.585699413623,1,0,1,elo_baseline,MIXED,BEV 12 Elite
B18NESVC2NE,1487.585699413623,1,0,1,elo_baseline,MIXED,NE Storm 18 Squall
G15MAPVB3NE,1487.585699413623,1,0,1,elo_baseline,MIXED,Mass Power VB 15 Pink
G16LHVBC4NE,1487.5719012304367,1,0,1,elo_baseline,MIXED,LHV Girls 16-4 Ragers
B18NEVBC3NE,1487.5386601679404,1,0,1,elo_baseline,MIXED,NEVBC Boys 18 Blue
G16CSJVB3NE,1487.3475949768406,1,0,1,elo_baseline,MIXED,CT STARS 16s Ioanna
G17118022XX,1487.3475949768406,1,0,1,elo_baseline,MIXED,NYCLBVC 17U WHITE
B17HKJVB3NE,1487.2577328051048,5,2,3,elo_baseline,MIXED,Husky 17.3
G17LDNER3NE,1487.2273884067026,1,0,1,elo_baseline,MIXED,Lockdown VBC 17 Raptors
B16BVJVB2NE,1487.2008218870542,3,1,2,elo_baseline,MIXED,Blast 16 Pyro
G17TTVBC2NE,1487.186627862611,1,0,1,elo_baseline,MIXED,SLAM 17P Red
G16LEGRO4GE,1487.0409197478612,3,1,2,elo_baseline,MIXED,Allegro 16 South Black
G16BEVNY3GE,1486.8975252651198,1,0,1,elo_baseline,MIXED,BEV 16 Skyline
G17FGSVA1FL,1486.8975252651198,1,0,1,elo_baseline,MIXED,Gulfside 17U Select
G18DDVBC2NE,1486.8030003065933,1,0,1,elo_baseline,MIXED,Dig Deep 18 Force
G16PVJVB3NE,1486.789321853247,1,0,1,elo_baseline,MIXED,PV 16 Select
G12CMJVB2NE,1486.5280299337282,1,0,1,elo_baseline,MIXED,CMASS EDGE 12 Gray
G16MAPVB3NE,1486.434850963973,1,0,1,elo_baseline,MIXED,Mass Power VB 16 Black
G16TCJVB4NE,1486.434850963973,1,0,1,elo_baseline,MIXED,Nova 16 Regional
G17NETHG2XL,1486.434850963973,1,0,1,elo_baseline,MIXED,NET 17 Lightning
G16SURGE1GE,1486.434850963973,1,0,1,elo_baseline,MIXED,LI Surge 16 Premier
G12CSJVB1NE,1485.7456160064085,1,0,1,elo_baseline,MIXED,CT STARS 12-1
G17LFJVB1NE,1479.442482966457,2,0,2,elo_baseline,MIXED,603 United 17 Seacoast Black
G15MNJVB1NE,1479.0346444833312,6,2,4,elo_baseline,MIXED,Maine Jrs 15-National
B18BVJVB2NE,1478.5931820155374,2,0,2,elo_baseline,MIXED,Blast 18 Blaze
B18PVJVB2NE,1478.319148769118,2,0,2,elo_baseline,MIXED,PV Boys 18 2
G15SIVBC1NE,1478.038292820197,4,1,3,elo_baseline,MIXED,SISU VB 15 1
G17WAREN1GE,1478.006015354586,2,0,2,elo_baseline,MIXED,Warren Sixpack 17 red
G12GRVBC2NE,1477.9448823027267,2,0,2,elo_baseline,MIXED,GVC 12-2 Diamonds
G17SPAVB3XL,1477.2092717938644,2,0,2,elo_baseline,MIXED,Spa City 17 Coral
B14RRJVB2NE,1477.0593341263593,2,0,2,elo_baseline,MIXED,Boston United Boys 13 Select 1
G12RRJVB2NE,1476.5566163074643,2,0,2,elo_baseline,MIXED,Boston United 12 Sapphire
B16PVJVB2NE,1476.525385917451,4,1,3,elo_baseline,MIXED,PV Boys 16 2
G14TRICO1GE,1476.4901443763931,2,0,2,elo_baseline,MIXED,TriCounty ATTACK 14 1
G18KNGHT1GE,1476.414300586377,2,0,2,elo_baseline,MIXED,LIKVBC 18
B14CAPIT1XL,1476.3883401258827,2,0,2,elo_baseline,MIXED,CSVC 14 CASCADE
G14SURGE2GE,1476.0419022241254,2,0,2,elo_baseline,MIXED,LI Surge 14 Premier White
G18PVJVB1NE,1476.0,2,0,2,elo_baseline,MIXED,PV 18 National
G12112721XX,1475.836943983612,2,0,2,elo_baseline,MIXED,X2 Volleyball 12 1
G17LEGIO2XL,1475.6717512971786,2,0,2,elo_baseline,MIXED,TeamLVC 17 Pink
G16CRJVB1NE,1474.5136791930754,2,0,2,elo_baseline,MIXED,CRVBC 16 1 Hawks
G15SGHVB1NE,1473.8246893432097,2,0,2,elo_baseline,MIXED,Starlings GH 15 1
B18CAPIT1XL,1473.7080325922893,5,1,4,elo_baseline,MIXED,CSVC 18 HAYSTACK
G14GAJVB2NE,1470.0256281139298,7,2,5,elo_baseline,MIXED,Gators 14 Green
G13LFJVB2NE,1468.4970463223685,7,2,5,elo_baseline,MIXED,603 United 13 Seacoast Blue
G17BVJVB1NE,1467.552888284153,5,1,4,elo_baseline,MIXED,Blast 17U Cobras
B18LEGIO1XL,1467.1989674286256,3,0,3,elo_baseline,MIXED,TeamLVC Boys 18 Black
G16SJVBC2NE,1467.1689014314281,5,1,4,elo_baseline,MIXED,South County 16-Blue
G18LFJVB1NE,1466.7610276521564,3,0,3,elo_baseline,MIXED,603 United 18 Seacoast Black
B16LHVBC2NE,1466.398868574173,3,0,3,elo_baseline,MIXED,LHV Boys 16-2 Hunters
B15TTVBC1NE,1465.5418250602738,5,1,4,elo_baseline,MIXED,SLAM 15 1 Boys
B18SAVBC1XL,1464.4285923699842,3,0,3,elo_baseline,MIXED,Sporting Albany Boys 18u
G15RRJVB7NE,1456.6939539406337,6,1,5,elo_baseline,MIXED,Boston United 15 Silver
G11SJJVB1NE,1448.1987206076487,11,3,8,elo_baseline,MIXED,SMASH 11s
G15DRVBC3NE,1443.9898214531997,5,0,5,elo_baseline,MIXED,Dragons 15 Brian
G15CJJVB2NE,1437.4937017731395,10,2,8,elo_baseline,MIXED,Ct Juniors 15 Premier
B17CAPIT1XL,1722.3179703363464,13,13,0,elo_margin,MIXED,CSVC 17 BIG SLIDE
B15SYRVB1XL,1672.1578791096088,7,7,0,elo_margin,MIXED,SVC 15 1 Boys
G17NEVBC2NE,1641.2318330923986,6,6,0,elo_margin,MIXED,Northeast 17.2
G15NEVBC2NE,1635.4451095104903,6,6,0,elo_margin,MIXED,Northeast 15.2
B16SJJVB1NE,1627.4773227492963,5,5,0,elo_margin,MIXED,SMASH Boys 16-1
G16NEVBC2NE,1620.1934347536485,5,5,0,elo_margin,MIXED,Northeast 16.2
G16SJJVB1NE,1618.0403032116296,6,6,0,elo_margin,MIXED,SMASH 16s
G13118021XX,1611.1892024681742,8,6,2,elo_margin,MIXED,NYCLBVC 13U BLUE
G11LDNER1NE,1602.58320918655,8,7,1,elo_margin,MIXED,Lockdown VBC 11 Hummingbirds
B16CAPIT1XL,1576.6162051549086,5,4,1,elo_margin,MIXED,CSVC 16 WOLFJAW
G15PARAD1WE,1565.8910481727078,5,4,1,elo_margin,MIXED,Paradigm Ruckus
G12TCJVB1NE,1564.9232228123433,2,2,0,elo_margin,MIXED,Nova 12 Select Brie/Ryleigh
G15SJJVB1NE,1564.4247725072892,5,4,1,elo_margin,MIXED,SMASH 15s
B18315VB1XL,1563.0011075027203,2,2,0,elo_margin,MIXED,315VB 18 USA
G17LDNER1NE,1561.2681828276259,4,3,1,elo_margin,MIXED,Lockdown VBC 17 Phoenix
B15LEGIO1XL,1557.8786756772365,4,3,1,elo_margin,MIXED,TeamLVC Boys 15 Black
G18HKJVB2NE,1557.4665812873804,2,2,0,elo_margin,MIXED,Husky 18 Northeast
G14NEVBC2NE,1555.897384742923,2,2,0,elo_margin,MIXED,Northeast 14.2
G14MXVBC1NE,1555.0574536091606,2,2,0,elo_margin,MIXED,Max Performance 14 Jaz
G13GREEN1GE,1550.6072147456284,8,5,3,elo_margin,MIXED,Asphalt Green VBC 13-Green
G18PARAD1WE,1550.3272391918952,2,2,0,elo_margin,MIXED,Paradigm Revolution
G18EYNER1NE,1548.9354363576138,2,2,0,elo_margin,MIXED,ENVY 18 CYCLONE
B14117752XX,1548.194257485082,2,2,0,elo_margin,MIXED,ValleyVBC Elite Boys
G15LFJVB3NE,1546.7054559615308,2,2,0,elo_margin,MIXED,603 United 15 Seacoast Blue
G13FVNER1NE,1546.4987580263592,6,4,2,elo_margin,MIXED,Fusion 13 Sparks
G17MIVBC1NE,1545.6793041599192,6,4,2,elo_margin,MIXED,Mass Impact 17 Connor
G15MIVBC1NE,1543.1587998334478,6,4,2,elo_margin,MIXED,Mass Impact 15 Brent
G17CJJVB1NE,1541.051547974598,5,4,1,elo_margin,MIXED,CT Juniors 17 National
G13BVJVB1NE,1540.6093590788787,6,4,2,elo_margin,MIXED,Blast 13U Dragons
B14SJJVB1NE,1536.992929214875,1,1,0,elo_margin,MIXED,SMASH Boys 14-1
B14RRJVB1NE,1536.845224604783,1,1,0,elo_margin,MIXED,Boston United Boys 14-1
B17NEVBC1NE,1536.718993999974,3,2,1,elo_margin,MIXED,NEVBC Boys 17.1
G12SJJVB2NE,1536.5815694105165,2,2,0,elo_margin,MIXED,SMASH 12s Energy
G16PARAD1WE,1535.3387665995426,1,1,0,elo_margin,MIXED,Paradigm Rebellion
G14BVJVB1NE,1535.0655253878783,5,3,2,elo_margin,MIXED,Blast 14U Jungle Cats
G16PARAD2WE,1534.9155980122484,1,1,0,elo_margin,MIXED,Paradigm Rumble
G18SJVBC1NE,1534.5615382544447,1,1,0,elo_margin,MIXED,South County 18-Blue
G14MAJVB3NE,1534.2357401327665,1,1,0,elo_margin,MIXED,Mass Premier 14 2 Blue
B18SJJVB3NE,1534.1779872575144,3,2,1,elo_margin,MIXED,SMASH Boys 18's Surge
G17NYCJR3GE,1533.8539697113908,1,1,0,elo_margin,MIXED,NYC Juniors 17 SI
G16118021XX,1532.5839895213328,1,1,0,elo_margin,MIXED,NYCLBVC 16U BLUE ELITE
G12SJJVB3NE,1532.5839895213328,1,1,0,elo_margin,MIXED,SMASH 12's Volts
G15NEVBC5NE,1532.5839895213328,1,1,0,elo_margin,MIXED,Northeast 15 Black
G16LFJVB2NE,1532.5839895213328,1,1,0,elo_margin,MIXED,603 United 16 Seacoast White
G14PVJVB3NE,1532.5684656755893,1,1,0,elo_margin,MIXED,PV 14 Pink Panthers
B14NEVBC1NE,1532.3764916593686,1,1,0,elo_margin,MIXED,NEVBC Boys 14.1
G14ROCKA1GE,1530.8936918805173,1,1,0,elo_margin,MIXED,RVT 14-1 Surf
G12SJJVB1NE,1530.0385444913222,1,1,0,elo_margin,MIXED,SMASH 12s
G15AVVBC3NE,1530.0,1,1,0,elo_margin,MIXED,Avidity 15 Jade
G17GRVBC2NE,1530.0,1,1,0,elo_margin,MIXED,GVC 17-2
G16TTVBC4NE,1530.0,1,1,0,elo_margin,MIXED,SLAM 16R Silver
G16CMJVB3NE,1530.0,1,1,0,elo_margin,MIXED,CMASS EDGE 16 White
G14118022XX,1530.0,1,1,0,elo_margin,MIXED,NYCLBVC 14U WHITE
G12NYCJR1GE,1530.0,1,1,0,elo_margin,MIXED,NYC Juniors 12 Blue
G17HKJVB4NE,1530.0,1,1,0,elo_margin,MIXED,Husky 17 New England
G16CMJVB2NE,1530.0,1,1,0,elo_margin,MIXED,CMASS EDGE 16 Blue
G16APXTC2OV,1530.0,1,1,0,elo_margin,MIXED,Apex VBTC 16 Apex White
G18LFJVB2NE,1529.9518396145825,1,1,0,elo_margin,MIXED,603 United 18 Seacoast White
G15HKJVB1NE,1529.8237887910516,5,3,2,elo_margin,MIXED,Husky 15 National
G12LIBER1CH,1529.7821756135081,1,1,0,elo_margin,MIXED,Libero 12 Huskies
G16NEVBC5NE,1529.776884523057,1,1,0,elo_margin,MIXED,Northeast 16 Orange
G14MGJVB6NE,1529.3850074964173,1,1,0,elo_margin,MIXED,MGA 14's Stripes
G18TCJVB1NE,1528.8830968401583,1,1,0,elo_margin,MIXED,Nova 18 Premier Matt
G16DDVBC1NE,1528.82344433665,1,1,0,elo_margin,MIXED,Dig Deep 16 Ginger
G14GAJVB1NE,1527.7310641566007,5,3,2,elo_margin,MIXED,Gators 14 Black
G16DRVBC1NE,1527.4160104786672,1,1,0,elo_margin,MIXED,Dragons 16 Fyre
G16LHVBA1GE,1527.4160104786672,1,1,0,elo_margin,MIXED,LHVA 16 Purple National
G16CAMYV1NE,1527.4160104786672,1,1,0,elo_margin,MIXED,CYVB 16 1
G15BVJVB1NE,1527.4160104786672,1,1,0,elo_margin,MIXED,Blast 15U Sabers
G16NESVC1NE,1527.4160104786672,1,1,0,elo_margin,MIXED,NE Storm 16 Avalanche
G17PROVA3GE,1527.4160104786672,1,1,0,elo_margin,MIXED,Prodigy 17.3 Elite
G12ROCKA3GE,1527.218582946844,1,1,0,elo_margin,MIXED,RVT 12-3 Sail
G15RRJVB9NE,1527.1307633417152,1,1,0,elo_margin,MIXED,Boston United 15 Chrome
G17MCJVB2NE,1526.8838921700476,1,1,0,elo_margin,MIXED,Mill City 17 Orange
G17EYNER1NE,1526.734995551591,1,1,0,elo_margin,MIXED,ENVY 17 NATIONAL
G17SHVBC1NE,1526.1623843642599,1,1,0,elo_margin,MIXED,NE Shock 17 1
G16SSVBC1NE,1525.9425270379786,1,1,0,elo_margin,MIXED,SSVBC 16 1
G17NYCIV1GE,1525.8615152810569,1,1,0,elo_margin,MIXED,NYC Impact 17U Black
G16AVVBC1NE,1525.833058176765,1,1,0,elo_margin,MIXED,Avidity 16 Onyx
G15117751XX,1525.3747393736899,1,1,0,elo_margin,MIXED,ValleyVBC Elite
G16MCJVB3NE,1525.2108503960176,1,1,0,elo_margin,MIXED,Mill City 16 Orange
G16NESVC3NE,1525.0869466372026,1,1,0,elo_margin,MIXED,NE Storm 16 Earthquake
G14LFJVB3NE,1525.0869466372026,1,1,0,elo_margin,MIXED,603 United 14 Seacoast Blue
G12118021XX,1524.910032588779,1,1,0,elo_margin,MIXED,NYCLBVC 12U BLUE
G12LDNER1NE,1524.8982517510233,1,1,0,elo_margin,MIXED,Lockdown VBC 12 SandPipers
G15CAMYV1NE,1523.3509217886638,1,1,0,elo_margin,MIXED,CYVB 15 1
G16NEVBC3NE,1523.2782175315813,2,1,1,elo_margin,MIXED,Northeast 16.3
G12LDNER2NE,1523.084265554598,1,1,0,elo_margin,MIXED,Lockdown VBC 12 Puffins
G16BVJVB3NE,1522.7515739658502,1,1,0,elo_margin,MIXED,Blast 16U Jaguars
B13SJJVB1NE,1522.550128155488,16,9,7,elo_margin,MIXED,SMASH Boys 13-1
G15PARAD2WE,1522.530695130406,4,3,1,elo_margin,MIXED,Paradigm Racket
G16JHEAT2GE,1522.0269629016132,1,1,0,elo_margin,MIXED,CJHEAT 16 2
G18AAVBC1NE,1521.5011136307367,1,1,0,elo_margin,MIXED,AVA 18 Purple Sharks
G14NYCJR5GE,1521.5011136307367,1,1,0,elo_margin,MIXED,NYC Juniors 14 Brooklyn
G17LHVBA1GE,1521.5011136307367,1,1,0,elo_margin,MIXED,LHVA 17 Purple National
G12LHVBC1NE,1520.6238903297442,3,2,1,elo_margin,MIXED,LHV Girls 12-1 Spark
G16LFJVB3NE,1520.3360028011025,1,1,0,elo_margin,MIXED,603 United 16 Central White
G17LFJVB2NE,1519.7356739496818,1,1,0,elo_margin,MIXED,603 United 17 Seacoast White
B18MVNER2NE,1519.3132549492093,1,1,0,elo_margin,MIXED,Meraki VB 18 2
G18DDVBC1NE,1518.650357792855,2,1,1,elo_margin,MIXED,Dig Deep 18 Ginger
G12RRJVB1NE,1518.2939061866678,1,1,0,elo_margin,MIXED,Boston United 12 Select
G18USANY1XL,1518.0804266646448,1,1,0,elo_margin,MIXED,USANY Fortitude 18 - 1
B18PVJVB1NE,1518.052897537472,2,1,1,elo_margin,MIXED,PV Boys 18 1
G16SAJVB3NE,1517.5891494405541,1,1,0,elo_margin,MIXED,SA Elite 16 American Ice
G16NESVC4NE,1516.812491993905,1,1,0,elo_margin,MIXED,NE Storm 16 Twister
B17HKJVB2NE,1515.7902013301448,5,3,2,elo_margin,MIXED,Husky 17.2
G16LDNER1NE,1515.780793019465,2,1,1,elo_margin,MIXED,Lockdown VBC 16 Hawks
G17SIVBC1NE,1515.4284222673186,1,1,0,elo_margin,MIXED,SISU VB 17 1
G16MOMET1FL,1515.104291048795,1,1,0,elo_margin,MIXED,Momentum 16 Neon
G15118022XX,1515.0600480026114,8,4,4,elo_margin,MIXED,NYCLBVC 15U WHITE
G16RRJVB5NE,1514.2760111819232,1,1,0,elo_margin,MIXED,Boston United 16 Sapphire
B18PVJVB4NE,1513.008369859579,2,1,1,elo_margin,MIXED,PV Boys 18 4
G16MCJVB6NE,1512.7009018807132,2,1,1,elo_margin,MIXED,Mill City 16 Teal
G17MGJVB4NE,1511.385554570158,1,1,0,elo_margin,MIXED,MGA 17's Stars
G16MNJVB1NE,1511.0275668344448,9,4,5,elo_margin,MIXED,Maine Jrs 16 National
G16113231XX,1510.743933951436,1,1,0,elo_margin,MIXED,EliteZ 16 GIRLS HP BLACK
B14SAVBC1XL,1510.12986414598,4,2,2,elo_margin,MIXED,Sporting Albany Boys 14u
G17BEVNY2GE,1510.0742904087365,1,1,0,elo_margin,MIXED,BEV 17 Elite
G14LFJVB4NE,1510.01841803745,2,1,1,elo_margin,MIXED,603 United 14 Central Blue
G14TCJVB1NE,1509.499777476236,1,1,0,elo_margin,MIXED,Nova 14 Premier Brody/Brennan
B18MCJVB1NE,1509.0,1,1,0,elo_margin,MIXED,Mill City 18's
G16SJVBC3NE,1508.1035246136994,2,1,1,elo_margin,MIXED,South County 16-Gold
G17SJJVB1NE,1507.71596267874,4,2,2,elo_margin,MIXED,SMASH 17s
G14GREEN1GE,1507.3659657983587,2,1,1,elo_margin,MIXED,Asphalt Green VBC 14-Green
B16NESVC2NE,1505.6919154192453,6,3,3,elo_margin,MIXED,NE Storm 16 Monsoon
G14IGVBC2NE,1505.516822458215,2,1,1,elo_margin,MIXED,Ignite 14 Red
G16TCJVB1NE,1504.8105720970361,2,1,1,elo_margin,MIXED,Nova 16 Premier Jamie/Mili
G17KNGHT1GE,1502.3522985100756,2,1,1,elo_margin,MIXED,LIKVBC 17
G14LEGIO2XL,1500.575093959926,2,1,1,elo_margin,MIXED,TeamLVC 14 Pink
B17PVJVB1NE,1500.0,2,1,1,elo_margin,MIXED,PV Boys 17 1
G11GRVBC1NE,1497.8484684141263,13,6,7,elo_margin,MIXED,GVC 11-1
G16HEVBA9NE,1497.4160104786672,2,1,1,elo_margin,MIXED,HEVBA 16 99
G16MXVBC1NE,1495.7767271843961,5,2,3,elo_margin,MIXED,Max Performance 16 Jess
G12TTVBC2NE,1491.1270441516326,1,0,1,elo_margin,MIXED,SLAM 12R Red
G18NEVBC2NE,1491.0,1,0,1,elo_margin,MIXED,Northeast 18.2
B18NESVC2NE,1490.500222523764,1,0,1,elo_margin,MIXED,NE Storm 18 Squall
G14GAJVB3NE,1489.569842242827,2,1,1,elo_margin,MIXED,Gators 14 White
G16BEVNY3GE,1489.4995082742234,1,0,1,elo_margin,MIXED,BEV 16 Skyline
B17SJJVB2NE,1488.7681924440667,3,1,2,elo_margin,MIXED,SMASH Boys 17 Chaos
G16UNVBC1NE,1488.1027277115602,2,1,1,elo_margin,MIXED,Unity 16 Girls Gold Valkeries
B18SJJVB2NE,1487.96664674294,2,1,1,elo_margin,MIXED,SMASH Boys 18's Force
G16SPAVB2XL,1487.8627021329005,2,1,1,elo_margin,MIXED,Spa City 16 Coral
B18BVJVB1NE,1485.7953900412926,1,0,1,elo_margin,MIXED,Blast 18 Fire
B18NESVC1NE,1485.6310426033324,1,0,1,elo_margin,MIXED,NE Storm 18 Thunder
B18118281XX,1484.9327984979716,1,0,1,elo_margin,MIXED,PW-VB Quarter-Zip Elite 67-Matcha
B17RRJVB1NE,1484.3460611638607,3,1,2,elo_margin,MIXED,Boston United Boys 17 National 1
G17SJJVB2NE,1482.8831663655692,1,0,1,elo_margin,MIXED,SMASH 17s Black Ice
B18LHVBC2NE,1482.8204403953262,1,0,1,elo_margin,MIXED,LHV Boys 18-2 Blitz
G16HKJVB2NE,1482.739418009038,1,0,1,elo_margin,MIXED,Husky 16 Northeast Red
G12GRVBC2NE,1482.298287039805,2,0,2,elo_margin,MIXED,GVC 12-2 Diamonds
G12VERSE1GE,1482.1683342780364,2,1,1,elo_margin,MIXED,NYC Volley Verse 12 1
G13SPAVB2XL,1480.7570092487915,5,2,3,elo_margin,MIXED,Spa City 13 Coral
B17CAPIT2XL,1480.7423971347628,2,1,1,elo_margin,MIXED,CSVC 17 SKYLIGHT
G16NEVBC6NE,1480.7141172435395,1,0,1,elo_margin,MIXED,Northeast 16 Black
G14SPAVB3XL,1480.6867450507907,1,0,1,elo_margin,MIXED,Spa City 14 Navy
G18CADOV1WE,1480.0680928089628,1,0,1,elo_margin,MIXED,CADO 18 1
B15CAPIT1XL,1480.0405252898224,3,1,2,elo_margin,MIXED,CSVC 15 PANTHERS
G12PROVA1GE,1479.534610796625,1,0,1,elo_margin,MIXED,Prodigy 12.1 Club
G18DDVBC2NE,1479.0939765892485,1,0,1,elo_margin,MIXED,Dig Deep 18 Force
B16RRJVB3NE,1478.872610374582,3,1,2,elo_margin,MIXED,Boston United Boys 16 Select 1
G18SPAVB1XL,1478.3782885343387,1,0,1,elo_margin,MIXED,Spa City 18 Aqua
G14EYNER1NE,1477.9995374285668,1,0,1,elo_margin,MIXED,ENVY 14 SANDSTORM
G17PARAD1WE,1477.8531975709955,1,0,1,elo_margin,MIXED,Paradigm Revolt
G17118021XX,1477.5397870081113,1,0,1,elo_margin,MIXED,NYCLBVC 17U BLUE ELITE
G14112721XX,1477.3004250829079,1,0,1,elo_margin,MIXED,X2 Volleyball 14 1
G16LFJVB1NE,1477.1038528619197,1,0,1,elo_margin,MIXED,603 United 16 Seacoast Black
G16CJJVB2NE,1476.992929214875,1,0,1,elo_margin,MIXED,CT Juniors 16 Premier
B14HKJVB1NE,1476.96971394817,1,0,1,elo_margin,MIXED,Husky 14.1
B18PVJVB3NE,1476.5230044867585,3,1,2,elo_margin,MIXED,PV Boys 18 3
G18SSVBC1NE,1476.4720347515201,1,0,1,elo_margin,MIXED,SSVBC 18 1
G14RRJVB5NE,1476.2972559362547,1,0,1,elo_margin,MIXED,Boston United 14 Sapphire
G16PROVA1GE,1475.9160408748041,1,0,1,elo_margin,MIXED,Prodigy 16.1 Premier
G14CACLI4GE,1475.4897100600172,1,0,1,elo_margin,MIXED,CALI 14 Gold North
G16SURGE1GE,1475.2065038933615,1,0,1,elo_margin,MIXED,LI Surge 16 Premier
G16LEGIO2XL,1474.9130533627974,1,0,1,elo_margin,MIXED,TeamLVC 16 Pink
G12TTVBC3NE,1474.9130533627974,1,0,1,elo_margin,MIXED,SLAM 12R White
G14PVJVB4NE,1474.303636889321,1,0,1,elo_margin,MIXED,PV 14 Select North
B14SJJVB2NE,1473.907329945992,1,0,1,elo_margin,MIXED,SMASH Boys 14's Thunder
G14TTVBC8NE,1473.340822393885,1,0,1,elo_margin,MIXED,SLAM 14R Platinum
G14BEVNY2GE,1473.2341537850684,1,0,1,elo_margin,MIXED,BEV 14 Elite
G14RENAS1KE,1473.2280230351055,1,0,1,elo_margin,MIXED,Renaissance 14 Black
G18DRVBC1NE,1473.0000446022123,1,0,1,elo_margin,MIXED,Dragons 18 Phantoms
G18USANY2XL,1472.9446627394425,1,0,1,elo_margin,MIXED,USANY Patience 18 - 2
G16SIVBC1NE,1472.8053079552337,1,0,1,elo_margin,MIXED,SISU VB 16 1
G16LEGIO3XL,1472.5868282078216,1,0,1,elo_margin,MIXED,TeamLVC 16 White
G16PVJVB1NE,1472.5839895213328,1,0,1,elo_margin,MIXED,PV 16 National
G16SSVBC2NE,1472.5839895213328,1,0,1,elo_margin,MIXED,SSVBC 16 2
G18CTRVB1NE,1472.5839895213328,1,0,1,elo_margin,MIXED,C3VB 18 1
G12NSJVB1NE,1472.5839895213328,1,0,1,elo_margin,MIXED,NH Seacoast 12 USA
B14CAPIT2XL,1472.5839895213328,1,0,1,elo_margin,MIXED,CSVC 14 SAWTEETH
G12BEVNY1GE,1472.5227091079257,1,0,1,elo_margin,MIXED,BEV 12 Elite
G18CTRVB2NE,1472.1921508273138,1,0,1,elo_margin,MIXED,C3VB 18 2
G15GAJVB2NE,1472.1794585828818,1,0,1,elo_margin,MIXED,Gators 15 Green
G15RRJVB4NE,1472.1307483654948,1,0,1,elo_margin,MIXED,Boston United 15 Sapphire
G18SSVBC2NE,1472.0023830814198,1,0,1,elo_margin,MIXED,SSVBC 18 2
G17CSJVB1NE,1471.4052882911353,1,0,1,elo_margin,MIXED,CT STARS 17s Rony
G16CJVBA6GE,1471.085667226871,1,0,1,elo_margin,MIXED,CJVA 16 Red
G15RRJVB11NE,1470.4786849744994,1,0,1,elo_margin,MIXED,Boston United 15 Cobalt
G18MCJVB3NE,1470.398119341446,1,0,1,elo_margin,MIXED,Mill City 18 Orange
G14RRJVB6NE,1470.181120202544,1,0,1,elo_margin,MIXED,Boston United 14 Steel
G17HKJVB3NE,1470.181120202544,1,0,1,elo_margin,MIXED,Husky 17 Northeast Black
G14TTVBC6NE,1470.0,1,0,1,elo_margin,MIXED,SLAM 14R Crimson
G15117754XX,1470.0,1,0,1,elo_margin,MIXED,ValleyVBC Blue
G16WAREN1GE,1470.0,1,0,1,elo_margin,MIXED,Warren Sixpack 16 red
G16MXVBC2NE,1470.0,1,0,1,elo_margin,MIXED,Max Performance 16 Tony
G16CTRVB1NE,1470.0,1,0,1,elo_margin,MIXED,C3VB 16 1
G17LEGRO3GE,1470.0,1,0,1,elo_margin,MIXED,Allegro 17 South Black
G18LEGRO3GE,1470.0,1,0,1,elo_margin,MIXED,Allegro 18 South Black
G12HRJVB1NE,1470.0,1,0,1,elo_margin,MIXED,HardRock 12
G18SGHVB1NE,1470.0,1,0,1,elo_margin,MIXED,Starlings GH 18 1
B18TTVBC1NE,1469.970939175923,1,0,1,elo_margin,MIXED,SLAM 18 1 Boys
G14MIVBC2NE,1469.7625866268613,1,0,1,elo_margin,MIXED,Mass Impact 14 Lara
G18TTVBC2NE,1469.5684210416857,1,0,1,elo_margin,MIXED,SLAM 18R Red
G17118022XX,1468.7048855691132,1,0,1,elo_margin,MIXED,NYCLBVC 17U WHITE
G14VERSE2GE,1468.228444124033,1,0,1,elo_margin,MIXED,NYC Volley Verse 14 Navy
G14CACLI6GE,1468.0596509774934,1,0,1,elo_margin,MIXED,CALI 14 Gold South
G15MAPVB3NE,1467.9867497710202,1,0,1,elo_margin,MIXED,Mass Power VB 15 Pink
G17FGSVA1FL,1467.9654297504417,1,0,1,elo_margin,MIXED,Gulfside 17U Select
G16LHVBC4NE,1467.21379006851,1,0,1,elo_margin,MIXED,LHV Girls 16-4 Ragers
B18NEVBC3NE,1467.1424821383314,1,0,1,elo_margin,MIXED,NEVBC Boys 18 Blue
G16LEGRO4GE,1466.7880382225937,3,1,2,elo_margin,MIXED,Allegro 16 South Black
G17LDNER3NE,1466.7792860672937,1,0,1,elo_margin,MIXED,Lockdown VBC 17 Raptors
G17LFJVB1NE,1466.0023630510614,2,0,2,elo_margin,MIXED,603 United 17 Seacoast Black
G16CSJVB3NE,1465.8840371240346,1,0,1,elo_margin,MIXED,CT STARS 16s Ioanna
G17WAREN1GE,1465.25040534727,2,0,2,elo_margin,MIXED,Warren Sixpack 17 red
G17TTVBC2NE,1465.131672310944,1,0,1,elo_margin,MIXED,SLAM 17P Red
B17SJJVB3NE,1464.8916348212374,3,1,2,elo_margin,MIXED,SMASH Boys 17's Shock
B16BVJVB2NE,1464.3042022675038,3,1,2,elo_margin,MIXED,Blast 16 Pyro
G16PVJVB3NE,1463.7990192288635,1,0,1,elo_margin,MIXED,PV 16 Select
G15SIVBC1NE,1463.3364700246348,4,1,3,elo_margin,MIXED,SISU VB 15 1
G17NETHG2XL,1462.870944971353,1,0,1,elo_margin,MIXED,NET 17 Lightning
G16MAPVB3NE,1461.9681839678858,1,0,1,elo_margin,MIXED,Mass Power VB 16 Black
G16TCJVB4NE,1461.8530608755539,1,0,1,elo_margin,MIXED,Nova 16 Regional
G12CMJVB2NE,1461.2280950628578,1,0,1,elo_margin,MIXED,CMASS EDGE 12 Gray
G12CSJVB1NE,1459.0442688618668,1,0,1,elo_margin,MIXED,CT STARS 12-1
G15MNJVB1NE,1457.5436530460345,6,2,4,elo_margin,MIXED,Maine Jrs 15-National
B17HKJVB3NE,1457.222723139426,5,2,3,elo_margin,MIXED,Husky 17.3
B18CAPIT1XL,1457.155835144446,5,1,4,elo_margin,MIXED,CSVC 18 HAYSTACK
B18PVJVB2NE,1453.0660108144373,2,0,2,elo_margin,MIXED,PV Boys 18 2
B16PVJVB2NE,1451.7421726611847,4,1,3,elo_margin,MIXED,PV Boys 16 2
B18BVJVB2NE,1451.119741754982,2,0,2,elo_margin,MIXED,Blast 18 Blaze
B15RRJVB2NE,1448.7841754192782,5,2,3,elo_margin,MIXED,Boston United Boys 15 Select 1
G17SPAVB3XL,1447.1928616430953,2,0,2,elo_margin,MIXED,Spa City 17 Coral
B14RRJVB2NE,1446.7963107689127,2,0,2,elo_margin,MIXED,Boston United Boys 13 Select 1
G16SJVBC2NE,1446.7442996971417,5,1,4,elo_margin,MIXED,South County 16-Blue
G17LEGIO2XL,1446.0632699672196,2,0,2,elo_margin,MIXED,TeamLVC 17 Pink
G14GAJVB2NE,1443.441527109728,7,2,5,elo_margin,MIXED,Gators 14 Green
G12RRJVB2NE,1443.3104635977086,2,0,2,elo_margin,MIXED,Boston United 12 Sapphire
G14TRICO1GE,1442.940155306305,2,0,2,elo_margin,MIXED,TriCounty ATTACK 14 1
B16LHVBC2NE,1442.8949474217598,3,0,3,elo_margin,MIXED,LHV Boys 16-2 Hunters
B14CAPIT1XL,1442.653760550016,2,0,2,elo_margin,MIXED,CSVC 14 CASCADE
G18KNGHT1GE,1442.5839895213328,2,0,2,elo_margin,MIXED,LIKVBC 18
G14SURGE2GE,1441.847126281328,2,0,2,elo_margin,MIXED,LI Surge 14 Premier White
B18LEGIO1XL,1440.7047390683151,3,0,3,elo_margin,MIXED,TeamLVC Boys 18 Black
G18PVJVB1NE,1440.4357365913274,2,0,2,elo_margin,MIXED,PV 18 National
G12112721XX,1439.9634559645297,2,0,2,elo_margin,MIXED,X2 Volleyball 12 1
G18LFJVB1NE,1436.6538566157803,3,0,3,elo_margin,MIXED,603 United 18 Seacoast Black
G16CRJVB1NE,1432.4795251833193,2,0,2,elo_margin,MIXED,CRVBC 16 1 Hawks
B18SAVBC1XL,1431.84159238657,3,0,3,elo_margin,MIXED,Sporting Albany Boys 18u
G15SGHVB1NE,1428.9894252601869,2,0,2,elo_margin,MIXED,Starlings GH 15 1
G17BVJVB1NE,1422.3236623739149,5,1,4,elo_margin,MIXED,Blast 17U Cobras
B15TTVBC1NE,1421.0166912048699,5,1,4,elo_margin,MIXED,SLAM 15 1 Boys
G13LFJVB2NE,1420.26733947336,7,2,5,elo_margin,MIXED,603 United 13 Seacoast Blue
G15RRJVB7NE,1417.3553255628763,6,1,5,elo_margin,MIXED,Boston United 15 Silver
G11SJJVB1NE,1407.9355794475264,11,3,8,elo_margin,MIXED,SMASH 11s
G15CJJVB2NE,1378.7594241546763,10,2,8,elo_margin,MIXED,Ct Juniors 15 Premier
G15DRVBC3NE,1377.932976924375,5,0,5,elo_margin,MIXED,Dragons 15 Brian
B17CAPIT1XL,52.37261070150001,13,13,0,hybrid_points,MIXED,CSVC 17 BIG SLIDE
B13SJJVB1NE,33.64635386050001,16,9,7,hybrid_points,MIXED,SMASH Boys 13-1
B15SYRVB1XL,30.434832847299994,7,7,0,hybrid_points,MIXED,SVC 15 1 Boys
G11LDNER1NE,27.103486278500004,8,7,1,hybrid_points,MIXED,Lockdown VBC 11 Hummingbirds
G17NEVBC2NE,25.4554936,6,6,0,hybrid_points,MIXED,Northeast 17.2
G15NEVBC2NE,25.38605947,6,6,0,hybrid_points,MIXED,Northeast 15.2
G16SJJVB1NE,22.705450000000003,6,6,0,hybrid_points,MIXED,SMASH 16s
G13118021XX,22.5222086725,8,6,2,hybrid_points,MIXED,NYCLBVC 13U BLUE
G16NEVBC2NE,21.346390545000002,5,5,0,hybrid_points,MIXED,Northeast 16.2
B16SJJVB1NE,21.020658750000003,5,5,0,hybrid_points,MIXED,SMASH Boys 16-1
G13GREEN1GE,18.286725,8,5,3,hybrid_points,MIXED,Asphalt Green VBC 13-Green
G15SJJVB1NE,17.150000000000002,5,4,1,hybrid_points,MIXED,SMASH 15s
G13FVNER1NE,16.95,6,4,2,hybrid_points,MIXED,Fusion 13 Sparks
B16CAPIT1XL,16.261288144,5,4,1,hybrid_points,MIXED,CSVC 16 WOLFJAW
G15PARAD1WE,16.233375,5,4,1,hybrid_points,MIXED,Paradigm Ruckus
G16MNJVB1NE,16.0,9,4,5,hybrid_points,MIXED,Maine Jrs 16 National
G17MIVBC1NE,15.5,6,4,2,hybrid_points,MIXED,Mass Impact 17 Connor
G11GRVBC1NE,14.199115,13,6,7,hybrid_points,MIXED,GVC 11-1
G13BVJVB1NE,14.15545,6,4,2,hybrid_points,MIXED,Blast 13U Dragons
G15MIVBC1NE,13.2765,6,4,2,hybrid_points,MIXED,Mass Impact 15 Brent
G17LDNER1NE,13.235000000000001,4,3,1,hybrid_points,MIXED,Lockdown VBC 17 Phoenix
G15118022XX,12.649999999999999,8,4,4,hybrid_points,MIXED,NYCLBVC 15U WHITE
G17CJJVB1NE,12.5553086,5,4,1,hybrid_points,MIXED,CT Juniors 17 National
B15LEGIO1XL,11.496923781400001,4,3,1,hybrid_points,MIXED,TeamLVC Boys 15 Black
G14GAJVB1NE,11.4,5,3,2,hybrid_points,MIXED,Gators 14 Black
G15PARAD2WE,11.137500000000001,4,3,1,hybrid_points,MIXED,Paradigm Racket
G15HKJVB1NE,10.28060447,5,3,2,hybrid_points,MIXED,Husky 15 National
G14BVJVB1NE,10.1555,5,3,2,hybrid_points,MIXED,Blast 14U Jungle Cats
B17HKJVB2NE,9.67726814057015,5,3,2,hybrid_points,MIXED,Husky 17.2
B16NESVC2NE,9.362478773999998,6,3,3,hybrid_points,MIXED,NE Storm 16 Monsoon
G12TCJVB1NE,9.3287084,2,2,0,hybrid_points,MIXED,Nova 12 Select Brie/Ryleigh
G17SJJVB1NE,9.036,4,2,2,hybrid_points,MIXED,SMASH 17s
G14MXVBC1NE,9.0354335,2,2,0,hybrid_points,MIXED,Max Performance 14 Jaz
G14NEVBC2NE,9.029499999999999,2,2,0,hybrid_points,MIXED,Northeast 14.2
B18315VB1XL,8.843192651075,2,2,0,hybrid_points,MIXED,315VB 18 USA
B17NEVBC1NE,8.70495,3,2,1,hybrid_points,MIXED,NEVBC Boys 17.1
G18EYNER1NE,8.427,2,2,0,hybrid_points,MIXED,ENVY 18 CYCLONE
G12LHVBC1NE,8.3925319,3,2,1,hybrid_points,MIXED,LHV Girls 12-1 Spark
G15LFJVB3NE,8.146104838,2,2,0,hybrid_points,MIXED,603 United 15 Seacoast Blue
B14117752XX,7.90340153838,2,2,0,hybrid_points,MIXED,ValleyVBC Elite Boys
B18SJJVB3NE,7.902713299999999,3,2,1,hybrid_points,MIXED,SMASH Boys 18's Surge
G18HKJVB2NE,7.7885,2,2,0,hybrid_points,MIXED,Husky 18 Northeast
G12SJJVB2NE,7.4004579,2,2,0,hybrid_points,MIXED,SMASH 12s Energy
G11SJJVB1NE,7.3355749999999995,11,3,8,hybrid_points,MIXED,SMASH 11s
G16MXVBC1NE,7.299999999999999,5,2,3,hybrid_points,MIXED,Max Performance 16 Jess
G18PARAD1WE,7.245,2,2,0,hybrid_points,MIXED,Paradigm Revolution
B17HKJVB3NE,7.1435838934406,5,2,3,hybrid_points,MIXED,Husky 17.3
B14SAVBC1XL,6.42500225,4,2,2,hybrid_points,MIXED,Sporting Albany Boys 14u
G13SPAVB2XL,5.785649487500001,5,2,3,hybrid_points,MIXED,Spa City 13 Coral
B18PVJVB1NE,5.227815,2,1,1,hybrid_points,MIXED,PV Boys 18 1
G18DDVBC1NE,5.225,2,1,1,hybrid_points,MIXED,Dig Deep 18 Ginger
G16NEVBC3NE,5.2039372947,2,1,1,hybrid_points,MIXED,Northeast 16.3
G14LFJVB4NE,5.027383500000001,2,1,1,hybrid_points,MIXED,603 United 14 Central Blue
G15CJJVB2NE,4.97991,10,2,8,hybrid_points,MIXED,Ct Juniors 15 Premier
G12VERSE1GE,4.766,2,1,1,hybrid_points,MIXED,NYC Volley Verse 12 1
B14NEVBC1NE,4.712593538605001,1,1,0,hybrid_points,MIXED,NEVBC Boys 14.1
G16MCJVB6NE,4.6925,2,1,1,hybrid_points,MIXED,Mill City 16 Teal
B14SJJVB1NE,4.6305,1,1,0,hybrid_points,MIXED,SMASH Boys 14-1
B18PVJVB4NE,4.594192651075,2,1,1,hybrid_points,MIXED,PV Boys 18 4
G14MAJVB3NE,4.58,1,1,0,hybrid_points,MIXED,Mass Premier 14 2 Blue
G16DDVBC1NE,4.55948775,1,1,0,hybrid_points,MIXED,Dig Deep 16 Ginger
G12SJJVB1NE,4.556,1,1,0,hybrid_points,MIXED,SMASH 12s
G16LFJVB2NE,4.545,1,1,0,hybrid_points,MIXED,603 United 16 Seacoast White
G16NEVBC5NE,4.53,1,1,0,hybrid_points,MIXED,Northeast 16 Orange
G18SJVBC1NE,4.529,1,1,0,hybrid_points,MIXED,South County 18-Blue
G12LIBER1CH,4.5235,1,1,0,hybrid_points,MIXED,Libero 12 Huskies
G12ROCKA3GE,4.5085,1,1,0,hybrid_points,MIXED,RVT 12-3 Sail
G16CMJVB3NE,4.5,1,1,0,hybrid_points,MIXED,CMASS EDGE 16 White
G16APXTC2OV,4.5,1,1,0,hybrid_points,MIXED,Apex VBTC 16 Apex White
G12NYCJR1GE,4.5,1,1,0,hybrid_points,MIXED,NYC Juniors 12 Blue
G16TTVBC4NE,4.5,1,1,0,hybrid_points,MIXED,SLAM 16R Silver
G12118021XX,4.4935,1,1,0,hybrid_points,MIXED,NYCLBVC 12U BLUE
G16LHVBA1GE,4.485,1,1,0,hybrid_points,MIXED,LHVA 16 Purple National
G16CAMYV1NE,4.485,1,1,0,hybrid_points,MIXED,CYVB 16 1
G16DRVBC1NE,4.485,1,1,0,hybrid_points,MIXED,Dragons 16 Fyre
G16NESVC1NE,4.485,1,1,0,hybrid_points,MIXED,NE Storm 16 Avalanche
G14LFJVB3NE,4.4715,1,1,0,hybrid_points,MIXED,603 United 14 Seacoast Blue
G16NESVC3NE,4.47,1,1,0,hybrid_points,MIXED,NE Storm 16 Earthquake
G15MNJVB1NE,4.4487749999999995,6,2,4,hybrid_points,MIXED,Maine Jrs 15-National
G12SJJVB3NE,4.442500000000001,1,1,0,hybrid_points,MIXED,SMASH 12's Volts
G16SJVBC3NE,4.431,2,1,1,hybrid_points,MIXED,South County 16-Gold
G17NYCJR3GE,4.4225,1,1,0,hybrid_points,MIXED,NYC Juniors 17 SI
G16CMJVB2NE,4.4,1,1,0,hybrid_points,MIXED,CMASS EDGE 16 Blue
G14IGVBC2NE,4.3935,2,1,1,hybrid_points,MIXED,Ignite 14 Red
G12LDNER1NE,4.392031899999999,1,1,0,hybrid_points,MIXED,Lockdown VBC 12 SandPipers
G14ROCKA1GE,4.387499999999999,1,1,0,hybrid_points,MIXED,RVT 14-1 Surf
B14RRJVB1NE,4.33911845,1,1,0,hybrid_points,MIXED,Boston United Boys 14-1
G17NYCIV1GE,4.2575,1,1,0,hybrid_points,MIXED,NYC Impact 17U Black
G17PROVA3GE,4.2515,1,1,0,hybrid_points,MIXED,Prodigy 17.3 Elite
G14118022XX,4.25,1,1,0,hybrid_points,MIXED,NYCLBVC 14U WHITE
G16118021XX,4.245,1,1,0,hybrid_points,MIXED,NYCLBVC 16U BLUE ELITE
G15NEVBC5NE,4.245,1,1,0,hybrid_points,MIXED,Northeast 15 Black
G15BVJVB1NE,4.239,1,1,0,hybrid_points,MIXED,Blast 15U Sabers
G17KNGHT1GE,4.1905,2,1,1,hybrid_points,MIXED,LIKVBC 17
G12LDNER2NE,4.17812785,1,1,0,hybrid_points,MIXED,Lockdown VBC 12 Puffins
G17HKJVB4NE,4.15,1,1,0,hybrid_points,MIXED,Husky 17 New England
G17SHVBC1NE,4.1465000000000005,1,1,0,hybrid_points,MIXED,NE Shock 17 1
G14PVJVB3NE,4.138,1,1,0,hybrid_points,MIXED,PV 14 Pink Panthers
G15AVVBC3NE,4.1,1,1,0,hybrid_points,MIXED,Avidity 15 Jade
G17GRVBC2NE,4.1,1,1,0,hybrid_points,MIXED,GVC 17-2
G16BVJVB3NE,4.055,1,1,0,hybrid_points,MIXED,Blast 16U Jaguars
G17MCJVB2NE,4.039,1,1,0,hybrid_points,MIXED,Mill City 17 Orange
G16AVVBC1NE,4.009947,1,1,0,hybrid_points,MIXED,Avidity 16 Onyx
G16SSVBC1NE,3.986,1,1,0,hybrid_points,MIXED,SSVBC 16 1
G16PARAD2WE,3.9598750000000003,1,1,0,hybrid_points,MIXED,Paradigm Rumble
G18TCJVB1NE,3.95644925,1,1,0,hybrid_points,MIXED,Nova 18 Premier Matt
B15RRJVB2NE,3.9541832903999996,5,2,3,hybrid_points,MIXED,Boston United Boys 15 Select 1
B17RRJVB1NE,3.95,3,1,2,hybrid_points,MIXED,Boston United Boys 17 National 1
G15RRJVB9NE,3.9299999999999997,1,1,0,hybrid_points,MIXED,Boston United 15 Chrome
G16JHEAT2GE,3.89459,1,1,0,hybrid_points,MIXED,CJHEAT 16 2
G16MCJVB3NE,3.826,1,1,0,hybrid_points,MIXED,Mill City 16 Orange
G16PARAD1WE,3.818,1,1,0,hybrid_points,MIXED,Paradigm Rebellion
G15CAMYV1NE,3.8,1,1,0,hybrid_points,MIXED,CYVB 15 1
G16NESVC4NE,3.794,1,1,0,hybrid_points,MIXED,NE Storm 16 Twister
G17EYNER1NE,3.755,1,1,0,hybrid_points,MIXED,ENVY 17 NATIONAL
G18AAVBC1NE,3.75,1,1,0,hybrid_points,MIXED,AVA 18 Purple Sharks
G14NYCJR5GE,3.75,1,1,0,hybrid_points,MIXED,NYC Juniors 14 Brooklyn
G18LFJVB2NE,3.7385,1,1,0,hybrid_points,MIXED,603 United 18 Seacoast White
G14GAJVB2NE,3.6661075999999992,7,2,5,hybrid_points,MIXED,Gators 14 Green
G12RRJVB1NE,3.6285319,1,1,0,hybrid_points,MIXED,Boston United 12 Select
G16SPAVB2XL,3.617307,2,1,1,hybrid_points,MIXED,Spa City 16 Coral
G15117751XX,3.609,1,1,0,hybrid_points,MIXED,ValleyVBC Elite
G16LFJVB3NE,3.5700000000000003,1,1,0,hybrid_points,MIXED,603 United 16 Central White
G17LHVBA1GE,3.5,1,1,0,hybrid_points,MIXED,LHVA 17 Purple National
G17LFJVB2NE,3.4915,1,1,0,hybrid_points,MIXED,603 United 17 Seacoast White
G18USANY1XL,3.48436,1,1,0,hybrid_points,MIXED,USANY Fortitude 18 - 1
G16MOMET1FL,3.4265000000000003,1,1,0,hybrid_points,MIXED,Momentum 16 Neon
G16RRJVB5NE,3.4050000000000002,1,1,0,hybrid_points,MIXED,Boston United 16 Sapphire
G17MGJVB4NE,3.3705000000000003,1,1,0,hybrid_points,MIXED,MGA 17's Stars
G16TCJVB1NE,3.3514470000000003,2,1,1,hybrid_points,MIXED,Nova 16 Premier Jamie/Mili
B17SJJVB2NE,3.339085,3,1,2,hybrid_points,MIXED,SMASH Boys 17 Chaos
G16113231XX,3.3200000000000003,1,1,0,hybrid_points,MIXED,EliteZ 16 GIRLS HP BLACK
B18MCJVB1NE,3.3,1,1,0,hybrid_points,MIXED,Mill City 18's
G14TCJVB1NE,3.2845,1,1,0,hybrid_points,MIXED,Nova 14 Premier Brody/Brennan
B17PVJVB1NE,3.2355,2,1,1,hybrid_points,MIXED,PV Boys 17 1
G16UNVBC1NE,3.1994999999999996,2,1,1,hybrid_points,MIXED,Unity 16 Girls Gold Valkeries
B18PVJVB3NE,3.1867944500000003,3,1,2,hybrid_points,MIXED,PV Boys 18 3
G17BEVNY2GE,3.145,1,1,0,hybrid_points,MIXED,BEV 17 Elite
G17SIVBC1NE,3.123,1,1,0,hybrid_points,MIXED,SISU VB 17 1
G14MGJVB6NE,3.109,1,1,0,hybrid_points,MIXED,MGA 14's Stripes
G15SIVBC1NE,3.059,4,1,3,hybrid_points,MIXED,SISU VB 15 1
B18MVNER2NE,3.05,1,1,0,hybrid_points,MIXED,Meraki VB 18 2
G14LEGIO2XL,3.0443974999999996,2,1,1,hybrid_points,MIXED,TeamLVC 14 Pink
G16LDNER1NE,3.0099499999999995,2,1,1,hybrid_points,MIXED,Lockdown VBC 16 Hawks
G16HEVBA9NE,3.0,2,1,1,hybrid_points,MIXED,HEVBA 16 99
G14GREEN1GE,2.9637165,2,1,1,hybrid_points,MIXED,Asphalt Green VBC 14-Green
G16SAJVB3NE,2.9240000000000004,1,1,0,hybrid_points,MIXED,SA Elite 16 American Ice
G14GAJVB3NE,2.825,2,1,1,hybrid_points,MIXED,Gators 14 White
G16SJVBC2NE,2.6999999999999997,5,1,4,hybrid_points,MIXED,South County 16-Blue
G18LFJVB1NE,2.38630925,3,0,3,hybrid_points,MIXED,603 United 18 Seacoast Black
B18SJJVB2NE,2.2305,2,1,1,hybrid_points,MIXED,SMASH Boys 18's Force
B18CAPIT1XL,2.0919406,5,1,4,hybrid_points,MIXED,CSVC 18 HAYSTACK
G16LEGRO4GE,2.0724470000000004,3,1,2,hybrid_points,MIXED,Allegro 16 South Black
B16RRJVB3NE,1.8785500000000002,3,1,2,hybrid_points,MIXED,Boston United Boys 16 Select 1
B17CAPIT2XL,1.7628750000000002,2,1,1,hybrid_points,MIXED,CSVC 17 SKYLIGHT
G12GRVBC2NE,1.7075,2,0,2,hybrid_points,MIXED,GVC 12-2 Diamonds
B15CAPIT1XL,1.7012540000000005,3,1,2,hybrid_points,MIXED,CSVC 15 PANTHERS
G14RENAS1KE,1.46384925,1,0,1,hybrid_points,MIXED,Renaissance 14 Black
B16BVJVB2NE,1.37025804,3,1,2,hybrid_points,MIXED,Blast 16 Pyro
G17WAREN1GE,1.1640000000000001,2,0,2,hybrid_points,MIXED,Warren Sixpack 17 red
G16NEVBC6NE,1.0075,1,0,1,hybrid_points,MIXED,Northeast 16 Black
G16SURGE1GE,0.9319999999999999,1,0,1,hybrid_points,MIXED,LI Surge 16 Premier
G12TTVBC2NE,0.8255,1,0,1,hybrid_points,MIXED,SLAM 12R Red
G16BEVNY3GE,0.8125,1,0,1,hybrid_points,MIXED,BEV 16 Skyline
B17SJJVB3NE,0.7550749999999997,3,1,2,hybrid_points,MIXED,SMASH Boys 17's Shock
G18NEVBC2NE,0.75,1,0,1,hybrid_points,MIXED,Northeast 18.2
B18NESVC2NE,0.7094999999999999,1,0,1,hybrid_points,MIXED,NE Storm 18 Squall
G13LFJVB2NE,0.6944150000000007,7,2,5,hybrid_points,MIXED,603 United 13 Seacoast Blue
G18DDVBC2NE,0.5655,1,0,1,hybrid_points,MIXED,Dig Deep 18 Force
G14SPAVB3XL,0.55,1,0,1,hybrid_points,MIXED,Spa City 14 Navy
B16PVJVB2NE,0.5397201689999997,4,1,3,hybrid_points,MIXED,PV Boys 16 2
G14EYNER1NE,0.49750000000000005,1,0,1,hybrid_points,MIXED,ENVY 14 SANDSTORM
G14112721XX,0.48100000000000004,1,0,1,hybrid_points,MIXED,X2 Volleyball 14 1
G14BEVNY2GE,0.36050000000000004,1,0,1,hybrid_points,MIXED,BEV 14 Elite
G15RRJVB4NE,0.3330000000000001,1,0,1,hybrid_points,MIXED,Boston United 15 Sapphire
G14RRJVB6NE,0.19999999999999996,1,0,1,hybrid_points,MIXED,Boston United 14 Steel
G15MAPVB3NE,0.19199999999999995,1,0,1,hybrid_points,MIXED,Mass Power VB 15 Pink
G15GAJVB2NE,0.16999999999999998,1,0,1,hybrid_points,MIXED,Gators 15 Green
G15RRJVB11NE,-0.039445000000000084,1,0,1,hybrid_points,MIXED,Boston United 15 Cobalt
G17118022XX,-0.16499999999999998,1,0,1,hybrid_points,MIXED,NYCLBVC 17U WHITE
G16CRJVB1NE,-0.20400000000000018,2,0,2,hybrid_points,MIXED,CRVBC 16 1 Hawks
G17LFJVB1NE,-0.22355199999999997,2,0,2,hybrid_points,MIXED,603 United 17 Seacoast Black
G15RRJVB7NE,-0.3790000000000001,6,1,5,hybrid_points,MIXED,Boston United 15 Silver
B15TTVBC1NE,-0.5300504596000004,5,1,4,hybrid_points,MIXED,SLAM 15 1 Boys
B18118281XX,-0.6204298500000001,1,0,1,hybrid_points,MIXED,PW-VB Quarter-Zip Elite 67-Matcha
B18BVJVB1NE,-0.63642985,1,0,1,hybrid_points,MIXED,Blast 18 Fire
G17SJJVB2NE,-0.6614454999999999,1,0,1,hybrid_points,MIXED,SMASH 17s Black Ice
G16HKJVB2NE,-0.67,1,0,1,hybrid_points,MIXED,Husky 16 Northeast Red
G14RRJVB5NE,-0.7849999999999999,1,0,1,hybrid_points,MIXED,Boston United 14 Sapphire
B14CAPIT1XL,-0.801406461395,2,0,2,hybrid_points,MIXED,CSVC 14 CASCADE
G17PARAD1WE,-0.8200000000000001,1,0,1,hybrid_points,MIXED,Paradigm Revolt
G16CJVBA6GE,-0.863,1,0,1,hybrid_points,MIXED,CJVA 16 Red
G12BEVNY1GE,-0.865,1,0,1,hybrid_points,MIXED,BEV 12 Elite
G18DRVBC1NE,-0.885,1,0,1,hybrid_points,MIXED,Dragons 18 Phantoms
B14HKJVB1NE,-0.8911162,1,0,1,hybrid_points,MIXED,Husky 14.1
G17FGSVA1FL,-0.9045,1,0,1,hybrid_points,MIXED,Gulfside 17U Select
B18NESVC1NE,-0.90812955,1,0,1,hybrid_points,MIXED,NE Storm 18 Thunder
G17118021XX,-0.9181065,1,0,1,hybrid_points,MIXED,NYCLBVC 17U BLUE ELITE
G16PROVA1GE,-0.95955,1,0,1,hybrid_points,MIXED,Prodigy 16.1 Premier
G18SSVBC2NE,-0.9840507500000001,1,0,1,hybrid_points,MIXED,SSVBC 18 2
G18USANY2XL,-1.00865,1,0,1,hybrid_points,MIXED,USANY Patience 18 - 2
G16LFJVB1NE,-1.01905,1,0,1,hybrid_points,MIXED,603 United 16 Seacoast Black
G17LEGIO2XL,-1.0230000000000001,2,0,2,hybrid_points,MIXED,TeamLVC 17 Pink
G17HKJVB3NE,-1.05,1,0,1,hybrid_points,MIXED,Husky 17 Northeast Black
G17LDNER3NE,-1.068,1,0,1,hybrid_points,MIXED,Lockdown VBC 17 Raptors
G18SSVBC1NE,-1.074945064,1,0,1,hybrid_points,MIXED,SSVBC 18 1
G18SPAVB1XL,-1.082945064,1,0,1,hybrid_points,MIXED,Spa City 18 Aqua
G14PVJVB4NE,-1.083,1,0,1,hybrid_points,MIXED,PV 14 Select North
G12PROVA1GE,-1.091,1,0,1,hybrid_points,MIXED,Prodigy 12.1 Club
G18KNGHT1GE,-1.1,2,0,2,hybrid_points,MIXED,LIKVBC 18
B18TTVBC1NE,-1.1176808059399999,1,0,1,hybrid_points,MIXED,SLAM 18 1 Boys
G18SGHVB1NE,-1.15,1,0,1,hybrid_points,MIXED,Starlings GH 18 1
B18NEVBC3NE,-1.15918080594,1,0,1,hybrid_points,MIXED,NEVBC Boys 18 Blue
G18CTRVB2NE,-1.1635,1,0,1,hybrid_points,MIXED,C3VB 18 2
B18LHVBC2NE,-1.18142985,1,0,1,hybrid_points,MIXED,LHV Boys 18-2 Blitz
B14SJJVB2NE,-1.1845,1,0,1,hybrid_points,MIXED,SMASH Boys 14's Thunder
G17NETHG2XL,-1.1965,1,0,1,hybrid_points,MIXED,NET 17 Lightning
G17LEGRO3GE,-1.2,1,0,1,hybrid_points,MIXED,Allegro 17 South Black
G16CSJVB3NE,-1.2055,1,0,1,hybrid_points,MIXED,CT STARS 16s Ioanna
G12CMJVB2NE,-1.23337215,1,0,1,hybrid_points,MIXED,CMASS EDGE 12 Gray
G16LHVBC4NE,-1.235,1,0,1,hybrid_points,MIXED,LHV Girls 16-4 Ragers
G16WAREN1GE,-1.25,1,0,1,hybrid_points,MIXED,Warren Sixpack 16 red
B18LEGIO1XL,-1.2527593,3,0,3,hybrid_points,MIXED,TeamLVC Boys 18 Black
G12NSJVB1NE,-1.2550000000000001,1,0,1,hybrid_points,MIXED,NH Seacoast 12 USA
G17BVJVB1NE,-1.2582250000000004,5,1,4,hybrid_points,MIXED,Blast 17U Cobras
G18CADOV1WE,-1.290445064,1,0,1,hybrid_points,MIXED,CADO 18 1
G12RRJVB2NE,-1.30787215,2,0,2,hybrid_points,MIXED,Boston United 12 Sapphire
G14CACLI4GE,-1.35965075,1,0,1,hybrid_points,MIXED,CALI 14 Gold North
G16LEGIO2XL,-1.361,1,0,1,hybrid_points,MIXED,TeamLVC 16 Pink
G14MIVBC2NE,-1.363,1,0,1,hybrid_points,MIXED,Mass Impact 14 Lara
G16CJJVB2NE,-1.3665,1,0,1,hybrid_points,MIXED,CT Juniors 16 Premier
G17CSJVB1NE,-1.3725,1,0,1,hybrid_points,MIXED,CT STARS 17s Rony
G14TTVBC8NE,-1.3965,1,0,1,hybrid_points,MIXED,SLAM 14R Platinum
G18LEGRO3GE,-1.4,1,0,1,hybrid_points,MIXED,Allegro 18 South Black
G12TTVBC3NE,-1.412,1,0,1,hybrid_points,MIXED,SLAM 12R White
G16LEGIO3XL,-1.435125,1,0,1,hybrid_points,MIXED,TeamLVC 16 White
G18MCJVB3NE,-1.4536499999999999,1,0,1,hybrid_points,MIXED,Mill City 18 Orange
G16SIVBC1NE,-1.45455,1,0,1,hybrid_points,MIXED,SISU VB 16 1
G18CTRVB1NE,-1.456,1,0,1,hybrid_points,MIXED,C3VB 18 1
G16SSVBC2NE,-1.456,1,0,1,hybrid_points,MIXED,SSVBC 16 2
B14CAPIT2XL,-1.457,1,0,1,hybrid_points,MIXED,CSVC 14 SAWTEETH
G16PVJVB1NE,-1.4575,1,0,1,hybrid_points,MIXED,PV 16 National
G18TTVBC2NE,-1.4585,1,0,1,hybrid_points,MIXED,SLAM 18R Red
G17TTVBC2NE,-1.4715,1,0,1,hybrid_points,MIXED,SLAM 17P Red
G12CSJVB1NE,-1.47164425,1,0,1,hybrid_points,MIXED,CT STARS 12-1
G14VERSE2GE,-1.476,1,0,1,hybrid_points,MIXED,NYC Volley Verse 14 Navy
G14CACLI6GE,-1.4845,1,0,1,hybrid_points,MIXED,CALI 14 Gold South
B16LHVBC2NE,-1.488390126,3,0,3,hybrid_points,MIXED,LHV Boys 16-2 Hunters
G14TTVBC6NE,-1.5,1,0,1,hybrid_points,MIXED,SLAM 14R Crimson
G15117754XX,-1.5,1,0,1,hybrid_points,MIXED,ValleyVBC Blue
G16MXVBC2NE,-1.5,1,0,1,hybrid_points,MIXED,Max Performance 16 Tony
G16CTRVB1NE,-1.5,1,0,1,hybrid_points,MIXED,C3VB 16 1
G12HRJVB1NE,-1.5,1,0,1,hybrid_points,MIXED,HardRock 12
G16PVJVB3NE,-1.51441,1,0,1,hybrid_points,MIXED,PV 16 Select
G16MAPVB3NE,-1.5155,1,0,1,hybrid_points,MIXED,Mass Power VB 16 Black
G16TCJVB4NE,-1.5395,1,0,1,hybrid_points,MIXED,Nova 16 Regional
G15SGHVB1NE,-1.6082400000000001,2,0,2,hybrid_points,MIXED,Starlings GH 15 1
G18PVJVB1NE,-1.746,2,0,2,hybrid_points,MIXED,PV 18 National
B14RRJVB2NE,-2.1138991497749995,2,0,2,hybrid_points,MIXED,Boston United Boys 13 Select 1
G12112721XX,-2.19838385,2,0,2,hybrid_points,MIXED,X2 Volleyball 12 1
B18SAVBC1XL,-2.227075,3,0,3,hybrid_points,MIXED,Sporting Albany Boys 18u
B18PVJVB2NE,-2.30527985,2,0,2,hybrid_points,MIXED,PV Boys 18 2
B18BVJVB2NE,-2.47292985,2,0,2,hybrid_points,MIXED,Blast 18 Blaze
G14TRICO1GE,-2.694,2,0,2,hybrid_points,MIXED,TriCounty ATTACK 14 1
G17SPAVB3XL,-2.9129565,2,0,2,hybrid_points,MIXED,Spa City 17 Coral
G14SURGE2GE,-2.9385000000000003,2,0,2,hybrid_points,MIXED,LI Surge 14 Premier White
G15DRVBC3NE,-6.449999999999999,5,0,5,hybrid_points,MIXED,Dragons 15 Brian
G16PARAD1WE,42.12499999999906,1,1,0,massey,MIXED,Paradigm Rebellion
G16118021XX,41.8275862068973,1,1,0,massey,MIXED,NYCLBVC 16U BLUE ELITE
G15NEVBC2NE,39.22758620689731,6,6,0,massey,MIXED,Northeast 15.2
G16NEVBC3NE,38.02758620689733,2,1,1,massey,MIXED,Northeast 16.3
G14MAJVB3NE,34.74999999999981,1,1,0,massey,MIXED,Mass Premier 14 2 Blue
G12NYCJR1GE,34.45061728395097,1,1,0,massey,MIXED,NYC Juniors 12 Blue
G15SJJVB1NE,34.12499999999918,5,4,1,massey,MIXED,SMASH 15s
G16NEVBC5NE,33.409090909090736,1,1,0,massey,MIXED,Northeast 16 Orange
G16LFJVB2NE,30.409090909091383,1,1,0,massey,MIXED,603 United 16 Seacoast White
G14ROCKA1GE,30.07894736842218,1,1,0,massey,MIXED,RVT 14-1 Surf
G12LIBER1CH,29.450617283950717,1,1,0,massey,MIXED,Libero 12 Huskies
G16HKJVB2NE,28.1249999999991,1,0,1,massey,MIXED,Husky 16 Northeast Red
G16CMJVB3NE,28.027586206897105,1,1,0,massey,MIXED,CMASS EDGE 16 White
G15HKJVB1NE,27.827586206897266,5,3,2,massey,MIXED,Husky 15 National
G16NESVC1NE,27.027586206897105,1,1,0,massey,MIXED,NE Storm 16 Avalanche
G16LHVBA1GE,25.66666666666652,1,1,0,massey,MIXED,LHVA 16 Purple National
G12118021XX,25.450617283950894,1,1,0,massey,MIXED,NYCLBVC 12U BLUE
G12SJJVB1NE,25.450617283949647,1,1,0,massey,MIXED,SMASH 12s
G14RENAS1KE,25.078947368422135,1,0,1,massey,MIXED,Renaissance 14 Black
G16APXTC2OV,24.666666666666565,1,1,0,massey,MIXED,Apex VBTC 16 Apex White
B14SJJVB1NE,23.977272727273515,1,1,0,massey,MIXED,SMASH Boys 14-1
G16DDVBC1NE,22.833333333333286,1,1,0,massey,MIXED,Dig Deep 16 Ginger
G16TCJVB1NE,22.627586206897156,2,1,1,massey,MIXED,Nova 16 Premier Jamie/Mili
G14PVJVB3NE,22.57142857142859,1,1,0,massey,MIXED,PV 14 Pink Panthers
G14NEVBC2NE,22.07894736842003,2,2,0,massey,MIXED,Northeast 14.2
G18PARAD1WE,21.673913043478006,2,2,0,massey,MIXED,Paradigm Revolution
G12TCJVB1NE,21.617283950617587,2,2,0,massey,MIXED,Nova 12 Select Brie/Ryleigh
G14MXVBC1NE,20.699999999999942,2,2,0,massey,MIXED,Max Performance 14 Jaz
G18SJVBC1NE,20.25000000000111,1,1,0,massey,MIXED,South County 18-Blue
G16LEGIO2XL,20.227586206897332,1,0,1,massey,MIXED,TeamLVC 16 Pink
G16LEGRO4GE,20.027586206897208,3,1,2,massey,MIXED,Allegro 16 South Black
B14NEVBC1NE,19.977272727273387,1,1,0,massey,MIXED,NEVBC Boys 14.1
G18USANY1XL,19.67391304347799,1,1,0,massey,MIXED,USANY Fortitude 18 - 1
G16PARAD2WE,19.31249999999978,1,1,0,massey,MIXED,Paradigm Rumble
G16LDNER1NE,19.12499999999956,2,1,1,massey,MIXED,Lockdown VBC 16 Hawks
G16WAREN1GE,19.124999999999154,1,0,1,massey,MIXED,Warren Sixpack 16 red
B18PVJVB1NE,18.868723165950637,2,1,1,massey,MIXED,PV Boys 18 1
G17NEVBC2NE,18.67391304347759,6,6,0,massey,MIXED,Northeast 17.2
G15NEVBC5NE,18.166666666666607,1,1,0,massey,MIXED,Northeast 15 Black
G14NYCJR5GE,18.078947368422206,1,1,0,massey,MIXED,NYC Juniors 14 Brooklyn
B15SYRVB1XL,18.045964247707875,7,7,0,massey,MIXED,SVC 15 1 Boys
G16AVVBC1NE,18.027586206897077,1,1,0,massey,MIXED,Avidity 16 Onyx
G12ROCKA3GE,17.450617283950894,1,1,0,massey,MIXED,RVT 12-3 Sail
G17NYCIV1GE,17.399999999999842,1,1,0,massey,MIXED,NYC Impact 17U Black
G17NYCJR3GE,17.399999999999835,1,1,0,massey,MIXED,NYC Juniors 17 SI
G17SJJVB1NE,16.673913043478013,4,2,2,massey,MIXED,SMASH 17s
G12SJJVB3NE,15.450617283949574,1,1,0,massey,MIXED,SMASH 12's Volts
B16SJJVB1NE,14.978260869565045,5,5,0,massey,MIXED,SMASH Boys 16-1
G12LDNER1NE,14.45061728394972,1,1,0,massey,MIXED,Lockdown VBC 12 SandPipers
G16NEVBC6NE,14.409090909092377,1,0,1,massey,MIXED,Northeast 16 Black
G16SSVBC2NE,14.227586206897326,1,0,1,massey,MIXED,SSVBC 16 2
G17GRVBC2NE,13.833333333333265,1,1,0,massey,MIXED,GVC 17-2
B18SJJVB3NE,13.62318840579702,3,2,1,massey,MIXED,SMASH Boys 18's Surge
B17CAPIT1XL,13.536074295314258,13,13,0,massey,MIXED,CSVC 17 BIG SLIDE
G13118021XX,13.078947368421968,8,6,2,massey,MIXED,NYCLBVC 13U BLUE
G14118022XX,13.078947368420737,1,1,0,massey,MIXED,NYCLBVC 14U WHITE
B14RRJVB1NE,12.977272727273402,1,1,0,massey,MIXED,Boston United Boys 14-1
G17MCJVB2NE,12.83333333333332,1,1,0,massey,MIXED,Mill City 17 Orange
G17LDNER1NE,12.673913043477896,4,3,1,massey,MIXED,Lockdown VBC 17 Phoenix
G17EYNER1NE,12.399999999999904,1,1,0,massey,MIXED,ENVY 17 NATIONAL
G16NEVBC2NE,12.249999999999332,5,5,0,massey,MIXED,Northeast 16.2
G16CJJVB2NE,12.227586206897342,1,0,1,massey,MIXED,CT Juniors 16 Premier
G16PVJVB1NE,12.124999999999098,1,0,1,massey,MIXED,PV 16 National
B18315VB1XL,11.909790927758058,2,2,0,massey,MIXED,315VB 18 USA
G18LFJVB1NE,11.673913043478015,3,0,3,massey,MIXED,603 United 18 Seacoast Black
B16CAPIT1XL,11.4846186337592,5,4,1,massey,MIXED,CSVC 16 WOLFJAW
G16SPAVB2XL,11.42758620689715,2,1,1,massey,MIXED,Spa City 16 Coral
G18LFJVB2NE,11.250000000001089,1,1,0,massey,MIXED,603 United 18 Seacoast White
G16LFJVB3NE,11.027586206897041,1,1,0,massey,MIXED,603 United 16 Central White
G14LFJVB3NE,10.69999999999996,1,1,0,massey,MIXED,603 United 14 Seacoast Blue
B17NEVBC1NE,10.612049654657195,3,2,1,massey,MIXED,NEVBC Boys 17.1
G16MCJVB6NE,10.562500000000005,2,1,1,massey,MIXED,Mill City 16 Teal
B14117752XX,10.477272727273203,2,2,0,massey,MIXED,ValleyVBC Elite Boys
G15MIVBC1NE,10.40909090909179,6,4,2,massey,MIXED,Mass Impact 15 Brent
B15LEGIO1XL,10.228548102310683,4,3,1,massey,MIXED,TeamLVC Boys 15 Black
G16SJJVB1NE,9.749999999998554,6,6,0,massey,MIXED,SMASH 16s
G18HKJVB2NE,9.399999999999913,2,2,0,massey,MIXED,Husky 18 Northeast
G15117751XX,9.166666666666671,1,1,0,massey,MIXED,ValleyVBC Elite
G15PARAD1WE,9.125000000000112,5,4,1,massey,MIXED,Paradigm Ruckus
G16CMJVB2NE,8.833333333333293,1,1,0,massey,MIXED,CMASS EDGE 16 Blue
G18TCJVB1NE,8.673913043478425,1,1,0,massey,MIXED,Nova 18 Premier Matt
G17SHVBC1NE,8.250000000000533,1,1,0,massey,MIXED,NE Shock 17 1
B18MCJVB1NE,8.201372036587305,1,1,0,massey,MIXED,Mill City 18's
G16CTRVB1NE,7.827586206897342,1,0,1,massey,MIXED,C3VB 16 1
G16JHEAT2GE,7.812500000000389,1,1,0,massey,MIXED,CJHEAT 16 2
G17LHVBA1GE,7.39999999999986,1,1,0,massey,MIXED,LHVA 17 Purple National
G15PARAD2WE,7.312499999999833,4,3,1,massey,MIXED,Paradigm Racket
B17SJJVB2NE,7.201372036587237,3,1,2,massey,MIXED,SMASH Boys 17 Chaos
G13BVJVB1NE,6.749999999999759,6,4,2,massey,MIXED,Blast 13U Dragons
G17HKJVB4NE,6.499999999999849,1,1,0,massey,MIXED,Husky 17 New England
G12LDNER2NE,6.450617283950894,1,1,0,massey,MIXED,Lockdown VBC 12 Puffins
G14IGVBC2NE,6.249999999999671,2,1,1,massey,MIXED,Ignite 14 Red
B18SJJVB2NE,6.0740619749855815,2,1,1,massey,MIXED,SMASH Boys 18's Force
G13FVNER1NE,5.571428571428566,6,4,2,massey,MIXED,Fusion 13 Sparks
B18118281XX,5.536074295314347,1,0,1,massey,MIXED,PW-VB Quarter-Zip Elite 67-Matcha
G16SJVBC3NE,5.062500000000045,2,1,1,massey,MIXED,South County 16-Gold
G17WAREN1GE,4.749999999998452,2,0,2,massey,MIXED,Warren Sixpack 17 red
G18SSVBC1NE,4.673913043477717,1,0,1,massey,MIXED,SSVBC 18 1
G12RRJVB1NE,4.450617283949664,1,1,0,massey,MIXED,Boston United 12 Select
B18LEGIO1XL,4.22806608176198,3,0,3,massey,MIXED,TeamLVC Boys 18 Black
G14GAJVB1NE,4.1666666666666226,5,3,2,massey,MIXED,Gators 14 Black
G14GREEN1GE,4.078947368421291,2,1,1,massey,MIXED,Asphalt Green VBC 14-Green
G15CJJVB2NE,4.027586206897011,10,2,8,massey,MIXED,Ct Juniors 15 Premier
B16NESVC2NE,3.744842902750687,6,3,3,massey,MIXED,NE Storm 16 Monsoon
G18SPAVB1XL,3.6739130434776577,1,0,1,massey,MIXED,Spa City 18 Aqua
B18BVJVB1NE,3.536074295314291,1,0,1,massey,MIXED,Blast 18 Fire
G12SJJVB2NE,3.4506172839493416,2,2,0,massey,MIXED,SMASH 12s Energy
G17PROVA3GE,3.3999999999998796,1,1,0,massey,MIXED,Prodigy 17.3 Elite
G17LFJVB1NE,2.999999999998842,2,0,2,massey,MIXED,603 United 17 Seacoast Black
G16MCJVB3NE,2.833333333333317,1,1,0,massey,MIXED,Mill City 16 Orange
G12LHVBC1NE,2.7839506172830397,3,2,1,massey,MIXED,LHV Girls 12-1 Spark
G17SJJVB2NE,2.749999999998344,1,0,1,massey,MIXED,SMASH 17s Black Ice
B18CAPIT1XL,2.5340209072239004,5,1,4,massey,MIXED,CSVC 18 HAYSTACK
G16MNJVB1NE,2.3999999999998307,9,4,5,massey,MIXED,Maine Jrs 16 National
G17MIVBC1NE,2.2500000000009797,6,4,2,massey,MIXED,Mass Impact 17 Connor
B16RRJVB3NE,2.175698769699596,3,1,2,massey,MIXED,Boston United Boys 16 Select 1
G14TCJVB1NE,2.0789473684194544,1,1,0,massey,MIXED,Nova 14 Premier Brody/Brennan
B13SJJVB1NE,1.977272727273272,16,9,7,massey,MIXED,SMASH Boys 13-1
G16MXVBC1NE,1.8333333333333104,5,2,3,massey,MIXED,Max Performance 16 Jess
G17PARAD1WE,1.7499999999983555,1,0,1,massey,MIXED,Paradigm Revolt
B14SAVBC1XL,1.727272727273264,4,2,2,massey,MIXED,Sporting Albany Boys 14u
G17CJJVB1NE,1.6739130434784235,5,4,1,massey,MIXED,CT Juniors 17 National
B17PVJVB1NE,1.4239130434780398,2,1,1,massey,MIXED,PV Boys 17 1
B18PVJVB3NE,1.2898550724636149,3,1,2,massey,MIXED,PV Boys 18 3
G17118021XX,1.249999999999506,1,0,1,massey,MIXED,NYCLBVC 17U BLUE ELITE
G12VERSE1GE,0.9506172839507308,2,1,1,massey,MIXED,NYC Volley Verse 12 1
G16SSVBC1NE,0.8333333333333663,1,1,0,massey,MIXED,SSVBC 16 1
G18DDVBC1NE,0.6739130434787026,2,1,1,massey,MIXED,Dig Deep 18 Ginger
G18USANY2XL,0.6739130434779044,1,0,1,massey,MIXED,USANY Patience 18 - 2
G18LEGRO3GE,0.6739130434776395,1,0,1,massey,MIXED,Allegro 18 South Black
G17KNGHT1GE,0.3999999999999182,2,1,1,massey,MIXED,LIKVBC 17
G17BEVNY2GE,0.3999999999999002,1,1,0,massey,MIXED,BEV 17 Elite
B17RRJVB1NE,0.2608695652172601,3,1,2,massey,MIXED,Boston United Boys 17 National 1
G17LFJVB2NE,0.2500000000004272,1,1,0,massey,MIXED,603 United 17 Seacoast White
B18PVJVB4NE,-0.09020907224197838,2,1,1,massey,MIXED,PV Boys 18 4
G15SIVBC1NE,-0.18749999999980926,4,1,3,massey,MIXED,SISU VB 15 1
G14RRJVB5NE,-0.2500000000002407,1,0,1,massey,MIXED,Boston United 14 Sapphire
G14MGJVB6NE,-0.42857142857143193,1,1,0,massey,MIXED,MGA 14's Stripes
G17SIVBC1NE,-1.1666666666666936,1,1,0,massey,MIXED,SISU VB 17 1
B17HKJVB2NE,-1.2154657457532938,5,3,2,massey,MIXED,Husky 17.2
G11LDNER1NE,-1.216049382715669,8,7,1,massey,MIXED,Lockdown VBC 11 Hummingbirds
G16MOMET1FL,-1.3333333333334298,1,1,0,massey,MIXED,Momentum 16 Neon
G16SURGE1GE,-1.3333333333334472,1,0,1,massey,MIXED,LI Surge 16 Premier
G14112721XX,-1.4285714285714262,1,0,1,massey,MIXED,X2 Volleyball 14 1
B16LHVBC2NE,-1.4909678969668678,3,0,3,massey,MIXED,LHV Boys 16-2 Hunters
G17HKJVB3NE,-1.6000000000000905,1,0,1,massey,MIXED,Husky 17 Northeast Black
G17LEGRO3GE,-1.7500000000004896,1,0,1,massey,MIXED,Allegro 17 South Black
G16PROVA1GE,-1.8749999999997196,1,0,1,massey,MIXED,Prodigy 16.1 Premier
G13GREEN1GE,-1.9210526315793146,8,5,3,massey,MIXED,Asphalt Green VBC 13-Green
G16SAJVB3NE,-1.9724137931028707,1,1,0,massey,MIXED,SA Elite 16 American Ice
B17SJJVB3NE,-2.369565217391459,3,1,2,massey,MIXED,SMASH Boys 17's Shock
G11SJJVB1NE,-2.5493827160503293,11,3,8,massey,MIXED,SMASH 11s
G17MGJVB4NE,-2.7499999999995923,1,1,0,massey,MIXED,MGA 17's Stars
G13SPAVB2XL,-2.921052631580462,5,2,3,massey,MIXED,Spa City 13 Coral
B18PVJVB2NE,-2.963925704685832,2,0,2,massey,MIXED,PV Boys 18 2
G12TTVBC2NE,-3.216049382715604,1,0,1,massey,MIXED,SLAM 12R Red
G18NEVBC2NE,-3.3260869565216202,1,0,1,massey,MIXED,Northeast 18.2
G16113231XX,-3.3333333333335466,1,1,0,massey,MIXED,EliteZ 16 GIRLS HP BLACK
G14LEGIO2XL,-3.4210526315805097,2,1,1,massey,MIXED,TeamLVC 14 Pink
B18NESVC1NE,-3.463925704685793,1,0,1,massey,MIXED,NE Storm 18 Thunder
G15BVJVB1NE,-3.590909090906464,1,1,0,massey,MIXED,Blast 15U Sabers
G16LFJVB1NE,-3.874999999999802,1,0,1,massey,MIXED,603 United 16 Seacoast Black
B15CAPIT1XL,-4.152183809229553,3,1,2,massey,MIXED,CSVC 15 PANTHERS
G14LFJVB4NE,-4.3000000000000576,2,1,1,massey,MIXED,603 United 14 Central Blue
G18CADOV1WE,-4.326086956523215,1,0,1,massey,MIXED,CADO 18 1
G16BEVNY3GE,-4.33333333333342,1,0,1,massey,MIXED,BEV 16 Skyline
G12GRVBC2NE,-4.382716049382355,2,0,2,massey,MIXED,GVC 12-2 Diamonds
G15LFJVB3NE,-4.590909090906699,2,2,0,massey,MIXED,603 United 15 Seacoast Blue
G16LHVBC4NE,-4.59090909090774,1,0,1,massey,MIXED,LHV Girls 16-4 Ragers
B15RRJVB2NE,-4.747416040919453,5,2,3,massey,MIXED,Boston United Boys 15 Select 1
G16SJVBC2NE,-4.74999999999951,5,1,4,massey,MIXED,South County 16-Blue
G15RRJVB4NE,-4.833333333333352,1,0,1,massey,MIXED,Boston United 15 Sapphire
G15118022XX,-5.333333333333481,8,4,4,massey,MIXED,NYCLBVC 15U WHITE
G14RRJVB6NE,-5.428571428571446,1,0,1,massey,MIXED,Boston United 14 Steel
G18SGHVB1NE,-6.500000000000149,1,0,1,massey,MIXED,Starlings GH 18 1
G11GRVBC1NE,-6.5493827160491165,13,6,7,massey,MIXED,GVC 11-1
G15AVVBC3NE,-6.590909090906576,1,1,0,massey,MIXED,Avidity 15 Jade
G17FGSVA1FL,-6.600000000000156,1,0,1,massey,MIXED,Gulfside 17U Select
G14SPAVB3XL,-6.921052631580579,1,0,1,massey,MIXED,Spa City 14 Navy
G16TTVBC4NE,-6.972413793104528,1,1,0,massey,MIXED,SLAM 16R Silver
G18DRVBC1NE,-7.749999999998906,1,0,1,massey,MIXED,Dragons 18 Phantoms
G18EYNER1NE,-7.826086956521357,2,2,0,massey,MIXED,ENVY 18 CYCLONE
B17HKJVB3NE,-7.964952398730692,5,2,3,massey,MIXED,Husky 17.3
G16DRVBC1NE,-7.972413793104531,1,1,0,massey,MIXED,Dragons 16 Fyre
G18CTRVB1NE,-8.326086956522275,1,0,1,massey,MIXED,C3VB 18 1
G14PVJVB4NE,-8.428571428571436,1,0,1,massey,MIXED,PV 14 Select North
B18LHVBC2NE,-8.463925704685732,1,0,1,massey,MIXED,LHV Boys 18-2 Blitz
G15GAJVB2NE,-8.833333333333368,1,0,1,massey,MIXED,Gators 15 Green
G14CACLI4GE,-8.92105263157788,1,0,1,massey,MIXED,CALI 14 Gold North
G14EYNER1NE,-8.921052631579354,1,0,1,massey,MIXED,ENVY 14 SANDSTORM
B18NESVC2NE,-8.964952398730674,1,0,1,massey,MIXED,NE Storm 18 Squall
G15MNJVB1NE,-9.166666666666696,6,2,4,massey,MIXED,Maine Jrs 15-National
G18SSVBC2NE,-9.326086956521594,1,0,1,massey,MIXED,SSVBC 18 2
B16BVJVB2NE,-9.686012964198403,3,1,2,massey,MIXED,Blast 16 Pyro
B14HKJVB1NE,-10.022727272726705,1,0,1,massey,MIXED,Husky 14.1
G17LDNER3NE,-10.166666666666703,1,0,1,massey,MIXED,Lockdown VBC 17 Raptors
G18PVJVB1NE,-10.326086956522072,2,0,2,massey,MIXED,PV 18 National
G17LEGIO2XL,-10.750000000000043,2,0,2,massey,MIXED,TeamLVC 17 Pink
G16HEVBA9NE,-10.87499999999978,2,1,1,massey,MIXED,HEVBA 16 99
G14BEVNY2GE,-10.921052631579338,1,0,1,massey,MIXED,BEV 14 Elite
B17CAPIT2XL,-11.076086956521994,2,1,1,massey,MIXED,CSVC 17 SKYLIGHT
B14CAPIT1XL,-11.522727272726776,2,0,2,massey,MIXED,CSVC 14 CASCADE
G16MXVBC2NE,-11.590909090908823,1,0,1,massey,MIXED,Max Performance 16 Tony
G18KNGHT1GE,-11.600000000000135,2,0,2,massey,MIXED,LIKVBC 18
G17NETHG2XL,-11.600000000000154,1,0,1,massey,MIXED,NET 17 Lightning
B18MVNER2NE,-11.96495239873067,1,1,0,massey,MIXED,Meraki VB 18 2
G16UNVBC1NE,-11.972413793103705,2,1,1,massey,MIXED,Unity 16 Girls Gold Valkeries
G13LFJVB2NE,-12.300000000000036,7,2,5,massey,MIXED,603 United 13 Seacoast Blue
G14MIVBC2NE,-12.428571428571459,1,0,1,massey,MIXED,Mass Impact 14 Lara
B16PVJVB2NE,-12.651272613839689,4,1,3,massey,MIXED,PV Boys 16 2
G18CTRVB2NE,-12.749999999998876,1,0,1,massey,MIXED,C3VB 18 2
G16CAMYV1NE,-12.874999999998938,1,1,0,massey,MIXED,CYVB 16 1
B15TTVBC1NE,-12.951819331073589,5,1,4,massey,MIXED,SLAM 15 1 Boys
G18MCJVB3NE,-13.326086956522033,1,0,1,massey,MIXED,Mill City 18 Orange
B14RRJVB2NE,-13.522727272726693,2,0,2,massey,MIXED,Boston United Boys 13 Select 1
G12BEVNY1GE,-13.549382716049111,1,0,1,massey,MIXED,BEV 12 Elite
B14SJJVB2NE,-14.022727272726588,1,0,1,massey,MIXED,SMASH Boys 14's Thunder
B18NEVBC3NE,-14.215465745753205,1,0,1,massey,MIXED,NEVBC Boys 18 Blue
B18TTVBC1NE,-14.215465745753223,1,0,1,massey,MIXED,SLAM 18 1 Boys
G16CJVBA6GE,-14.33333333333343,1,0,1,massey,MIXED,CJVA 16 Red
G14GAJVB3NE,-14.800000000000104,2,1,1,massey,MIXED,Gators 14 White
G16NESVC3NE,-14.874999999999432,1,1,0,massey,MIXED,NE Storm 16 Earthquake
G17SPAVB3XL,-15.500000000001048,2,0,2,massey,MIXED,Spa City 17 Coral
G16LEGIO3XL,-15.687500000000195,1,0,1,massey,MIXED,TeamLVC 16 White
G14VERSE2GE,-16.921052631577812,1,0,1,massey,MIXED,NYC Volley Verse 14 Navy
G17TTVBC2NE,-17.166666666666742,1,0,1,massey,MIXED,SLAM 17P Red
G12NSJVB1NE,-17.2160493827156,1,0,1,massey,MIXED,NH Seacoast 12 USA
G12PROVA1GE,-17.216049382715656,1,0,1,massey,MIXED,Prodigy 12.1 Club
G18AAVBC1NE,-17.326086956521316,1,1,0,massey,MIXED,AVA 18 Purple Sharks
G12112721XX,-17.54938271604909,2,0,2,massey,MIXED,X2 Volleyball 12 1
G17118022XX,-17.600000000000193,1,0,1,massey,MIXED,NYCLBVC 17U WHITE
G15117754XX,-17.833333333333375,1,0,1,massey,MIXED,ValleyVBC Blue
B18SAVBC1XL,-18.130434782608912,3,0,3,massey,MIXED,Sporting Albany Boys 18u
G14GAJVB2NE,-18.59090909090687,7,2,5,massey,MIXED,Gators 14 Green
B18BVJVB2NE,-18.71443905170827,2,0,2,massey,MIXED,Blast 18 Blaze
G15RRJVB9NE,-19.972413793104828,1,1,0,massey,MIXED,Boston United 15 Chrome
G16CSJVB3NE,-20.33333333333344,1,0,1,massey,MIXED,CT STARS 16s Ioanna
G14SURGE2GE,-20.421052631578036,2,0,2,massey,MIXED,LI Surge 14 Premier White
G12CMJVB2NE,-21.54938271604909,1,0,1,massey,MIXED,CMASS EDGE 12 Gray
G17CSJVB1NE,-21.600000000000218,1,0,1,massey,MIXED,CT STARS 17s Rony
G18TTVBC2NE,-21.74999999999888,1,0,1,massey,MIXED,SLAM 18R Red
G15CAMYV1NE,-21.972413793104764,1,1,0,massey,MIXED,CYVB 15 1
B14CAPIT2XL,-22.02272727272697,1,0,1,massey,MIXED,CSVC 14 SAWTEETH
G12HRJVB1NE,-22.216049382715656,1,0,1,massey,MIXED,HardRock 12
G17BVJVB1NE,-22.32608695652132,5,1,4,massey,MIXED,Blast 17U Cobras
G12CSJVB1NE,-22.549382716050324,1,0,1,massey,MIXED,CT STARS 12-1
G14CACLI6GE,-22.92105263157943,1,0,1,massey,MIXED,CALI 14 Gold South
G14TTVBC6NE,-23.25000000000015,1,0,1,massey,MIXED,SLAM 14R Crimson
G14TRICO1GE,-23.42105263157928,2,0,2,massey,MIXED,TriCounty ATTACK 14 1
G12RRJVB2NE,-23.882716049382424,2,0,2,massey,MIXED,Boston United 12 Sapphire
G14TTVBC8NE,-24.250000000000263,1,0,1,massey,MIXED,SLAM 14R Platinum
G16SIVBC1NE,-24.874999999999716,1,0,1,massey,MIXED,SISU VB 16 1
G18DDVBC2NE,-25.32608695652128,1,0,1,massey,MIXED,Dig Deep 18 Force
G16BVJVB3NE,-25.874999999999485,1,1,0,massey,MIXED,Blast 16U Jaguars
G16CRJVB1NE,-26.166666666666668,2,0,2,massey,MIXED,CRVBC 16 1 Hawks
G14BVJVB1NE,-27.97241379310475,5,3,2,massey,MIXED,Blast 14U Jungle Cats
G12TTVBC3NE,-28.216049382715685,1,0,1,massey,MIXED,SLAM 12R White
G16MAPVB3NE,-28.97241379310293,1,0,1,massey,MIXED,Mass Power VB 16 Black
G16NESVC4NE,-30.874999999999297,1,1,0,massey,MIXED,NE Storm 16 Twister
G16RRJVB5NE,-32.972413793104465,1,1,0,massey,MIXED,Boston United 16 Sapphire
G16PVJVB3NE,-34.18749999999965,1,0,1,massey,MIXED,PV 16 Select
G15RRJVB7NE,-36.9724137931044,6,1,5,massey,MIXED,Boston United 15 Silver
G15DRVBC3NE,-37.87499999999938,5,0,5,massey,MIXED,Dragons 15 Brian
G15MAPVB3NE,-38.97241379310474,1,0,1,massey,MIXED,Mass Power VB 15 Pink
G15SGHVB1NE,-39.09090909090664,2,0,2,massey,MIXED,Starlings GH 15 1
G15RRJVB11NE,-44.97241379310481,1,0,1,massey,MIXED,Boston United 15 Cobalt
G16TCJVB4NE,-61.9724137931045,1,0,1,massey,MIXED,Nova 16 Regional
G16118021XX,42.85924485551237,1,1,0,massey_recent,MIXED,NYCLBVC 16U BLUE ELITE
G16PARAD1WE,42.12500442368059,1,1,0,massey_recent,MIXED,Paradigm Rebellion
G15NEVBC2NE,40.45638604834123,6,6,0,massey_recent,MIXED,Northeast 15.2
G16NEVBC3NE,37.02076735894907,2,1,1,massey_recent,MIXED,Northeast 16.3
G15SJJVB1NE,34.12500442368804,5,4,1,massey_recent,MIXED,SMASH 15s
G14MAJVB3NE,34.00078331003982,1,1,0,massey_recent,MIXED,Mass Premier 14 2 Blue
G12NYCJR1GE,33.96598894761861,1,1,0,massey_recent,MIXED,NYC Juniors 12 Blue
G16NEVBC5NE,33.432596306090446,1,1,0,massey_recent,MIXED,Northeast 16 Orange
G16LFJVB2NE,30.432614308724396,1,1,0,massey_recent,MIXED,603 United 16 Seacoast White
G14ROCKA1GE,30.42075014176613,1,1,0,massey_recent,MIXED,RVT 14-1 Surf
G12LIBER1CH,28.96598894611578,1,1,0,massey_recent,MIXED,Libero 12 Huskies
G15HKJVB1NE,28.85924485551203,5,3,2,massey_recent,MIXED,Husky 15 National
G16HKJVB2NE,28.1250044236796,1,0,1,massey_recent,MIXED,Husky 16 Northeast Red
G16CMJVB3NE,27.501837838178282,1,1,0,massey_recent,MIXED,CMASS EDGE 16 White
G16NESVC1NE,26.501837838178673,1,1,0,massey_recent,MIXED,NE Storm 16 Avalanche
G14MXVBC1NE,26.004114336613682,2,2,0,massey_recent,MIXED,Max Performance 14 Jaz
G16LHVBA1GE,25.666671134550405,1,1,0,massey_recent,MIXED,LHVA 16 Purple National
G14RENAS1KE,25.420750142354017,1,0,1,massey_recent,MIXED,Renaissance 14 Black
G16TCJVB1NE,25.06547640630817,2,1,1,massey_recent,MIXED,Nova 16 Premier Jamie/Mili
G12118021XX,24.965988943615695,1,1,0,massey_recent,MIXED,NYCLBVC 12U BLUE
G12SJJVB1NE,24.965978488866604,1,1,0,massey_recent,MIXED,SMASH 12s
G16APXTC2OV,24.666671134457175,1,1,0,massey_recent,MIXED,Apex VBTC 16 Apex White
G12TCJVB1NE,22.848889245311906,2,2,0,massey_recent,MIXED,Nova 12 Select Brie/Ryleigh
G16DDVBC1NE,22.83332520522807,1,1,0,massey_recent,MIXED,Dig Deep 16 Ginger
G14PVJVB3NE,22.571414815200807,1,1,0,massey_recent,MIXED,PV 14 Pink Panthers
G14NEVBC2NE,22.42075015565241,2,2,0,massey_recent,MIXED,Northeast 14.2
B14SJJVB1NE,22.273903856730186,1,1,0,massey_recent,MIXED,SMASH Boys 14-1
G18PARAD1WE,21.834799500839033,2,2,0,massey_recent,MIXED,Paradigm Revolution
G16LEGIO2XL,21.45638604834104,1,0,1,massey_recent,MIXED,TeamLVC 16 Pink
B14SAVBC1XL,21.25377324077091,4,2,2,massey_recent,MIXED,Sporting Albany Boys 14u
G18SJVBC1NE,21.228767555998374,1,1,0,massey_recent,MIXED,South County 18-Blue
B18PVJVB1NE,20.450910097784526,2,1,1,massey_recent,MIXED,PV Boys 18 1
B15SYRVB1XL,19.894004044322042,7,7,0,massey_recent,MIXED,SVC 15 1 Boys
G16LEGRO4GE,19.82139391405906,3,1,2,massey_recent,MIXED,Allegro 16 South Black
G18USANY1XL,19.631899605804442,1,1,0,massey_recent,MIXED,USANY Fortitude 18 - 1
G16PARAD2WE,19.29951831934185,1,1,0,massey_recent,MIXED,Paradigm Rumble
G16LDNER1NE,19.12500442435008,2,1,1,massey_recent,MIXED,Lockdown VBC 16 Hawks
G16WAREN1GE,19.125004423498677,1,0,1,massey_recent,MIXED,Warren Sixpack 16 red
G17NEVBC2NE,18.631899606788213,6,6,0,massey_recent,MIXED,Northeast 17.2
G14NYCJR5GE,18.420750140930256,1,1,0,massey_recent,MIXED,NYC Juniors 14 Brooklyn
B14NEVBC1NE,18.273903935512962,1,1,0,massey_recent,MIXED,NEVBC Boys 14.1
G15NEVBC5NE,18.166659887364716,1,1,0,massey_recent,MIXED,Northeast 15 Black
G16AVVBC1NE,17.501837838176257,1,1,0,massey_recent,MIXED,Avidity 16 Onyx
G17NYCJR3GE,17.400004452131885,1,1,0,massey_recent,MIXED,NYC Juniors 17 SI
G17NYCIV1GE,17.40000445201446,1,1,0,massey_recent,MIXED,NYC Impact 17U Black
G12ROCKA3GE,16.965988943630464,1,1,0,massey_recent,MIXED,RVT 12-3 Sail
G17SJJVB1NE,16.631899608489235,4,2,2,massey_recent,MIXED,SMASH 17s
B16SJJVB1NE,15.726735647664105,5,5,0,massey_recent,MIXED,SMASH Boys 16-1
G16SSVBC2NE,15.456386048340526,1,0,1,massey_recent,MIXED,SSVBC 16 2
G12SJJVB3NE,14.965980458455928,1,1,0,massey_recent,MIXED,SMASH 12's Volts
G16NEVBC6NE,14.432618167664435,1,0,1,massey_recent,MIXED,Northeast 16 Black
B17CAPIT1XL,14.23493449869055,13,13,0,massey_recent,MIXED,CSVC 17 BIG SLIDE
G12LDNER1NE,13.965977654590029,1,1,0,massey_recent,MIXED,Lockdown VBC 12 SandPipers
G17GRVBC2NE,13.83332037760885,1,1,0,massey_recent,MIXED,GVC 17-2
G16CJJVB2NE,13.456386048341116,1,0,1,massey_recent,MIXED,CT Juniors 16 Premier
G13118021XX,13.4207501421382,8,6,2,massey_recent,MIXED,NYCLBVC 13U BLUE
G14118022XX,13.420750141666252,1,1,0,massey_recent,MIXED,NYCLBVC 14U WHITE
B18SJJVB3NE,13.328223241076069,3,2,1,massey_recent,MIXED,SMASH Boys 18's Surge
G16NEVBC2NE,13.228767556501504,5,5,0,massey_recent,MIXED,Northeast 16.2
G17MCJVB2NE,12.833320377608818,1,1,0,massey_recent,MIXED,Mill City 17 Orange
G17LDNER1NE,12.77047356540277,4,3,1,massey_recent,MIXED,Lockdown VBC 17 Phoenix
G17EYNER1NE,12.400004452115587,1,1,0,massey_recent,MIXED,ENVY 17 NATIONAL
G18LFJVB2NE,12.228767555999175,1,1,0,massey_recent,MIXED,603 United 18 Seacoast White
G16PVJVB1NE,12.125004423543324,1,0,1,massey_recent,MIXED,PV 16 National
B18MCJVB1NE,12.013923600808543,1,1,0,massey_recent,MIXED,Mill City 18's
B17NEVBC1NE,11.787111821914223,3,2,1,massey_recent,MIXED,NEVBC Boys 17.1
G16SPAVB2XL,11.65592527011622,2,1,1,massey_recent,MIXED,Spa City 16 Coral
G18LFJVB1NE,11.631899606787282,3,0,3,massey_recent,MIXED,603 United 18 Seacoast Black
G14LFJVB3NE,11.487245553778713,1,1,0,massey_recent,MIXED,603 United 14 Seacoast Blue
B14RRJVB1NE,11.27390393394845,1,1,0,massey_recent,MIXED,Boston United Boys 14-1
B16CAPIT1XL,11.192711968134384,5,4,1,massey_recent,MIXED,CSVC 16 WOLFJAW
B17SJJVB2NE,11.013923926053952,3,1,2,massey_recent,MIXED,SMASH Boys 17 Chaos
G16MCJVB6NE,10.576079538786592,2,1,1,massey_recent,MIXED,Mill City 16 Teal
G16LFJVB3NE,10.501837838179219,1,1,0,massey_recent,MIXED,603 United 16 Central White
G15MIVBC1NE,10.432597279984833,6,4,2,massey_recent,MIXED,Mass Impact 15 Brent
B18315VB1XL,10.253040272220725,2,2,0,massey_recent,MIXED,315VB 18 USA
G14IGVBC2NE,9.99607582852795,2,1,1,massey_recent,MIXED,Ignite 14 Red
G18HKJVB2NE,9.400004447349462,2,2,0,massey_recent,MIXED,Husky 18 Northeast
G17SHVBC1NE,9.228767555304488,1,1,0,massey_recent,MIXED,NE Shock 17 1
G15117751XX,9.16665988736548,1,1,0,massey_recent,MIXED,ValleyVBC Elite
G15PARAD1WE,9.12500442439127,5,4,1,massey_recent,MIXED,Paradigm Ruckus
G12LHVBC1NE,8.965964267890168,3,2,1,massey_recent,MIXED,LHV Girls 12-1 Spark
G16CTRVB1NE,8.859244855512776,1,0,1,massey_recent,MIXED,C3VB 16 1
G16CMJVB2NE,8.833325205227109,1,1,0,massey_recent,MIXED,CMASS EDGE 16 Blue
G18TCJVB1NE,8.631899606786789,1,1,0,massey_recent,MIXED,Nova 18 Premier Matt
B15LEGIO1XL,7.981809339887487,4,3,1,massey_recent,MIXED,TeamLVC Boys 15 Black
G16JHEAT2GE,7.816840064177242,1,1,0,massey_recent,MIXED,CJHEAT 16 2
G17LHVBA1GE,7.400004452193638,1,1,0,massey_recent,MIXED,LHVA 17 Purple National
G15PARAD2WE,7.2995183193413675,4,3,1,massey_recent,MIXED,Paradigm Racket
B18CAPIT1XL,6.9475690855772765,5,1,4,massey_recent,MIXED,CSVC 18 HAYSTACK
B18SJJVB2NE,6.534721468104174,2,1,1,massey_recent,MIXED,SMASH Boys 18's Force
G17HKJVB4NE,6.500004455264246,1,1,0,massey_recent,MIXED,Husky 17 New England
B18118281XX,6.234934511700254,1,0,1,massey_recent,MIXED,PW-VB Quarter-Zip Elite 67-Matcha
G13BVJVB1NE,6.000783308083777,6,4,2,massey_recent,MIXED,Blast 13U Dragons
G12LDNER2NE,5.965988944482997,1,1,0,massey_recent,MIXED,Lockdown VBC 12 Puffins
G16SJJVB1NE,5.834914958781831,6,6,0,massey_recent,MIXED,SMASH 16s
G13FVNER1NE,5.571414815199234,6,4,2,massey_recent,MIXED,Fusion 13 Sparks
G14LFJVB4NE,5.3852185371197905,2,1,1,massey_recent,MIXED,603 United 14 Central Blue
G16SJVBC3NE,5.074880806070053,2,1,1,massey_recent,MIXED,South County 16-Gold
G18SSVBC1NE,4.631899606788209,1,0,1,massey_recent,MIXED,SSVBC 18 1
G14GREEN1GE,4.4207501425035,2,1,1,massey_recent,MIXED,Asphalt Green VBC 14-Green
B18BVJVB1NE,4.234934496551815,1,0,1,massey_recent,MIXED,Blast 18 Fire
G14GAJVB1NE,4.166659887365662,5,3,2,massey_recent,MIXED,Gators 14 Black
G12RRJVB1NE,3.965977654590166,1,1,0,massey_recent,MIXED,Boston United 12 Select
G18SPAVB1XL,3.631899606788261,1,0,1,massey_recent,MIXED,Spa City 18 Aqua
B18LEGIO1XL,3.5919114224138715,3,0,3,massey_recent,MIXED,TeamLVC Boys 18 Black
G15CJJVB2NE,3.5018378381759216,10,2,8,massey_recent,MIXED,Ct Juniors 15 Premier
G17PROVA3GE,3.4000044473455238,1,1,0,massey_recent,MIXED,Prodigy 17.3 Elite
G17MIVBC1NE,3.2287675559981848,6,4,2,massey_recent,MIXED,Mass Impact 17 Connor
B16RRJVB3NE,3.0884987615398485,3,1,2,massey_recent,MIXED,Boston United Boys 16 Select 1
B17PVJVB1NE,2.8751091136385716,2,1,1,massey_recent,MIXED,PV Boys 17 1
G16MCJVB3NE,2.8333252052281157,1,1,0,massey_recent,MIXED,Mill City 16 Orange
B18PVJVB2NE,2.6026718477762216,2,0,2,massey_recent,MIXED,PV Boys 18 2
G14TCJVB1NE,2.4207501556524784,1,1,0,massey_recent,MIXED,Nova 14 Premier Brody/Brennan
G16MNJVB1NE,2.4000044521318897,9,4,5,massey_recent,MIXED,Maine Jrs 16 National
G17118021XX,2.2287675565016434,1,0,1,massey_recent,MIXED,NYCLBVC 17U BLUE ELITE
G16MXVBC1NE,1.8333203776057552,5,2,3,massey_recent,MIXED,Max Performance 16 Jess
G17CJJVB1NE,1.6318996067868845,5,4,1,massey_recent,MIXED,CT Juniors 17 National
B16NESVC2NE,1.440242487467263,6,3,3,massey_recent,MIXED,NE Storm 16 Monsoon
B14117752XX,1.2835620774274745,2,2,0,massey_recent,MIXED,ValleyVBC Elite Boys
G17LFJVB1NE,1.2288100511128093,2,0,2,massey_recent,MIXED,603 United 17 Seacoast Black
G17LFJVB2NE,1.2287675552967388,1,1,0,massey_recent,MIXED,603 United 17 Seacoast White
B16LHVBC2NE,1.0047902538805409,3,0,3,massey_recent,MIXED,LHV Boys 16-2 Hunters
G17WAREN1GE,0.8349149570042043,2,0,2,massey_recent,MIXED,Warren Sixpack 17 red
G16SSVBC1NE,0.8333252052280835,1,1,0,massey_recent,MIXED,SSVBC 16 1
G18USANY2XL,0.7704735654944919,1,0,1,massey_recent,MIXED,USANY Patience 18 - 2
G18LEGRO3GE,0.6318996067886529,1,0,1,massey_recent,MIXED,Allegro 18 South Black
G18DDVBC1NE,0.6318996067864973,2,1,1,massey_recent,MIXED,Dig Deep 18 Ginger
G17BEVNY2GE,0.4000044521299442,1,1,0,massey_recent,MIXED,BEV 17 Elite
G17KNGHT1GE,0.4000044473280435,2,1,1,massey_recent,MIXED,LIKVBC 17
B18PVJVB3NE,0.3023674271737846,3,1,2,massey_recent,MIXED,PV Boys 18 3
B13SJJVB1NE,0.2739039355142866,16,9,7,massey_recent,MIXED,SMASH Boys 13-1
G12SJJVB2NE,-0.034021401627631676,2,2,0,massey_recent,MIXED,SMASH 12s Energy
B17RRJVB1NE,-0.09685070325293943,3,1,2,massey_recent,MIXED,Boston United Boys 17 National 1
G15SIVBC1NE,-0.18315993582311496,4,1,3,massey_recent,MIXED,SISU VB 15 1
G14MGJVB6NE,-0.4285851848000985,1,1,0,massey_recent,MIXED,MGA 14's Stripes
G11LDNER1NE,-0.5657000852417648,8,7,1,massey_recent,MIXED,Lockdown VBC 11 Hummingbirds
G17LEGRO3GE,-0.7712324434978046,1,0,1,massey_recent,MIXED,Allegro 17 South Black
G14RRJVB5NE,-0.9992166887215196,1,0,1,massey_recent,MIXED,Boston United 14 Sapphire
B17HKJVB2NE,-1.051498461280802,5,3,2,massey_recent,MIXED,Husky 17.2
G17SJJVB2NE,-1.1650850417855463,1,0,1,massey_recent,MIXED,SMASH 17s Black Ice
G17SIVBC1NE,-1.1666796223964178,1,1,0,massey_recent,MIXED,SISU VB 17 1
G16SURGE1GE,-1.3333288654912177,1,0,1,massey_recent,MIXED,LI Surge 16 Premier
G16MOMET1FL,-1.3333288654919957,1,1,0,massey_recent,MIXED,Momentum 16 Neon
G14112721XX,-1.4285851847999167,1,0,1,massey_recent,MIXED,X2 Volleyball 14 1
G13GREEN1GE,-1.579249857523858,8,5,3,massey_recent,MIXED,Asphalt Green VBC 13-Green
G17HKJVB3NE,-1.5999955526779837,1,0,1,massey_recent,MIXED,Husky 17 Northeast Black
G17MGJVB4NE,-1.77123245038165,1,1,0,massey_recent,MIXED,MGA 17's Stars
G16PROVA1GE,-1.8749955757247663,1,0,1,massey_recent,MIXED,Prodigy 16.1 Premier
B18PVJVB4NE,-1.9547915348939184,2,1,1,massey_recent,MIXED,PV Boys 18 4
G17PARAD1WE,-2.16508504023341,1,0,1,massey_recent,MIXED,Paradigm Revolt
G16SAJVB3NE,-2.4981621618243643,1,1,0,massey_recent,MIXED,SA Elite 16 American Ice
G12VERSE1GE,-2.5651190137804454,2,1,1,massey_recent,MIXED,NYC Volley Verse 12 1
G12TTVBC2NE,-2.5657000851617364,1,0,1,massey_recent,MIXED,SLAM 12R Red
G13SPAVB2XL,-2.5792498443479,5,2,3,massey_recent,MIXED,Spa City 13 Coral
G12GRVBC2NE,-2.609166309470513,2,0,2,massey_recent,MIXED,GVC 12-2 Diamonds
B18NESVC1NE,-2.7650654997706563,1,0,1,massey_recent,MIXED,NE Storm 18 Thunder
G14LEGIO2XL,-2.7847801822008393,2,1,1,massey_recent,MIXED,TeamLVC 14 Pink
B17SJJVB3NE,-2.966588622937646,3,1,2,massey_recent,MIXED,SMASH Boys 17's Shock
B15RRJVB2NE,-3.022050383502797,5,2,3,massey_recent,MIXED,Boston United Boys 15 Select 1
G11SJJVB1NE,-3.0340223454081894,11,3,8,massey_recent,MIXED,SMASH 11s
G16113231XX,-3.333328865550223,1,1,0,massey_recent,MIXED,EliteZ 16 GIRLS HP BLACK
G18NEVBC2NE,-3.3681003932136164,1,0,1,massey_recent,MIXED,Northeast 18.2
G15BVJVB1NE,-3.5674037959684615,1,1,0,massey_recent,MIXED,Blast 15U Sabers
G16SJVBC2NE,-3.771232447531608,5,1,4,massey_recent,MIXED,South County 16-Blue
G16LFJVB1NE,-3.8749955756128887,1,0,1,massey_recent,MIXED,603 United 16 Seacoast Black
G16BEVNY3GE,-4.333328865492293,1,0,1,massey_recent,MIXED,BEV 16 Skyline
G18CADOV1WE,-4.368100393211648,1,0,1,massey_recent,MIXED,CADO 18 1
G16LHVBC4NE,-4.56736196807783,1,0,1,massey_recent,MIXED,LHV Girls 16-4 Ragers
G15RRJVB4NE,-4.8333401126336755,1,0,1,massey_recent,MIXED,Boston United 15 Sapphire
B15CAPIT1XL,-4.875477282769846,3,1,2,massey_recent,MIXED,CSVC 15 PANTHERS
G15LFJVB3NE,-4.981798815968639,2,2,0,massey_recent,MIXED,603 United 15 Seacoast Blue
G15118022XX,-5.333328865493529,8,4,4,massey_recent,MIXED,NYCLBVC 15U WHITE
G14RRJVB6NE,-5.4285851848014826,1,0,1,massey_recent,MIXED,Boston United 14 Steel
G18SGHVB1NE,-6.499995544735916,1,0,1,massey_recent,MIXED,Starlings GH 18 1
G15AVVBC3NE,-6.567401326390111,1,1,0,massey_recent,MIXED,Avidity 15 Jade
G14SPAVB3XL,-6.57924984434771,1,0,1,massey_recent,MIXED,Spa City 14 Navy
G17FGSVA1FL,-6.599995547869617,1,0,1,massey_recent,MIXED,Gulfside 17U Select
G18DRVBC1NE,-6.771232444001911,1,0,1,massey_recent,MIXED,Dragons 18 Phantoms
G11GRVBC1NE,-7.034011055583476,13,6,7,massey_recent,MIXED,GVC 11-1
G16TTVBC4NE,-7.498162161819697,1,1,0,massey_recent,MIXED,SLAM 16R Silver
G18EYNER1NE,-7.732917287593574,2,2,0,massey_recent,MIXED,ENVY 18 CYCLONE
B18LHVBC2NE,-7.765065493280203,1,0,1,massey_recent,MIXED,LHV Boys 18-2 Blitz
G18CTRVB1NE,-8.3681003932118,1,0,1,massey_recent,MIXED,C3VB 18 1
G14PVJVB4NE,-8.428585184800104,1,0,1,massey_recent,MIXED,PV 14 Select North
G16DRVBC1NE,-8.498162161819124,1,1,0,massey_recent,MIXED,Dragons 16 Fyre
G14CACLI4GE,-8.579249857471657,1,0,1,massey_recent,MIXED,CALI 14 Gold North
G14EYNER1NE,-8.579249857592936,1,0,1,massey_recent,MIXED,ENVY 14 SANDSTORM
G15GAJVB2NE,-8.833340112634438,1,0,1,massey_recent,MIXED,Gators 15 Green
G15MNJVB1NE,-9.166674794772575,6,2,4,massey_recent,MIXED,Maine Jrs 15-National
G18SSVBC2NE,-9.368100393213282,1,0,1,massey_recent,MIXED,SSVBC 18 2
G17LEGIO2XL,-9.77123244349958,2,0,2,massey_recent,MIXED,TeamLVC 17 Pink
G18PVJVB1NE,-10.155610637617402,2,0,2,massey_recent,MIXED,PV 18 National
G17LDNER3NE,-10.166679622393987,1,0,1,massey_recent,MIXED,Lockdown VBC 17 Raptors
G14BEVNY2GE,-10.579249857604502,1,0,1,massey_recent,MIXED,BEV 14 Elite
B14CAPIT1XL,-10.726109551437874,2,0,2,massey_recent,MIXED,CSVC 14 CASCADE
G16HEVBA9NE,-10.874995574022675,2,1,1,massey_recent,MIXED,HEVBA 16 99
B16PVJVB2NE,-11.300263910329745,4,1,3,massey_recent,MIXED,PV Boys 16 2
G13LFJVB2NE,-11.51275444621529,7,2,5,massey_recent,MIXED,603 United 13 Seacoast Blue
G16MXVBC2NE,-11.567504508726392,1,0,1,massey_recent,MIXED,Max Performance 16 Tony
G17NETHG2XL,-11.59999554786917,1,0,1,massey_recent,MIXED,NET 17 Lightning
G18KNGHT1GE,-11.599995552687448,2,0,2,massey_recent,MIXED,LIKVBC 18
B17CAPIT2XL,-11.660998963933139,2,1,1,massey_recent,MIXED,CSVC 17 SKYLIGHT
B14HKJVB1NE,-11.726096068704397,1,0,1,massey_recent,MIXED,Husky 14.1
G18CTRVB2NE,-11.771232444001724,1,0,1,massey_recent,MIXED,C3VB 18 2
G17SPAVB3XL,-11.77137050889814,2,0,2,massey_recent,MIXED,Spa City 17 Coral
B17HKJVB3NE,-12.065461807445711,5,2,3,massey_recent,MIXED,Husky 17.3
B16BVJVB2NE,-12.291453671928972,3,1,2,massey_recent,MIXED,Blast 16 Pyro
G14MIVBC2NE,-12.428585184802317,1,0,1,massey_recent,MIXED,Mass Impact 14 Lara
G16UNVBC1NE,-12.498162161824634,2,1,1,massey_recent,MIXED,Unity 16 Girls Gold Valkeries
B14RRJVB2NE,-12.72853627923432,2,0,2,massey_recent,MIXED,Boston United Boys 13 Select 1
G16CAMYV1NE,-12.874997803968537,1,1,0,massey_recent,MIXED,CYVB 16 1
B18NESVC2NE,-13.065461808324619,1,0,1,massey_recent,MIXED,NE Storm 18 Squall
B15TTVBC1NE,-13.112763033555204,5,1,4,massey_recent,MIXED,SLAM 15 1 Boys
G18MCJVB3NE,-13.22952643451156,1,0,1,massey_recent,MIXED,Mill City 18 Orange
G12BEVNY1GE,-14.034011053309898,1,0,1,massey_recent,MIXED,BEV 12 Elite
B18NEVBC3NE,-14.051498460269862,1,0,1,massey_recent,MIXED,NEVBC Boys 18 Blue
B18TTVBC1NE,-14.051498460519817,1,0,1,massey_recent,MIXED,SLAM 18 1 Boys
G16CJVBA6GE,-14.333328865493346,1,0,1,massey_recent,MIXED,CJVA 16 Red
G16NESVC3NE,-14.874989120588427,1,1,0,massey_recent,MIXED,NE Storm 16 Earthquake
G16LEGIO3XL,-15.700481680657974,1,0,1,massey_recent,MIXED,TeamLVC 16 White
B14SJJVB2NE,-15.726096020011619,1,0,1,massey_recent,MIXED,SMASH Boys 14's Thunder
B18MVNER2NE,-16.06546180887234,1,1,0,massey_recent,MIXED,Meraki VB 18 2
G12NSJVB1NE,-16.565700083735962,1,0,1,massey_recent,MIXED,NH Seacoast 12 USA
G12PROVA1GE,-16.56570008517253,1,0,1,massey_recent,MIXED,Prodigy 12.1 Club
G14VERSE2GE,-16.579249857658173,1,0,1,massey_recent,MIXED,NYC Volley Verse 14 Navy
G17TTVBC2NE,-17.16667962239105,1,0,1,massey_recent,MIXED,SLAM 17P Red
G18AAVBC1NE,-17.368100393295165,1,1,0,massey_recent,MIXED,AVA 18 Purple Sharks
B18SAVBC1XL,-17.507932739560808,3,0,3,massey_recent,MIXED,Sporting Albany Boys 18u
G17118022XX,-17.59999554786822,1,0,1,massey_recent,MIXED,NYCLBVC 17U WHITE
G15117754XX,-17.833340112635184,1,0,1,massey_recent,MIXED,ValleyVBC Blue
G12112721XX,-18.034011055571746,2,0,2,massey_recent,MIXED,X2 Volleyball 12 1
G14GAJVB2NE,-18.567402666027675,7,2,5,massey_recent,MIXED,Gators 14 Green
G16CSJVB3NE,-20.333328865492973,1,0,1,massey_recent,MIXED,CT STARS 16s Ioanna
G15RRJVB9NE,-20.498162161820886,1,1,0,massey_recent,MIXED,Boston United 15 Chrome
G18TTVBC2NE,-20.77123244400059,1,0,1,massey_recent,MIXED,SLAM 18R Red
G14SURGE2GE,-21.42444449549015,2,0,2,massey_recent,MIXED,LI Surge 14 Premier White
G12HRJVB1NE,-21.565700084923048,1,0,1,massey_recent,MIXED,HardRock 12
G17CSJVB1NE,-21.599995547868115,1,0,1,massey_recent,MIXED,CT STARS 17s Rony
G12CMJVB2NE,-22.034011055526314,1,0,1,massey_recent,MIXED,CMASS EDGE 12 Gray
G17BVJVB1NE,-22.368100393275814,5,1,4,massey_recent,MIXED,Blast 17U Cobras
G15CAMYV1NE,-22.498162161819945,1,1,0,massey_recent,MIXED,CYVB 15 1
G14CACLI6GE,-22.579249857611206,1,0,1,massey_recent,MIXED,CALI 14 Gold South
G12RRJVB2NE,-22.70199409686901,2,0,2,massey_recent,MIXED,Boston United 12 Sapphire
G12CSJVB1NE,-23.034022345410396,1,0,1,massey_recent,MIXED,CT STARS 12-1
B14CAPIT2XL,-23.726097084980253,1,0,1,massey_recent,MIXED,CSVC 14 SAWTEETH
G14TTVBC6NE,-23.999216695399898,1,0,1,massey_recent,MIXED,SLAM 14R Crimson
G16SIVBC1NE,-24.874995575740805,1,0,1,massey_recent,MIXED,SISU VB 16 1
G14TTVBC8NE,-24.99921669358759,1,0,1,massey_recent,MIXED,SLAM 14R Platinum
G18DDVBC2NE,-25.368100393284983,1,0,1,massey_recent,MIXED,Dig Deep 18 Force
G16BVJVB3NE,-25.874995811132063,1,1,0,massey_recent,MIXED,Blast 16U Jaguars
G16CRJVB1NE,-26.166674794773073,2,0,2,massey_recent,MIXED,CRVBC 16 1 Hawks
B18BVJVB2NE,-27.064755139889403,2,0,2,massey_recent,MIXED,Blast 18 Blaze
G12TTVBC3NE,-27.565700085449933,1,0,1,massey_recent,MIXED,SLAM 12R White
G14BVJVB1NE,-28.498162161820204,5,3,2,massey_recent,MIXED,Blast 14U Jungle Cats
G14TRICO1GE,-28.52284299149905,2,0,2,massey_recent,MIXED,TriCounty ATTACK 14 1
G16MAPVB3NE,-29.498162161822414,1,0,1,massey_recent,MIXED,Mass Power VB 16 Black
G16NESVC4NE,-30.874988917270556,1,1,0,massey_recent,MIXED,NE Storm 16 Twister
G14GAJVB3NE,-31.363801763714942,2,1,1,massey_recent,MIXED,Gators 14 White
G16RRJVB5NE,-33.4981621618228,1,1,0,massey_recent,MIXED,Boston United 16 Sapphire
G16PVJVB3NE,-34.18315993582242,1,0,1,massey_recent,MIXED,PV 16 Select
G15RRJVB7NE,-37.49816216182141,6,1,5,massey_recent,MIXED,Boston United 15 Silver
G15DRVBC3NE,-37.87499349027542,5,0,5,massey_recent,MIXED,Dragons 15 Brian
G15SGHVB1NE,-38.91150696321728,2,0,2,massey_recent,MIXED,Starlings GH 15 1
G15MAPVB3NE,-39.49816216182012,1,0,1,massey_recent,MIXED,Mass Power VB 15 Pink
G15RRJVB11NE,-45.49816216182072,1,0,1,massey_recent,MIXED,Boston United 15 Cobalt
G16TCJVB4NE,-62.49816216182172,1,0,1,massey_recent,MIXED,Nova 16 Regional
